prompt,image_name,index,Quality,Authenticity,Correspondence,score_1,score_2,score_3,score_4,score_5
a corgi,Controlnet/000-1.png,0,0.601641784272688,0.4724654086896269,0.599858733492637,4,4,3,2,3
a corgi,Controlnet/000-2.png,0,0.547488782945869,0.424822427887229,0.572338260012088,3,3,3,2,3
a corgi,Controlnet/000-3.png,0,0.493219284850192,0.415136888570317,0.535424148920043,3,4,3,2,1
a corgi,Controlnet/000-4.png,0,0.570137695922788,0.515801608187804,0.602230739812681,4,4,4,3,3
a corgi,DALLE/000-1.png,0,0.698963010426329,0.674662469470443,0.662880370629596,4,3,3,3,3
a corgi,DALLE/000-2.png,0,0.621103934515632,0.606257237019357,0.656949028810416,4,4,4,3,3
a corgi,DALLE/000-3.png,0,0.633029793764934,0.621333698516614,0.639382687783885,3,3,2,3,2
a corgi,DALLE/000-4.png,0,0.663023031617994,0.695902433929191,0.70820394857775,3,4,3,3,3
a corgi,Glide/000-1.png,0,0.384188142476458,0.494165945267182,0.525659481838369,2,3,2,3,3
a corgi,Glide/000-2.png,0,0.374449329961749,0.485396888815793,0.501843868646045,3,3,4,3,3
a corgi,Glide/000-3.png,0,0.407556092381559,0.459588880952931,0.549009153957545,2,2,2,2,3
a corgi,Glide/000-4.png,0,0.439772703225667,0.528685969225672,0.592582928423943,2,3,2,3,3
a corgi,Lafite/000-1.png,0,0.3399559394834739,0.347772395611889,0.38046184930783,2,2,2,2,3
a corgi,Lafite/000-2.png,0,0.332957427138365,0.327053313096475,0.412714708790357,1,2,2,1,3
a corgi,Lafite/000-3.png,0,0.398964905427663,0.385986075422704,0.449419705967248,2,3,2,1,2
a corgi,Lafite/000-4.png,0,0.36567405205141,0.363101381360306,0.378242688063539,1,2,1,1,2
a corgi,stable-diffusion/000-1.png,0,0.6725035862272271,0.664679857550296,0.640895795344628,4,4,3,2,3
a corgi,stable-diffusion/000-2.png,0,0.407062519140022,0.457763286347989,0.543278574245623,2,2,2,3,3
a corgi,stable-diffusion/000-3.png,0,0.614899450013953,0.59836714915396,0.6417752116151649,4,4,4,3,3
a corgi,stable-diffusion/000-4.png,0,0.642967143577087,0.610308397448975,0.646682520220804,4,4,4,3,3
a corgi,Unidiffuser/000-1.png,0,0.566964650505948,0.528490901094392,0.5402607507895251,3,3,3,2,3
a corgi,Unidiffuser/000-2.png,0,0.537653546121748,0.523182577268263,0.5183662157687661,3,4,3,2,3
a corgi,Unidiffuser/000-3.png,0,0.3771859891381129,0.435743061950714,0.504956420861143,1,2,2,1,3
a corgi,Unidiffuser/000-4.png,0,0.609718230492863,0.5965232248800789,0.592535064240142,4,4,4,3,3
a girl,Controlnet/001-1.png,1,0.4951482748284019,0.510021140426968,0.5993955983300691,3,3,3,3,3
a girl,Controlnet/001-2.png,1,0.550909090472126,0.598172104122268,0.618362217842691,3,4,4,2,3
a girl,Controlnet/001-3.png,1,0.463058711447997,0.522420434164384,0.562350973493117,3,3,3,3,3
a girl,Controlnet/001-4.png,1,0.495552562972212,0.444525637045953,0.523910365121118,2,3,3,2,2
a girl,DALLE/001-1.png,1,0.61467907168112,0.600212599075566,0.6631809592900799,4,4,4,2,3
a girl,DALLE/001-2.png,1,0.6375455122296529,0.6028601670387961,0.616463731328472,3,4,4,3,3
a girl,DALLE/001-3.png,1,0.553945730317288,0.586987078198188,0.556168481835113,4,4,4,3,3
a girl,DALLE/001-4.png,1,0.690613883601261,0.6740699725297761,0.65320492021801,3,4,3,3,3
a girl,Glide/001-1.png,1,0.374826315992645,0.373717576628482,0.338131432917462,2,2,2,1,1
a girl,Glide/001-2.png,1,0.340567688887177,0.391993789042428,0.320262286413119,3,3,2,3,1
a girl,Glide/001-3.png,1,0.373928306371299,0.428527041394693,0.324438016081821,2,3,2,3,1
a girl,Glide/001-4.png,1,0.319613492235792,0.321957070487867,0.323853899771226,1,1,1,1,1
a girl,Lafite/001-1.png,1,0.4954610780011579,0.453857750904383,0.58874662083608,2,2,2,2,3
a girl,Lafite/001-2.png,1,0.430562811626721,0.460468353976031,0.560249559256977,2,3,3,2,3
a girl,Lafite/001-3.png,1,0.459691883768347,0.437342599424058,0.562471053564154,2,2,2,2,3
a girl,Lafite/001-4.png,1,0.402538223809315,0.3767419080381959,0.537064897233706,2,3,2,2,3
a girl,stable-diffusion/001-1.png,1,0.586443452144554,0.560158936164468,0.5835725708524739,4,4,4,2,3
a girl,stable-diffusion/001-2.png,1,0.407365609947523,0.446900583195591,0.488191609417457,2,2,2,2,3
a girl,stable-diffusion/001-3.png,1,0.548696766535274,0.517730331256385,0.5820585926709689,4,4,4,3,3
a girl,stable-diffusion/001-4.png,1,0.5332929279252361,0.489209354047839,0.550594692980741,3,3,3,3,3
a girl,Unidiffuser/001-1.png,1,0.338361609322132,0.339073440450229,0.4440321481385719,1,2,2,1,3
a girl,Unidiffuser/001-2.png,1,0.470997414029799,0.43210893448408,0.532956371335396,2,2,2,1,3
a girl,Unidiffuser/001-3.png,1,0.6489146013973691,0.6048001810991159,0.687375365521065,3,3,3,3,3
a girl,Unidiffuser/001-4.png,1,0.552766727437304,0.510632026263712,0.577557019730927,4,4,4,2,3
a boat,Controlnet/002-1.png,2,0.627552969711588,0.607043711452261,0.618887164433873,4,4,4,2,3
a boat,Controlnet/002-2.png,2,0.568533607157898,0.584300867942055,0.616148124010154,3,4,3,3,3
a boat,Controlnet/002-3.png,2,0.620392654734845,0.5432731689513389,0.550657502207864,4,3,3,2,2
a boat,Controlnet/002-4.png,2,0.552178076690845,0.54065766812471,0.5453767101206339,4,4,4,3,3
a boat,DALLE/002-1.png,2,0.584728490140319,0.567974576039201,0.6233274139387209,4,4,4,2,3
a boat,DALLE/002-2.png,2,0.54961360038021,0.575113371111676,0.606929727559218,4,4,4,3,3
a boat,DALLE/002-3.png,2,0.59732705747281,0.586555407279936,0.595113490196972,3,4,3,3,3
a boat,DALLE/002-4.png,2,0.593121622200642,0.561951760316963,0.568734346944858,4,4,4,3,3
a boat,Glide/002-1.png,2,0.38080314969416,0.436726904538589,0.459620292297107,1,2,2,2,3
a boat,Glide/002-2.png,2,0.42666102600515,0.503103975137878,0.5281721073072351,1,2,1,3,3
a boat,Glide/002-3.png,2,0.416431992990684,0.480758751385253,0.583391665083948,2,3,2,2,3
a boat,Glide/002-4.png,2,0.459664382417824,0.557331391109492,0.625880564296691,2,3,2,3,3
a boat,Lafite/002-1.png,2,0.390272474686411,0.431158455337127,0.531423462163394,2,2,1,2,3
a boat,Lafite/002-2.png,2,0.4347429386639689,0.510536088434971,0.5069782591111011,2,2,2,2,3
a boat,Lafite/002-3.png,2,0.483678915993381,0.440204868657865,0.560545950422206,2,2,2,2,3
a boat,Lafite/002-4.png,2,0.4230233566293669,0.446791850310612,0.550732301194121,2,4,4,3,3
a boat,stable-diffusion/002-1.png,2,0.59525730974656,0.530868422619782,0.590074942560831,4,4,4,3,3
a boat,stable-diffusion/002-2.png,2,0.4272290416991209,0.417983013323803,0.5499559753758669,3,2,3,3,3
a boat,stable-diffusion/002-3.png,2,0.6028574406685501,0.622241172783495,0.64120964948091,4,4,4,3,2
a boat,stable-diffusion/002-4.png,2,0.57447311687741,0.558345629194018,0.547732519668928,2,2,3,3,3
a boat,Unidiffuser/002-1.png,2,0.638074641089041,0.5140821099013401,0.600552936082012,4,4,4,3,3
a boat,Unidiffuser/002-2.png,2,0.322456236535162,0.341211725664144,0.457315097674738,1,2,1,3,3
a boat,Unidiffuser/002-3.png,2,0.653479505424297,0.669894147427843,0.630730405013301,4,4,4,3,3
a boat,Unidiffuser/002-4.png,2,0.5853143126767101,0.5930726626474879,0.618646802294993,3,4,4,3,3
a bench,Controlnet/003-1.png,3,0.5780978847453521,0.5568434789264289,0.601518901434689,4,4,4,3,3
a bench,Controlnet/003-2.png,3,0.6351300152924,0.6453699363951,0.646949282530349,4,4,3,3,3
a bench,Controlnet/003-3.png,3,0.630093104761341,0.587354976514049,0.5676308174493809,3,3,3,3,3
a bench,Controlnet/003-4.png,3,0.575017129367044,0.592485521100945,0.651748015436623,4,4,4,3,3
a bench,DALLE/003-1.png,3,0.620748282688808,0.602139549876201,0.651146959384597,4,4,4,3,3
a bench,DALLE/003-2.png,3,0.607871429066143,0.563591545260679,0.607243321639351,4,4,4,3,3
a bench,DALLE/003-3.png,3,0.57895297102425,0.529034789471401,0.546708213383478,4,4,3,3,3
a bench,DALLE/003-4.png,3,0.710586122943497,0.6408141839582829,0.697520006405038,4,4,4,2,3
a bench,Glide/003-1.png,3,0.466275552712141,0.5758138604329079,0.621891733892986,1,2,3,2,3
a bench,Glide/003-2.png,3,0.393840082530947,0.490631428305375,0.580700928651495,2,2,2,2,3
a bench,Glide/003-3.png,3,0.412673728409993,0.451531766088348,0.52529546733773,2,3,2,2,3
a bench,Glide/003-4.png,3,0.478894828251657,0.508921796202373,0.494277133292321,3,3,3,3,3
a bench,Lafite/003-1.png,3,0.404906625855338,0.434613130003761,0.491717783649463,2,1,1,1,3
a bench,Lafite/003-2.png,3,0.403256931822858,0.370266861720226,0.409816624259664,2,4,4,2,3
a bench,Lafite/003-3.png,3,0.400980675171279,0.38026720716872,0.524480559184195,1,2,2,2,3
a bench,Lafite/003-4.png,3,0.356276788212102,0.349934746444914,0.423225933544927,1,2,2,1,3
a bench,stable-diffusion/003-1.png,3,0.647005261532245,0.614969085867321,0.6545821142642779,3,4,2,3,3
a bench,stable-diffusion/003-2.png,3,0.534694742056385,0.565799220924023,0.5681975682609159,4,4,4,3,3
a bench,stable-diffusion/003-3.png,3,0.5903208275181681,0.653254658154768,0.640809547475554,4,4,4,3,3
a bench,stable-diffusion/003-4.png,3,0.400729207164083,0.4014821451250679,0.523136575729109,1,2,1,1,3
a bench,Unidiffuser/003-1.png,3,0.4860448465875119,0.537484241018913,0.560858484996896,4,4,4,2,3
a bench,Unidiffuser/003-2.png,3,0.62608334197485,0.597686358255186,0.5701646865818379,3,3,3,3,3
a bench,Unidiffuser/003-3.png,3,0.410052407486439,0.403739290915395,0.55415712291442,2,2,3,2,3
a bench,Unidiffuser/003-4.png,3,0.529034040650929,0.5192574462266569,0.493250355781699,4,4,4,3,3
a flower,Controlnet/004-1.png,4,0.508187628141381,0.519663538355115,0.6388498754037201,4,4,3,2,3
a flower,Controlnet/004-2.png,4,0.564460527005463,0.536704495039963,0.598177773614216,3,3,3,3,3
a flower,Controlnet/004-3.png,4,0.424975422893048,0.453904660999111,0.4230593016961469,2,3,3,3,2
a flower,Controlnet/004-4.png,4,0.6411583173821129,0.6481993130345489,0.658213653250173,4,4,4,3,3
a flower,DALLE/004-1.png,4,0.661969070356774,0.6809619177770431,0.69035904308308,4,4,4,3,3
a flower,DALLE/004-2.png,4,0.64641650675167,0.588976284900652,0.599229212245884,3,4,2,3,3
a flower,DALLE/004-3.png,4,0.5364391516638399,0.586034473450457,0.561257457828344,2,2,2,3,3
a flower,DALLE/004-4.png,4,0.515857213669454,0.5565973144562509,0.568051006256269,4,4,4,3,3
a flower,Glide/004-1.png,4,0.470354456476996,0.4560760651894739,0.5651635731478499,2,3,2,3,3
a flower,Glide/004-2.png,4,0.441988862229649,0.505899151704702,0.600589596567358,2,2,2,3,3
a flower,Glide/004-3.png,4,0.424435217378284,0.497751508605488,0.5698353914708469,2,2,2,3,3
a flower,Glide/004-4.png,4,0.4106712123815479,0.549461771931649,0.5638693261573711,4,4,4,3,3
a flower,Lafite/004-1.png,4,0.48995207747042,0.4766194442100079,0.5857118000671511,4,4,4,2,3
a flower,Lafite/004-2.png,4,0.416463503488782,0.437182310516217,0.546193496499032,2,3,2,3,3
a flower,Lafite/004-3.png,4,0.524651181002261,0.579950614394533,0.587870168345936,2,3,2,3,3
a flower,Lafite/004-4.png,4,0.446457787087245,0.4890938268568179,0.559638301734646,2,2,2,3,3
a flower,stable-diffusion/004-1.png,4,0.6587970867979659,0.681139820764643,0.670471856001383,4,4,4,3,3
a flower,stable-diffusion/004-2.png,4,0.570967701494341,0.569769070154641,0.539378095959292,3,3,3,3,2
a flower,stable-diffusion/004-3.png,4,0.432372084786937,0.436170319226617,0.429494001268869,2,2,2,3,2
a flower,stable-diffusion/004-4.png,4,0.630330526582432,0.626231579103538,0.627294764279288,3,3,3,2,3
a flower,Unidiffuser/004-1.png,4,0.614406283909396,0.626763214862118,0.592478696971826,4,4,2,3,3
a flower,Unidiffuser/004-2.png,4,0.517248917170781,0.517422009208143,0.509153268513774,4,4,4,2,3
a flower,Unidiffuser/004-3.png,4,0.362828973667453,0.434305694173808,0.539597108266653,2,2,2,2,3
a flower,Unidiffuser/004-4.png,4,0.632373676317754,0.680010995228981,0.656916714396894,4,4,3,3,3
a green pepper,Controlnet/005-1.png,5,0.633697363266338,0.624544275737969,0.6041178050915019,4,4,4,3,3
a green pepper,Controlnet/005-2.png,5,0.662051779857002,0.611996499694486,0.631499454677814,3,4,3,3,3
a green pepper,Controlnet/005-3.png,5,0.545987032814797,0.485954939704979,0.49546848720908,3,3,3,2,2
a green pepper,Controlnet/005-4.png,5,0.567010960006201,0.564329044188629,0.607323079015979,4,4,4,3,3
a green pepper,DALLE/005-1.png,5,0.6655894901428571,0.6660484327397469,0.6637769787415929,4,4,3,3,3
a green pepper,DALLE/005-2.png,5,0.646225378850247,0.644210529195163,0.609392035467896,4,4,4,3,3
a green pepper,DALLE/005-3.png,5,0.577567213065623,0.563659709441226,0.629342407423975,3,3,2,3,3
a green pepper,DALLE/005-4.png,5,0.587742668691565,0.582724473672427,0.6129184231055941,4,4,3,3,3
a green pepper,Glide/005-1.png,5,0.4263408430768109,0.514650966498657,0.6116949816256451,2,2,2,2,3
a green pepper,Glide/005-2.png,5,0.417678828492349,0.516187771131422,0.554515366134777,3,3,2,2,3
a green pepper,Glide/005-3.png,5,0.415214407147185,0.507475728923074,0.619938845504598,1,3,2,2,3
a green pepper,Glide/005-4.png,5,0.477352585596442,0.5370902017218451,0.582063668998444,1,3,2,3,3
a green pepper,Lafite/005-1.png,5,0.360414893047781,0.360882207781694,0.366925116796301,2,2,2,2,3
a green pepper,Lafite/005-2.png,5,0.3991510538839909,0.4192835590506329,0.404532827896611,2,3,2,3,3
a green pepper,Lafite/005-3.png,5,0.384692917210631,0.401363095890403,0.406838209951687,1,1,1,2,1
a green pepper,Lafite/005-4.png,5,0.442027988643349,0.346758956891287,0.44831141300606,3,3,1,2,2
a green pepper,stable-diffusion/005-1.png,5,0.682506389373853,0.663389763680105,0.690083671897481,4,4,4,3,3
a green pepper,stable-diffusion/005-2.png,5,0.646897814376142,0.618301729007003,0.6695191782284919,4,4,3,2,3
a green pepper,stable-diffusion/005-3.png,5,0.50276397329405,0.529073755208217,0.533884189430776,3,3,3,2,3
a green pepper,stable-diffusion/005-4.png,5,0.602501279059301,0.5637415944295681,0.5698493857679651,3,4,4,3,2
a green pepper,Unidiffuser/005-1.png,5,0.410396538986112,0.463516244020511,0.449564456257006,2,2,2,2,2
a green pepper,Unidiffuser/005-2.png,5,0.700941513918273,0.653364021551457,0.7188116285448839,4,4,4,3,3
a green pepper,Unidiffuser/005-3.png,5,0.571252797782928,0.544449002357046,0.619848963431634,2,2,2,2,3
a green pepper,Unidiffuser/005-4.png,5,0.52999321358469,0.533648860281443,0.594024469499058,3,4,2,3,3
a book cover,Controlnet/006-1.png,6,0.601024120048294,0.543699856313797,0.57866129299966,4,4,4,3,3
a book cover,Controlnet/006-2.png,6,0.5415904870246611,0.512404013898234,0.514551791110353,3,3,2,2,3
a book cover,Controlnet/006-3.png,6,0.4875615890393729,0.506170896544628,0.515428809671475,2,3,2,2,3
a book cover,Controlnet/006-4.png,6,0.6407953887835179,0.5731346742350749,0.6279404044829939,3,3,3,2,3
a book cover,DALLE/006-1.png,6,0.579512564919931,0.5238080261453559,0.516666721494521,4,4,2,3,3
a book cover,DALLE/006-2.png,6,0.576882752682538,0.566672829954316,0.56252788052931,3,4,2,3,3
a book cover,DALLE/006-3.png,6,0.609128976535291,0.596435745474288,0.5949918607976801,3,3,3,3,3
a book cover,DALLE/006-4.png,6,0.53052292407358,0.545085199527358,0.437938464707604,3,3,3,2,2
a book cover,Glide/006-1.png,6,0.377996667246715,0.423845787851254,0.529115965539108,3,3,2,2,3
a book cover,Glide/006-2.png,6,0.427119877957314,0.480267782189991,0.5050501124611,1,3,1,1,2
a book cover,Glide/006-3.png,6,0.425503547907702,0.43319930214649,0.483252901110051,3,3,3,3,3
a book cover,Glide/006-4.png,6,0.430997703245299,0.457021986627701,0.525905614283345,2,1,2,3,3
a book cover,Lafite/006-1.png,6,0.456811166048169,0.535798756459457,0.55004727435265,4,4,4,3,3
a book cover,Lafite/006-2.png,6,0.428615641819638,0.443955507144106,0.461598080072553,3,3,2,2,3
a book cover,Lafite/006-3.png,6,0.507598343292069,0.5237796698164501,0.526068500530274,3,3,2,2,3
a book cover,Lafite/006-4.png,6,0.528583827507843,0.559909795637343,0.605877089770327,2,3,2,3,3
a book cover,stable-diffusion/006-1.png,6,0.5744866733219429,0.587171807769288,0.593393566777501,3,3,2,2,3
a book cover,stable-diffusion/006-2.png,6,0.603593358342559,0.520791948449705,0.5031518350231731,3,3,3,3,2
a book cover,stable-diffusion/006-3.png,6,0.406628831216518,0.447152128074458,0.4438730796557639,4,4,4,3,2
a book cover,stable-diffusion/006-4.png,6,0.637368504457132,0.603615226654009,0.6135163774230891,3,3,3,2,3
a book cover,Unidiffuser/006-1.png,6,0.455470300274351,0.436422405550782,0.5350673489500241,3,3,3,3,3
a book cover,Unidiffuser/006-2.png,6,0.554485086173671,0.537930405325662,0.496234724415214,3,3,2,3,2
a book cover,Unidiffuser/006-3.png,6,0.380635234627995,0.481689234833405,0.498431261929596,1,1,1,3,3
a book cover,Unidiffuser/006-4.png,6,0.554030467141289,0.538146612404816,0.5493633488713909,3,3,4,3,3
a kitchen,Controlnet/007-1.png,7,0.580079697901009,0.5880173243924101,0.593412675224962,4,4,4,3,3
a kitchen,Controlnet/007-2.png,7,0.6913100137126059,0.716288440158609,0.697938235769024,4,4,3,3,3
a kitchen,Controlnet/007-3.png,7,0.547111398183599,0.529286723025597,0.5271688232256789,4,4,4,3,3
a kitchen,Controlnet/007-4.png,7,0.627721479104577,0.568226304272865,0.636808683981844,4,4,4,3,3
a kitchen,DALLE/007-1.png,7,0.619844372604875,0.661542845295089,0.590751073015168,4,4,4,3,3
a kitchen,DALLE/007-2.png,7,0.571071090095821,0.559480369299069,0.616124048092411,4,4,4,3,3
a kitchen,DALLE/007-3.png,7,0.601732566951391,0.63221742509639,0.618593391400862,3,3,3,2,3
a kitchen,DALLE/007-4.png,7,0.613358312688699,0.617079221447008,0.618328391936253,4,4,4,3,3
a kitchen,Glide/007-1.png,7,0.4163012466276219,0.483243842385428,0.558268141600507,1,3,3,3,3
a kitchen,Glide/007-2.png,7,0.386187667750982,0.472275045126696,0.462008073314205,3,3,3,3,2
a kitchen,Glide/007-3.png,7,0.398557190232771,0.509975203938933,0.5648463508749461,1,2,3,3,3
a kitchen,Glide/007-4.png,7,0.4234785435933479,0.504803700681821,0.507664181848429,2,2,2,3,3
a kitchen,Lafite/007-1.png,7,0.40681608004423,0.4618448182896659,0.518434839289881,3,3,4,2,3
a kitchen,Lafite/007-2.png,7,0.45418191965137,0.520143862461266,0.531705959635585,3,3,4,2,3
a kitchen,Lafite/007-3.png,7,0.443981305568642,0.531176804809137,0.5935118940161019,2,2,2,2,3
a kitchen,Lafite/007-4.png,7,0.454661723339454,0.487128297672268,0.549037346785455,2,3,2,2,3
a kitchen,stable-diffusion/007-1.png,7,0.6011693856139729,0.544533424500065,0.576192163027176,3,3,4,2,3
a kitchen,stable-diffusion/007-2.png,7,0.6014673874652889,0.593895955061851,0.572619314827745,4,4,4,3,3
a kitchen,stable-diffusion/007-3.png,7,0.3854826526624439,0.382626289582467,0.393855725052641,1,1,2,1,3
a kitchen,stable-diffusion/007-4.png,7,0.572992463382088,0.594454761383489,0.6541316286810709,4,4,4,3,3
a kitchen,Unidiffuser/007-1.png,7,0.650444916631673,0.6584143918268811,0.640721567607384,4,4,4,3,3
a kitchen,Unidiffuser/007-2.png,7,0.268543531546935,0.340793296982725,0.377285254358806,1,2,2,2,2
a kitchen,Unidiffuser/007-3.png,7,0.547100995647265,0.5460763005964889,0.602586008794476,2,3,3,2,3
a kitchen,Unidiffuser/007-4.png,7,0.5554201595706441,0.583448807247003,0.619934415864198,3,3,3,3,3
a fall landscape,Controlnet/008-1.png,8,0.552782632566083,0.492153504846858,0.536798012839209,2,2,3,2,3
a fall landscape,Controlnet/008-2.png,8,0.443809152511826,0.3862279106276349,0.541174338731469,3,3,3,2,3
a fall landscape,Controlnet/008-3.png,8,0.565183772854556,0.5505797765601941,0.544978753652604,3,4,3,3,3
a fall landscape,Controlnet/008-4.png,8,0.533441611479049,0.541159259839089,0.6228290633583601,4,3,4,3,3
a fall landscape,DALLE/008-1.png,8,0.579350842851183,0.595851801275443,0.6461753688026041,3,3,3,3,3
a fall landscape,DALLE/008-2.png,8,0.5518635059709289,0.5594048532097919,0.587680367262688,4,4,3,3,3
a fall landscape,DALLE/008-3.png,8,0.667873003189392,0.6636557207036929,0.6800749481386861,3,4,4,3,3
a fall landscape,DALLE/008-4.png,8,0.64086558620136,0.642249729919723,0.6606173166801029,4,4,4,3,3
a fall landscape,Glide/008-1.png,8,0.405037945544749,0.506320153206263,0.626235075403317,2,2,2,2,3
a fall landscape,Glide/008-2.png,8,0.395516377248956,0.499599204592543,0.522435498068257,2,2,2,2,3
a fall landscape,Glide/008-3.png,8,0.455075909741509,0.505629541732718,0.637719866739466,2,2,3,3,3
a fall landscape,Glide/008-4.png,8,0.375489964720753,0.5053619846064791,0.555740577948145,2,2,3,3,3
a fall landscape,Lafite/008-1.png,8,0.478043267474437,0.61921300161957,0.606399195070629,2,3,3,3,3
a fall landscape,Lafite/008-2.png,8,0.534381670510963,0.500331715808318,0.527358777665035,3,3,2,3,3
a fall landscape,Lafite/008-3.png,8,0.45456056150982,0.565850711871301,0.583838419549654,2,2,2,3,3
a fall landscape,Lafite/008-4.png,8,0.4829781159950059,0.552126666323108,0.597204318881619,3,4,4,3,3
a fall landscape,stable-diffusion/008-1.png,8,0.614447924447355,0.601853454757296,0.6289065842545419,4,4,4,3,3
a fall landscape,stable-diffusion/008-2.png,8,0.389766330121424,0.45992883551789,0.477144454881009,1,2,2,2,3
a fall landscape,stable-diffusion/008-3.png,8,0.523242522319306,0.5185905538671229,0.551168362518822,3,3,3,3,3
a fall landscape,stable-diffusion/008-4.png,8,0.55837352112779,0.575189319935888,0.575950900366465,2,2,2,3,3
a fall landscape,Unidiffuser/008-1.png,8,0.5804774427602,0.584257328015655,0.596653838940127,4,4,4,3,3
a fall landscape,Unidiffuser/008-2.png,8,0.663774970844767,0.645737157199694,0.620969391497221,4,4,4,3,3
a fall landscape,Unidiffuser/008-3.png,8,0.3171671360182579,0.32346753516471,0.376611292747057,1,1,1,1,1
a fall landscape,Unidiffuser/008-4.png,8,0.599737182547306,0.5677762914922,0.655339053812008,4,4,4,3,3
a photo of san francisco's golden gate bridge,Controlnet/009-1.png,9,0.599461545760215,0.55141657708255,0.598405143547275,4,3,4,3,3
a photo of san francisco's golden gate bridge,Controlnet/009-2.png,9,0.577324607021072,0.5729579701336189,0.603609277756436,3,3,2,3,3
a photo of san francisco's golden gate bridge,Controlnet/009-3.png,9,0.501005702788998,0.465104701308858,0.4870571541004,3,3,2,2,3
a photo of san francisco's golden gate bridge,Controlnet/009-4.png,9,0.581315664108901,0.536714620643358,0.6042580121893529,4,4,4,3,3
a photo of san francisco's golden gate bridge,DALLE/009-1.png,9,0.560454900890933,0.564380690005537,0.5545465083919779,4,4,4,3,3
a photo of san francisco's golden gate bridge,DALLE/009-2.png,9,0.616175875231453,0.642445034280171,0.686481626403058,3,3,3,2,3
a photo of san francisco's golden gate bridge,DALLE/009-3.png,9,0.673357913190175,0.658355955263349,0.641548310109625,4,4,4,3,3
a photo of san francisco's golden gate bridge,DALLE/009-4.png,9,0.7090656001328141,0.634855844407511,0.6348433914497901,4,4,4,3,3
a photo of san francisco's golden gate bridge,Glide/009-1.png,9,0.371347662018332,0.41793573929673,0.449387221164915,1,3,3,1,3
a photo of san francisco's golden gate bridge,Glide/009-2.png,9,0.410627270653531,0.5158935729942971,0.543657235736078,2,2,2,3,3
a photo of san francisco's golden gate bridge,Glide/009-3.png,9,0.433339860181872,0.501609788465794,0.547526116215441,2,3,2,3,3
a photo of san francisco's golden gate bridge,Glide/009-4.png,9,0.388514428759032,0.553213447607558,0.523146459842186,2,2,2,3,3
a photo of san francisco's golden gate bridge,Lafite/009-1.png,9,0.326653169572998,0.402309653921295,0.4364255376694509,3,3,3,2,3
a photo of san francisco's golden gate bridge,Lafite/009-2.png,9,0.4421798588077,0.503015800935102,0.5172781437160809,1,3,2,2,3
a photo of san francisco's golden gate bridge,Lafite/009-3.png,9,0.371410323527912,0.440293481581066,0.454499568086587,2,2,3,1,3
a photo of san francisco's golden gate bridge,Lafite/009-4.png,9,0.428799962430596,0.451920210241479,0.479868247289046,3,4,3,2,3
a photo of san francisco's golden gate bridge,stable-diffusion/009-1.png,9,0.38163832974435,0.402025740931207,0.4713391593254439,2,2,2,1,2
a photo of san francisco's golden gate bridge,stable-diffusion/009-2.png,9,0.635747810584519,0.640991447809856,0.613820950999363,3,4,4,3,3
a photo of san francisco's golden gate bridge,stable-diffusion/009-3.png,9,0.632003771500316,0.5949598917939111,0.6406024640823711,3,3,3,3,3
a photo of san francisco's golden gate bridge,stable-diffusion/009-4.png,9,0.654122559608341,0.592314825667146,0.587727035053778,4,4,4,3,3
a photo of san francisco's golden gate bridge,Unidiffuser/009-1.png,9,0.543900442977774,0.538720554217835,0.572004177579721,2,3,3,3,3
a photo of san francisco's golden gate bridge,Unidiffuser/009-2.png,9,0.538906879728031,0.630089643074183,0.6583600489927529,4,4,4,3,3
a photo of san francisco's golden gate bridge,Unidiffuser/009-3.png,9,0.4227110682544059,0.476029986494341,0.530911346953154,2,2,2,2,3
a photo of san francisco's golden gate bridge,Unidiffuser/009-4.png,9,0.532339072510252,0.537970245799767,0.541689299954226,3,3,2,2,3
A giraffe walking through a green grass covered field,Controlnet/010-1.png,10,0.566176123938069,0.461301097446177,0.539783206207276,4,4,4,2,3
A giraffe walking through a green grass covered field,Controlnet/010-2.png,10,0.608215440883366,0.5993971011439,0.571775954113865,3,4,4,3,3
A giraffe walking through a green grass covered field,Controlnet/010-3.png,10,0.464995746064107,0.452831968067441,0.50332247449327,4,4,4,3,3
A giraffe walking through a green grass covered field,Controlnet/010-4.png,10,0.463544713161393,0.405899501065823,0.392629267923354,1,1,1,1,2
A giraffe walking through a green grass covered field,DALLE/010-1.png,10,0.640241867437846,0.579223247299053,0.668689417366569,3,4,4,2,3
A giraffe walking through a green grass covered field,DALLE/010-2.png,10,0.5316684902197479,0.537410629314239,0.53099224010283,4,4,4,2,3
A giraffe walking through a green grass covered field,DALLE/010-3.png,10,0.664909018134502,0.65836975670027,0.648660650066153,4,4,4,3,2
A giraffe walking through a green grass covered field,DALLE/010-4.png,10,0.593435948525297,0.532777961480965,0.605986713220256,2,3,3,3,3
A giraffe walking through a green grass covered field,Glide/010-1.png,10,0.427167728160194,0.474910598277415,0.465286142160656,1,2,2,2,2
A giraffe walking through a green grass covered field,Glide/010-2.png,10,0.4519942776958129,0.495244392669199,0.496625807680505,2,3,3,2,3
A giraffe walking through a green grass covered field,Glide/010-3.png,10,0.44680775590171,0.574048812240108,0.537939310342014,2,2,2,2,3
A giraffe walking through a green grass covered field,Glide/010-4.png,10,0.419634959481645,0.488157278564985,0.46964066922388,3,4,3,3,3
A giraffe walking through a green grass covered field,Lafite/010-1.png,10,0.3843175926568309,0.397093310129252,0.380350997139711,3,2,2,2,3
A giraffe walking through a green grass covered field,Lafite/010-2.png,10,0.370638309343177,0.356886311827004,0.446013967740232,2,2,2,2,2
A giraffe walking through a green grass covered field,Lafite/010-3.png,10,0.392109475276607,0.35434414228322,0.422392125670362,2,2,2,2,3
A giraffe walking through a green grass covered field,Lafite/010-4.png,10,0.35361108147051,0.411489506484896,0.430389732174249,2,2,2,2,3
A giraffe walking through a green grass covered field,stable-diffusion/010-1.png,10,0.606537245983207,0.5222136356002011,0.580278131875598,4,4,4,2,3
A giraffe walking through a green grass covered field,stable-diffusion/010-2.png,10,0.5824779701977161,0.583988306807376,0.582508079504392,3,3,4,2,3
A giraffe walking through a green grass covered field,stable-diffusion/010-3.png,10,0.578614933216363,0.549870823209556,0.5790399598299331,3,3,3,3,3
A giraffe walking through a green grass covered field,stable-diffusion/010-4.png,10,0.359676911809889,0.371506176804614,0.38029674778319,2,2,2,2,2
A giraffe walking through a green grass covered field,Unidiffuser/010-1.png,10,0.5373879082494549,0.561643406959476,0.608360352800914,3,3,2,2,3
A giraffe walking through a green grass covered field,Unidiffuser/010-2.png,10,0.600160344652134,0.555999283510391,0.61295799457261,4,4,3,2,3
A giraffe walking through a green grass covered field,Unidiffuser/010-3.png,10,0.405823354978923,0.494515438297972,0.522131494079586,1,2,2,1,3
A giraffe walking through a green grass covered field,Unidiffuser/010-4.png,10,0.58480427273141,0.512394272454752,0.5644097246921941,4,4,4,2,3
a woman with long hair,Controlnet/011-1.png,11,0.51065161081328,0.484359370858809,0.548365101836693,3,3,2,2,2
a woman with long hair,Controlnet/011-2.png,11,0.6267969910906259,0.532784266842777,0.6563014593910169,4,4,3,2,3
a woman with long hair,Controlnet/011-3.png,11,0.542738544802921,0.503819886903293,0.564822702282944,2,2,2,1,3
a woman with long hair,Controlnet/011-4.png,11,0.605628398364933,0.519180910386755,0.622165582605422,3,3,2,2,3
a woman with long hair,DALLE/011-1.png,11,0.519183910439337,0.552924086974744,0.572518146599896,3,3,3,2,3
a woman with long hair,DALLE/011-2.png,11,0.600109243907575,0.633357296221557,0.607847906750683,4,4,4,3,3
a woman with long hair,DALLE/011-3.png,11,0.640236238058412,0.61284882382383,0.6417119302685219,4,4,4,2,3
a woman with long hair,DALLE/011-4.png,11,0.597140576370609,0.567024470250511,0.582977774250085,3,4,3,2,3
a woman with long hair,Glide/011-1.png,11,0.414110568501047,0.39103321260539,0.364810219909684,2,3,2,1,1
a woman with long hair,Glide/011-2.png,11,0.362815881689243,0.39034814816261,0.368681000983096,1,2,2,1,1
a woman with long hair,Glide/011-3.png,11,0.311407130784979,0.334098220944225,0.308662273264771,1,1,1,1,1
a woman with long hair,Glide/011-4.png,11,0.383127383449159,0.368047318925175,0.350946046988009,1,1,1,1,1
a woman with long hair,Lafite/011-1.png,11,0.380799168324202,0.3886983413624,0.572040308117629,2,2,2,2,3
a woman with long hair,Lafite/011-2.png,11,0.484297692994556,0.431178366188317,0.5548614054444571,3,2,2,1,2
a woman with long hair,Lafite/011-3.png,11,0.436755276149517,0.436067554645887,0.576605254285299,2,3,2,2,3
a woman with long hair,Lafite/011-4.png,11,0.389411226943887,0.439893529663491,0.495131548678664,3,3,3,2,3
a woman with long hair,stable-diffusion/011-1.png,11,0.517915270638741,0.47801594679986,0.6253436222215251,4,4,4,2,3
a woman with long hair,stable-diffusion/011-2.png,11,0.571133615677278,0.527775233022035,0.597326517069826,4,4,3,3,3
a woman with long hair,stable-diffusion/011-3.png,11,0.448546444193083,0.462097174313231,0.487807108806368,3,4,3,2,3
a woman with long hair,stable-diffusion/011-4.png,11,0.611396311974552,0.59350958588077,0.623695992676369,4,4,4,2,3
a woman with long hair,Unidiffuser/011-1.png,11,0.586461499326524,0.549940690361706,0.653334018547512,4,4,4,2,3
a woman with long hair,Unidiffuser/011-2.png,11,0.584638214780437,0.549630172849913,0.623792249053037,4,4,3,2,3
a woman with long hair,Unidiffuser/011-3.png,11,0.288523334254648,0.291562215469716,0.38675487307702,1,2,1,1,3
a woman with long hair,Unidiffuser/011-4.png,11,0.506563474773279,0.4744669985575689,0.545228070730906,3,3,3,3,3
A red bus is driving on the road,Controlnet/012-1.png,12,0.566793517414523,0.529758109890697,0.590573449100103,3,3,3,2,3
A red bus is driving on the road,Controlnet/012-2.png,12,0.6101813552618099,0.514189950664033,0.625591892525835,3,3,3,2,3
A red bus is driving on the road,Controlnet/012-3.png,12,0.524647058902712,0.488509885232876,0.4412074527435969,2,2,2,3,1
A red bus is driving on the road,Controlnet/012-4.png,12,0.5982778001906081,0.512351984622292,0.626033465210836,4,4,3,2,3
A red bus is driving on the road,DALLE/012-1.png,12,0.535154648149347,0.52373840609046,0.627478419749022,4,3,2,3,3
A red bus is driving on the road,DALLE/012-2.png,12,0.574091853415964,0.614593464295741,0.625181314006986,4,4,4,2,3
A red bus is driving on the road,DALLE/012-3.png,12,0.590072317194115,0.563844898238302,0.565608376430477,3,3,3,3,3
A red bus is driving on the road,DALLE/012-4.png,12,0.540548432220372,0.5351480320195889,0.579890191612247,3,3,2,3,3
A red bus is driving on the road,Glide/012-1.png,12,0.414183658548989,0.520651636729329,0.58364497877801,3,3,3,2,3
A red bus is driving on the road,Glide/012-2.png,12,0.44544648727685,0.535941138640801,0.542477648752532,2,3,2,3,3
A red bus is driving on the road,Glide/012-3.png,12,0.460502359268083,0.6144264560745011,0.6107669801164289,2,3,3,3,3
A red bus is driving on the road,Glide/012-4.png,12,0.45940254428925,0.5189579192978591,0.587386098104743,2,3,3,3,3
A red bus is driving on the road,Lafite/012-1.png,12,0.482657717083323,0.470786394201726,0.562760847127202,2,2,1,1,2
A red bus is driving on the road,Lafite/012-2.png,12,0.412259754777725,0.435029584657174,0.489940468071685,2,2,3,2,2
A red bus is driving on the road,Lafite/012-3.png,12,0.377014576257084,0.386256092473107,0.3916261693202459,2,2,2,1,3
A red bus is driving on the road,Lafite/012-4.png,12,0.389313404374958,0.389660911526102,0.410851959586984,1,1,2,1,3
A red bus is driving on the road,stable-diffusion/012-1.png,12,0.61739679600713,0.602659324006189,0.569638944608968,4,4,4,3,3
A red bus is driving on the road,stable-diffusion/012-2.png,12,0.613039033093565,0.603805982837982,0.591348363287732,4,4,4,3,3
A red bus is driving on the road,stable-diffusion/012-3.png,12,0.35032342306242,0.3658008083905549,0.4308438908414029,1,1,1,1,2
A red bus is driving on the road,stable-diffusion/012-4.png,12,0.705224795627758,0.626873647637128,0.67262086075042,4,4,4,3,3
A red bus is driving on the road,Unidiffuser/012-1.png,12,0.590472578372515,0.5724443352770799,0.571845520919387,2,3,3,3,3
A red bus is driving on the road,Unidiffuser/012-2.png,12,0.388481264678532,0.456254361202716,0.531295701120559,1,2,2,2,2
A red bus is driving on the road,Unidiffuser/012-3.png,12,0.48740528775043,0.520062536576098,0.635229297626902,3,3,3,2,3
A red bus is driving on the road,Unidiffuser/012-4.png,12,0.511817359891688,0.4752766554750859,0.508583485357388,4,4,4,2,3
a teddy bear on a skateboard,Controlnet/013-1.png,13,0.6812995415544699,0.608409024477514,0.629860901312577,4,4,4,3,3
a teddy bear on a skateboard,Controlnet/013-2.png,13,0.573453421021242,0.535380884014146,0.552970141452822,3,4,4,2,3
a teddy bear on a skateboard,Controlnet/013-3.png,13,0.472002405612955,0.5026506521381721,0.4841483984225129,3,3,2,2,2
a teddy bear on a skateboard,Controlnet/013-4.png,13,0.636126768866646,0.595394714174571,0.553947245647021,4,4,4,2,3
a teddy bear on a skateboard,DALLE/013-1.png,13,0.530025357270667,0.530444767807317,0.56803114568042,3,3,3,3,2
a teddy bear on a skateboard,DALLE/013-2.png,13,0.583934124525347,0.629468356414224,0.5962748410729639,4,4,4,3,3
a teddy bear on a skateboard,DALLE/013-3.png,13,0.5090410316086821,0.543532907314093,0.556795300729782,3,3,3,2,2
a teddy bear on a skateboard,DALLE/013-4.png,13,0.543558976374844,0.5296166439035099,0.58587156902795,4,4,3,3,3
a teddy bear on a skateboard,Glide/013-1.png,13,0.398469004090554,0.418631615697998,0.4059147554608819,2,2,2,2,2
a teddy bear on a skateboard,Glide/013-2.png,13,0.394801499690641,0.436292175622118,0.394640414551491,1,2,1,1,3
a teddy bear on a skateboard,Glide/013-3.png,13,0.400221419695634,0.401170660603113,0.398651377757407,1,2,2,1,2
a teddy bear on a skateboard,Glide/013-4.png,13,0.406895845942396,0.526782424622046,0.440421179416305,2,2,2,3,1
a teddy bear on a skateboard,Lafite/013-1.png,13,0.395590134800978,0.388422743243233,0.389817382909825,3,3,3,1,2
a teddy bear on a skateboard,Lafite/013-2.png,13,0.417681448558236,0.416955608690376,0.462340553824145,2,3,3,2,2
a teddy bear on a skateboard,Lafite/013-3.png,13,0.400141902286147,0.398491187992537,0.408556633438662,2,2,2,1,2
a teddy bear on a skateboard,Lafite/013-4.png,13,0.400177664586463,0.387064907557511,0.451324201380872,2,3,2,1,1
a teddy bear on a skateboard,stable-diffusion/013-1.png,13,0.601468691351483,0.576869511846804,0.6344198460628729,4,4,4,3,3
a teddy bear on a skateboard,stable-diffusion/013-2.png,13,0.677215747700669,0.632753714494277,0.636704254886965,3,3,3,3,2
a teddy bear on a skateboard,stable-diffusion/013-3.png,13,0.6318241402584119,0.59606749635995,0.5851448260118289,4,4,4,3,2
a teddy bear on a skateboard,stable-diffusion/013-4.png,13,0.344794555519347,0.398459328164783,0.419874809566888,2,2,2,2,3
a teddy bear on a skateboard,Unidiffuser/013-1.png,13,0.409147933345822,0.402839459518735,0.481621723541463,2,2,1,1,3
a teddy bear on a skateboard,Unidiffuser/013-2.png,13,0.545216797404308,0.53796648300191,0.468751382248847,4,4,4,3,2
a teddy bear on a skateboard,Unidiffuser/013-3.png,13,0.5899162171539181,0.570801476630633,0.564109396460018,2,3,2,3,2
a teddy bear on a skateboard,Unidiffuser/013-4.png,13,0.557243811904205,0.517664980494443,0.442506771682477,4,4,4,3,2
a pumpkin with a candle in it,Controlnet/014-1.png,14,0.6019248532631051,0.589347900106023,0.45194371416279,4,4,4,3,2
a pumpkin with a candle in it,Controlnet/014-2.png,14,0.575989499297169,0.5684024055432321,0.5585476531137971,4,4,4,3,2
a pumpkin with a candle in it,Controlnet/014-3.png,14,0.67148759755049,0.656212672908962,0.5850231902083469,4,4,4,3,3
a pumpkin with a candle in it,Controlnet/014-4.png,14,0.602513199887799,0.565244193397229,0.605134774485961,3,4,3,3,2
a pumpkin with a candle in it,DALLE/014-1.png,14,0.503212786303704,0.523106029974398,0.499211118445578,2,3,2,3,2
a pumpkin with a candle in it,DALLE/014-2.png,14,0.532909466048704,0.449625093722055,0.419632997837343,4,4,4,2,2
a pumpkin with a candle in it,DALLE/014-3.png,14,0.62556723287033,0.629117328164301,0.433277865303951,4,4,4,3,1
a pumpkin with a candle in it,DALLE/014-4.png,14,0.508513357407487,0.529642555643492,0.43931482519721,3,4,2,3,2
a pumpkin with a candle in it,Glide/014-1.png,14,0.478403655667509,0.523843394367196,0.539228607663232,2,3,2,3,3
a pumpkin with a candle in it,Glide/014-2.png,14,0.4304400758256709,0.519952730977658,0.503899271650657,3,3,3,3,3
a pumpkin with a candle in it,Glide/014-3.png,14,0.455113121497599,0.494024567281226,0.539709218511504,3,3,2,3,2
a pumpkin with a candle in it,Glide/014-4.png,14,0.502022204146125,0.49696793265029,0.584824442285821,4,4,4,3,3
a pumpkin with a candle in it,Lafite/014-1.png,14,0.42503759871984,0.43782310001154,0.398489412647179,4,3,3,3,3
a pumpkin with a candle in it,Lafite/014-2.png,14,0.399656343814458,0.391184292337418,0.423643689793481,1,1,1,1,1
a pumpkin with a candle in it,Lafite/014-3.png,14,0.430866897573667,0.424603554040583,0.431899284831841,1,2,2,1,2
a pumpkin with a candle in it,Lafite/014-4.png,14,0.374152603984184,0.416095826084835,0.39776033106042,2,2,1,1,2
a pumpkin with a candle in it,stable-diffusion/014-1.png,14,0.619555917189476,0.656935720302683,0.443304557159336,4,4,4,3,2
a pumpkin with a candle in it,stable-diffusion/014-2.png,14,0.57833960839798,0.562419330011818,0.556593518816128,4,4,3,3,2
a pumpkin with a candle in it,stable-diffusion/014-3.png,14,0.6415733897317879,0.5995010513429451,0.519252455071068,4,4,4,3,2
a pumpkin with a candle in it,stable-diffusion/014-4.png,14,0.402083395172327,0.345858357967839,0.396816900251874,2,2,2,2,1
a pumpkin with a candle in it,Unidiffuser/014-1.png,14,0.6241923336966191,0.582996928482001,0.600153909630524,3,3,3,2,1
a pumpkin with a candle in it,Unidiffuser/014-2.png,14,0.409162247916498,0.447062430025576,0.458200171631766,1,2,1,3,3
a pumpkin with a candle in it,Unidiffuser/014-3.png,14,0.590565211059119,0.56091993760875,0.4698054310112269,3,3,2,3,2
a pumpkin with a candle in it,Unidiffuser/014-4.png,14,0.574624873622941,0.551093613503287,0.505004627134664,3,3,3,3,3
A bowl of Chicken Pho,Controlnet/015-1.png,15,0.575326926849508,0.598074476416163,0.54531325351229,3,3,3,2,2
A bowl of Chicken Pho,Controlnet/015-2.png,15,0.610402250782548,0.644769653117409,0.572976912288998,4,4,4,3,3
A bowl of Chicken Pho,Controlnet/015-3.png,15,0.600520888559604,0.657142817451325,0.578870719721167,4,4,4,3,1
A bowl of Chicken Pho,Controlnet/015-4.png,15,0.613981600151597,0.550892180248968,0.568821698629858,4,4,4,3,3
A bowl of Chicken Pho,DALLE/015-1.png,15,0.6477856385267929,0.647932667297777,0.6019966821749559,4,4,4,3,2
A bowl of Chicken Pho,DALLE/015-2.png,15,0.542138874488158,0.5593462203108011,0.548331221705081,4,4,4,3,3
A bowl of Chicken Pho,DALLE/015-3.png,15,0.576936390902698,0.550717825889873,0.5960971750581731,4,4,4,3,3
A bowl of Chicken Pho,DALLE/015-4.png,15,0.609427426545604,0.63990190466491,0.602177538324841,4,4,4,3,2
A bowl of Chicken Pho,Glide/015-1.png,15,0.377094126920374,0.487802730875339,0.4831016870807769,1,2,2,3,3
A bowl of Chicken Pho,Glide/015-2.png,15,0.456615829904041,0.476190683696756,0.517545493875805,2,3,3,3,3
A bowl of Chicken Pho,Glide/015-3.png,15,0.360329108757142,0.486695526836506,0.466156304274653,1,3,3,2,2
A bowl of Chicken Pho,Glide/015-4.png,15,0.371704886115769,0.5218044877668919,0.519122428838124,2,3,4,3,3
A bowl of Chicken Pho,Lafite/015-1.png,15,0.396697041173335,0.389356475036036,0.442953993338427,2,3,4,2,3
A bowl of Chicken Pho,Lafite/015-2.png,15,0.352955930327317,0.362366068397484,0.419101301345335,2,3,3,1,3
A bowl of Chicken Pho,Lafite/015-3.png,15,0.413643222139777,0.390511117581147,0.455595129916343,3,2,3,2,2
A bowl of Chicken Pho,Lafite/015-4.png,15,0.421526323794615,0.401569871674098,0.4647055166733549,3,3,3,2,3
A bowl of Chicken Pho,stable-diffusion/015-1.png,15,0.4392017890643099,0.443183444779234,0.513238192194886,3,3,3,3,3
A bowl of Chicken Pho,stable-diffusion/015-2.png,15,0.623798424890212,0.56528579567388,0.560981126392686,3,3,3,3,3
A bowl of Chicken Pho,stable-diffusion/015-3.png,15,0.579853353450309,0.579642503248592,0.5353635290405451,3,4,4,3,3
A bowl of Chicken Pho,stable-diffusion/015-4.png,15,0.583554558992737,0.553614524260296,0.557646383001032,3,4,3,2,2
A bowl of Chicken Pho,Unidiffuser/015-1.png,15,0.5492954483249219,0.543699244902901,0.51868708134219,4,4,4,2,3
A bowl of Chicken Pho,Unidiffuser/015-2.png,15,0.605387730485096,0.589749009347376,0.57039540312153,2,3,3,2,2
A bowl of Chicken Pho,Unidiffuser/015-3.png,15,0.354445557017323,0.341535304891631,0.34590580891112,1,1,2,1,2
A bowl of Chicken Pho,Unidiffuser/015-4.png,15,0.585559023904741,0.5650788602850461,0.526081947723202,4,4,4,3,3
A heart made of chocolate,Controlnet/016-1.png,16,0.622177764015495,0.5675662423511451,0.5567138839378241,4,4,4,3,3
A heart made of chocolate,Controlnet/016-2.png,16,0.602448301657695,0.609886329673785,0.560604647716866,4,4,4,3,3
A heart made of chocolate,Controlnet/016-3.png,16,0.647237639443223,0.618432992016436,0.610732246951607,4,4,3,3,2
A heart made of chocolate,Controlnet/016-4.png,16,0.585584856772401,0.620153463731548,0.622192198954549,4,4,3,3,3
A heart made of chocolate,DALLE/016-1.png,16,0.547425139422742,0.5450744258818829,0.552238619208936,3,3,2,3,3
A heart made of chocolate,DALLE/016-2.png,16,0.533307708872313,0.542038224186262,0.504320401460838,4,4,4,3,3
A heart made of chocolate,DALLE/016-3.png,16,0.575403467078694,0.602569024008508,0.542645273146884,3,3,3,3,2
A heart made of chocolate,DALLE/016-4.png,16,0.549770767244127,0.5774272645669251,0.571118931413379,4,4,4,3,3
A heart made of chocolate,Glide/016-1.png,16,0.3924153346919199,0.417339222763939,0.410931624582083,2,2,2,2,1
A heart made of chocolate,Glide/016-2.png,16,0.439974364943837,0.494202339841123,0.447393297665097,1,2,2,2,2
A heart made of chocolate,Glide/016-3.png,16,0.433514663765412,0.530746669707496,0.549058954795367,2,3,2,2,3
A heart made of chocolate,Glide/016-4.png,16,0.459582696370223,0.534558112092713,0.549600508735378,2,3,2,2,3
A heart made of chocolate,Lafite/016-1.png,16,0.5078853195420701,0.497338929449041,0.531535643054892,3,3,3,3,3
A heart made of chocolate,Lafite/016-2.png,16,0.548900948900709,0.491936008158762,0.540717520353858,3,3,3,3,3
A heart made of chocolate,Lafite/016-3.png,16,0.430226424503945,0.478600308515639,0.519102344409591,4,4,4,3,3
A heart made of chocolate,Lafite/016-4.png,16,0.479261037326765,0.499927611350492,0.497905301416992,3,3,2,3,3
A heart made of chocolate,stable-diffusion/016-1.png,16,0.628560773357057,0.645485625990773,0.634613363843346,4,4,4,3,3
A heart made of chocolate,stable-diffusion/016-2.png,16,0.372008874972985,0.400943999288141,0.467181599882541,3,2,3,3,2
A heart made of chocolate,stable-diffusion/016-3.png,16,0.671201443132867,0.662598183818556,0.645673554010165,4,4,4,3,3
A heart made of chocolate,stable-diffusion/016-4.png,16,0.5612335678132689,0.566793541941312,0.5761137249381,4,4,4,3,3
A heart made of chocolate,Unidiffuser/016-1.png,16,0.4062215762685779,0.4066408747750549,0.401940162013463,2,3,2,2,2
A heart made of chocolate,Unidiffuser/016-2.png,16,0.559157846453161,0.593456109772553,0.590393318757206,3,3,2,2,3
A heart made of chocolate,Unidiffuser/016-3.png,16,0.542053037287231,0.523144287511573,0.560586613121245,3,3,2,3,3
A heart made of chocolate,Unidiffuser/016-4.png,16,0.488826895599156,0.462162404405341,0.477749406640267,3,3,2,3,3
a coffee table with a magazine on it,Controlnet/017-1.png,17,0.67766271218715,0.626087905220975,0.612905243893121,4,3,4,3,2
a coffee table with a magazine on it,Controlnet/017-2.png,17,0.6118345054969521,0.545878573958408,0.5375326183236541,3,3,2,2,3
a coffee table with a magazine on it,Controlnet/017-3.png,17,0.6037998385073471,0.574614246250515,0.573730213264269,4,4,4,3,2
a coffee table with a magazine on it,Controlnet/017-4.png,17,0.634817927747315,0.6082270825395389,0.584952692262997,3,3,3,1,3
a coffee table with a magazine on it,DALLE/017-1.png,17,0.585556542602781,0.589324761732383,0.5398702639683239,4,4,4,3,3
a coffee table with a magazine on it,DALLE/017-2.png,17,0.542873367136905,0.558381910678842,0.576210795769763,3,3,2,3,3
a coffee table with a magazine on it,DALLE/017-3.png,17,0.6624551221135521,0.6831375553616159,0.695264711703544,4,4,4,2,3
a coffee table with a magazine on it,DALLE/017-4.png,17,0.455865791128535,0.538113077125222,0.575950252869073,3,3,3,3,3
a coffee table with a magazine on it,Glide/017-1.png,17,0.397656777190398,0.450896480153704,0.467675124685857,2,2,2,2,3
a coffee table with a magazine on it,Glide/017-2.png,17,0.39190248298701,0.473445487877917,0.4344773327024059,2,2,2,2,2
a coffee table with a magazine on it,Glide/017-3.png,17,0.373550759359804,0.423727530009705,0.407350615011507,3,3,2,3,2
a coffee table with a magazine on it,Glide/017-4.png,17,0.431402464775593,0.497004118817321,0.4628163105817039,4,4,3,2,3
a coffee table with a magazine on it,Lafite/017-1.png,17,0.397385827338291,0.396419401439145,0.382409060721124,3,2,3,2,1
a coffee table with a magazine on it,Lafite/017-2.png,17,0.4403807343864699,0.425074767175587,0.46129124655339,2,2,2,2,2
a coffee table with a magazine on it,Lafite/017-3.png,17,0.453198634591564,0.41141982604614,0.439398816961561,1,1,2,1,1
a coffee table with a magazine on it,Lafite/017-4.png,17,0.427078744991064,0.443745962982336,0.443659125449759,3,2,3,1,1
a coffee table with a magazine on it,stable-diffusion/017-1.png,17,0.671652055749973,0.606234883842549,0.594744947052722,4,4,4,3,3
a coffee table with a magazine on it,stable-diffusion/017-2.png,17,0.39644688043427,0.434051581180476,0.5145274184764029,1,3,2,2,3
a coffee table with a magazine on it,stable-diffusion/017-3.png,17,0.604098213364384,0.607205777448678,0.547995504012198,4,4,4,3,3
a coffee table with a magazine on it,stable-diffusion/017-4.png,17,0.577973203685985,0.5608621542469799,0.556095696593549,3,3,3,3,2
a coffee table with a magazine on it,Unidiffuser/017-1.png,17,0.5570931741594299,0.564172079479438,0.564048755963462,4,4,4,3,3
a coffee table with a magazine on it,Unidiffuser/017-2.png,17,0.573403263541161,0.530185852587553,0.509047213951463,4,4,4,2,2
a coffee table with a magazine on it,Unidiffuser/017-3.png,17,0.433750676681993,0.452392548856083,0.458594628523595,2,2,2,2,3
a coffee table with a magazine on it,Unidiffuser/017-4.png,17,0.573924096928987,0.535639005899608,0.487164069150763,4,4,3,2,3
Sunset over the sea,Controlnet/018-1.png,18,0.6462212529022879,0.564038800368169,0.619329256911129,3,4,4,3,3
Sunset over the sea,Controlnet/018-2.png,18,0.509163646771356,0.4804806267732669,0.537040283951323,2,2,3,3,3
Sunset over the sea,Controlnet/018-3.png,18,0.576338574958021,0.557908172499854,0.622575637546515,2,2,2,3,3
Sunset over the sea,Controlnet/018-4.png,18,0.526389854824852,0.485681235702578,0.567794289181662,2,2,2,2,3
Sunset over the sea,DALLE/018-1.png,18,0.611199459672821,0.6386645959239501,0.637283417879269,3,3,3,3,3
Sunset over the sea,DALLE/018-2.png,18,0.671944934745141,0.636681625605546,0.678176665002168,4,4,4,3,3
Sunset over the sea,DALLE/018-3.png,18,0.588041497096308,0.555732471791924,0.5995894662764311,4,4,4,2,3
Sunset over the sea,DALLE/018-4.png,18,0.581108163545705,0.5552551513531899,0.510366970897374,4,4,4,3,2
Sunset over the sea,Glide/018-1.png,18,0.494703602133127,0.5898308405446879,0.609626528702262,3,3,3,3,3
Sunset over the sea,Glide/018-2.png,18,0.467297616218813,0.557880808417631,0.5749725908004301,4,4,4,3,3
Sunset over the sea,Glide/018-3.png,18,0.479897412734147,0.554722016418879,0.632166866237416,2,3,3,3,3
Sunset over the sea,Glide/018-4.png,18,0.4694660808483379,0.575826826262148,0.541528497400966,3,2,2,3,3
Sunset over the sea,Lafite/018-1.png,18,0.458102314055257,0.5316932238394511,0.582677705176344,2,3,3,3,3
Sunset over the sea,Lafite/018-2.png,18,0.561244849635452,0.612340544258451,0.659339987893113,2,3,2,3,3
Sunset over the sea,Lafite/018-3.png,18,0.491419095869234,0.520191190756758,0.562357215788722,2,3,2,3,3
Sunset over the sea,Lafite/018-4.png,18,0.500453359532714,0.6448994592926449,0.660375756007488,2,3,3,3,3
Sunset over the sea,stable-diffusion/018-1.png,18,0.7076743054693599,0.6853145513974781,0.669833667657455,4,4,4,3,3
Sunset over the sea,stable-diffusion/018-2.png,18,0.6444139881403881,0.61416175526927,0.66074117163865,4,4,4,3,3
Sunset over the sea,stable-diffusion/018-3.png,18,0.387282351936753,0.402337777690387,0.4069976805308,2,2,2,1,2
Sunset over the sea,stable-diffusion/018-4.png,18,0.599551271462235,0.55466929617002,0.602903263795617,3,3,3,3,3
Sunset over the sea,Unidiffuser/018-1.png,18,0.498862836873808,0.508065365578486,0.559553793647586,2,2,2,3,3
Sunset over the sea,Unidiffuser/018-2.png,18,0.565175224913374,0.554017595359184,0.499791767405515,3,3,3,3,2
Sunset over the sea,Unidiffuser/018-3.png,18,0.58707427938303,0.5854976129188271,0.559806400281659,3,3,3,3,3
Sunset over the sea,Unidiffuser/018-4.png,18,0.7169939636902041,0.6283261308985341,0.706188032814955,4,3,4,3,3
a grandmother reading a book to her grandson and granddaughter,Controlnet/021-1.png,21,0.4903229136739619,0.4345524579184679,0.405449983346535,2,3,3,2,1
a grandmother reading a book to her grandson and granddaughter,Controlnet/021-2.png,21,0.5357495661202649,0.477249602839529,0.468439696111898,2,2,2,1,2
a grandmother reading a book to her grandson and granddaughter,Controlnet/021-3.png,21,0.467329954056687,0.4169662496253499,0.401383309992552,3,3,3,2,2
a grandmother reading a book to her grandson and granddaughter,Controlnet/021-4.png,21,0.53472893640423,0.4733142949997709,0.458977577213721,3,4,4,2,2
a grandmother reading a book to her grandson and granddaughter,DALLE/021-1.png,21,0.607582548063682,0.541173286659182,0.530953859053719,3,3,3,2,2
a grandmother reading a book to her grandson and granddaughter,DALLE/021-2.png,21,0.6475579439485151,0.577285314517608,0.6543467017019551,4,4,3,2,3
a grandmother reading a book to her grandson and granddaughter,DALLE/021-3.png,21,0.579771253200301,0.596244253202045,0.620071316985266,4,4,4,3,3
a grandmother reading a book to her grandson and granddaughter,DALLE/021-4.png,21,0.572682568762458,0.5984487279437181,0.600242804219063,3,3,3,2,3
a grandmother reading a book to her grandson and granddaughter,Glide/021-1.png,21,0.330507440214053,0.40082057605444,0.362863159860107,2,2,2,3,1
a grandmother reading a book to her grandson and granddaughter,Glide/021-2.png,21,0.334570194087178,0.434284387387453,0.348219763451573,1,2,1,3,1
a grandmother reading a book to her grandson and granddaughter,Glide/021-3.png,21,0.430516701509731,0.488537344862006,0.41226548673081,2,1,2,3,1
a grandmother reading a book to her grandson and granddaughter,Glide/021-4.png,21,0.34607607234716,0.355566687966551,0.359754681686441,1,2,1,1,1
a grandmother reading a book to her grandson and granddaughter,Lafite/021-1.png,21,0.326307420248977,0.311979482237797,0.398397507279411,3,2,2,1,2
a grandmother reading a book to her grandson and granddaughter,Lafite/021-2.png,21,0.36353662987198,0.325795494052146,0.339716418936226,2,2,1,1,1
a grandmother reading a book to her grandson and granddaughter,Lafite/021-3.png,21,0.33236006871959,0.284179392186096,0.369857640416345,1,2,1,1,3
a grandmother reading a book to her grandson and granddaughter,Lafite/021-4.png,21,0.396519208908376,0.33306446922504,0.390824766751962,1,1,2,1,1
a grandmother reading a book to her grandson and granddaughter,stable-diffusion/021-1.png,21,0.543776517763355,0.538357862799478,0.4305012343512689,3,3,3,1,2
a grandmother reading a book to her grandson and granddaughter,stable-diffusion/021-2.png,21,0.607594359201249,0.4929469125997219,0.534878045621979,3,4,4,2,3
a grandmother reading a book to her grandson and granddaughter,stable-diffusion/021-3.png,21,0.443686096941139,0.396168487302166,0.4404801452084719,2,2,2,2,3
a grandmother reading a book to her grandson and granddaughter,stable-diffusion/021-4.png,21,0.517828341110132,0.514906177567762,0.4655128145425509,3,3,3,1,1
a grandmother reading a book to her grandson and granddaughter,Unidiffuser/021-1.png,21,0.5014607947663781,0.466925702266203,0.429022490307179,3,3,3,2,2
a grandmother reading a book to her grandson and granddaughter,Unidiffuser/021-2.png,21,0.461208404709132,0.483110990410967,0.4692859570021,3,3,3,2,2
a grandmother reading a book to her grandson and granddaughter,Unidiffuser/021-3.png,21,0.347810880949979,0.418719904390112,0.417583004966074,1,2,2,2,2
a grandmother reading a book to her grandson and granddaughter,Unidiffuser/021-4.png,21,0.417895044774227,0.439840626782861,0.426891283068224,2,3,2,2,1
a blue semi-truck and its trailer jumping over a row of motorcycles. there are metal ramps on either side of the motorcycles.,Controlnet/022-1.png,22,0.6125655771310501,0.56023094957888,0.522810885806247,2,2,2,2,2
a blue semi-truck and its trailer jumping over a row of motorcycles. there are metal ramps on either side of the motorcycles.,Controlnet/022-2.png,22,0.6172239799169099,0.522791689144543,0.505063963142577,4,3,3,2,2
a blue semi-truck and its trailer jumping over a row of motorcycles. there are metal ramps on either side of the motorcycles.,Controlnet/022-3.png,22,0.487594298660916,0.392101811344997,0.3900933853163609,2,3,2,1,1
a blue semi-truck and its trailer jumping over a row of motorcycles. there are metal ramps on either side of the motorcycles.,Controlnet/022-4.png,22,0.5811156598909379,0.495746833730239,0.458849625764383,4,4,4,3,3
a blue semi-truck and its trailer jumping over a row of motorcycles. there are metal ramps on either side of the motorcycles.,DALLE/022-1.png,22,0.552063827860167,0.5055175666004179,0.472619604654257,4,4,3,3,2
a blue semi-truck and its trailer jumping over a row of motorcycles. there are metal ramps on either side of the motorcycles.,DALLE/022-2.png,22,0.545481612565515,0.496510802525404,0.507239675087326,4,4,3,2,2
a blue semi-truck and its trailer jumping over a row of motorcycles. there are metal ramps on either side of the motorcycles.,DALLE/022-3.png,22,0.523430384566554,0.5121802376326979,0.500657672379332,4,4,4,2,1
a blue semi-truck and its trailer jumping over a row of motorcycles. there are metal ramps on either side of the motorcycles.,DALLE/022-4.png,22,0.542593181311639,0.540504932703199,0.527338642928619,3,2,3,1,2
a blue semi-truck and its trailer jumping over a row of motorcycles. there are metal ramps on either side of the motorcycles.,Glide/022-1.png,22,0.406300779862716,0.4321419334444299,0.430182132683748,2,3,3,3,1
a blue semi-truck and its trailer jumping over a row of motorcycles. there are metal ramps on either side of the motorcycles.,Glide/022-2.png,22,0.348137089441341,0.426986199668815,0.384213162908592,2,3,3,2,2
a blue semi-truck and its trailer jumping over a row of motorcycles. there are metal ramps on either side of the motorcycles.,Glide/022-3.png,22,0.458035373658327,0.463329982400588,0.43997374410808,2,3,3,2,2
a blue semi-truck and its trailer jumping over a row of motorcycles. there are metal ramps on either side of the motorcycles.,Glide/022-4.png,22,0.35301973511457,0.445172675264752,0.402777317864178,3,3,3,3,1
a blue semi-truck and its trailer jumping over a row of motorcycles. there are metal ramps on either side of the motorcycles.,Lafite/022-1.png,22,0.416212602797589,0.427087070370235,0.436319039261441,2,2,2,2,3
a blue semi-truck and its trailer jumping over a row of motorcycles. there are metal ramps on either side of the motorcycles.,Lafite/022-2.png,22,0.3361971173088979,0.389168015607843,0.416054678298899,1,1,1,1,1
a blue semi-truck and its trailer jumping over a row of motorcycles. there are metal ramps on either side of the motorcycles.,Lafite/022-3.png,22,0.379210226427822,0.420019225156622,0.427906667970258,1,1,2,1,1
a blue semi-truck and its trailer jumping over a row of motorcycles. there are metal ramps on either side of the motorcycles.,Lafite/022-4.png,22,0.404998843443882,0.446053454921936,0.47506499436124,1,2,1,1,2
a blue semi-truck and its trailer jumping over a row of motorcycles. there are metal ramps on either side of the motorcycles.,stable-diffusion/022-1.png,22,0.457041184102072,0.4554549606279749,0.3928591582279639,4,4,3,2,2
a blue semi-truck and its trailer jumping over a row of motorcycles. there are metal ramps on either side of the motorcycles.,stable-diffusion/022-2.png,22,0.5243672329002981,0.4475496340662859,0.4575500566586549,3,4,4,1,1
a blue semi-truck and its trailer jumping over a row of motorcycles. there are metal ramps on either side of the motorcycles.,stable-diffusion/022-3.png,22,0.4011566045349329,0.419205718665262,0.394963216285509,1,2,2,2,2
a blue semi-truck and its trailer jumping over a row of motorcycles. there are metal ramps on either side of the motorcycles.,stable-diffusion/022-4.png,22,0.608135810562276,0.619388871935027,0.493102345170919,3,3,3,2,1
a blue semi-truck and its trailer jumping over a row of motorcycles. there are metal ramps on either side of the motorcycles.,Unidiffuser/022-1.png,22,0.511008856938164,0.525286221504339,0.470292641898455,2,2,2,2,1
a blue semi-truck and its trailer jumping over a row of motorcycles. there are metal ramps on either side of the motorcycles.,Unidiffuser/022-2.png,22,0.619011603330203,0.563481603079912,0.54628644046274,4,4,4,1,2
a blue semi-truck and its trailer jumping over a row of motorcycles. there are metal ramps on either side of the motorcycles.,Unidiffuser/022-3.png,22,0.51338156932374,0.510380669775056,0.445273632691234,3,4,2,2,2
a blue semi-truck and its trailer jumping over a row of motorcycles. there are metal ramps on either side of the motorcycles.,Unidiffuser/022-4.png,22,0.4084557421202139,0.403652803358367,0.421708950379421,2,2,2,2,2
a propaganda poster depicting a cat dressed as french emperor napoleon holding a piece of cheese,Controlnet/023-1.png,23,0.599037856524429,0.524410239085658,0.605893780946264,3,2,2,2,3
a propaganda poster depicting a cat dressed as french emperor napoleon holding a piece of cheese,Controlnet/023-2.png,23,0.551337683271795,0.471302777752352,0.454269437063949,3,3,2,1,1
a propaganda poster depicting a cat dressed as french emperor napoleon holding a piece of cheese,Controlnet/023-3.png,23,0.581256036288135,0.49612915130306,0.5217194379604659,3,4,2,3,2
a propaganda poster depicting a cat dressed as french emperor napoleon holding a piece of cheese,Controlnet/023-4.png,23,0.586054822025294,0.470835787045135,0.4172422919209579,3,3,2,2,1
a propaganda poster depicting a cat dressed as french emperor napoleon holding a piece of cheese,DALLE/023-1.png,23,0.54431182145287,0.525338411447121,0.584356190356485,2,3,2,2,2
a propaganda poster depicting a cat dressed as french emperor napoleon holding a piece of cheese,DALLE/023-2.png,23,0.626381883802045,0.541759980066822,0.658655018369121,4,4,4,3,3
a propaganda poster depicting a cat dressed as french emperor napoleon holding a piece of cheese,DALLE/023-3.png,23,0.441501728616665,0.445026322260584,0.493175341820461,4,4,4,3,3
a propaganda poster depicting a cat dressed as french emperor napoleon holding a piece of cheese,DALLE/023-4.png,23,0.557506927045367,0.526971389295922,0.522125801346146,4,4,4,3,3
a propaganda poster depicting a cat dressed as french emperor napoleon holding a piece of cheese,Glide/023-1.png,23,0.377503131430634,0.434670138980222,0.4297755381823179,1,2,1,1,1
a propaganda poster depicting a cat dressed as french emperor napoleon holding a piece of cheese,Glide/023-2.png,23,0.339588884389114,0.378891383152925,0.402078636211384,1,1,2,2,2
a propaganda poster depicting a cat dressed as french emperor napoleon holding a piece of cheese,Glide/023-3.png,23,0.399832660226446,0.437784594925648,0.397283586733417,2,2,2,2,2
a propaganda poster depicting a cat dressed as french emperor napoleon holding a piece of cheese,Glide/023-4.png,23,0.3839996468294759,0.3922855670746339,0.392110716560708,1,1,1,1,1
a propaganda poster depicting a cat dressed as french emperor napoleon holding a piece of cheese,Lafite/023-1.png,23,0.3587178795996369,0.403191478728836,0.426265906664186,3,3,2,2,3
a propaganda poster depicting a cat dressed as french emperor napoleon holding a piece of cheese,Lafite/023-2.png,23,0.395938760285501,0.388528363636042,0.3812375411609799,1,2,2,1,1
a propaganda poster depicting a cat dressed as french emperor napoleon holding a piece of cheese,Lafite/023-3.png,23,0.442397401806892,0.401536299677917,0.433642210935182,1,2,1,2,2
a propaganda poster depicting a cat dressed as french emperor napoleon holding a piece of cheese,Lafite/023-4.png,23,0.395555000251293,0.4079338713449509,0.43486779867914,3,2,3,1,2
a propaganda poster depicting a cat dressed as french emperor napoleon holding a piece of cheese,stable-diffusion/023-1.png,23,0.5655374506509829,0.545135189448794,0.571272688660356,4,4,4,3,3
a propaganda poster depicting a cat dressed as french emperor napoleon holding a piece of cheese,stable-diffusion/023-2.png,23,0.592009298143937,0.516312866792913,0.578045461344666,4,4,4,3,3
a propaganda poster depicting a cat dressed as french emperor napoleon holding a piece of cheese,stable-diffusion/023-3.png,23,0.4704464293870329,0.487211809679289,0.479923630563612,3,4,4,2,2
a propaganda poster depicting a cat dressed as french emperor napoleon holding a piece of cheese,stable-diffusion/023-4.png,23,0.509889123945483,0.530017390812633,0.55077557724637,3,3,3,2,2
a propaganda poster depicting a cat dressed as french emperor napoleon holding a piece of cheese,Unidiffuser/023-1.png,23,0.536948908767015,0.549370035926634,0.578808273512375,3,4,4,2,2
a propaganda poster depicting a cat dressed as french emperor napoleon holding a piece of cheese,Unidiffuser/023-2.png,23,0.4833409366418509,0.431344608361166,0.440348417380395,3,3,3,1,1
a propaganda poster depicting a cat dressed as french emperor napoleon holding a piece of cheese,Unidiffuser/023-3.png,23,0.525357766383503,0.529760153524485,0.563446325130178,3,3,3,2,3
a propaganda poster depicting a cat dressed as french emperor napoleon holding a piece of cheese,Unidiffuser/023-4.png,23,0.441436635738196,0.436206508640631,0.456789352648017,1,2,2,1,2
a pineapple with one beer to its left and two beers on its right,Controlnet/025-1.png,25,0.515529790651314,0.532309040787131,0.4293241059263269,4,4,3,2,1
a pineapple with one beer to its left and two beers on its right,Controlnet/025-2.png,25,0.6356659769463,0.538181872329685,0.483428841804294,4,4,4,2,2
a pineapple with one beer to its left and two beers on its right,Controlnet/025-3.png,25,0.550406629209276,0.531632753285447,0.488176883214551,4,4,4,3,2
a pineapple with one beer to its left and two beers on its right,Controlnet/025-4.png,25,0.620618567915986,0.5895845975937231,0.532575438842981,4,4,4,3,2
a pineapple with one beer to its left and two beers on its right,DALLE/025-1.png,25,0.612730454378837,0.554141292310539,0.444815911197965,3,3,3,3,2
a pineapple with one beer to its left and two beers on its right,DALLE/025-2.png,25,0.519767340454609,0.498893452140628,0.464244884427671,3,4,4,3,2
a pineapple with one beer to its left and two beers on its right,DALLE/025-3.png,25,0.634581827747869,0.610076417168127,0.545181238372024,4,4,4,3,2
a pineapple with one beer to its left and two beers on its right,DALLE/025-4.png,25,0.592720182795739,0.607658983612788,0.518947748473785,4,4,4,3,2
a pineapple with one beer to its left and two beers on its right,Glide/025-1.png,25,0.394411921058054,0.4716358915376449,0.4126964250748,2,3,3,2,1
a pineapple with one beer to its left and two beers on its right,Glide/025-2.png,25,0.39071552788291,0.427447009563408,0.400238883906065,2,3,2,2,2
a pineapple with one beer to its left and two beers on its right,Glide/025-3.png,25,0.413982070311795,0.50013942269829,0.4355028617123859,2,3,2,3,1
a pineapple with one beer to its left and two beers on its right,Glide/025-4.png,25,0.432012476910649,0.505365763952705,0.420564128172286,4,4,4,3,1
a pineapple with one beer to its left and two beers on its right,Lafite/025-1.png,25,0.412198603314523,0.416733944737823,0.398109208815548,3,2,2,2,1
a pineapple with one beer to its left and two beers on its right,Lafite/025-2.png,25,0.4540046750223589,0.441355512919073,0.448090563821551,2,2,2,1,1
a pineapple with one beer to its left and two beers on its right,Lafite/025-3.png,25,0.432730858714769,0.403090172441187,0.4061751416555709,1,1,2,1,1
a pineapple with one beer to its left and two beers on its right,Lafite/025-4.png,25,0.415138983948161,0.353573107460084,0.363598296748347,2,3,2,2,2
a pineapple with one beer to its left and two beers on its right,stable-diffusion/025-1.png,25,0.3763662743964749,0.360217795017872,0.409038771756065,1,1,3,1,1
a pineapple with one beer to its left and two beers on its right,stable-diffusion/025-2.png,25,0.580364870920332,0.571391806421511,0.493708367226423,4,4,4,3,2
a pineapple with one beer to its left and two beers on its right,stable-diffusion/025-3.png,25,0.541215285114941,0.497855119721031,0.485844480814497,3,3,2,2,2
a pineapple with one beer to its left and two beers on its right,stable-diffusion/025-4.png,25,0.634374926666145,0.61808360497466,0.597463490668525,4,4,4,3,2
a pineapple with one beer to its left and two beers on its right,Unidiffuser/025-1.png,25,0.558517208982919,0.635734342890102,0.528685670914487,2,2,3,3,2
a pineapple with one beer to its left and two beers on its right,Unidiffuser/025-2.png,25,0.4086669242159629,0.456941587667198,0.461684685398363,1,2,2,3,2
a pineapple with one beer to its left and two beers on its right,Unidiffuser/025-3.png,25,0.527113204854778,0.513520876329959,0.464189857089257,3,3,2,2,2
a pineapple with one beer to its left and two beers on its right,Unidiffuser/025-4.png,25,0.51465909538491,0.54215810127413,0.517752822774599,4,4,4,3,2
"An anime illustration of Sydney Opera House sitting next to Eiffel tower, under a blue night sky of roiling energy, exploding yellow stars, and radiating swirls of blu",Controlnet/029-1.png,29,0.617993527558391,0.595243282533679,0.562921327196812,4,4,4,3,2
"An anime illustration of Sydney Opera House sitting next to Eiffel tower, under a blue night sky of roiling energy, exploding yellow stars, and radiating swirls of blu",Controlnet/029-2.png,29,0.557444764534037,0.528735014748025,0.544323410449858,3,4,3,2,2
"An anime illustration of Sydney Opera House sitting next to Eiffel tower, under a blue night sky of roiling energy, exploding yellow stars, and radiating swirls of blu",Controlnet/029-3.png,29,0.582184368372002,0.5380856764885931,0.582823988908644,4,4,4,3,2
"An anime illustration of Sydney Opera House sitting next to Eiffel tower, under a blue night sky of roiling energy, exploding yellow stars, and radiating swirls of blu",Controlnet/029-4.png,29,0.498822467040383,0.4207319610069159,0.478163557113671,3,4,4,3,2
"An anime illustration of Sydney Opera House sitting next to Eiffel tower, under a blue night sky of roiling energy, exploding yellow stars, and radiating swirls of blu",DALLE/029-1.png,29,0.555115362108433,0.528885874802532,0.552575077376778,4,4,4,3,3
"An anime illustration of Sydney Opera House sitting next to Eiffel tower, under a blue night sky of roiling energy, exploding yellow stars, and radiating swirls of blu",DALLE/029-2.png,29,0.581005287114601,0.574701199892649,0.6356706719167741,3,3,3,3,3
"An anime illustration of Sydney Opera House sitting next to Eiffel tower, under a blue night sky of roiling energy, exploding yellow stars, and radiating swirls of blu",DALLE/029-3.png,29,0.520252176411669,0.489465766375291,0.527025213773003,4,4,4,3,3
"An anime illustration of Sydney Opera House sitting next to Eiffel tower, under a blue night sky of roiling energy, exploding yellow stars, and radiating swirls of blu",DALLE/029-4.png,29,0.5667756360884141,0.557215603690379,0.57992377079925,3,3,2,3,3
"An anime illustration of Sydney Opera House sitting next to Eiffel tower, under a blue night sky of roiling energy, exploding yellow stars, and radiating swirls of blu",Glide/029-1.png,29,0.374902710934829,0.405392711506479,0.43792144577324,3,3,2,3,2
"An anime illustration of Sydney Opera House sitting next to Eiffel tower, under a blue night sky of roiling energy, exploding yellow stars, and radiating swirls of blu",Glide/029-2.png,29,0.398754350469264,0.437379892350032,0.472008401198749,2,3,2,3,2
"An anime illustration of Sydney Opera House sitting next to Eiffel tower, under a blue night sky of roiling energy, exploding yellow stars, and radiating swirls of blu",Glide/029-3.png,29,0.4575773827689749,0.458497647771295,0.51053223631005,2,3,2,3,2
"An anime illustration of Sydney Opera House sitting next to Eiffel tower, under a blue night sky of roiling energy, exploding yellow stars, and radiating swirls of blu",Glide/029-4.png,29,0.447967063290794,0.481222287206198,0.478691369632221,2,2,2,2,1
"An anime illustration of Sydney Opera House sitting next to Eiffel tower, under a blue night sky of roiling energy, exploding yellow stars, and radiating swirls of blu",Lafite/029-1.png,29,0.364037742318995,0.386612068960009,0.436085563102716,2,2,2,2,3
"An anime illustration of Sydney Opera House sitting next to Eiffel tower, under a blue night sky of roiling energy, exploding yellow stars, and radiating swirls of blu",Lafite/029-2.png,29,0.440645554531578,0.4051155122895289,0.429836254700214,2,2,2,2,2
"An anime illustration of Sydney Opera House sitting next to Eiffel tower, under a blue night sky of roiling energy, exploding yellow stars, and radiating swirls of blu",Lafite/029-3.png,29,0.388941225494261,0.405661584897071,0.484578639847024,3,2,3,3,2
"An anime illustration of Sydney Opera House sitting next to Eiffel tower, under a blue night sky of roiling energy, exploding yellow stars, and radiating swirls of blu",Lafite/029-4.png,29,0.468868042598352,0.472107785417993,0.523923443104565,2,3,2,2,2
"An anime illustration of Sydney Opera House sitting next to Eiffel tower, under a blue night sky of roiling energy, exploding yellow stars, and radiating swirls of blu",stable-diffusion/029-1.png,29,0.611527390995981,0.537052558514036,0.529506029258922,4,4,4,3,3
"An anime illustration of Sydney Opera House sitting next to Eiffel tower, under a blue night sky of roiling energy, exploding yellow stars, and radiating swirls of blu",stable-diffusion/029-2.png,29,0.527599399528105,0.535557684382315,0.525673457123167,1,1,1,1,1
"An anime illustration of Sydney Opera House sitting next to Eiffel tower, under a blue night sky of roiling energy, exploding yellow stars, and radiating swirls of blu",stable-diffusion/029-3.png,29,0.554573193781732,0.542842068512318,0.486953621002958,2,4,4,3,2
"An anime illustration of Sydney Opera House sitting next to Eiffel tower, under a blue night sky of roiling energy, exploding yellow stars, and radiating swirls of blu",stable-diffusion/029-4.png,29,0.4691686161526949,0.394072445349904,0.428318287678174,3,3,2,3,2
"An anime illustration of Sydney Opera House sitting next to Eiffel tower, under a blue night sky of roiling energy, exploding yellow stars, and radiating swirls of blu",Unidiffuser/029-1.png,29,0.510339821164099,0.47482221658315,0.494203900404753,3,4,3,3,2
"An anime illustration of Sydney Opera House sitting next to Eiffel tower, under a blue night sky of roiling energy, exploding yellow stars, and radiating swirls of blu",Unidiffuser/029-2.png,29,0.569503087981383,0.55773479873279,0.60399293812241,4,4,4,3,2
"An anime illustration of Sydney Opera House sitting next to Eiffel tower, under a blue night sky of roiling energy, exploding yellow stars, and radiating swirls of blu",Unidiffuser/029-3.png,29,0.445358495573351,0.4543689451544639,0.433153469857619,1,1,2,2,1
"An anime illustration of Sydney Opera House sitting next to Eiffel tower, under a blue night sky of roiling energy, exploding yellow stars, and radiating swirls of blu",Unidiffuser/029-4.png,29,0.551312021724751,0.495994556041296,0.553220843483061,4,4,2,2,2
a dolphin in an astronaut suit on saturn,Controlnet/030-1.png,30,0.563020125293904,0.52501841884802,0.478640454172612,4,4,4,2,3
a dolphin in an astronaut suit on saturn,Controlnet/030-2.png,30,0.488301902900123,0.422296259398404,0.387877402285339,2,3,2,1,1
a dolphin in an astronaut suit on saturn,Controlnet/030-3.png,30,0.516760801823415,0.432517860031668,0.447439311733691,4,3,3,3,2
a dolphin in an astronaut suit on saturn,Controlnet/030-4.png,30,0.533171156019316,0.492707931106692,0.466849945452413,3,4,2,3,3
a dolphin in an astronaut suit on saturn,DALLE/030-1.png,30,0.576457291510708,0.528025518879049,0.57312077036493,3,3,2,2,3
a dolphin in an astronaut suit on saturn,DALLE/030-2.png,30,0.524401999403472,0.4458518557764679,0.515752663870467,3,3,2,3,2
a dolphin in an astronaut suit on saturn,DALLE/030-3.png,30,0.559371532703001,0.481888647074299,0.4967921736899239,4,4,4,3,2
a dolphin in an astronaut suit on saturn,DALLE/030-4.png,30,0.574469092023853,0.455740531761744,0.566361155127681,4,4,3,3,3
a dolphin in an astronaut suit on saturn,Glide/030-1.png,30,0.4392311384288049,0.414321675671095,0.3894612216790989,3,3,2,2,2
a dolphin in an astronaut suit on saturn,Glide/030-2.png,30,0.373236332652491,0.410503357228993,0.412488296438149,1,2,2,3,1
a dolphin in an astronaut suit on saturn,Glide/030-3.png,30,0.443078863778229,0.482130124335228,0.428392822093423,2,2,2,2,2
a dolphin in an astronaut suit on saturn,Glide/030-4.png,30,0.424580755734367,0.4722339494603,0.396048281198671,4,3,4,3,2
a dolphin in an astronaut suit on saturn,Lafite/030-1.png,30,0.4332384729946429,0.391005989362788,0.4256083405447179,2,2,2,2,2
a dolphin in an astronaut suit on saturn,Lafite/030-2.png,30,0.402910457429428,0.369178382501355,0.4023447894374349,3,1,3,2,2
a dolphin in an astronaut suit on saturn,Lafite/030-3.png,30,0.414673670671466,0.4211564154255039,0.424645841418755,2,1,1,1,1
a dolphin in an astronaut suit on saturn,Lafite/030-4.png,30,0.377721860645208,0.347820060817564,0.322735433229447,1,2,2,1,1
a dolphin in an astronaut suit on saturn,stable-diffusion/030-1.png,30,0.560812353687383,0.5572427953585499,0.516263049186814,2,3,3,2,2
a dolphin in an astronaut suit on saturn,stable-diffusion/030-2.png,30,0.4044433859157099,0.413954677712887,0.390038900944095,3,1,1,1,1
a dolphin in an astronaut suit on saturn,stable-diffusion/030-3.png,30,0.596642785340293,0.524582010593834,0.480625575603152,3,3,3,3,2
a dolphin in an astronaut suit on saturn,stable-diffusion/030-4.png,30,0.509942567894948,0.556958372936344,0.470267925526951,2,3,3,2,2
a dolphin in an astronaut suit on saturn,Unidiffuser/030-1.png,30,0.501968259029715,0.4815787916895809,0.432686324169479,3,3,3,2,1
a dolphin in an astronaut suit on saturn,Unidiffuser/030-2.png,30,0.544965669579611,0.426160873688152,0.404770650156705,3,3,3,3,3
a dolphin in an astronaut suit on saturn,Unidiffuser/030-3.png,30,0.463313798428868,0.445161084921567,0.414018551814827,3,4,1,1,2
a dolphin in an astronaut suit on saturn,Unidiffuser/030-4.png,30,0.453058332851922,0.422104023068063,0.389968927157275,2,1,1,1,1
a large white yacht in a calm bay on a sunny day,Controlnet/032-1.png,32,0.572918157716446,0.590858181559627,0.58204082869983,4,4,4,3,3
a large white yacht in a calm bay on a sunny day,Controlnet/032-2.png,32,0.579784050604027,0.593614648251834,0.603484404217054,3,4,3,2,3
a large white yacht in a calm bay on a sunny day,Controlnet/032-3.png,32,0.586360006221821,0.571094006640891,0.576861652195407,3,4,4,3,3
a large white yacht in a calm bay on a sunny day,Controlnet/032-4.png,32,0.575999616410256,0.573328743442255,0.57809172812312,4,4,4,3,2
a large white yacht in a calm bay on a sunny day,DALLE/032-1.png,32,0.644292270082632,0.6331311417125121,0.660978630094908,4,4,4,3,2
a large white yacht in a calm bay on a sunny day,DALLE/032-2.png,32,0.52028952780774,0.501081640508014,0.5675520005738101,2,3,2,2,3
a large white yacht in a calm bay on a sunny day,DALLE/032-3.png,32,0.6918749564016851,0.641456896741892,0.658589551665868,4,4,4,3,3
a large white yacht in a calm bay on a sunny day,DALLE/032-4.png,32,0.491246347459594,0.429505689312774,0.5276720838254669,4,4,4,2,3
a large white yacht in a calm bay on a sunny day,Glide/032-1.png,32,0.397640700864909,0.456276146951002,0.498191902644357,3,2,3,3,3
a large white yacht in a calm bay on a sunny day,Glide/032-2.png,32,0.447474431755044,0.576615082744294,0.639203473665484,2,3,2,3,3
a large white yacht in a calm bay on a sunny day,Glide/032-3.png,32,0.4015849856588239,0.452102133555277,0.512162296579893,4,4,4,3,2
a large white yacht in a calm bay on a sunny day,Glide/032-4.png,32,0.42160412291767,0.478568469926199,0.485666677984555,1,3,2,2,3
a large white yacht in a calm bay on a sunny day,Lafite/032-1.png,32,0.393474579929226,0.380451223360337,0.496944885505364,1,2,1,2,3
a large white yacht in a calm bay on a sunny day,Lafite/032-2.png,32,0.443433535259102,0.5129432665592479,0.538829619234837,2,2,2,2,3
a large white yacht in a calm bay on a sunny day,Lafite/032-3.png,32,0.455772513541414,0.469307896162434,0.5825647402644649,2,2,2,2,2
a large white yacht in a calm bay on a sunny day,Lafite/032-4.png,32,0.395672611748545,0.425282085109567,0.517470168133115,4,4,4,3,3
a large white yacht in a calm bay on a sunny day,stable-diffusion/032-1.png,32,0.678972990220014,0.613922495909416,0.6525936528952561,4,4,4,3,3
a large white yacht in a calm bay on a sunny day,stable-diffusion/032-2.png,32,0.400117301343098,0.445007151502696,0.444452566211834,1,1,2,1,3
a large white yacht in a calm bay on a sunny day,stable-diffusion/032-3.png,32,0.621661757853491,0.618590980113083,0.676999134974954,3,3,2,2,2
a large white yacht in a calm bay on a sunny day,stable-diffusion/032-4.png,32,0.5676441882181981,0.5877685133332821,0.559491965763768,4,4,4,3,3
a large white yacht in a calm bay on a sunny day,Unidiffuser/032-1.png,32,0.5146437051813489,0.552561799656215,0.5960738143479319,3,3,3,3,3
a large white yacht in a calm bay on a sunny day,Unidiffuser/032-2.png,32,0.58513430774327,0.617784525873485,0.6477576071661789,3,4,4,3,3
a large white yacht in a calm bay on a sunny day,Unidiffuser/032-3.png,32,0.3802076247530259,0.461462202403429,0.450141263324263,2,3,2,2,3
a large white yacht in a calm bay on a sunny day,Unidiffuser/032-4.png,32,0.601624298689131,0.632808465691095,0.652825148447029,4,4,4,3,3
purple lego dollhouse with a pool and a swing,Controlnet/033-1.png,33,0.545826066710188,0.581411237068553,0.538319840258343,4,4,4,3,3
purple lego dollhouse with a pool and a swing,Controlnet/033-2.png,33,0.559986079527799,0.597533907219552,0.5861000396571999,4,4,3,2,2
purple lego dollhouse with a pool and a swing,Controlnet/033-3.png,33,0.459790741231168,0.487141990685743,0.445885623544747,3,3,3,3,2
purple lego dollhouse with a pool and a swing,Controlnet/033-4.png,33,0.537863799448256,0.515497048802469,0.60993613674554,4,4,4,3,3
purple lego dollhouse with a pool and a swing,DALLE/033-1.png,33,0.558035892880248,0.5501103071692109,0.635607498585554,4,4,4,3,3
purple lego dollhouse with a pool and a swing,DALLE/033-2.png,33,0.5245312437012101,0.498787414493355,0.468597279135483,3,3,3,3,3
purple lego dollhouse with a pool and a swing,DALLE/033-3.png,33,0.558920548309906,0.531471490510254,0.5308938507884811,4,4,4,2,3
purple lego dollhouse with a pool and a swing,DALLE/033-4.png,33,0.545420387790714,0.504104103398748,0.509169347355958,4,4,4,3,3
purple lego dollhouse with a pool and a swing,Glide/033-1.png,33,0.440249978075665,0.432705038301695,0.417988784954057,2,3,1,2,2
purple lego dollhouse with a pool and a swing,Glide/033-2.png,33,0.416438678817697,0.4370258044920019,0.507613704173677,2,3,2,2,2
purple lego dollhouse with a pool and a swing,Glide/033-3.png,33,0.377124685717068,0.381297458377116,0.494001611247346,1,1,1,2,3
purple lego dollhouse with a pool and a swing,Glide/033-4.png,33,0.4040779684154409,0.483479754588326,0.448782556340578,1,2,2,2,2
purple lego dollhouse with a pool and a swing,Lafite/033-1.png,33,0.358039472779335,0.429764068453913,0.44596405625946,1,1,1,2,1
purple lego dollhouse with a pool and a swing,Lafite/033-2.png,33,0.388303002166985,0.398245749434604,0.43045640864527,1,1,1,2,2
purple lego dollhouse with a pool and a swing,Lafite/033-3.png,33,0.405908478136903,0.41335775868512,0.439283781044514,2,3,3,3,2
purple lego dollhouse with a pool and a swing,Lafite/033-4.png,33,0.42017135227471,0.476093307831209,0.473530797036317,2,3,4,3,3
purple lego dollhouse with a pool and a swing,stable-diffusion/033-1.png,33,0.5482121044767,0.552296071419804,0.588161355982887,4,4,4,3,3
purple lego dollhouse with a pool and a swing,stable-diffusion/033-2.png,33,0.526704813837355,0.569108074374976,0.550062858538904,4,3,3,3,2
purple lego dollhouse with a pool and a swing,stable-diffusion/033-3.png,33,0.588132491193001,0.546837292321097,0.559134672025861,3,4,4,3,2
purple lego dollhouse with a pool and a swing,stable-diffusion/033-4.png,33,0.5068086186163849,0.498873781626669,0.517348994826192,2,2,2,1,2
purple lego dollhouse with a pool and a swing,Unidiffuser/033-1.png,33,0.266272850651459,0.332419091172192,0.439637053275574,2,2,2,2,3
purple lego dollhouse with a pool and a swing,Unidiffuser/033-2.png,33,0.480138278708686,0.483824908193103,0.480719025737651,3,3,3,3,2
purple lego dollhouse with a pool and a swing,Unidiffuser/033-3.png,33,0.547843924734557,0.554457342243482,0.576902784129874,4,4,4,2,3
purple lego dollhouse with a pool and a swing,Unidiffuser/033-4.png,33,0.484675081123492,0.492198563684369,0.435912207136106,2,3,3,2,1
a small garden with an apple tree behind it,Controlnet/034-1.png,34,0.523692989187366,0.465780513520217,0.511334136789243,3,3,3,1,2
a small garden with an apple tree behind it,Controlnet/034-2.png,34,0.4938318676214729,0.48021945256204,0.50331056107578,3,4,4,2,3
a small garden with an apple tree behind it,Controlnet/034-3.png,34,0.469110882124752,0.4925789065652129,0.55691475378505,3,3,3,1,3
a small garden with an apple tree behind it,Controlnet/034-4.png,34,0.512618497169624,0.487078123783612,0.522679857602407,3,3,3,2,2
a small garden with an apple tree behind it,DALLE/034-1.png,34,0.542743295118904,0.538090099859707,0.448474006971498,4,4,4,3,1
a small garden with an apple tree behind it,DALLE/034-2.png,34,0.615670368784068,0.6540671331645611,0.608949668790844,4,4,4,3,2
a small garden with an apple tree behind it,DALLE/034-3.png,34,0.558058320358209,0.573238877354034,0.4712410933829,3,3,3,3,2
a small garden with an apple tree behind it,DALLE/034-4.png,34,0.563080836684805,0.5381640339666179,0.510293866337096,4,4,4,3,2
a small garden with an apple tree behind it,Glide/034-1.png,34,0.3803819539489489,0.37261446088233,0.398329821908566,2,3,3,3,3
a small garden with an apple tree behind it,Glide/034-2.png,34,0.359072770190152,0.446421069203456,0.445505559291434,1,2,2,2,3
a small garden with an apple tree behind it,Glide/034-3.png,34,0.366338821868198,0.443582084219018,0.409416525867396,1,1,3,3,1
a small garden with an apple tree behind it,Glide/034-4.png,34,0.342704042845273,0.423458347628509,0.406733251150898,1,2,2,3,2
a small garden with an apple tree behind it,Lafite/034-1.png,34,0.397090948767158,0.424267924712687,0.439282527618357,2,2,3,2,2
a small garden with an apple tree behind it,Lafite/034-2.png,34,0.401500985600264,0.469222159178354,0.468223369205707,1,2,2,2,3
a small garden with an apple tree behind it,Lafite/034-3.png,34,0.35820031323432,0.434458087382225,0.481832492197832,1,2,2,1,3
a small garden with an apple tree behind it,Lafite/034-4.png,34,0.435253642214971,0.497067652968871,0.485529466917514,2,2,3,2,2
a small garden with an apple tree behind it,stable-diffusion/034-1.png,34,0.5089821465647311,0.54924985726187,0.5576254488474109,3,3,3,3,3
a small garden with an apple tree behind it,stable-diffusion/034-2.png,34,0.359693413942415,0.371183921454695,0.434248943523988,1,2,2,1,1
a small garden with an apple tree behind it,stable-diffusion/034-3.png,34,0.484951516582549,0.478750528855307,0.478220794568385,3,3,3,2,2
a small garden with an apple tree behind it,stable-diffusion/034-4.png,34,0.559221253788935,0.552776934505347,0.546956956142813,4,3,3,2,2
a small garden with an apple tree behind it,Unidiffuser/034-1.png,34,0.456317735122548,0.541567547013981,0.499639542768643,4,4,4,3,3
a small garden with an apple tree behind it,Unidiffuser/034-2.png,34,0.507471011719784,0.53570913111667,0.473110642197018,3,4,3,2,3
a small garden with an apple tree behind it,Unidiffuser/034-3.png,34,0.3599936548806479,0.43414748777073,0.402115153083023,1,2,1,3,1
a small garden with an apple tree behind it,Unidiffuser/034-4.png,34,0.5594727106815001,0.6213610282870841,0.558705726881977,3,3,3,3,3
a bloody mary cocktail next to a napkin,Controlnet/035-1.png,35,0.566623560658653,0.591909159468734,0.511672913614109,4,3,3,3,2
a bloody mary cocktail next to a napkin,Controlnet/035-2.png,35,0.607824953717275,0.598279205807292,0.545696327843892,4,4,4,3,3
a bloody mary cocktail next to a napkin,Controlnet/035-3.png,35,0.56740913834819,0.545572736245731,0.531315799635809,2,3,3,2,2
a bloody mary cocktail next to a napkin,Controlnet/035-4.png,35,0.5634335894296629,0.576162078274893,0.551899573162684,3,3,3,2,2
a bloody mary cocktail next to a napkin,DALLE/035-1.png,35,0.597345859901908,0.58330500357268,0.567845368316338,4,4,4,3,3
a bloody mary cocktail next to a napkin,DALLE/035-2.png,35,0.65101857967386,0.646545671405872,0.608994620432344,4,4,4,3,3
a bloody mary cocktail next to a napkin,DALLE/035-3.png,35,0.561492953843877,0.536377551821925,0.536073630353523,4,4,4,3,3
a bloody mary cocktail next to a napkin,DALLE/035-4.png,35,0.545916303707775,0.572361957717967,0.550451259971674,4,4,4,3,2
a bloody mary cocktail next to a napkin,Glide/035-1.png,35,0.435281258955221,0.5209777232074579,0.5630887953929,3,3,2,3,3
a bloody mary cocktail next to a napkin,Glide/035-2.png,35,0.444275032674693,0.4366323685956,0.410633243121392,2,3,2,2,2
a bloody mary cocktail next to a napkin,Glide/035-3.png,35,0.380914398437418,0.431393851932661,0.4168729862080439,1,2,2,2,2
a bloody mary cocktail next to a napkin,Glide/035-4.png,35,0.397914632221241,0.473478796686254,0.410148451967229,2,2,2,3,2
a bloody mary cocktail next to a napkin,Lafite/035-1.png,35,0.39378263601463,0.421972609699385,0.436581568842828,1,1,1,1,1
a bloody mary cocktail next to a napkin,Lafite/035-2.png,35,0.375724164712815,0.369786333893484,0.376227933040324,1,1,2,1,1
a bloody mary cocktail next to a napkin,Lafite/035-3.png,35,0.387645039748367,0.358017544873397,0.357881242576997,2,2,3,2,1
a bloody mary cocktail next to a napkin,Lafite/035-4.png,35,0.381893053800362,0.3411856741722989,0.397055418756349,1,2,1,2,1
a bloody mary cocktail next to a napkin,stable-diffusion/035-1.png,35,0.3735244780888579,0.386650364000495,0.427670581668915,2,2,3,3,2
a bloody mary cocktail next to a napkin,stable-diffusion/035-2.png,35,0.51198979222529,0.509638652247125,0.478249774570181,4,4,4,3,2
a bloody mary cocktail next to a napkin,stable-diffusion/035-3.png,35,0.5843452215160849,0.528834165136144,0.537923559439232,4,4,4,3,3
a bloody mary cocktail next to a napkin,stable-diffusion/035-4.png,35,0.558112945740483,0.539936803447665,0.499210907086072,3,3,3,2,2
a bloody mary cocktail next to a napkin,Unidiffuser/035-1.png,35,0.518875415213003,0.49939536882193,0.493790062700505,4,4,3,3,2
a bloody mary cocktail next to a napkin,Unidiffuser/035-2.png,35,0.357801987335405,0.357844534069494,0.349607962674991,1,1,1,1,1
a bloody mary cocktail next to a napkin,Unidiffuser/035-3.png,35,0.509717386791281,0.454884078906639,0.437285224635174,4,4,4,3,2
a bloody mary cocktail next to a napkin,Unidiffuser/035-4.png,35,0.48011324088032,0.458968906836494,0.504334747429986,2,3,3,3,3
a kids' book cover with an illustration of white dog driving a red pickup truck,Controlnet/036-1.png,36,0.582455230412018,0.503179811669241,0.530100081336481,3,4,3,3,2
a kids' book cover with an illustration of white dog driving a red pickup truck,Controlnet/036-2.png,36,0.493521018920701,0.447473000537861,0.441157123453096,2,2,2,2,1
a kids' book cover with an illustration of white dog driving a red pickup truck,Controlnet/036-3.png,36,0.4812466508474219,0.403419309366252,0.432800452524847,3,3,3,3,2
a kids' book cover with an illustration of white dog driving a red pickup truck,Controlnet/036-4.png,36,0.473188037751684,0.41721132102216,0.502287489249008,3,3,3,2,3
a kids' book cover with an illustration of white dog driving a red pickup truck,DALLE/036-1.png,36,0.570579199024998,0.467488597556851,0.47926215335568,4,4,4,3,2
a kids' book cover with an illustration of white dog driving a red pickup truck,DALLE/036-2.png,36,0.551960041924512,0.520238320572427,0.605098983109995,4,4,4,3,3
a kids' book cover with an illustration of white dog driving a red pickup truck,DALLE/036-3.png,36,0.592550710913771,0.6007185850665779,0.5852179680019399,3,3,3,3,3
a kids' book cover with an illustration of white dog driving a red pickup truck,DALLE/036-4.png,36,0.57018796117745,0.572637539327815,0.521205266925547,3,4,3,3,2
a kids' book cover with an illustration of white dog driving a red pickup truck,Glide/036-1.png,36,0.465432309092379,0.492916328012991,0.447185500840341,2,3,2,2,2
a kids' book cover with an illustration of white dog driving a red pickup truck,Glide/036-2.png,36,0.375918080965542,0.454478395822318,0.431809210889404,2,3,2,3,2
a kids' book cover with an illustration of white dog driving a red pickup truck,Glide/036-3.png,36,0.3945179678156549,0.4197805796642129,0.424570160537751,2,3,3,2,2
a kids' book cover with an illustration of white dog driving a red pickup truck,Glide/036-4.png,36,0.469716968447292,0.493490392637204,0.473569442231731,2,2,2,2,2
a kids' book cover with an illustration of white dog driving a red pickup truck,Lafite/036-1.png,36,0.3884252406626959,0.427578494421315,0.503441927790652,2,2,2,1,2
a kids' book cover with an illustration of white dog driving a red pickup truck,Lafite/036-2.png,36,0.354566999561872,0.355685259960606,0.3826146909120029,2,2,2,1,2
a kids' book cover with an illustration of white dog driving a red pickup truck,Lafite/036-3.png,36,0.417816581605,0.365835835140401,0.453824065501449,2,2,2,1,3
a kids' book cover with an illustration of white dog driving a red pickup truck,Lafite/036-4.png,36,0.391262436574162,0.408281423249743,0.487927945491873,2,2,2,1,3
a kids' book cover with an illustration of white dog driving a red pickup truck,stable-diffusion/036-1.png,36,0.490208871005822,0.511685227877673,0.514803041729289,3,3,3,3,2
a kids' book cover with an illustration of white dog driving a red pickup truck,stable-diffusion/036-2.png,36,0.385552978447336,0.40347463213286,0.449827774365654,2,3,2,1,1
a kids' book cover with an illustration of white dog driving a red pickup truck,stable-diffusion/036-3.png,36,0.508779457026782,0.507962929520817,0.555641952699889,4,4,4,3,2
a kids' book cover with an illustration of white dog driving a red pickup truck,stable-diffusion/036-4.png,36,0.585757708207533,0.513577061215828,0.492878122547756,3,4,4,2,2
a kids' book cover with an illustration of white dog driving a red pickup truck,Unidiffuser/036-1.png,36,0.394981352267467,0.423170188118469,0.529359338323533,1,2,3,1,2
a kids' book cover with an illustration of white dog driving a red pickup truck,Unidiffuser/036-2.png,36,0.522457971846198,0.446936079684378,0.518631142010484,4,4,4,2,3
a kids' book cover with an illustration of white dog driving a red pickup truck,Unidiffuser/036-3.png,36,0.4347998104301689,0.412390925575384,0.5243785236022149,3,3,2,1,3
a kids' book cover with an illustration of white dog driving a red pickup truck,Unidiffuser/036-4.png,36,0.538751518797702,0.461173427776658,0.507946035201789,4,3,3,2,2
A bare kitchen has wood cabinets and white appliances,Controlnet/037-1.png,37,0.5722943653035371,0.623077584304488,0.570972978333405,4,4,4,2,2
A bare kitchen has wood cabinets and white appliances,Controlnet/037-2.png,37,0.541716786025994,0.533778842690814,0.576723015151532,3,3,3,2,3
A bare kitchen has wood cabinets and white appliances,Controlnet/037-3.png,37,0.615528890366553,0.658893976961222,0.5744506790524541,4,3,3,3,3
A bare kitchen has wood cabinets and white appliances,Controlnet/037-4.png,37,0.561990522800369,0.594035013551657,0.565586299377564,4,4,4,3,2
A bare kitchen has wood cabinets and white appliances,DALLE/037-1.png,37,0.554516073898447,0.580979019305526,0.565170762691274,4,4,3,3,3
A bare kitchen has wood cabinets and white appliances,DALLE/037-2.png,37,0.7066112423281371,0.678259785340356,0.610001473826034,4,4,4,3,3
A bare kitchen has wood cabinets and white appliances,DALLE/037-3.png,37,0.621435761163794,0.633737033046788,0.676952583513969,4,4,4,3,3
A bare kitchen has wood cabinets and white appliances,DALLE/037-4.png,37,0.683351799673478,0.672994364403049,0.661789939081592,4,4,4,3,3
A bare kitchen has wood cabinets and white appliances,Glide/037-1.png,37,0.417334440324956,0.510050773794284,0.5166931767985811,1,2,2,3,2
A bare kitchen has wood cabinets and white appliances,Glide/037-2.png,37,0.385413752988824,0.469346494045253,0.5040946670833439,2,3,2,1,3
A bare kitchen has wood cabinets and white appliances,Glide/037-3.png,37,0.40378177975212,0.471233942338253,0.497083491159091,2,2,3,3,2
A bare kitchen has wood cabinets and white appliances,Glide/037-4.png,37,0.419258832066014,0.442693717717612,0.450204219819378,4,4,4,3,1
A bare kitchen has wood cabinets and white appliances,Lafite/037-1.png,37,0.418473592971036,0.491957432519477,0.5324048471524759,2,3,3,2,3
A bare kitchen has wood cabinets and white appliances,Lafite/037-2.png,37,0.38608232128718,0.444457098677366,0.486769095399564,3,3,2,2,2
A bare kitchen has wood cabinets and white appliances,Lafite/037-3.png,37,0.481676600702448,0.467938401107366,0.4910673304359509,2,2,3,2,3
A bare kitchen has wood cabinets and white appliances,Lafite/037-4.png,37,0.429305471663963,0.448434793714978,0.494122206594812,1,3,3,3,1
A bare kitchen has wood cabinets and white appliances,stable-diffusion/037-1.png,37,0.646926571232723,0.597156166974336,0.601060396505106,4,4,4,3,2
A bare kitchen has wood cabinets and white appliances,stable-diffusion/037-2.png,37,0.616126958885173,0.58749853037825,0.585799692663162,3,3,3,2,2
A bare kitchen has wood cabinets and white appliances,stable-diffusion/037-3.png,37,0.417057275741205,0.495660667683099,0.52224455678348,2,3,3,2,3
A bare kitchen has wood cabinets and white appliances,stable-diffusion/037-4.png,37,0.6062578945289591,0.570759504087587,0.555605237132305,3,3,2,3,3
A bare kitchen has wood cabinets and white appliances,Unidiffuser/037-1.png,37,0.429560083359257,0.576525218273691,0.5747854177588,3,3,3,3,3
A bare kitchen has wood cabinets and white appliances,Unidiffuser/037-2.png,37,0.539703846943732,0.567255866569155,0.54119878644166,3,3,3,3,3
A bare kitchen has wood cabinets and white appliances,Unidiffuser/037-3.png,37,0.281442341874107,0.346568392008472,0.414273913984153,1,2,2,2,3
A bare kitchen has wood cabinets and white appliances,Unidiffuser/037-4.png,37,0.532968371465408,0.554838922590306,0.551588813156205,3,3,3,2,3
a fall landscape with a small cottage next to a lake,Controlnet/038-1.png,38,0.4942958799468659,0.412779893092071,0.543714871234223,3,3,3,3,3
a fall landscape with a small cottage next to a lake,Controlnet/038-2.png,38,0.634731127870701,0.6291208724589901,0.651894860555561,3,3,3,2,2
a fall landscape with a small cottage next to a lake,Controlnet/038-3.png,38,0.600130927877672,0.552431669382762,0.6029584015974531,3,4,3,3,3
a fall landscape with a small cottage next to a lake,Controlnet/038-4.png,38,0.60449892456381,0.553084821750745,0.576798971760909,4,4,4,2,3
a fall landscape with a small cottage next to a lake,DALLE/038-1.png,38,0.53858071479905,0.575501675382074,0.578610578706122,3,4,3,3,3
a fall landscape with a small cottage next to a lake,DALLE/038-2.png,38,0.56562860806615,0.60926029814438,0.6274650624960469,3,3,4,3,3
a fall landscape with a small cottage next to a lake,DALLE/038-3.png,38,0.629822100360979,0.624394728992239,0.6411908919661811,3,3,4,2,3
a fall landscape with a small cottage next to a lake,DALLE/038-4.png,38,0.625429497369878,0.6557607743344831,0.675873504439804,4,4,4,3,2
a fall landscape with a small cottage next to a lake,Glide/038-1.png,38,0.45433815374316,0.4628135964055569,0.500294600366998,2,3,2,3,3
a fall landscape with a small cottage next to a lake,Glide/038-2.png,38,0.428273880598737,0.476999812769223,0.4883373189880929,2,3,3,3,3
a fall landscape with a small cottage next to a lake,Glide/038-3.png,38,0.4385271694962109,0.495696521308716,0.5123961472873649,2,4,4,3,1
a fall landscape with a small cottage next to a lake,Glide/038-4.png,38,0.440233611266964,0.541340774023737,0.551909655721296,2,2,2,3,2
a fall landscape with a small cottage next to a lake,Lafite/038-1.png,38,0.363726845835014,0.418289395719974,0.519540803031462,2,2,2,2,3
a fall landscape with a small cottage next to a lake,Lafite/038-2.png,38,0.421410853983913,0.50824534322284,0.611453000986076,2,3,3,3,3
a fall landscape with a small cottage next to a lake,Lafite/038-3.png,38,0.460813485742787,0.477060611356379,0.466320432918455,2,2,2,3,3
a fall landscape with a small cottage next to a lake,Lafite/038-4.png,38,0.386480452493235,0.456074365554867,0.51775665890526,3,3,3,3,3
a fall landscape with a small cottage next to a lake,stable-diffusion/038-1.png,38,0.589375351012612,0.6037916459086891,0.622518020908472,3,3,3,3,3
a fall landscape with a small cottage next to a lake,stable-diffusion/038-2.png,38,0.6731949033575959,0.68109568512149,0.6658738757364471,4,4,4,3,2
a fall landscape with a small cottage next to a lake,stable-diffusion/038-3.png,38,0.4723124368172069,0.44766087711471,0.483452352970862,2,3,2,3,2
a fall landscape with a small cottage next to a lake,stable-diffusion/038-4.png,38,0.69208407431031,0.666948285736468,0.7150084177779089,3,4,4,3,3
a fall landscape with a small cottage next to a lake,Unidiffuser/038-1.png,38,0.284261174415734,0.295800719733822,0.283858278749881,1,1,1,1,1
a fall landscape with a small cottage next to a lake,Unidiffuser/038-2.png,38,0.547467620540999,0.55562271541979,0.58712770501346,4,4,4,3,3
a fall landscape with a small cottage next to a lake,Unidiffuser/038-3.png,38,0.573076886044268,0.579392077819408,0.612981845534349,3,3,4,3,3
a fall landscape with a small cottage next to a lake,Unidiffuser/038-4.png,38,0.485907967283842,0.5578634102624109,0.513669096812945,3,3,3,2,3
a teddy bear on a skateboard in times square,Controlnet/039-1.png,39,0.58205350154262,0.517480072658782,0.592226650020001,4,4,4,3,3
a teddy bear on a skateboard in times square,Controlnet/039-2.png,39,0.538811588295819,0.512937872120835,0.477704348296774,4,3,4,2,3
a teddy bear on a skateboard in times square,Controlnet/039-3.png,39,0.602400052844378,0.627181743597446,0.618405909477041,4,4,4,3,3
a teddy bear on a skateboard in times square,Controlnet/039-4.png,39,0.63209112278406,0.559239291315084,0.602762844901568,4,4,4,3,3
a teddy bear on a skateboard in times square,DALLE/039-1.png,39,0.577393676884953,0.532951950720385,0.597218542031252,3,3,4,2,3
a teddy bear on a skateboard in times square,DALLE/039-2.png,39,0.581131032997676,0.5616343736385709,0.634116553588857,3,3,3,2,3
a teddy bear on a skateboard in times square,DALLE/039-3.png,39,0.605710005474667,0.612900772454066,0.606683994296829,4,4,4,3,3
a teddy bear on a skateboard in times square,DALLE/039-4.png,39,0.5388976611623,0.47417037033525,0.551338692211203,2,3,4,2,3
a teddy bear on a skateboard in times square,Glide/039-1.png,39,0.453150185527052,0.478592877254706,0.4099710589012499,2,3,2,1,1
a teddy bear on a skateboard in times square,Glide/039-2.png,39,0.372813802131111,0.4114239386579559,0.412730814910238,1,2,2,2,1
a teddy bear on a skateboard in times square,Glide/039-3.png,39,0.440718468942131,0.55030258015355,0.439422407323393,3,3,3,3,2
a teddy bear on a skateboard in times square,Glide/039-4.png,39,0.3939321837716539,0.448101650336609,0.427384267211662,2,2,2,2,1
a teddy bear on a skateboard in times square,Lafite/039-1.png,39,0.366050339730495,0.388944099668981,0.394886662364149,1,2,2,1,2
a teddy bear on a skateboard in times square,Lafite/039-2.png,39,0.418124032487716,0.36794132073476,0.399018712447794,2,2,3,1,2
a teddy bear on a skateboard in times square,Lafite/039-3.png,39,0.409551378915992,0.435023946245588,0.423455613642252,1,2,3,1,2
a teddy bear on a skateboard in times square,Lafite/039-4.png,39,0.34441563690837,0.295744733702651,0.332489777454962,2,2,2,1,2
a teddy bear on a skateboard in times square,stable-diffusion/039-1.png,39,0.56502301842275,0.528381316733484,0.5688757847528421,4,4,4,3,3
a teddy bear on a skateboard in times square,stable-diffusion/039-2.png,39,0.5774474044089201,0.551023922203616,0.586978023664412,4,4,4,2,3
a teddy bear on a skateboard in times square,stable-diffusion/039-3.png,39,0.646273886077111,0.655189991958817,0.6172598437579331,3,3,3,3,3
a teddy bear on a skateboard in times square,stable-diffusion/039-4.png,39,0.399417275186446,0.415762327099614,0.48175773409551,2,3,3,2,3
a teddy bear on a skateboard in times square,Unidiffuser/039-1.png,39,0.563489466944425,0.593548166067026,0.6029226740192299,3,4,4,3,3
a teddy bear on a skateboard in times square,Unidiffuser/039-2.png,39,0.37923749866769,0.430979775849191,0.527324433777445,2,3,3,2,3
a teddy bear on a skateboard in times square,Unidiffuser/039-3.png,39,0.527196431840432,0.5550910749003279,0.534936305862916,3,3,4,3,2
a teddy bear on a skateboard in times square,Unidiffuser/039-4.png,39,0.4731956145186259,0.469939163500479,0.453686713391286,2,3,2,2,3
A blue colored dog,Controlnet/040-1.png,40,0.609086544430249,0.594177677444231,0.631965350390825,4,4,4,2,3
A blue colored dog,Controlnet/040-2.png,40,0.518203499385933,0.498320575688384,0.594418520629822,4,4,4,3,3
A blue colored dog,Controlnet/040-3.png,40,0.490004643945937,0.4405636718865069,0.509787774266785,4,4,4,3,3
A blue colored dog,Controlnet/040-4.png,40,0.590174342638466,0.546577442417722,0.46142068134329,4,4,4,3,3
A blue colored dog,DALLE/040-1.png,40,0.667523628822744,0.6268694759211499,0.503605193137004,4,4,4,3,2
A blue colored dog,DALLE/040-2.png,40,0.5961630883354,0.6299326720465079,0.48213048281973,4,4,3,2,2
A blue colored dog,DALLE/040-3.png,40,0.5401708767986301,0.551268831735451,0.416300845670287,3,3,3,3,1
A blue colored dog,DALLE/040-4.png,40,0.5669428057681111,0.620608161156401,0.419913475098158,3,4,4,3,2
A blue colored dog,Glide/040-1.png,40,0.4358328812912189,0.408849216261731,0.6443503735276169,2,3,2,2,3
A blue colored dog,Glide/040-2.png,40,0.419850781268012,0.4708788657153179,0.512610554741054,2,3,3,3,2
A blue colored dog,Glide/040-3.png,40,0.509793448124865,0.556221776155563,0.5445358682132531,2,3,3,3,3
A blue colored dog,Glide/040-4.png,40,0.391277596096131,0.47046457628007,0.397178662619305,3,3,2,2,1
A blue colored dog,Lafite/040-1.png,40,0.328038868800486,0.340195330810577,0.435054819613765,2,2,2,2,2
A blue colored dog,Lafite/040-2.png,40,0.446304253645726,0.430500481755934,0.478889579188845,4,4,3,2,3
A blue colored dog,Lafite/040-3.png,40,0.352902271530505,0.390711137052488,0.451646937750597,3,2,2,2,2
A blue colored dog,Lafite/040-4.png,40,0.3536267736906899,0.421470759843673,0.432974419612831,1,2,2,2,3
A blue colored dog,stable-diffusion/040-1.png,40,0.630818378644009,0.535374111031789,0.571561365468793,4,4,3,3,3
A blue colored dog,stable-diffusion/040-2.png,40,0.647456146115369,0.6467066235173501,0.625044836658292,4,4,3,3,3
A blue colored dog,stable-diffusion/040-3.png,40,0.564172641693215,0.474884864747237,0.454688230402078,4,4,4,3,2
A blue colored dog,stable-diffusion/040-4.png,40,0.537616917743195,0.536155815303427,0.559322361942632,4,4,4,2,3
A blue colored dog,Unidiffuser/040-1.png,40,0.571580579003684,0.54165351799005,0.589177758549037,4,4,4,2,3
A blue colored dog,Unidiffuser/040-2.png,40,0.33839933271412,0.345857321660914,0.374132803696565,3,2,2,1,3
A blue colored dog,Unidiffuser/040-3.png,40,0.5890260778752741,0.5728955943456571,0.650321397125047,4,4,2,3,3
A blue colored dog,Unidiffuser/040-4.png,40,0.526045383386734,0.481865045664196,0.58275604456764,3,3,2,3,3
A photo of an astronaut riding a horse in the forest.,Controlnet/041-1.png,41,0.6662786739850981,0.6513783777904171,0.666779274219619,4,4,4,3,3
A photo of an astronaut riding a horse in the forest.,Controlnet/041-2.png,41,0.572398694597068,0.5331621989751499,0.599486863940964,4,3,4,2,3
A photo of an astronaut riding a horse in the forest.,Controlnet/041-3.png,41,0.540870465330867,0.582382227948035,0.606241941745453,4,4,4,3,3
A photo of an astronaut riding a horse in the forest.,Controlnet/041-4.png,41,0.5391027236635,0.496582917042779,0.564377353362714,4,4,4,3,3
A photo of an astronaut riding a horse in the forest.,DALLE/041-1.png,41,0.6817362142269511,0.641970730500163,0.688907098897099,4,4,4,3,3
A photo of an astronaut riding a horse in the forest.,DALLE/041-2.png,41,0.549753022245623,0.534380052643964,0.580575788740514,3,4,4,3,3
A photo of an astronaut riding a horse in the forest.,DALLE/041-3.png,41,0.584778205786868,0.522486021824997,0.571785130451103,4,4,4,3,3
A photo of an astronaut riding a horse in the forest.,DALLE/041-4.png,41,0.633826119793529,0.625922034398898,0.6524937184882781,4,4,4,3,3
A photo of an astronaut riding a horse in the forest.,Glide/041-1.png,41,0.394035027337707,0.417695975700966,0.4231920353940729,1,2,2,2,2
A photo of an astronaut riding a horse in the forest.,Glide/041-2.png,41,0.392798495912437,0.415881515982297,0.372788733214704,2,2,3,2,2
A photo of an astronaut riding a horse in the forest.,Glide/041-3.png,41,0.354717808210725,0.422719783205139,0.429437577763918,2,2,2,2,3
A photo of an astronaut riding a horse in the forest.,Glide/041-4.png,41,0.344807609694939,0.400355799620766,0.3333154397176039,2,3,2,1,1
A photo of an astronaut riding a horse in the forest.,Lafite/041-1.png,41,0.399318697778317,0.389480455678421,0.4173607416722369,1,1,2,1,3
A photo of an astronaut riding a horse in the forest.,Lafite/041-2.png,41,0.386509146813574,0.410605387562577,0.405987594399513,1,2,2,1,3
A photo of an astronaut riding a horse in the forest.,Lafite/041-3.png,41,0.3297015963055439,0.316001796056721,0.327154331830719,2,1,1,1,1
A photo of an astronaut riding a horse in the forest.,Lafite/041-4.png,41,0.3889375226539309,0.423189609933507,0.4448679207528569,2,2,3,2,2
A photo of an astronaut riding a horse in the forest.,stable-diffusion/041-1.png,41,0.575696902861241,0.56219475713899,0.6036525944214121,3,3,3,2,3
A photo of an astronaut riding a horse in the forest.,stable-diffusion/041-2.png,41,0.585696955530906,0.61314634575487,0.6357843324938259,3,3,3,2,3
A photo of an astronaut riding a horse in the forest.,stable-diffusion/041-3.png,41,0.445514406215265,0.430601419006525,0.44520849314261,3,2,3,2,3
A photo of an astronaut riding a horse in the forest.,stable-diffusion/041-4.png,41,0.584614249941717,0.5900713858323919,0.63545093838927,2,4,4,3,3
A photo of an astronaut riding a horse in the forest.,Unidiffuser/041-1.png,41,0.6528459646316701,0.561145862473062,0.603546663288994,4,4,4,2,3
A photo of an astronaut riding a horse in the forest.,Unidiffuser/041-2.png,41,0.492480242335706,0.457942428699084,0.486668032016939,2,3,3,3,3
A photo of an astronaut riding a horse in the forest.,Unidiffuser/041-3.png,41,0.578042186056529,0.531780156922287,0.540093793246981,4,4,4,2,3
A photo of an astronaut riding a horse in the forest.,Unidiffuser/041-4.png,41,0.3978056947548989,0.509694645443995,0.463687526832105,4,4,4,3,3
A bicycle on top of a boat,Controlnet/042-1.png,42,0.533596771732704,0.496648577083943,0.452624829824921,3,3,3,2,2
A bicycle on top of a boat,Controlnet/042-2.png,42,0.577327933816361,0.506840267659713,0.5498413930459329,3,3,2,3,2
A bicycle on top of a boat,Controlnet/042-3.png,42,0.527808056758282,0.45702568573937,0.475964620144615,4,4,4,3,1
A bicycle on top of a boat,Controlnet/042-4.png,42,0.561377645711181,0.520380596081224,0.4989136416849319,4,4,4,2,3
A bicycle on top of a boat,DALLE/042-1.png,42,0.604964206938289,0.5240621766376939,0.607520370799882,4,4,4,2,3
A bicycle on top of a boat,DALLE/042-2.png,42,0.627590864247941,0.589410984447237,0.6124168937784841,3,3,3,1,3
A bicycle on top of a boat,DALLE/042-3.png,42,0.649449948464244,0.5942847121647941,0.638051984791137,4,4,4,2,3
A bicycle on top of a boat,DALLE/042-4.png,42,0.54040771012674,0.503722855026136,0.507704380886437,4,4,4,3,1
A bicycle on top of a boat,Glide/042-1.png,42,0.3860278900604409,0.4296464545221989,0.34171412515192,2,2,2,3,1
A bicycle on top of a boat,Glide/042-2.png,42,0.406840951223063,0.429950281249437,0.404496977393353,2,3,2,2,2
A bicycle on top of a boat,Glide/042-3.png,42,0.406515707503196,0.464192175735659,0.4629591674259209,1,3,2,2,2
A bicycle on top of a boat,Glide/042-4.png,42,0.399909413860856,0.448758158193611,0.400331047670251,1,4,1,1,1
A bicycle on top of a boat,Lafite/042-1.png,42,0.365356835847604,0.38175527949227,0.378209062922028,2,3,3,2,1
A bicycle on top of a boat,Lafite/042-2.png,42,0.40982734947553,0.424091932669564,0.433450531963891,2,2,2,1,2
A bicycle on top of a boat,Lafite/042-3.png,42,0.3987197025665889,0.452179305027014,0.414408205274531,2,2,2,2,2
A bicycle on top of a boat,Lafite/042-4.png,42,0.427535170888318,0.445538031758524,0.456865282247386,3,3,3,2,2
A bicycle on top of a boat,stable-diffusion/042-1.png,42,0.579079274601851,0.516734565403695,0.448637701703898,3,3,3,1,1
A bicycle on top of a boat,stable-diffusion/042-2.png,42,0.433399098449135,0.458438930638628,0.419712691153755,3,3,3,2,2
A bicycle on top of a boat,stable-diffusion/042-3.png,42,0.550751095117989,0.547387713195246,0.5429787999175231,3,3,3,3,3
A bicycle on top of a boat,stable-diffusion/042-4.png,42,0.608940460362161,0.575264279356768,0.5896545906233149,3,4,3,3,3
A bicycle on top of a boat,Unidiffuser/042-1.png,42,0.532043315162802,0.485424268253659,0.499727475255921,4,4,4,2,3
A bicycle on top of a boat,Unidiffuser/042-2.png,42,0.341244833194552,0.3505824388403299,0.427443107811561,1,1,2,1,2
A bicycle on top of a boat,Unidiffuser/042-3.png,42,0.594547704858549,0.561242377764651,0.55264155062367,4,4,4,3,3
A bicycle on top of a boat,Unidiffuser/042-4.png,42,0.5566823367219019,0.524222779269106,0.600455695850446,4,4,4,2,3
a sword slicing through a loaf of bread,Controlnet/043-1.png,43,0.516015457937212,0.513833927434848,0.466121746802883,3,3,2,2,2
a sword slicing through a loaf of bread,Controlnet/043-2.png,43,0.582599849048388,0.5023149403020539,0.5341118449265521,4,4,3,2,3
a sword slicing through a loaf of bread,Controlnet/043-3.png,43,0.611041572674611,0.540752802717656,0.5477095131053801,3,3,3,2,3
a sword slicing through a loaf of bread,Controlnet/043-4.png,43,0.566107062660467,0.51392154520083,0.5562615550630801,4,4,4,3,2
a sword slicing through a loaf of bread,DALLE/043-1.png,43,0.554881609682329,0.534892971376034,0.506759503866,4,4,4,2,3
a sword slicing through a loaf of bread,DALLE/043-2.png,43,0.5500554938815561,0.4526645648776239,0.5839868680721699,4,4,2,2,3
a sword slicing through a loaf of bread,DALLE/043-3.png,43,0.580097692230323,0.527162533264857,0.524229480694314,3,3,3,2,1
a sword slicing through a loaf of bread,DALLE/043-4.png,43,0.544195066910235,0.537047612783753,0.641743157796481,3,4,2,3,2
a sword slicing through a loaf of bread,Glide/043-1.png,43,0.3775271092772099,0.451367715990687,0.391485330655821,1,1,2,3,1
a sword slicing through a loaf of bread,Glide/043-2.png,43,0.3610671821453159,0.414001589911358,0.387360918825605,1,1,1,2,2
a sword slicing through a loaf of bread,Glide/043-3.png,43,0.364528784981037,0.443075156900595,0.4214412479792059,1,2,2,2,1
a sword slicing through a loaf of bread,Glide/043-4.png,43,0.3852552767676869,0.447637239664149,0.402005080222893,2,2,2,2,1
a sword slicing through a loaf of bread,Lafite/043-1.png,43,0.409301592312133,0.394097089089568,0.371613678932557,2,2,2,2,1
a sword slicing through a loaf of bread,Lafite/043-2.png,43,0.4312861141626289,0.3876666375806419,0.354553280594395,3,3,2,3,2
a sword slicing through a loaf of bread,Lafite/043-3.png,43,0.360194539385115,0.35226391091673,0.369768952342613,2,2,2,3,2
a sword slicing through a loaf of bread,Lafite/043-4.png,43,0.448792349346407,0.443429965327065,0.417548423344761,2,2,2,1,1
a sword slicing through a loaf of bread,stable-diffusion/043-1.png,43,0.565703456289108,0.541580953452019,0.600611050572876,4,4,4,2,2
a sword slicing through a loaf of bread,stable-diffusion/043-2.png,43,0.561991462070207,0.509797827380771,0.549711368339289,4,3,2,3,3
a sword slicing through a loaf of bread,stable-diffusion/043-3.png,43,0.551160808815902,0.5868852218970251,0.52028877685396,3,3,3,3,2
a sword slicing through a loaf of bread,stable-diffusion/043-4.png,43,0.467314910258606,0.441972965494859,0.372111846961142,2,1,2,1,1
a sword slicing through a loaf of bread,Unidiffuser/043-1.png,43,0.676146329630393,0.664634847099378,0.562611825877928,3,3,3,3,2
a sword slicing through a loaf of bread,Unidiffuser/043-2.png,43,0.487902384776176,0.469698146700543,0.5030732545239051,4,4,4,2,3
a sword slicing through a loaf of bread,Unidiffuser/043-3.png,43,0.407373378359571,0.409168345388575,0.385988701260993,2,2,2,2,1
a sword slicing through a loaf of bread,Unidiffuser/043-4.png,43,0.473850593665452,0.430325403094403,0.391953157373069,3,3,3,1,2
an orange wearing a cowboy hat,Controlnet/044-1.png,44,0.502087697472491,0.46806101348412,0.446523409237298,3,4,2,2,2
an orange wearing a cowboy hat,Controlnet/044-2.png,44,0.535232201076829,0.503282992561765,0.501079484467147,3,3,3,3,2
an orange wearing a cowboy hat,Controlnet/044-3.png,44,0.481878379966532,0.5432472031711071,0.464424549960831,3,3,2,2,1
an orange wearing a cowboy hat,Controlnet/044-4.png,44,0.597591504137678,0.552735657523098,0.467741387074661,4,4,3,3,2
an orange wearing a cowboy hat,DALLE/044-1.png,44,0.6546997875093671,0.6363726238905459,0.6607450685240139,4,4,4,3,3
an orange wearing a cowboy hat,DALLE/044-2.png,44,0.636256819176146,0.571168068075936,0.574615581445291,4,4,3,3,3
an orange wearing a cowboy hat,DALLE/044-3.png,44,0.6561065318641759,0.628381669734144,0.636652010837555,3,3,3,3,3
an orange wearing a cowboy hat,DALLE/044-4.png,44,0.635909182115172,0.6360276473097121,0.6404163533580539,3,4,4,3,3
an orange wearing a cowboy hat,Glide/044-1.png,44,0.334867817189975,0.329029723332545,0.322424741082918,2,2,2,2,2
an orange wearing a cowboy hat,Glide/044-2.png,44,0.391373377490719,0.470909590479368,0.41017414528334,1,2,2,3,2
an orange wearing a cowboy hat,Glide/044-3.png,44,0.372366019578001,0.3612342889485589,0.375461494625536,2,2,2,3,2
an orange wearing a cowboy hat,Glide/044-4.png,44,0.403653231846259,0.416106321653178,0.394414323731155,1,2,1,1,1
an orange wearing a cowboy hat,Lafite/044-1.png,44,0.35808878686996,0.333594281749298,0.343360837023583,3,3,2,2,2
an orange wearing a cowboy hat,Lafite/044-2.png,44,0.443740944069011,0.369188810414602,0.367472234025681,2,2,1,1,1
an orange wearing a cowboy hat,Lafite/044-3.png,44,0.432652560068024,0.381200118855146,0.382534411866867,2,3,2,1,1
an orange wearing a cowboy hat,Lafite/044-4.png,44,0.341995595242885,0.341475201221309,0.325245944357328,2,2,1,1,2
an orange wearing a cowboy hat,stable-diffusion/044-1.png,44,0.624863353521783,0.539283025269116,0.418462871372766,4,4,3,3,2
an orange wearing a cowboy hat,stable-diffusion/044-2.png,44,0.651577064768924,0.6479157728006131,0.672716125394939,4,4,3,3,3
an orange wearing a cowboy hat,stable-diffusion/044-3.png,44,0.503831636758332,0.519482518852923,0.494760209456331,3,3,2,3,2
an orange wearing a cowboy hat,stable-diffusion/044-4.png,44,0.3956883747410289,0.406681264300905,0.317560491939436,2,2,2,1,1
an orange wearing a cowboy hat,Unidiffuser/044-1.png,44,0.4534092776445079,0.421709210307487,0.453107977749761,3,3,2,3,2
an orange wearing a cowboy hat,Unidiffuser/044-2.png,44,0.40977627467562,0.388265366978964,0.393977695915622,1,2,1,1,1
an orange wearing a cowboy hat,Unidiffuser/044-3.png,44,0.440240680846045,0.445432825406083,0.421925981995626,3,4,2,2,3
an orange wearing a cowboy hat,Unidiffuser/044-4.png,44,0.399486866428591,0.430172604264715,0.418450515992868,3,3,1,1,1
a drawing of a series of musical notes wrapped around the Earth,Controlnet/046-1.png,46,0.446466421403164,0.48294182141413,0.520895377220817,4,4,4,3,2
a drawing of a series of musical notes wrapped around the Earth,Controlnet/046-2.png,46,0.576400824383295,0.561192206844159,0.536862357046738,4,4,4,2,2
a drawing of a series of musical notes wrapped around the Earth,Controlnet/046-3.png,46,0.517981176738146,0.438811556727647,0.408690489849403,2,2,2,3,2
a drawing of a series of musical notes wrapped around the Earth,Controlnet/046-4.png,46,0.530172946623462,0.47130765503461,0.484299627474798,3,3,3,3,2
a drawing of a series of musical notes wrapped around the Earth,DALLE/046-1.png,46,0.49843721966148,0.4402917127001909,0.544159222744917,2,2,2,2,3
a drawing of a series of musical notes wrapped around the Earth,DALLE/046-2.png,46,0.510269120342641,0.485548122258795,0.5346066308986309,4,3,3,2,3
a drawing of a series of musical notes wrapped around the Earth,DALLE/046-3.png,46,0.523544881335137,0.440155049153077,0.546513651749648,3,4,1,2,3
a drawing of a series of musical notes wrapped around the Earth,DALLE/046-4.png,46,0.51000625331057,0.447114880697914,0.531332678798624,3,3,3,3,3
a drawing of a series of musical notes wrapped around the Earth,Glide/046-1.png,46,0.40434600179886,0.460475788956601,0.4521661871112449,2,2,2,2,3
a drawing of a series of musical notes wrapped around the Earth,Glide/046-2.png,46,0.339405163630187,0.332213617342169,0.304766707491358,1,1,1,1,1
a drawing of a series of musical notes wrapped around the Earth,Glide/046-3.png,46,0.395839438838689,0.438902799764971,0.4177452676463229,2,2,1,2,1
a drawing of a series of musical notes wrapped around the Earth,Glide/046-4.png,46,0.341195511224227,0.3974416829022379,0.350081831536936,1,1,1,1,1
a drawing of a series of musical notes wrapped around the Earth,Lafite/046-1.png,46,0.420866064223811,0.44485122148149,0.428547742933915,2,2,2,1,1
a drawing of a series of musical notes wrapped around the Earth,Lafite/046-2.png,46,0.421817538068306,0.411484748255584,0.4200945326209819,1,1,1,1,3
a drawing of a series of musical notes wrapped around the Earth,Lafite/046-3.png,46,0.392654576836039,0.4141504747789439,0.422131118087589,2,1,2,1,1
a drawing of a series of musical notes wrapped around the Earth,Lafite/046-4.png,46,0.388075232186566,0.377047681267883,0.412998671250828,1,2,3,1,1
a drawing of a series of musical notes wrapped around the Earth,stable-diffusion/046-1.png,46,0.4762455407253,0.462155794302501,0.455285351030057,4,4,3,2,2
a drawing of a series of musical notes wrapped around the Earth,stable-diffusion/046-2.png,46,0.505281997880747,0.47946200734619,0.472994592334485,3,3,3,2,1
a drawing of a series of musical notes wrapped around the Earth,stable-diffusion/046-3.png,46,0.495794418171554,0.477049008060046,0.434398520499506,3,4,2,3,1
a drawing of a series of musical notes wrapped around the Earth,stable-diffusion/046-4.png,46,0.49368698477987,0.4588819921652329,0.45672817614835,2,1,1,3,1
a drawing of a series of musical notes wrapped around the Earth,Unidiffuser/046-1.png,46,0.527301207298254,0.488217038962325,0.452800151209518,3,2,2,1,1
a drawing of a series of musical notes wrapped around the Earth,Unidiffuser/046-2.png,46,0.506779037539023,0.457452300087604,0.484049013891578,3,3,3,2,3
a drawing of a series of musical notes wrapped around the Earth,Unidiffuser/046-3.png,46,0.5060492718173379,0.458879352716767,0.4972612510964079,4,4,3,2,3
a drawing of a series of musical notes wrapped around the Earth,Unidiffuser/046-4.png,46,0.452223842446367,0.450398781262578,0.4322060242392179,1,1,1,1,1
a small kitchen with a white goat in it,Controlnet/047-1.png,47,0.602298293446794,0.5653663162700839,0.517082968955072,4,4,4,3,2
a small kitchen with a white goat in it,Controlnet/047-2.png,47,0.540256270689665,0.4969251816857249,0.445563608108636,3,4,4,2,1
a small kitchen with a white goat in it,Controlnet/047-3.png,47,0.5412856057759989,0.527323192514619,0.536609615034073,3,3,2,1,3
a small kitchen with a white goat in it,Controlnet/047-4.png,47,0.519314250587867,0.5349911412813421,0.500726084060509,4,4,4,3,3
a small kitchen with a white goat in it,DALLE/047-1.png,47,0.504806811191445,0.470428227912862,0.535465309507197,3,4,3,2,3
a small kitchen with a white goat in it,DALLE/047-2.png,47,0.592217725432009,0.5203280459754059,0.534362483200997,3,3,3,2,2
a small kitchen with a white goat in it,DALLE/047-3.png,47,0.5704560766552,0.543184978694501,0.570139194924761,4,4,4,3,3
a small kitchen with a white goat in it,DALLE/047-4.png,47,0.5347845832854791,0.464750688118026,0.526613180900135,2,2,2,2,3
a small kitchen with a white goat in it,Glide/047-1.png,47,0.4066651817203919,0.419794831452721,0.439045898977665,1,2,2,2,3
a small kitchen with a white goat in it,Glide/047-2.png,47,0.394000656069963,0.488820353804316,0.43581597034238,1,2,1,3,2
a small kitchen with a white goat in it,Glide/047-3.png,47,0.42592689635274,0.527581483043494,0.421356541546776,2,2,2,2,2
a small kitchen with a white goat in it,Glide/047-4.png,47,0.361469387795121,0.398684141694888,0.4107973539017039,1,2,3,1,2
a small kitchen with a white goat in it,Lafite/047-1.png,47,0.4114200438996589,0.415583272626035,0.375418684089565,1,1,3,1,1
a small kitchen with a white goat in it,Lafite/047-2.png,47,0.448409549736485,0.4455645004420829,0.512173629592663,2,2,3,1,2
a small kitchen with a white goat in it,Lafite/047-3.png,47,0.455161632571078,0.415777921880626,0.431755834161937,2,2,3,2,3
a small kitchen with a white goat in it,Lafite/047-4.png,47,0.40931299597311,0.400944737210774,0.422817350203343,1,3,3,2,2
a small kitchen with a white goat in it,stable-diffusion/047-1.png,47,0.3983004983871659,0.345036401659894,0.397455611733958,1,2,2,1,2
a small kitchen with a white goat in it,stable-diffusion/047-2.png,47,0.564382442182632,0.521955601647947,0.5564202342071021,4,4,3,2,3
a small kitchen with a white goat in it,stable-diffusion/047-3.png,47,0.491029897102449,0.416653682220433,0.4897494653196469,3,3,2,2,3
a small kitchen with a white goat in it,stable-diffusion/047-4.png,47,0.6552456099834539,0.657669444834594,0.573524519995796,4,4,2,3,3
a small kitchen with a white goat in it,Unidiffuser/047-1.png,47,0.402471739095615,0.440873006973373,0.371296379623313,1,1,1,1,1
a small kitchen with a white goat in it,Unidiffuser/047-2.png,47,0.557727654428601,0.519925271627821,0.50147941383974,3,4,3,2,3
a small kitchen with a white goat in it,Unidiffuser/047-3.png,47,0.5458441992722279,0.5028978199023321,0.496103799629792,3,3,3,3,3
a small kitchen with a white goat in it,Unidiffuser/047-4.png,47,0.550767639225214,0.5501281719288911,0.538328654376117,2,3,2,3,1
an elephant walking on the Great Wall,Controlnet/049-1.png,49,0.567825362620839,0.569871565685581,0.486908658974621,4,4,4,3,2
an elephant walking on the Great Wall,Controlnet/049-2.png,49,0.6134899545814659,0.565739247365278,0.568167434667602,3,3,3,2,2
an elephant walking on the Great Wall,Controlnet/049-3.png,49,0.5990962821613031,0.559878285599772,0.6137023936290781,3,3,4,2,3
an elephant walking on the Great Wall,Controlnet/049-4.png,49,0.573629380031037,0.452612308933274,0.601779862904404,4,4,4,1,3
an elephant walking on the Great Wall,DALLE/049-1.png,49,0.6290247212155,0.608309691588251,0.6170001729764509,4,4,4,3,3
an elephant walking on the Great Wall,DALLE/049-2.png,49,0.572888482632532,0.486863190367865,0.465351480600884,4,4,4,3,2
an elephant walking on the Great Wall,DALLE/049-3.png,49,0.615752832664743,0.550125137568672,0.6006443295984549,3,3,4,2,3
an elephant walking on the Great Wall,DALLE/049-4.png,49,0.586388834251432,0.578440016864896,0.594915738425407,3,3,3,3,3
an elephant walking on the Great Wall,Glide/049-1.png,49,0.4109800326116219,0.479385195410196,0.52455443467582,2,3,2,3,2
an elephant walking on the Great Wall,Glide/049-2.png,49,0.366527914973588,0.380062581217103,0.500032274742089,2,2,3,3,3
an elephant walking on the Great Wall,Glide/049-3.png,49,0.441027175317445,0.422780289025264,0.481773201957763,3,3,2,2,3
an elephant walking on the Great Wall,Glide/049-4.png,49,0.465201599411464,0.471925816891245,0.468431839666709,2,2,2,2,2
an elephant walking on the Great Wall,Lafite/049-1.png,49,0.418531235971873,0.44085223505821,0.439718482738258,2,2,2,1,2
an elephant walking on the Great Wall,Lafite/049-2.png,49,0.364907363284947,0.346626008703331,0.3318229698744799,1,2,2,1,3
an elephant walking on the Great Wall,Lafite/049-3.png,49,0.403380706347155,0.390373184286961,0.43686165185053,4,4,4,1,3
an elephant walking on the Great Wall,Lafite/049-4.png,49,0.352321653261782,0.349342704793112,0.4242830773314219,2,1,2,1,2
an elephant walking on the Great Wall,stable-diffusion/049-1.png,49,0.640646401405212,0.53845284126534,0.595477185406288,4,4,4,3,3
an elephant walking on the Great Wall,stable-diffusion/049-2.png,49,0.4432514940475059,0.431772147546568,0.507202345555352,1,1,1,1,2
an elephant walking on the Great Wall,stable-diffusion/049-3.png,49,0.521772999452238,0.485214605081617,0.520691967486443,3,4,4,2,3
an elephant walking on the Great Wall,stable-diffusion/049-4.png,49,0.546224372439826,0.4804038832872169,0.592210364280382,4,4,4,2,3
an elephant walking on the Great Wall,Unidiffuser/049-1.png,49,0.656507322924541,0.539663383928263,0.619871824870568,3,4,4,3,3
an elephant walking on the Great Wall,Unidiffuser/049-2.png,49,0.6472505102902301,0.574231891174102,0.6875947927422961,4,4,4,3,3
an elephant walking on the Great Wall,Unidiffuser/049-3.png,49,0.6467510222738779,0.53634144275561,0.615371264054858,4,4,4,3,3
an elephant walking on the Great Wall,Unidiffuser/049-4.png,49,0.321854258699434,0.384654242296928,0.325792930370689,1,1,1,1,3
A photo of a panda made of water.,Controlnet/050-1.png,50,0.593348081236122,0.567589742695083,0.528978109283869,3,3,3,2,3
A photo of a panda made of water.,Controlnet/050-2.png,50,0.6311183889261069,0.556483169887549,0.502261403535854,2,3,3,3,2
A photo of a panda made of water.,Controlnet/050-3.png,50,0.577398092078911,0.5390410193004019,0.464971636095046,4,4,3,3,2
A photo of a panda made of water.,Controlnet/050-4.png,50,0.549645636000188,0.520306435027904,0.469897229328252,4,4,4,2,1
A photo of a panda made of water.,DALLE/050-1.png,50,0.462694087120222,0.434890526154182,0.548618311504801,1,3,2,3,1
A photo of a panda made of water.,DALLE/050-2.png,50,0.528633378324787,0.5319468541558691,0.590525235461668,4,3,2,2,3
A photo of a panda made of water.,DALLE/050-3.png,50,0.480089404893009,0.460336283957888,0.5605016459382199,3,2,2,2,2
A photo of a panda made of water.,DALLE/050-4.png,50,0.4629065528444709,0.398507231635999,0.4713781106056809,2,3,2,1,2
A photo of a panda made of water.,Glide/050-1.png,50,0.41752344956067,0.428161525497358,0.399232299499594,2,3,2,2,2
A photo of a panda made of water.,Glide/050-2.png,50,0.373459321919,0.425484764064023,0.47607437091525,2,3,2,2,2
A photo of a panda made of water.,Glide/050-3.png,50,0.456350863959909,0.4931535728478829,0.497612299797669,2,3,2,2,3
A photo of a panda made of water.,Glide/050-4.png,50,0.417143708721457,0.435696425565049,0.408132275727012,2,2,2,3,2
A photo of a panda made of water.,Lafite/050-1.png,50,0.389852192497244,0.4128779383618999,0.446948226456533,1,1,1,1,1
A photo of a panda made of water.,Lafite/050-2.png,50,0.407893902088566,0.415383863739546,0.445995911814209,2,2,2,1,1
A photo of a panda made of water.,Lafite/050-3.png,50,0.358884382702684,0.34870329945945,0.358167987922603,4,4,4,3,1
A photo of a panda made of water.,Lafite/050-4.png,50,0.369076141544138,0.3961295853551639,0.371902291230725,3,2,3,1,1
A photo of a panda made of water.,stable-diffusion/050-1.png,50,0.593270387562867,0.611672240314482,0.481688672988392,4,4,4,3,1
A photo of a panda made of water.,stable-diffusion/050-2.png,50,0.556886704044831,0.550670355087422,0.550551778094162,4,4,4,3,2
A photo of a panda made of water.,stable-diffusion/050-3.png,50,0.530243211363818,0.5351558801819291,0.427689367957125,3,3,3,3,2
A photo of a panda made of water.,stable-diffusion/050-4.png,50,0.411342678064638,0.431151992551385,0.40766045618553,4,4,4,3,2
A photo of a panda made of water.,Unidiffuser/050-1.png,50,0.569656147895293,0.485105730938662,0.395050173808993,4,4,4,3,3
A photo of a panda made of water.,Unidiffuser/050-2.png,50,0.5577891608366901,0.614852474028299,0.512433676994658,4,4,4,3,2
A photo of a panda made of water.,Unidiffuser/050-3.png,50,0.476827382511641,0.464218427782578,0.436458132556211,3,3,2,2,3
A photo of a panda made of water.,Unidiffuser/050-4.png,50,0.368193656896059,0.434352492433236,0.4339142820677489,2,2,2,2,3
"a portrait of a man wearing sunglasses and a business suit, painting in pop art style",Controlnet/051-1.png,51,0.577507627168232,0.505069541087651,0.587344574709302,4,4,4,3,3
"a portrait of a man wearing sunglasses and a business suit, painting in pop art style",Controlnet/051-2.png,51,0.561916988915575,0.519514638238274,0.563946103797017,3,3,3,3,3
"a portrait of a man wearing sunglasses and a business suit, painting in pop art style",Controlnet/051-3.png,51,0.509460023056816,0.459698649293283,0.44592558393699,3,3,4,3,3
"a portrait of a man wearing sunglasses and a business suit, painting in pop art style",Controlnet/051-4.png,51,0.55619591236757,0.494112999687318,0.530542640612714,3,3,3,3,3
"a portrait of a man wearing sunglasses and a business suit, painting in pop art style",DALLE/051-1.png,51,0.6332767363499809,0.625644046255597,0.630215835822781,3,3,3,3,3
"a portrait of a man wearing sunglasses and a business suit, painting in pop art style",DALLE/051-2.png,51,0.611463419814255,0.627074501744183,0.6321961420027999,4,4,4,3,3
"a portrait of a man wearing sunglasses and a business suit, painting in pop art style",DALLE/051-3.png,51,0.530299682244336,0.508982636521625,0.572174545608924,4,4,4,3,3
"a portrait of a man wearing sunglasses and a business suit, painting in pop art style",DALLE/051-4.png,51,0.5334868048854841,0.486944634199299,0.544235020744902,2,3,3,2,3
"a portrait of a man wearing sunglasses and a business suit, painting in pop art style",Glide/051-1.png,51,0.41925933748293,0.363762669564211,0.3692476086750009,2,2,1,2,1
"a portrait of a man wearing sunglasses and a business suit, painting in pop art style",Glide/051-2.png,51,0.421723671066957,0.411342140119474,0.354121511538074,2,2,2,2,1
"a portrait of a man wearing sunglasses and a business suit, painting in pop art style",Glide/051-3.png,51,0.344195629851832,0.362739586070771,0.357004465015985,3,3,2,3,1
"a portrait of a man wearing sunglasses and a business suit, painting in pop art style",Glide/051-4.png,51,0.383773946327604,0.422618290739994,0.383671500508394,4,4,4,3,2
"a portrait of a man wearing sunglasses and a business suit, painting in pop art style",Lafite/051-1.png,51,0.472177476016759,0.415778053215866,0.498845588280829,3,4,4,3,3
"a portrait of a man wearing sunglasses and a business suit, painting in pop art style",Lafite/051-2.png,51,0.477557836741227,0.46908695836319,0.494770919608575,2,2,1,2,3
"a portrait of a man wearing sunglasses and a business suit, painting in pop art style",Lafite/051-3.png,51,0.424987565975199,0.393938654859309,0.466696235226538,4,4,4,3,3
"a portrait of a man wearing sunglasses and a business suit, painting in pop art style",Lafite/051-4.png,51,0.482424367597828,0.430098095195297,0.490889353593261,2,2,1,1,3
"a portrait of a man wearing sunglasses and a business suit, painting in pop art style",stable-diffusion/051-1.png,51,0.595393361322601,0.521646776914252,0.583284463454663,4,4,3,3,3
"a portrait of a man wearing sunglasses and a business suit, painting in pop art style",stable-diffusion/051-2.png,51,0.536563427112941,0.498886811748206,0.5187188688579409,3,3,3,3,1
"a portrait of a man wearing sunglasses and a business suit, painting in pop art style",stable-diffusion/051-3.png,51,0.528102142072738,0.506060365573768,0.5583858825707609,4,4,3,3,3
"a portrait of a man wearing sunglasses and a business suit, painting in pop art style",stable-diffusion/051-4.png,51,0.545268749900211,0.565279309164271,0.548791979868854,4,4,4,3,3
"a portrait of a man wearing sunglasses and a business suit, painting in pop art style",Unidiffuser/051-1.png,51,0.605338778888799,0.5445513642969749,0.578710162517819,3,3,3,3,3
"a portrait of a man wearing sunglasses and a business suit, painting in pop art style",Unidiffuser/051-2.png,51,0.609193770868381,0.6194867498113831,0.607257274283288,4,4,4,2,3
"a portrait of a man wearing sunglasses and a business suit, painting in pop art style",Unidiffuser/051-3.png,51,0.603037782174129,0.5764642189208931,0.604819080737389,4,4,4,3,3
"a portrait of a man wearing sunglasses and a business suit, painting in pop art style",Unidiffuser/051-4.png,51,0.387501342920976,0.429184034499807,0.506774303908392,1,2,2,2,3
a cartoon of a train going to the moon,Controlnet/052-1.png,52,0.538541910333097,0.4993858541515459,0.550536885663072,4,4,4,2,3
a cartoon of a train going to the moon,Controlnet/052-2.png,52,0.520474462889427,0.511254454299661,0.5197027505836079,4,4,4,2,2
a cartoon of a train going to the moon,Controlnet/052-3.png,52,0.5829860864645859,0.521737811586491,0.560898627716463,2,3,4,3,3
a cartoon of a train going to the moon,Controlnet/052-4.png,52,0.517089211897922,0.491491177249642,0.515694644709004,3,3,3,2,2
a cartoon of a train going to the moon,DALLE/052-1.png,52,0.528595448231691,0.5213689425528689,0.567329986476373,3,4,2,3,3
a cartoon of a train going to the moon,DALLE/052-2.png,52,0.56366859429554,0.507179973593603,0.5431215172199709,4,4,2,3,2
a cartoon of a train going to the moon,DALLE/052-3.png,52,0.548987745039447,0.471092609157473,0.52084448919379,4,4,4,3,3
a cartoon of a train going to the moon,DALLE/052-4.png,52,0.565556732583653,0.569050843531551,0.542419872460579,4,4,2,3,2
a cartoon of a train going to the moon,Glide/052-1.png,52,0.414017127191402,0.4128074238153379,0.447561403067864,3,3,3,2,2
a cartoon of a train going to the moon,Glide/052-2.png,52,0.38528426063088,0.441040305391886,0.4480667005358419,4,4,2,3,3
a cartoon of a train going to the moon,Glide/052-3.png,52,0.406037788077129,0.404932234920833,0.37491178576026,1,2,1,1,1
a cartoon of a train going to the moon,Glide/052-4.png,52,0.42551473219129,0.414744154196889,0.475066507549586,2,3,2,2,3
a cartoon of a train going to the moon,Lafite/052-1.png,52,0.3745930800452,0.418089780271465,0.50829674823919,2,3,2,2,3
a cartoon of a train going to the moon,Lafite/052-2.png,52,0.409478851501971,0.4078730835270769,0.485035258386858,3,1,1,1,1
a cartoon of a train going to the moon,Lafite/052-3.png,52,0.464100349858822,0.483553617112396,0.489708508126769,2,3,2,3,2
a cartoon of a train going to the moon,Lafite/052-4.png,52,0.4372985644801819,0.433577324452341,0.493738369956649,3,2,3,2,2
a cartoon of a train going to the moon,stable-diffusion/052-1.png,52,0.516429035774942,0.5152207008811309,0.512501538368867,3,3,3,3,1
a cartoon of a train going to the moon,stable-diffusion/052-2.png,52,0.482632117093488,0.465146042837582,0.473311953817046,3,2,3,2,2
a cartoon of a train going to the moon,stable-diffusion/052-3.png,52,0.559655346981486,0.554862762775319,0.566199166886812,4,4,3,3,3
a cartoon of a train going to the moon,stable-diffusion/052-4.png,52,0.540252274409668,0.496967415501272,0.507398311107354,4,4,4,3,3
a cartoon of a train going to the moon,Unidiffuser/052-1.png,52,0.490991669461817,0.548441972469361,0.538737164760771,3,3,3,3,3
a cartoon of a train going to the moon,Unidiffuser/052-2.png,52,0.561040661506566,0.5494465862145961,0.595287072416844,3,4,3,3,3
a cartoon of a train going to the moon,Unidiffuser/052-3.png,52,0.565352160735184,0.5251360447672959,0.54603987256616,4,4,4,3,3
a cartoon of a train going to the moon,Unidiffuser/052-4.png,52,0.423140469049554,0.428699445242681,0.424986877530961,1,2,2,2,1
A photo of a lotus flower made of water.,Controlnet/054-1.png,54,0.634915517760095,0.615222233983257,0.568259931818125,3,3,3,2,2
A photo of a lotus flower made of water.,Controlnet/054-2.png,54,0.602241954143741,0.531563918251061,0.561712329176856,3,3,3,3,3
A photo of a lotus flower made of water.,Controlnet/054-3.png,54,0.681791518060065,0.602148144746248,0.529710556923597,3,3,3,2,2
A photo of a lotus flower made of water.,Controlnet/054-4.png,54,0.5484533288837671,0.546039562744015,0.523182815960661,3,3,4,3,3
A photo of a lotus flower made of water.,DALLE/054-1.png,54,0.640405951609175,0.63224735120442,0.544776479564386,4,4,4,3,3
A photo of a lotus flower made of water.,DALLE/054-2.png,54,0.608243032806796,0.62687107848655,0.4729782132745089,3,4,3,2,2
A photo of a lotus flower made of water.,DALLE/054-3.png,54,0.581980463591469,0.560347000452328,0.512031421802852,3,3,3,3,3
A photo of a lotus flower made of water.,DALLE/054-4.png,54,0.633641876804862,0.602462416091622,0.52601756971339,4,4,4,3,3
A photo of a lotus flower made of water.,Glide/054-1.png,54,0.417294413093267,0.530131151399483,0.449145558042944,2,2,3,3,3
A photo of a lotus flower made of water.,Glide/054-2.png,54,0.418715020063828,0.455273843762699,0.482767000238259,2,3,2,3,2
A photo of a lotus flower made of water.,Glide/054-3.png,54,0.445909611180984,0.548741569302842,0.451437998126593,2,3,2,3,2
A photo of a lotus flower made of water.,Glide/054-4.png,54,0.430646751587061,0.551955621734688,0.493787494200037,3,4,4,3,3
A photo of a lotus flower made of water.,Lafite/054-1.png,54,0.4148102305199069,0.480312102510613,0.5073759769160899,2,2,2,2,2
A photo of a lotus flower made of water.,Lafite/054-2.png,54,0.441248878264035,0.50630263328215,0.469945260518642,2,3,3,3,2
A photo of a lotus flower made of water.,Lafite/054-3.png,54,0.422304694156515,0.4097048967439349,0.412517286765365,1,3,2,2,3
A photo of a lotus flower made of water.,Lafite/054-4.png,54,0.4098627240215979,0.4151598272174899,0.448182416005785,1,1,1,2,1
A photo of a lotus flower made of water.,stable-diffusion/054-1.png,54,0.609748432067842,0.610460442023861,0.514341591494843,4,4,4,3,2
A photo of a lotus flower made of water.,stable-diffusion/054-2.png,54,0.631579384907488,0.624881381080723,0.5175143855122559,4,4,3,3,2
A photo of a lotus flower made of water.,stable-diffusion/054-3.png,54,0.612762644299922,0.57224393425364,0.537310225620764,3,3,3,3,1
A photo of a lotus flower made of water.,stable-diffusion/054-4.png,54,0.649948841878208,0.6582525266898109,0.580442427239522,4,4,4,3,3
A photo of a lotus flower made of water.,Unidiffuser/054-1.png,54,0.42741687065275,0.427987504771063,0.481325403391299,1,2,2,3,2
A photo of a lotus flower made of water.,Unidiffuser/054-2.png,54,0.547101191066116,0.522179868761254,0.568737650639181,3,3,2,2,3
A photo of a lotus flower made of water.,Unidiffuser/054-3.png,54,0.514425284774265,0.51073213377994,0.470614439819861,4,4,4,3,2
A photo of a lotus flower made of water.,Unidiffuser/054-4.png,54,0.500604771580323,0.525804775431548,0.492160634592952,3,3,2,2,1
a painting of the food of china,Controlnet/055-1.png,55,0.518696235329924,0.497224834490483,0.515777465343356,4,4,4,3,3
a painting of the food of china,Controlnet/055-2.png,55,0.594487535284851,0.547237872699722,0.613508147935555,4,4,4,3,2
a painting of the food of china,Controlnet/055-3.png,55,0.579391884842404,0.514882315379106,0.59444050853872,3,3,3,3,3
a painting of the food of china,Controlnet/055-4.png,55,0.49358487634908,0.473834091589973,0.501350747709262,2,3,2,3,3
a painting of the food of china,DALLE/055-1.png,55,0.524716741992734,0.538610950052125,0.5586153211413211,3,3,3,3,3
a painting of the food of china,DALLE/055-2.png,55,0.469535341906649,0.495650322777135,0.497022023523999,2,3,3,2,2
a painting of the food of china,DALLE/055-3.png,55,0.587043742825873,0.543303545843949,0.547166735689796,4,4,4,2,1
a painting of the food of china,DALLE/055-4.png,55,0.54945851505525,0.549208494308148,0.561730100379375,2,2,2,2,3
a painting of the food of china,Glide/055-1.png,55,0.371656372601159,0.402418703233679,0.4509668844387069,1,2,3,3,3
a painting of the food of china,Glide/055-2.png,55,0.408526564774731,0.48000120167366,0.4727386269246409,2,2,3,2,2
a painting of the food of china,Glide/055-3.png,55,0.389080824749743,0.429675491950328,0.415671047700389,1,1,2,1,2
a painting of the food of china,Glide/055-4.png,55,0.406324632209228,0.48799648492708,0.504764624317397,2,2,2,2,2
a painting of the food of china,Lafite/055-1.png,55,0.431697240691109,0.489787859219862,0.499533938173631,2,2,3,2,2
a painting of the food of china,Lafite/055-2.png,55,0.40189980033926,0.413102542255436,0.441722295725649,2,2,3,1,1
a painting of the food of china,Lafite/055-3.png,55,0.4418228733600089,0.449183876471492,0.476204465495805,1,2,2,2,3
a painting of the food of china,Lafite/055-4.png,55,0.439042459148626,0.507244580135937,0.473047873830056,3,3,4,2,2
a painting of the food of china,stable-diffusion/055-1.png,55,0.495335202899117,0.403105780648877,0.494165296750349,4,4,4,3,3
a painting of the food of china,stable-diffusion/055-2.png,55,0.507624608894941,0.462786861305805,0.469486742226264,4,4,4,3,3
a painting of the food of china,stable-diffusion/055-3.png,55,0.4422924565215039,0.488002990924501,0.5266528851044839,1,2,2,1,3
a painting of the food of china,stable-diffusion/055-4.png,55,0.592097103273567,0.628293585551009,0.601338113274455,3,3,3,2,3
a painting of the food of china,Unidiffuser/055-1.png,55,0.496317065912633,0.480492444221392,0.49160635132806,2,3,3,3,3
a painting of the food of china,Unidiffuser/055-2.png,55,0.456852888658102,0.447226960006297,0.559808647930061,3,3,2,3,1
a painting of the food of china,Unidiffuser/055-3.png,55,0.507635748699775,0.446225749973351,0.502136849615127,3,3,3,2,3
a painting of the food of china,Unidiffuser/055-4.png,55,0.3421191859064389,0.401200936451745,0.491822154632149,1,1,1,1,3
an oil painting of a tree and a building,Controlnet/057-1.png,57,0.596323547434943,0.52875082310898,0.463648855481566,4,4,4,3,2
an oil painting of a tree and a building,Controlnet/057-2.png,57,0.505131210213834,0.547566583570242,0.557030959052947,2,2,3,2,3
an oil painting of a tree and a building,Controlnet/057-3.png,57,0.558188843199557,0.530971248223291,0.542885649817038,4,4,4,2,2
an oil painting of a tree and a building,Controlnet/057-4.png,57,0.494299315922892,0.517904596894078,0.565129847090036,3,4,3,3,3
an oil painting of a tree and a building,DALLE/057-1.png,57,0.52579339635279,0.493625725530718,0.528636199413171,4,4,4,3,3
an oil painting of a tree and a building,DALLE/057-2.png,57,0.5203972264786421,0.569621494630957,0.567768105085518,2,2,2,2,3
an oil painting of a tree and a building,DALLE/057-3.png,57,0.533704453489871,0.565433711464147,0.585401388504901,3,3,3,3,3
an oil painting of a tree and a building,DALLE/057-4.png,57,0.498119024521715,0.492845388921088,0.5241327863296921,3,4,4,3,3
an oil painting of a tree and a building,Glide/057-1.png,57,0.423663711361065,0.4669028141572199,0.526378416263511,3,3,2,3,3
an oil painting of a tree and a building,Glide/057-2.png,57,0.29986751404091,0.33069062101407,0.392334019366545,1,2,2,1,1
an oil painting of a tree and a building,Glide/057-3.png,57,0.3742375458165869,0.470359781096181,0.498196486077256,1,2,1,3,3
an oil painting of a tree and a building,Glide/057-4.png,57,0.412572181603076,0.393236366650696,0.545835231785881,1,2,3,3,2
an oil painting of a tree and a building,Lafite/057-1.png,57,0.403740964569249,0.456962750776299,0.488281229648813,1,3,2,2,3
an oil painting of a tree and a building,Lafite/057-2.png,57,0.373929978744113,0.381696171019296,0.44925605328642,3,3,3,2,2
an oil painting of a tree and a building,Lafite/057-3.png,57,0.4568682293888449,0.414693893179779,0.500686785656956,2,2,2,2,3
an oil painting of a tree and a building,Lafite/057-4.png,57,0.398037986509209,0.44018736824694,0.479474397137068,2,2,2,2,2
an oil painting of a tree and a building,stable-diffusion/057-1.png,57,0.5835301167280931,0.537466612898948,0.507840003725797,4,4,4,2,2
an oil painting of a tree and a building,stable-diffusion/057-2.png,57,0.47577552650764,0.5140043106734961,0.548051435764449,4,4,4,3,3
an oil painting of a tree and a building,stable-diffusion/057-3.png,57,0.51455981891573,0.500821311869358,0.420084046011409,3,4,3,2,2
an oil painting of a tree and a building,stable-diffusion/057-4.png,57,0.4092241085825659,0.4565659104628969,0.523714503040611,1,2,2,2,3
an oil painting of a tree and a building,Unidiffuser/057-1.png,57,0.506132045002223,0.5333376504196881,0.54201731345208,2,3,2,3,3
an oil painting of a tree and a building,Unidiffuser/057-2.png,57,0.471897061888035,0.481060495614124,0.5371209698461,2,3,2,2,3
an oil painting of a tree and a building,Unidiffuser/057-3.png,57,0.401338012782215,0.443514578744157,0.525027008061654,2,2,3,3,3
an oil painting of a tree and a building,Unidiffuser/057-4.png,57,0.509373482038465,0.545678152759964,0.579354542610837,4,4,4,3,3
a painting of a white country home with a wrap-around porch,Controlnet/058-1.png,58,0.602007348571954,0.607258239189025,0.579545414759575,4,4,4,3,3
a painting of a white country home with a wrap-around porch,Controlnet/058-2.png,58,0.536929532464278,0.5147706114964969,0.509792389287462,4,4,4,3,3
a painting of a white country home with a wrap-around porch,Controlnet/058-3.png,58,0.613178828548151,0.56314971248365,0.622247223745267,4,4,4,3,2
a painting of a white country home with a wrap-around porch,Controlnet/058-4.png,58,0.59600173304259,0.58134875764256,0.589545942581642,3,4,4,3,2
a painting of a white country home with a wrap-around porch,DALLE/058-1.png,58,0.491491579753625,0.551755029355276,0.55825609647181,3,3,2,3,2
a painting of a white country home with a wrap-around porch,DALLE/058-2.png,58,0.478252608224805,0.493372980627502,0.5283316419158041,4,4,4,3,2
a painting of a white country home with a wrap-around porch,DALLE/058-3.png,58,0.601088024735893,0.5583919306974819,0.598584111105298,4,4,3,3,2
a painting of a white country home with a wrap-around porch,DALLE/058-4.png,58,0.591156073116704,0.563352422526679,0.618356075271401,4,4,4,3,3
a painting of a white country home with a wrap-around porch,Glide/058-1.png,58,0.425833165370885,0.445071266317246,0.448449095778809,2,3,2,3,3
a painting of a white country home with a wrap-around porch,Glide/058-2.png,58,0.4350136371199919,0.476744320345416,0.536226604077772,2,3,3,3,3
a painting of a white country home with a wrap-around porch,Glide/058-3.png,58,0.440992439480325,0.426806871395382,0.522470145426749,2,2,2,3,3
a painting of a white country home with a wrap-around porch,Glide/058-4.png,58,0.376792209910259,0.4465085071807479,0.465594526244088,1,3,2,3,3
a painting of a white country home with a wrap-around porch,Lafite/058-1.png,58,0.389181142808233,0.44268673221034,0.492725923980349,2,2,1,2,2
a painting of a white country home with a wrap-around porch,Lafite/058-2.png,58,0.418803151216635,0.433966627999252,0.503878884987761,3,3,2,3,3
a painting of a white country home with a wrap-around porch,Lafite/058-3.png,58,0.473676667434221,0.513061133699561,0.535290872885558,3,3,3,2,2
a painting of a white country home with a wrap-around porch,Lafite/058-4.png,58,0.392276532649591,0.449458934632895,0.472209532447371,2,2,2,2,2
a painting of a white country home with a wrap-around porch,stable-diffusion/058-1.png,58,0.537773820530168,0.504814511929806,0.575670012453136,4,4,4,3,3
a painting of a white country home with a wrap-around porch,stable-diffusion/058-2.png,58,0.487069553781604,0.497954959734165,0.506370195296128,1,2,2,2,3
a painting of a white country home with a wrap-around porch,stable-diffusion/058-3.png,58,0.6316432738962761,0.615444241830904,0.596415743070712,2,3,4,3,3
a painting of a white country home with a wrap-around porch,stable-diffusion/058-4.png,58,0.614775239264401,0.611439442533585,0.6374248306894139,4,3,4,3,3
a painting of a white country home with a wrap-around porch,Unidiffuser/058-1.png,58,0.371404115294211,0.490858938093632,0.492924897984258,1,2,2,3,3
a painting of a white country home with a wrap-around porch,Unidiffuser/058-2.png,58,0.46917697050303,0.461319296700576,0.514487733751068,3,3,3,3,3
a painting of a white country home with a wrap-around porch,Unidiffuser/058-3.png,58,0.561941629960335,0.56005412696454,0.658698926444911,3,3,4,2,2
a painting of a white country home with a wrap-around porch,Unidiffuser/058-4.png,58,0.539689367104489,0.514843619901654,0.623282330790215,2,3,3,2,3
Downtown Shanghai at sunrise. detailed ink wash.,Controlnet/059-1.png,59,0.454112871121696,0.474545831433976,0.490099602650324,3,3,3,2,2
Downtown Shanghai at sunrise. detailed ink wash.,Controlnet/059-2.png,59,0.5323084213437049,0.487154292596446,0.529454160984427,4,4,4,3,3
Downtown Shanghai at sunrise. detailed ink wash.,Controlnet/059-3.png,59,0.5040870631265509,0.512336189018308,0.507096656925448,1,2,1,1,3
Downtown Shanghai at sunrise. detailed ink wash.,Controlnet/059-4.png,59,0.5145157914488501,0.521824850552725,0.523385528173866,3,3,3,3,2
Downtown Shanghai at sunrise. detailed ink wash.,DALLE/059-1.png,59,0.511482412098813,0.501217662598325,0.5310346834416859,3,3,3,2,3
Downtown Shanghai at sunrise. detailed ink wash.,DALLE/059-2.png,59,0.476233035395446,0.5214990137075131,0.535583972348306,2,3,2,3,2
Downtown Shanghai at sunrise. detailed ink wash.,DALLE/059-3.png,59,0.503473634948255,0.476655143855549,0.555813414005423,3,3,3,3,3
Downtown Shanghai at sunrise. detailed ink wash.,DALLE/059-4.png,59,0.552132281116507,0.547089799114589,0.539572022984964,3,3,4,3,3
Downtown Shanghai at sunrise. detailed ink wash.,Glide/059-1.png,59,0.410029440379366,0.436398032857356,0.47878645167102,1,2,2,1,1
Downtown Shanghai at sunrise. detailed ink wash.,Glide/059-2.png,59,0.392034507650609,0.443434111714227,0.4592351706316699,2,2,2,3,2
Downtown Shanghai at sunrise. detailed ink wash.,Glide/059-3.png,59,0.378415040897367,0.384084900617744,0.40165985143624,2,2,2,3,2
Downtown Shanghai at sunrise. detailed ink wash.,Glide/059-4.png,59,0.374384059820536,0.3724590097565209,0.413742213565741,1,2,1,1,1
Downtown Shanghai at sunrise. detailed ink wash.,Lafite/059-1.png,59,0.347227946703487,0.410626201489681,0.408752067724111,3,2,2,2,1
Downtown Shanghai at sunrise. detailed ink wash.,Lafite/059-2.png,59,0.423712086298592,0.463449862262767,0.406073138715107,1,1,1,1,1
Downtown Shanghai at sunrise. detailed ink wash.,Lafite/059-3.png,59,0.4623674487513319,0.465694348386871,0.478549524177672,1,2,2,2,1
Downtown Shanghai at sunrise. detailed ink wash.,Lafite/059-4.png,59,0.445669141916274,0.433180672276536,0.497174007584689,3,2,2,1,2
Downtown Shanghai at sunrise. detailed ink wash.,stable-diffusion/059-1.png,59,0.51959966608996,0.507862175646231,0.539404529926139,4,4,4,3,2
Downtown Shanghai at sunrise. detailed ink wash.,stable-diffusion/059-2.png,59,0.508188355640183,0.5366298124179579,0.531410437343675,3,3,3,3,3
Downtown Shanghai at sunrise. detailed ink wash.,stable-diffusion/059-3.png,59,0.562940361868426,0.5763123816250161,0.526068298654563,2,3,3,3,3
Downtown Shanghai at sunrise. detailed ink wash.,stable-diffusion/059-4.png,59,0.5017199029385551,0.481069715474048,0.502868244544183,2,2,3,2,1
Downtown Shanghai at sunrise. detailed ink wash.,Unidiffuser/059-1.png,59,0.3472266767563849,0.375339557162239,0.375134432494737,2,2,2,1,2
Downtown Shanghai at sunrise. detailed ink wash.,Unidiffuser/059-2.png,59,0.4286045621664069,0.4566767273416049,0.466982862039453,4,4,4,3,2
Downtown Shanghai at sunrise. detailed ink wash.,Unidiffuser/059-3.png,59,0.409193469142685,0.409467079798002,0.40908570169979,2,2,2,2,2
Downtown Shanghai at sunrise. detailed ink wash.,Unidiffuser/059-4.png,59,0.534964889815321,0.554145700963296,0.592122497476679,2,3,2,3,3
"a cartoon of a dog saying ""I see what you did there""",Controlnet/060-1.png,60,0.420046895323277,0.422221883058096,0.371305883723522,3,3,2,2,2
"a cartoon of a dog saying ""I see what you did there""",Controlnet/060-2.png,60,0.520716016529564,0.505171271497362,0.518584474405284,3,2,3,3,2
"a cartoon of a dog saying ""I see what you did there""",Controlnet/060-3.png,60,0.411539919170195,0.372322739782194,0.371609586973097,2,2,3,2,2
"a cartoon of a dog saying ""I see what you did there""",Controlnet/060-4.png,60,0.4762154588648329,0.447043810592953,0.46722439077214,4,4,4,3,2
"a cartoon of a dog saying ""I see what you did there""",DALLE/060-1.png,60,0.517964431480298,0.509346893227137,0.4795735249322729,3,4,3,2,1
"a cartoon of a dog saying ""I see what you did there""",DALLE/060-2.png,60,0.487799689129257,0.4340993194892519,0.386010272206204,3,3,2,3,2
"a cartoon of a dog saying ""I see what you did there""",DALLE/060-3.png,60,0.602361522494363,0.571026303975105,0.561968290393918,3,3,3,2,2
"a cartoon of a dog saying ""I see what you did there""",DALLE/060-4.png,60,0.551909094468255,0.522779203452464,0.4760911707689499,3,3,2,3,2
"a cartoon of a dog saying ""I see what you did there""",Glide/060-1.png,60,0.477304870404594,0.4985605580757229,0.410558848894328,2,3,2,2,2
"a cartoon of a dog saying ""I see what you did there""",Glide/060-2.png,60,0.442174415654448,0.4350793772969289,0.44288070312126,2,3,1,1,2
"a cartoon of a dog saying ""I see what you did there""",Glide/060-3.png,60,0.379080985628565,0.409318805665198,0.407337883165563,2,2,2,2,1
"a cartoon of a dog saying ""I see what you did there""",Glide/060-4.png,60,0.390463479156553,0.40146738473922,0.389790562311549,4,4,1,1,1
"a cartoon of a dog saying ""I see what you did there""",Lafite/060-1.png,60,0.405834956342632,0.377525640938434,0.335944338090792,3,3,2,1,1
"a cartoon of a dog saying ""I see what you did there""",Lafite/060-2.png,60,0.432551047652229,0.431062632375951,0.444793909189528,3,4,2,2,2
"a cartoon of a dog saying ""I see what you did there""",Lafite/060-3.png,60,0.3895410495300559,0.3524667933620879,0.370875666642378,2,1,2,1,1
"a cartoon of a dog saying ""I see what you did there""",Lafite/060-4.png,60,0.402481840354152,0.413478470244455,0.3989537479787799,1,1,1,2,2
"a cartoon of a dog saying ""I see what you did there""",stable-diffusion/060-1.png,60,0.521684711567441,0.427392471752237,0.460748714347851,3,3,2,2,2
"a cartoon of a dog saying ""I see what you did there""",stable-diffusion/060-2.png,60,0.432613081513815,0.38313621098938,0.391176004369725,3,3,2,2,2
"a cartoon of a dog saying ""I see what you did there""",stable-diffusion/060-3.png,60,0.432321129314792,0.380415768745181,0.407472580109979,2,2,2,2,2
"a cartoon of a dog saying ""I see what you did there""",stable-diffusion/060-4.png,60,0.5230787445855021,0.468598223764534,0.462780466380457,4,4,3,2,2
"a cartoon of a dog saying ""I see what you did there""",Unidiffuser/060-1.png,60,0.515518406328612,0.489544325376778,0.478350270064786,4,3,2,1,2
"a cartoon of a dog saying ""I see what you did there""",Unidiffuser/060-2.png,60,0.540850629566221,0.4939032197130359,0.381316221531178,2,2,2,1,2
"a cartoon of a dog saying ""I see what you did there""",Unidiffuser/060-3.png,60,0.482793658672339,0.442920994789146,0.4538847692766489,2,3,2,1,2
"a cartoon of a dog saying ""I see what you did there""",Unidiffuser/060-4.png,60,0.345296836523818,0.369418699360385,0.389860048267251,1,2,2,2,3
a hot air balloon with chameleon logo. the sun is shining and puffy white clouds are in the background.,Controlnet/062-1.png,62,0.571106129052233,0.545245680743885,0.510670599442765,3,3,3,2,2
a hot air balloon with chameleon logo. the sun is shining and puffy white clouds are in the background.,Controlnet/062-2.png,62,0.557070522823689,0.497675571560116,0.48081164553945,4,4,4,3,2
a hot air balloon with chameleon logo. the sun is shining and puffy white clouds are in the background.,Controlnet/062-3.png,62,0.493331030131418,0.496762201618476,0.526469321057643,3,3,4,3,3
a hot air balloon with chameleon logo. the sun is shining and puffy white clouds are in the background.,Controlnet/062-4.png,62,0.523735917286384,0.51730153250685,0.45713997056306,4,4,4,3,2
a hot air balloon with chameleon logo. the sun is shining and puffy white clouds are in the background.,DALLE/062-1.png,62,0.555181129510693,0.5066693434253601,0.529554103216975,3,3,2,3,2
a hot air balloon with chameleon logo. the sun is shining and puffy white clouds are in the background.,DALLE/062-2.png,62,0.540323129017968,0.474906943384662,0.514987297594772,3,3,2,2,2
a hot air balloon with chameleon logo. the sun is shining and puffy white clouds are in the background.,DALLE/062-3.png,62,0.559378473555537,0.489816613433078,0.446878506341258,4,4,4,2,3
a hot air balloon with chameleon logo. the sun is shining and puffy white clouds are in the background.,DALLE/062-4.png,62,0.570007081640987,0.503291154327846,0.50704917599793,4,4,4,3,2
a hot air balloon with chameleon logo. the sun is shining and puffy white clouds are in the background.,Glide/062-1.png,62,0.504615153924714,0.499094847115577,0.502600408458689,2,3,2,3,2
a hot air balloon with chameleon logo. the sun is shining and puffy white clouds are in the background.,Glide/062-2.png,62,0.399093289241968,0.4966300007156159,0.472996240516468,3,3,4,3,2
a hot air balloon with chameleon logo. the sun is shining and puffy white clouds are in the background.,Glide/062-3.png,62,0.4402280515156049,0.5627568697241739,0.567269114133238,3,3,3,3,2
a hot air balloon with chameleon logo. the sun is shining and puffy white clouds are in the background.,Glide/062-4.png,62,0.422714082863089,0.506754418234605,0.498072130949909,2,3,2,2,3
a hot air balloon with chameleon logo. the sun is shining and puffy white clouds are in the background.,Lafite/062-1.png,62,0.460921628535958,0.504382301619777,0.529194867506143,4,4,4,3,3
a hot air balloon with chameleon logo. the sun is shining and puffy white clouds are in the background.,Lafite/062-2.png,62,0.4786068816830749,0.407728054855018,0.49508277325209,2,2,2,1,2
a hot air balloon with chameleon logo. the sun is shining and puffy white clouds are in the background.,Lafite/062-3.png,62,0.4714693549793189,0.524359004521153,0.514061269533211,2,2,3,2,3
a hot air balloon with chameleon logo. the sun is shining and puffy white clouds are in the background.,Lafite/062-4.png,62,0.4425412078015809,0.454326428487945,0.498117891713496,3,3,3,3,2
a hot air balloon with chameleon logo. the sun is shining and puffy white clouds are in the background.,stable-diffusion/062-1.png,62,0.617778403982819,0.545888765714061,0.552469974363703,4,4,4,2,1
a hot air balloon with chameleon logo. the sun is shining and puffy white clouds are in the background.,stable-diffusion/062-2.png,62,0.6524232329395031,0.587333458469299,0.63410679447385,4,4,4,3,2
a hot air balloon with chameleon logo. the sun is shining and puffy white clouds are in the background.,stable-diffusion/062-3.png,62,0.44296737265584,0.369279053324431,0.414625676353993,2,2,2,1,1
a hot air balloon with chameleon logo. the sun is shining and puffy white clouds are in the background.,stable-diffusion/062-4.png,62,0.6663463068697131,0.63600568319663,0.526202459801561,4,4,4,2,3
a hot air balloon with chameleon logo. the sun is shining and puffy white clouds are in the background.,Unidiffuser/062-1.png,62,0.545072771252034,0.463621952772368,0.4636047713991,3,3,2,2,2
a hot air balloon with chameleon logo. the sun is shining and puffy white clouds are in the background.,Unidiffuser/062-2.png,62,0.483261853255337,0.433645518728713,0.4646133703465049,3,2,3,2,2
a hot air balloon with chameleon logo. the sun is shining and puffy white clouds are in the background.,Unidiffuser/062-3.png,62,0.555420972984757,0.540611286687515,0.50532405238677,4,4,3,2,2
a hot air balloon with chameleon logo. the sun is shining and puffy white clouds are in the background.,Unidiffuser/062-4.png,62,0.4688443205899619,0.417567401174624,0.4317632237075069,2,2,2,2,3
A sign that says Deep Learning,Controlnet/063-1.png,63,0.56502047685212,0.573774999482347,0.503931856893019,4,4,4,2,2
A sign that says Deep Learning,Controlnet/063-2.png,63,0.4722944911779679,0.473042454643251,0.412504082689181,3,3,3,2,2
A sign that says Deep Learning,Controlnet/063-3.png,63,0.5898766827952691,0.6026190254378929,0.557559028958233,4,4,4,3,2
A sign that says Deep Learning,Controlnet/063-4.png,63,0.537399288042322,0.51078874111951,0.422734438125414,4,4,4,2,2
A sign that says Deep Learning,DALLE/063-1.png,63,0.628069996720962,0.6071011723199861,0.524640422574866,4,4,4,3,2
A sign that says Deep Learning,DALLE/063-2.png,63,0.571037415728869,0.547183666973945,0.528283352732984,2,3,2,3,2
A sign that says Deep Learning,DALLE/063-3.png,63,0.609802414261881,0.556793360232951,0.487945901630054,4,4,4,3,2
A sign that says Deep Learning,DALLE/063-4.png,63,0.553373385851753,0.5268269303250139,0.473319714565245,4,4,2,3,1
A sign that says Deep Learning,Glide/063-1.png,63,0.425152182869132,0.472022948598235,0.465778114500718,3,3,3,3,2
A sign that says Deep Learning,Glide/063-2.png,63,0.428439592766048,0.4417378376967659,0.393687109012783,2,3,1,2,1
A sign that says Deep Learning,Glide/063-3.png,63,0.411431663808486,0.444128848057818,0.4099407932700989,3,3,2,3,2
A sign that says Deep Learning,Glide/063-4.png,63,0.346138915821872,0.426697603121206,0.412117658683941,1,1,1,2,1
A sign that says Deep Learning,Lafite/063-1.png,63,0.380854337358874,0.395437862619633,0.387120551411152,2,1,2,1,1
A sign that says Deep Learning,Lafite/063-2.png,63,0.4151787888502929,0.4455413155996839,0.442749406653743,2,2,2,2,1
A sign that says Deep Learning,Lafite/063-3.png,63,0.3570509746395949,0.382030641203553,0.364919033158341,2,3,3,2,2
A sign that says Deep Learning,Lafite/063-4.png,63,0.4583279663680429,0.4859207693225479,0.4207837102007,2,2,2,1,1
A sign that says Deep Learning,stable-diffusion/063-1.png,63,0.6263969965716459,0.634467696936306,0.5364965077289731,3,3,2,3,1
A sign that says Deep Learning,stable-diffusion/063-2.png,63,0.573186319688355,0.542909942873344,0.444790151275132,3,3,2,2,1
A sign that says Deep Learning,stable-diffusion/063-3.png,63,0.513140982823016,0.435303098300462,0.393646457442697,3,3,2,3,1
A sign that says Deep Learning,stable-diffusion/063-4.png,63,0.496953382562208,0.548093132144536,0.44030813246017,2,2,2,2,1
A sign that says Deep Learning,Unidiffuser/063-1.png,63,0.4902363979464539,0.525476202133065,0.441923213598812,3,3,3,2,2
A sign that says Deep Learning,Unidiffuser/063-2.png,63,0.555151233299758,0.5532835030970911,0.486641908748526,3,3,2,3,2
A sign that says Deep Learning,Unidiffuser/063-3.png,63,0.425494653454413,0.4549389132768809,0.454496001559056,2,2,2,2,1
A sign that says Deep Learning,Unidiffuser/063-4.png,63,0.334256878473518,0.437181373333149,0.426453879754584,1,1,1,1,1
the word 'APPLE' on an apple,Controlnet/064-1.png,64,0.5347555665962119,0.5046764645438749,0.431717615410313,4,4,4,3,2
the word 'APPLE' on an apple,Controlnet/064-2.png,64,0.520955410474233,0.475156219224212,0.433241565738353,3,3,3,3,1
the word 'APPLE' on an apple,Controlnet/064-3.png,64,0.5063098256530401,0.432225229638911,0.466757362882983,3,2,3,1,1
the word 'APPLE' on an apple,Controlnet/064-4.png,64,0.552017438293642,0.5096038421858851,0.447080996697627,4,4,3,3,2
the word 'APPLE' on an apple,DALLE/064-1.png,64,0.517726579621278,0.5443211441391039,0.483643795035184,1,3,2,2,1
the word 'APPLE' on an apple,DALLE/064-2.png,64,0.495185272602725,0.451495105217112,0.451134321572777,3,3,2,2,2
the word 'APPLE' on an apple,DALLE/064-3.png,64,0.566167447622697,0.642885057690289,0.637262655235959,2,3,3,3,3
the word 'APPLE' on an apple,DALLE/064-4.png,64,0.575181620291992,0.529153187869553,0.505914623564935,3,3,2,3,2
the word 'APPLE' on an apple,Glide/064-1.png,64,0.39878852168309,0.427125471644529,0.399556494363865,3,3,2,3,2
the word 'APPLE' on an apple,Glide/064-2.png,64,0.4530989195756379,0.427644630422725,0.460464313659541,2,2,2,2,2
the word 'APPLE' on an apple,Glide/064-3.png,64,0.452453938405826,0.534972298904194,0.440340629825855,3,3,2,2,2
the word 'APPLE' on an apple,Glide/064-4.png,64,0.432680758286103,0.5208705508618521,0.478251844484192,2,3,2,3,2
the word 'APPLE' on an apple,Lafite/064-1.png,64,0.407300157795317,0.4317354914060509,0.389093010236391,2,2,1,2,1
the word 'APPLE' on an apple,Lafite/064-2.png,64,0.399517114506844,0.420918023778402,0.397274841192255,1,1,1,1,2
the word 'APPLE' on an apple,Lafite/064-3.png,64,0.425113534096548,0.4022898861497559,0.356056671231033,1,2,2,3,1
the word 'APPLE' on an apple,Lafite/064-4.png,64,0.403866629696753,0.420975808438388,0.364872487031695,3,3,2,2,2
the word 'APPLE' on an apple,stable-diffusion/064-1.png,64,0.550915118893215,0.47623595541583,0.570198291109611,4,4,4,2,2
the word 'APPLE' on an apple,stable-diffusion/064-2.png,64,0.581232917506078,0.524310950661519,0.435827566079662,4,4,4,2,2
the word 'APPLE' on an apple,stable-diffusion/064-3.png,64,0.604460308143799,0.576029514739485,0.481408808237763,4,4,4,3,2
the word 'APPLE' on an apple,stable-diffusion/064-4.png,64,0.437040015688311,0.405866319948939,0.453648507793269,1,2,2,1,1
the word 'APPLE' on an apple,Unidiffuser/064-1.png,64,0.392563648590973,0.415056684916798,0.39047506046749,2,3,2,2,2
the word 'APPLE' on an apple,Unidiffuser/064-2.png,64,0.4790972346752229,0.445513680006627,0.415566484198173,2,2,2,3,2
the word 'APPLE' on an apple,Unidiffuser/064-3.png,64,0.508330511267716,0.481577007453275,0.434871289350433,4,4,4,2,1
the word 'APPLE' on an apple,Unidiffuser/064-4.png,64,0.50629380853102,0.434115947936092,0.494639961364437,3,3,2,3,2
the word 'START',Controlnet/066-1.png,66,0.6038897242626939,0.540854678263076,0.40458060929547,4,4,3,2,2
the word 'START',Controlnet/066-2.png,66,0.633633456573281,0.623153874188283,0.492288986642562,4,1,4,1,1
the word 'START',Controlnet/066-3.png,66,0.544649464257919,0.560857213144081,0.4942378508609429,3,3,2,3,2
the word 'START',Controlnet/066-4.png,66,0.495216800152543,0.456605904974328,0.40349919901404,4,4,4,2,3
the word 'START',DALLE/066-1.png,66,0.525748287617235,0.557903184560185,0.562913669449372,2,3,2,3,3
the word 'START',DALLE/066-2.png,66,0.600064533551665,0.616719643596282,0.680816639998137,4,4,4,3,3
the word 'START',DALLE/066-3.png,66,0.6151834927557389,0.595120456135015,0.565069664216,4,4,3,3,3
the word 'START',DALLE/066-4.png,66,0.5211198548672941,0.619055137217084,0.520315526816638,4,4,4,3,2
the word 'START',Glide/066-1.png,66,0.3887731600963729,0.389275752777323,0.4287580480858159,1,2,2,1,1
the word 'START',Glide/066-2.png,66,0.453650798726074,0.391900353303472,0.4105450145723789,2,2,1,1,1
the word 'START',Glide/066-3.png,66,0.355277532748208,0.36331979752175,0.333808657073166,2,2,2,2,1
the word 'START',Glide/066-4.png,66,0.353401896216049,0.371204392083632,0.371264465026311,1,1,1,1,1
the word 'START',Lafite/066-1.png,66,0.328650914458113,0.354332756510647,0.298515797441931,1,1,2,1,1
the word 'START',Lafite/066-2.png,66,0.43487556442551,0.414650051517593,0.423875212038948,1,1,1,1,1
the word 'START',Lafite/066-3.png,66,0.407263456770338,0.403191066630171,0.355000715889856,2,3,3,1,1
the word 'START',Lafite/066-4.png,66,0.403622227586727,0.378497544158699,0.3497373742549999,2,3,2,2,1
the word 'START',stable-diffusion/066-1.png,66,0.528934904813292,0.574045852871746,0.506012982140298,3,3,2,2,1
the word 'START',stable-diffusion/066-2.png,66,0.522914409211392,0.474038409234062,0.455841250037553,4,4,4,3,3
the word 'START',stable-diffusion/066-3.png,66,0.550029857446008,0.547838521290101,0.5444738071509689,4,4,3,2,2
the word 'START',stable-diffusion/066-4.png,66,0.563853800650992,0.5152984192177761,0.552026801193172,4,4,4,2,1
the word 'START',Unidiffuser/066-1.png,66,0.6902163715069889,0.617993343098003,0.482980958313836,4,4,3,3,2
the word 'START',Unidiffuser/066-2.png,66,0.636648978606135,0.602267147366985,0.611968055105994,4,4,4,2,1
the word 'START',Unidiffuser/066-3.png,66,0.650548441740925,0.6318957359306561,0.5878811905432719,3,3,2,3,3
the word 'START',Unidiffuser/066-4.png,66,0.372751820479578,0.399186209172573,0.404681519036447,2,2,2,1,2
a store front with 'Grassy Meadow' written on it,Controlnet/068-1.png,68,0.6493015189436611,0.6519435336304581,0.555790194983692,3,4,3,3,2
a store front with 'Grassy Meadow' written on it,Controlnet/068-2.png,68,0.5833835040425049,0.508498815971939,0.542327154399146,4,4,4,3,2
a store front with 'Grassy Meadow' written on it,Controlnet/068-3.png,68,0.5346749736643229,0.548626053060592,0.497054024300309,4,3,2,2,2
a store front with 'Grassy Meadow' written on it,Controlnet/068-4.png,68,0.588551111044277,0.585330029377092,0.570289414319477,2,3,2,2,2
a store front with 'Grassy Meadow' written on it,DALLE/068-1.png,68,0.674251529027297,0.673340094649211,0.536569196331778,4,4,4,3,2
a store front with 'Grassy Meadow' written on it,DALLE/068-2.png,68,0.607040905308307,0.5845828776204359,0.51297710554619,4,4,4,3,2
a store front with 'Grassy Meadow' written on it,DALLE/068-3.png,68,0.640816074493821,0.598294542554002,0.479714657306718,4,4,3,3,2
a store front with 'Grassy Meadow' written on it,DALLE/068-4.png,68,0.543099031269584,0.536356612621912,0.4661442468714329,4,4,2,3,2
a store front with 'Grassy Meadow' written on it,Glide/068-1.png,68,0.407572341561579,0.454415498032819,0.483685519697691,2,2,2,2,2
a store front with 'Grassy Meadow' written on it,Glide/068-2.png,68,0.346637846738492,0.368744454069335,0.402699303799806,1,2,1,2,1
a store front with 'Grassy Meadow' written on it,Glide/068-3.png,68,0.3435727131901609,0.4890899294204039,0.449483582772311,1,2,2,2,2
a store front with 'Grassy Meadow' written on it,Glide/068-4.png,68,0.431144628760008,0.487469534591552,0.409523728949092,1,2,2,3,1
a store front with 'Grassy Meadow' written on it,Lafite/068-1.png,68,0.429216685178717,0.438473455532788,0.412149823913847,2,3,2,1,1
a store front with 'Grassy Meadow' written on it,Lafite/068-2.png,68,0.392543080230989,0.43158985177693,0.395675816790743,2,1,1,1,1
a store front with 'Grassy Meadow' written on it,Lafite/068-3.png,68,0.430355729975179,0.450904719835368,0.447126060606329,2,2,2,1,1
a store front with 'Grassy Meadow' written on it,Lafite/068-4.png,68,0.463299841279247,0.517599389975956,0.4880159186133109,2,2,2,2,2
a store front with 'Grassy Meadow' written on it,stable-diffusion/068-1.png,68,0.5881713498955969,0.562852680425305,0.446120917685966,4,4,4,3,1
a store front with 'Grassy Meadow' written on it,stable-diffusion/068-2.png,68,0.5959072448180059,0.593176467048092,0.537549746802223,3,3,2,3,2
a store front with 'Grassy Meadow' written on it,stable-diffusion/068-3.png,68,0.425157306738801,0.445942699970962,0.48128192257467,1,1,1,1,2
a store front with 'Grassy Meadow' written on it,stable-diffusion/068-4.png,68,0.567332635587571,0.530342918509959,0.515074526615846,4,4,4,2,2
a store front with 'Grassy Meadow' written on it,Unidiffuser/068-1.png,68,0.481566752754794,0.406449547342877,0.4336758496564589,2,2,2,2,3
a store front with 'Grassy Meadow' written on it,Unidiffuser/068-2.png,68,0.641280699485428,0.555088728637779,0.551923092556337,3,3,3,2,1
a store front with 'Grassy Meadow' written on it,Unidiffuser/068-3.png,68,0.50326636987402,0.534501069626885,0.481404831851249,4,4,4,3,2
a store front with 'Grassy Meadow' written on it,Unidiffuser/068-4.png,68,0.491999249740484,0.506170887373656,0.472905697954615,4,4,4,3,2
"A green sign that says ""Very Deep Learning"" and is at the edge of the Grand Canyon.",Controlnet/069-1.png,69,0.494342837032283,0.536789032659262,0.496422824087077,4,4,4,3,2
"A green sign that says ""Very Deep Learning"" and is at the edge of the Grand Canyon.",Controlnet/069-2.png,69,0.528837821172391,0.486313213292167,0.462101874793881,3,3,3,2,2
"A green sign that says ""Very Deep Learning"" and is at the edge of the Grand Canyon.",Controlnet/069-3.png,69,0.600949832784864,0.523936062634645,0.508988074005584,2,2,4,3,2
"A green sign that says ""Very Deep Learning"" and is at the edge of the Grand Canyon.",Controlnet/069-4.png,69,0.59283432052917,0.526115430459097,0.526309156640435,4,3,4,2,2
"A green sign that says ""Very Deep Learning"" and is at the edge of the Grand Canyon.",DALLE/069-1.png,69,0.646681221242397,0.617124912590801,0.514400211586555,3,3,3,3,2
"A green sign that says ""Very Deep Learning"" and is at the edge of the Grand Canyon.",DALLE/069-2.png,69,0.6118194707047909,0.615432905438738,0.4848380323044239,4,4,4,3,2
"A green sign that says ""Very Deep Learning"" and is at the edge of the Grand Canyon.",DALLE/069-3.png,69,0.557522403681437,0.552542979510165,0.44725888917785,2,3,2,3,2
"A green sign that says ""Very Deep Learning"" and is at the edge of the Grand Canyon.",DALLE/069-4.png,69,0.635850565588313,0.626596289138485,0.531159313273402,3,3,3,3,2
"A green sign that says ""Very Deep Learning"" and is at the edge of the Grand Canyon.",Glide/069-1.png,69,0.33583665577889,0.412867736955501,0.383859672571404,1,1,2,2,2
"A green sign that says ""Very Deep Learning"" and is at the edge of the Grand Canyon.",Glide/069-2.png,69,0.360804110907354,0.4876231304556689,0.446032823956875,2,2,2,3,2
"A green sign that says ""Very Deep Learning"" and is at the edge of the Grand Canyon.",Glide/069-3.png,69,0.461828699300711,0.474463833330243,0.4984857650569539,2,2,2,2,2
"A green sign that says ""Very Deep Learning"" and is at the edge of the Grand Canyon.",Glide/069-4.png,69,0.411784601779319,0.50001568329742,0.394607879777655,2,3,2,2,2
"A green sign that says ""Very Deep Learning"" and is at the edge of the Grand Canyon.",Lafite/069-1.png,69,0.400847231226982,0.4519771886319529,0.4483747663863349,2,2,2,1,2
"A green sign that says ""Very Deep Learning"" and is at the edge of the Grand Canyon.",Lafite/069-2.png,69,0.409099357673267,0.429611032716048,0.479521307491812,2,2,2,1,1
"A green sign that says ""Very Deep Learning"" and is at the edge of the Grand Canyon.",Lafite/069-3.png,69,0.4228197576640909,0.443996604380084,0.431371478491315,2,2,2,1,1
"A green sign that says ""Very Deep Learning"" and is at the edge of the Grand Canyon.",Lafite/069-4.png,69,0.373083343821064,0.388017785806915,0.478702309786647,2,3,3,2,2
"A green sign that says ""Very Deep Learning"" and is at the edge of the Grand Canyon.",stable-diffusion/069-1.png,69,0.420905155761751,0.497926067032216,0.400398891721083,2,2,2,2,1
"A green sign that says ""Very Deep Learning"" and is at the edge of the Grand Canyon.",stable-diffusion/069-2.png,69,0.570001922836541,0.599258347840794,0.539893971205166,2,3,3,3,1
"A green sign that says ""Very Deep Learning"" and is at the edge of the Grand Canyon.",stable-diffusion/069-3.png,69,0.607490867814945,0.53027214371062,0.546362193421465,3,3,3,2,2
"A green sign that says ""Very Deep Learning"" and is at the edge of the Grand Canyon.",stable-diffusion/069-4.png,69,0.63206696757812,0.635988658943873,0.5586857266735791,3,3,3,3,2
"A green sign that says ""Very Deep Learning"" and is at the edge of the Grand Canyon.",Unidiffuser/069-1.png,69,0.478268141666038,0.5164363712317219,0.535581478405589,4,4,4,3,2
"A green sign that says ""Very Deep Learning"" and is at the edge of the Grand Canyon.",Unidiffuser/069-2.png,69,0.42560284271504,0.399614967853853,0.416753075262082,3,2,2,1,1
"A green sign that says ""Very Deep Learning"" and is at the edge of the Grand Canyon.",Unidiffuser/069-3.png,69,0.499670291595253,0.501429278684039,0.484954258695746,3,3,2,3,2
"A green sign that says ""Very Deep Learning"" and is at the edge of the Grand Canyon.",Unidiffuser/069-4.png,69,0.583887393182346,0.558811807870311,0.565517278253624,2,2,3,1,2
Four cats surrounding a dog,Controlnet/070-1.png,70,0.468707818046886,0.43370337109106,0.435272633423409,4,3,4,3,2
Four cats surrounding a dog,Controlnet/070-2.png,70,0.5259428087566149,0.44587684110182,0.3560931175624,4,4,4,3,1
Four cats surrounding a dog,Controlnet/070-3.png,70,0.5424808535050549,0.458175478504411,0.411585519393116,3,3,3,2,1
Four cats surrounding a dog,Controlnet/070-4.png,70,0.544506071113682,0.546760579683897,0.425305247325173,3,4,4,2,2
Four cats surrounding a dog,DALLE/070-1.png,70,0.563336596495066,0.562214909077811,0.516158270662584,3,3,3,2,2
Four cats surrounding a dog,DALLE/070-2.png,70,0.596570808552753,0.5855569896849989,0.580632110603172,3,3,3,2,2
Four cats surrounding a dog,DALLE/070-3.png,70,0.50435002192554,0.418448481836046,0.4177052059739259,4,3,4,2,2
Four cats surrounding a dog,DALLE/070-4.png,70,0.549612121309537,0.525098960833787,0.538901043579167,4,4,4,2,2
Four cats surrounding a dog,Glide/070-1.png,70,0.4062013318059509,0.451417718878617,0.415870053811864,2,2,3,3,1
Four cats surrounding a dog,Glide/070-2.png,70,0.386024036264845,0.4279052077617409,0.403141495965181,2,2,2,2,1
Four cats surrounding a dog,Glide/070-3.png,70,0.359709961290412,0.406571530764497,0.374552398210029,2,3,2,2,1
Four cats surrounding a dog,Glide/070-4.png,70,0.3949949609861869,0.426863046601083,0.446028572077316,1,2,2,2,2
Four cats surrounding a dog,Lafite/070-1.png,70,0.357634840567121,0.381947794023956,0.353381645460707,3,1,2,2,1
Four cats surrounding a dog,Lafite/070-2.png,70,0.412169801470286,0.455416381049781,0.4015236823876539,1,1,1,1,1
Four cats surrounding a dog,Lafite/070-3.png,70,0.345971774062395,0.388962467113755,0.360314031733533,2,2,1,1,1
Four cats surrounding a dog,Lafite/070-4.png,70,0.3844394025156299,0.391916817612585,0.4083758479922669,1,1,2,1,1
Four cats surrounding a dog,stable-diffusion/070-1.png,70,0.492201758792428,0.444237961639229,0.408443942392638,3,3,3,2,2
Four cats surrounding a dog,stable-diffusion/070-2.png,70,0.452019244532767,0.4011070907270009,0.408688815145959,3,4,2,2,2
Four cats surrounding a dog,stable-diffusion/070-3.png,70,0.484549789422746,0.514507423070826,0.465084695490775,2,2,2,2,2
Four cats surrounding a dog,stable-diffusion/070-4.png,70,0.5550184769343101,0.525808864078771,0.442072133505464,3,4,3,2,2
Four cats surrounding a dog,Unidiffuser/070-1.png,70,0.631210331515033,0.509194115522584,0.4912425527769549,2,2,3,1,2
Four cats surrounding a dog,Unidiffuser/070-2.png,70,0.507191725562012,0.442951379060077,0.4630590407558789,3,3,2,2,2
Four cats surrounding a dog,Unidiffuser/070-3.png,70,0.451057992939725,0.425370037717553,0.414193207231442,2,3,3,2,2
Four cats surrounding a dog,Unidiffuser/070-4.png,70,0.426290056098898,0.414312179564547,0.440189918717853,2,2,2,2,2
three children on a couch,Controlnet/071-1.png,71,0.406146918300323,0.387220341127748,0.531703783189154,3,3,3,1,3
three children on a couch,Controlnet/071-2.png,71,0.470427986710801,0.415561952824136,0.549555179825808,2,2,3,2,3
three children on a couch,Controlnet/071-3.png,71,0.4641424112958029,0.410232848072215,0.483916669676765,4,4,3,2,3
three children on a couch,Controlnet/071-4.png,71,0.522883844378496,0.408427154191302,0.3869246883632369,4,4,3,2,2
three children on a couch,DALLE/071-1.png,71,0.544870534927011,0.521582796224926,0.561834097233558,4,4,3,2,2
three children on a couch,DALLE/071-2.png,71,0.510146887529662,0.434678959718158,0.553760091441407,4,4,4,2,2
three children on a couch,DALLE/071-3.png,71,0.541064407170975,0.4134932487555259,0.581708510097862,3,3,3,2,3
three children on a couch,DALLE/071-4.png,71,0.561130457847094,0.50623940778748,0.577739853974529,3,3,3,1,3
three children on a couch,Glide/071-1.png,71,0.389492762036313,0.3962294794237139,0.345200500141065,2,2,2,2,2
three children on a couch,Glide/071-2.png,71,0.342759668748806,0.393121076237409,0.32380633323908,2,3,3,2,2
three children on a couch,Glide/071-3.png,71,0.409575122057377,0.504979151070503,0.389243625933483,2,2,2,2,1
three children on a couch,Glide/071-4.png,71,0.345281113835421,0.409906034459323,0.355576356242394,1,3,2,2,1
three children on a couch,Lafite/071-1.png,71,0.420430096925876,0.4217697079950969,0.42833876749835,2,2,3,1,2
three children on a couch,Lafite/071-2.png,71,0.338514840073266,0.404260938285828,0.421729724041933,1,1,1,1,1
three children on a couch,Lafite/071-3.png,71,0.4073415742929619,0.369213863957329,0.491971539496931,2,2,3,2,3
three children on a couch,Lafite/071-4.png,71,0.339872803732069,0.368637964935379,0.38490118893758,3,3,1,1,3
three children on a couch,stable-diffusion/071-1.png,71,0.505460031534853,0.44035322460765,0.5359514758138669,3,3,3,1,3
three children on a couch,stable-diffusion/071-2.png,71,0.374977528063795,0.397911516195745,0.4673882604999649,2,1,3,1,3
three children on a couch,stable-diffusion/071-3.png,71,0.509459339564465,0.46864653492939,0.526357267008573,2,3,2,1,3
three children on a couch,stable-diffusion/071-4.png,71,0.4228406434547579,0.399112261793066,0.391031382538031,4,4,3,2,2
three children on a couch,Unidiffuser/071-1.png,71,0.528868779643917,0.49160408698243,0.467314441729399,3,3,2,3,2
three children on a couch,Unidiffuser/071-2.png,71,0.572651863427415,0.522752576786755,0.6406512803991561,4,3,3,2,3
three children on a couch,Unidiffuser/071-3.png,71,0.314334115641816,0.328105855928868,0.39368549148975,1,2,2,2,3
three children on a couch,Unidiffuser/071-4.png,71,0.562714287523693,0.540083744959998,0.602828975510669,3,4,3,2,3
two motorcycles facing each other,Controlnet/072-1.png,72,0.6354764879282601,0.575070629003974,0.521743145347634,3,3,3,3,2
two motorcycles facing each other,Controlnet/072-2.png,72,0.585698183959797,0.498090982148422,0.430836087705115,3,3,2,2,2
two motorcycles facing each other,Controlnet/072-3.png,72,0.661451655866331,0.680639484901886,0.670042187473606,4,4,4,3,3
two motorcycles facing each other,Controlnet/072-4.png,72,0.5832371283787711,0.5535380976129161,0.6257026255007311,3,4,3,2,3
two motorcycles facing each other,DALLE/072-1.png,72,0.56870522960372,0.5526481434537,0.554981514210264,4,4,4,3,3
two motorcycles facing each other,DALLE/072-2.png,72,0.574091763132092,0.644504712950413,0.567092937378332,4,4,2,3,3
two motorcycles facing each other,DALLE/072-3.png,72,0.5852746751819901,0.628574564973366,0.561924762363057,4,4,3,3,3
two motorcycles facing each other,DALLE/072-4.png,72,0.563594195645939,0.564136919549835,0.629892046129344,4,4,4,2,3
two motorcycles facing each other,Glide/072-1.png,72,0.3835166814051309,0.441891615825813,0.44936947331139,2,2,2,1,2
two motorcycles facing each other,Glide/072-2.png,72,0.379870376219598,0.411433274614034,0.411740826450441,1,3,3,3,1
two motorcycles facing each other,Glide/072-3.png,72,0.434784398926123,0.43384843181882,0.444762513617137,1,2,2,2,2
two motorcycles facing each other,Glide/072-4.png,72,0.385571540085725,0.5125164947956911,0.489048983013648,3,3,3,3,2
two motorcycles facing each other,Lafite/072-1.png,72,0.368732230270356,0.287476547334855,0.396110666774427,1,1,2,1,3
two motorcycles facing each other,Lafite/072-2.png,72,0.363079591311674,0.391217749449957,0.39520229562361,3,1,1,1,3
two motorcycles facing each other,Lafite/072-3.png,72,0.434014386616985,0.448471448543341,0.441221793894633,3,2,2,2,2
two motorcycles facing each other,Lafite/072-4.png,72,0.376365357461503,0.398652071136832,0.412279471810036,1,2,2,1,2
two motorcycles facing each other,stable-diffusion/072-1.png,72,0.642731377768071,0.600865174477182,0.567264649500771,4,4,4,2,3
two motorcycles facing each other,stable-diffusion/072-2.png,72,0.5807834022563609,0.559668204976198,0.4496103191382319,3,3,3,2,3
two motorcycles facing each other,stable-diffusion/072-3.png,72,0.3867907590075469,0.418973084907263,0.396454660211759,3,2,3,1,1
two motorcycles facing each other,stable-diffusion/072-4.png,72,0.616289372034911,0.596822134793652,0.605581962049147,3,3,3,2,3
two motorcycles facing each other,Unidiffuser/072-1.png,72,0.387840917586002,0.498577001207672,0.459785472214633,2,2,2,3,2
two motorcycles facing each other,Unidiffuser/072-2.png,72,0.539481546695044,0.502327130319919,0.542824058327141,3,3,2,1,3
two motorcycles facing each other,Unidiffuser/072-3.png,72,0.608609837956353,0.601994008953127,0.517038812765533,3,3,3,2,2
two motorcycles facing each other,Unidiffuser/072-4.png,72,0.553906934954447,0.463311870931023,0.5099150087735029,3,4,3,3,2
two red balls on a table,Controlnet/073-1.png,73,0.631842801205584,0.616293561642821,0.6473002848720991,3,3,4,3,2
two red balls on a table,Controlnet/073-2.png,73,0.510607225532119,0.530657661002237,0.3990770682016979,3,3,3,3,2
two red balls on a table,Controlnet/073-3.png,73,0.504343722971389,0.522308817608389,0.433456998938505,4,4,4,3,2
two red balls on a table,Controlnet/073-4.png,73,0.571665072521215,0.554326512822866,0.506951127590462,4,4,4,3,2
two red balls on a table,DALLE/073-1.png,73,0.577207533309018,0.569407508101781,0.537678244529731,4,4,4,3,3
two red balls on a table,DALLE/073-2.png,73,0.48607099506212,0.503570960432835,0.485657025586093,2,3,4,2,3
two red balls on a table,DALLE/073-3.png,73,0.6154316802079061,0.554897754675672,0.588237924006807,2,3,2,2,3
two red balls on a table,DALLE/073-4.png,73,0.541373761088838,0.4440375033604279,0.509979178107644,3,3,2,2,3
two red balls on a table,Glide/073-1.png,73,0.516729968835135,0.5853721737633361,0.582678979536992,4,4,2,3,3
two red balls on a table,Glide/073-2.png,73,0.5331238688751749,0.56455888079491,0.486556614790421,3,3,3,3,1
two red balls on a table,Glide/073-3.png,73,0.475290454137254,0.525419390572927,0.553443281526211,2,4,3,3,3
two red balls on a table,Glide/073-4.png,73,0.50322852162786,0.539906312915962,0.555388067897571,3,3,2,2,3
two red balls on a table,Lafite/073-1.png,73,0.493553332672936,0.534746412844327,0.4691214980600919,2,2,2,2,2
two red balls on a table,Lafite/073-2.png,73,0.4078996642380639,0.43928588293443,0.460766932736664,2,3,2,2,1
two red balls on a table,Lafite/073-3.png,73,0.354890856158714,0.362594990792403,0.415963060677942,2,2,2,2,2
two red balls on a table,Lafite/073-4.png,73,0.45458892444651,0.462108850281136,0.50576770481417,1,2,2,2,1
two red balls on a table,stable-diffusion/073-1.png,73,0.642279272118639,0.604575913035712,0.652070383997434,3,4,4,3,3
two red balls on a table,stable-diffusion/073-2.png,73,0.435193269383804,0.4424241654258249,0.414238278967422,1,2,2,3,3
two red balls on a table,stable-diffusion/073-3.png,73,0.598874748925141,0.582912418794556,0.42528114869356,4,4,4,3,2
two red balls on a table,stable-diffusion/073-4.png,73,0.658746024134472,0.692785232597723,0.723930662175813,4,4,2,3,3
two red balls on a table,Unidiffuser/073-1.png,73,0.4897199288606579,0.457675006383255,0.437735277634445,3,3,2,3,2
two red balls on a table,Unidiffuser/073-2.png,73,0.539434012110122,0.564675245168179,0.62122814727865,3,2,2,3,3
two red balls on a table,Unidiffuser/073-3.png,73,0.370185117009613,0.423468814240336,0.519394080583388,1,1,1,1,3
two red balls on a table,Unidiffuser/073-4.png,73,0.556529688224316,0.493772426874418,0.42121488488204,3,3,2,3,2
ten red apples,Controlnet/074-1.png,74,0.5189681389043119,0.39367594887394,0.411797989449014,3,3,3,3,2
ten red apples,Controlnet/074-2.png,74,0.641369086274984,0.637406507882557,0.526621601782346,3,4,4,3,2
ten red apples,Controlnet/074-3.png,74,0.548273724125986,0.477865627139816,0.459650865037413,3,3,2,3,1
ten red apples,Controlnet/074-4.png,74,0.485260940518763,0.51131102882152,0.407433817549103,4,4,4,3,2
ten red apples,DALLE/074-1.png,74,0.64639501844599,0.631045387732915,0.526591001311539,3,4,2,3,2
ten red apples,DALLE/074-2.png,74,0.654142652636604,0.608549735128729,0.556650651385218,4,4,4,3,2
ten red apples,DALLE/074-3.png,74,0.601754968808393,0.539303120644728,0.5056065530067579,3,4,3,2,2
ten red apples,DALLE/074-4.png,74,0.6717567956850821,0.67931168944446,0.552492312544101,4,4,4,3,2
ten red apples,Glide/074-1.png,74,0.4224894293312269,0.493440805289822,0.522170665271418,2,3,2,2,2
ten red apples,Glide/074-2.png,74,0.502993803594989,0.517529372932232,0.343052611809615,4,3,3,3,1
ten red apples,Glide/074-3.png,74,0.499395375914232,0.561156447696387,0.4453169507255159,3,3,2,3,2
ten red apples,Glide/074-4.png,74,0.464875205270485,0.4728462131346729,0.522538272539579,3,3,3,3,2
ten red apples,Lafite/074-1.png,74,0.397438776092388,0.365910851861786,0.419885478427301,2,2,2,2,2
ten red apples,Lafite/074-2.png,74,0.362317154198054,0.363496154078692,0.331305026048211,1,2,1,1,2
ten red apples,Lafite/074-3.png,74,0.463271473590683,0.46396609703966,0.4377937548973329,2,3,1,1,2
ten red apples,Lafite/074-4.png,74,0.437244922936565,0.4028270112586199,0.458558196520185,4,4,2,1,2
ten red apples,stable-diffusion/074-1.png,74,0.6549447117291579,0.562699388564913,0.48259634461827,4,4,4,3,3
ten red apples,stable-diffusion/074-2.png,74,0.704870784659485,0.671917372807348,0.571798452421961,4,4,4,3,2
ten red apples,stable-diffusion/074-3.png,74,0.580472182598513,0.5679322507092199,0.545499004258098,3,3,3,3,1
ten red apples,stable-diffusion/074-4.png,74,0.467384475177588,0.5198097506867569,0.491967311483756,3,3,2,2,2
ten red apples,Unidiffuser/074-1.png,74,0.511861434109386,0.534428133176785,0.464426597397197,3,3,2,2,2
ten red apples,Unidiffuser/074-2.png,74,0.413638912340864,0.418053716871216,0.485891541094022,1,1,1,1,1
ten red apples,Unidiffuser/074-3.png,74,0.541681834631924,0.536933168085837,0.510541000455522,4,4,3,2,3
ten red apples,Unidiffuser/074-4.png,74,0.558571335901983,0.596200869087133,0.552998278731994,3,3,3,2,3
three small yellow boxes,Controlnet/076-1.png,76,0.590886807548502,0.511678774314138,0.436804807169499,2,3,2,2,2
three small yellow boxes,Controlnet/076-2.png,76,0.574170875548677,0.577095168122325,0.4294408182070839,3,4,3,3,3
three small yellow boxes,Controlnet/076-3.png,76,0.54504232063785,0.533625125704401,0.408699044299244,4,4,4,3,2
three small yellow boxes,Controlnet/076-4.png,76,0.529115847676268,0.511113097717681,0.432867869992637,3,4,2,2,2
three small yellow boxes,DALLE/076-1.png,76,0.595595934878989,0.60425490155948,0.6932969163489721,3,3,2,3,3
three small yellow boxes,DALLE/076-2.png,76,0.498456367003149,0.594429326252226,0.642186862656199,4,4,2,3,3
three small yellow boxes,DALLE/076-3.png,76,0.6703519504233979,0.626307559143883,0.681596833277323,4,4,3,3,3
three small yellow boxes,DALLE/076-4.png,76,0.586230754058507,0.594094642667146,0.627739638688139,4,4,4,3,3
three small yellow boxes,Glide/076-1.png,76,0.475703767951557,0.455783415346715,0.459923284125253,2,3,2,3,1
three small yellow boxes,Glide/076-2.png,76,0.440283025878753,0.4444011442269899,0.366141046660333,3,3,1,3,1
three small yellow boxes,Glide/076-3.png,76,0.429970625723723,0.435079574339263,0.407089970840777,2,2,2,2,3
three small yellow boxes,Glide/076-4.png,76,0.423698402942832,0.37112173588844,0.432033576060823,2,3,2,2,2
three small yellow boxes,Lafite/076-1.png,76,0.41172705414479,0.385476619152926,0.421501800486353,2,3,2,2,2
three small yellow boxes,Lafite/076-2.png,76,0.409531290991374,0.40734501395204,0.372367943467784,1,2,1,1,1
three small yellow boxes,Lafite/076-3.png,76,0.437296220658879,0.474582007717733,0.424825184394946,1,1,1,1,1
three small yellow boxes,Lafite/076-4.png,76,0.3940079431416909,0.382059127386032,0.450765876201631,2,2,2,3,2
three small yellow boxes,stable-diffusion/076-1.png,76,0.624448266698397,0.629454921216405,0.601041565734879,4,4,3,3,3
three small yellow boxes,stable-diffusion/076-2.png,76,0.493942534962477,0.463600257721125,0.493062905007853,2,2,2,2,2
three small yellow boxes,stable-diffusion/076-3.png,76,0.572611241468006,0.552765607479741,0.5787900191405609,4,4,3,3,3
three small yellow boxes,stable-diffusion/076-4.png,76,0.549996294598905,0.5125065974259261,0.464045632595045,3,3,3,3,2
three small yellow boxes,Unidiffuser/076-1.png,76,0.4668081366377379,0.476578222671002,0.512450348947119,4,4,3,3,2
three small yellow boxes,Unidiffuser/076-2.png,76,0.452395930846057,0.484327627569399,0.476382216938954,2,1,2,1,2
three small yellow boxes,Unidiffuser/076-3.png,76,0.551471712193174,0.5369462679246569,0.579852939312733,4,4,3,3,3
three small yellow boxes,Unidiffuser/076-4.png,76,0.623317519933113,0.584965385289052,0.518625837515468,3,3,2,3,1
two pianos next to each other,Controlnet/077-1.png,77,0.576454948020348,0.5685910013931,0.597722670648764,3,3,3,2,3
two pianos next to each other,Controlnet/077-2.png,77,0.607669325684407,0.585824526108063,0.631835727236854,4,4,4,3,3
two pianos next to each other,Controlnet/077-3.png,77,0.570007644956108,0.51034014631429,0.5539060473655301,4,4,4,3,3
two pianos next to each other,Controlnet/077-4.png,77,0.551393138994865,0.513477381735115,0.532742750939257,3,3,3,3,3
two pianos next to each other,DALLE/077-1.png,77,0.6866243502088121,0.657408376837586,0.697521248968311,4,4,4,2,3
two pianos next to each other,DALLE/077-2.png,77,0.577001254989084,0.597530182264852,0.639917875320157,4,4,4,3,3
two pianos next to each other,DALLE/077-3.png,77,0.514984212999058,0.503174339253599,0.47302848008603,3,3,3,2,3
two pianos next to each other,DALLE/077-4.png,77,0.606892022968381,0.614389800229314,0.622707036532702,3,3,2,3,3
two pianos next to each other,Glide/077-1.png,77,0.373252831173213,0.43003305778212,0.422843490943584,1,2,2,2,2
two pianos next to each other,Glide/077-2.png,77,0.434343291997421,0.479307601727849,0.45064822852589,2,2,2,2,2
two pianos next to each other,Glide/077-3.png,77,0.440382729283742,0.383280484202971,0.376496576265782,3,3,3,2,1
two pianos next to each other,Glide/077-4.png,77,0.416942452404674,0.471139129578413,0.42665929109346,3,3,3,2,2
two pianos next to each other,Lafite/077-1.png,77,0.4285895007865899,0.469936355980521,0.449168962491035,2,2,2,1,2
two pianos next to each other,Lafite/077-2.png,77,0.5014394404077079,0.501337242201647,0.5044082973448419,2,3,4,2,1
two pianos next to each other,Lafite/077-3.png,77,0.432574164368191,0.455416643888118,0.431121029034078,1,1,1,1,1
two pianos next to each other,Lafite/077-4.png,77,0.440365011490696,0.423120730012565,0.473087091490526,3,2,2,1,2
two pianos next to each other,stable-diffusion/077-1.png,77,0.423876708264538,0.459601029610333,0.420819066864828,2,3,3,2,2
two pianos next to each other,stable-diffusion/077-2.png,77,0.635265181130341,0.625726123721392,0.644204117652891,4,4,4,3,3
two pianos next to each other,stable-diffusion/077-3.png,77,0.543018544466279,0.55846767200077,0.614845438144912,3,3,2,2,2
two pianos next to each other,stable-diffusion/077-4.png,77,0.544970340005046,0.544321216780826,0.557287909873141,4,4,4,3,3
two pianos next to each other,Unidiffuser/077-1.png,77,0.530176416036068,0.466398178688783,0.58179784550788,3,3,2,2,3
two pianos next to each other,Unidiffuser/077-2.png,77,0.392589442311798,0.46210148369905,0.473043350068095,1,1,1,1,3
two pianos next to each other,Unidiffuser/077-3.png,77,0.520067213260597,0.44647856759235,0.413882408562526,3,3,2,2,1
two pianos next to each other,Unidiffuser/077-4.png,77,0.575302278583892,0.6266605065258201,0.657239315264308,4,4,4,3,3
a tennis court with three yellow cones on it,Controlnet/078-1.png,78,0.508808847432988,0.568858565445247,0.4166140670191749,4,4,4,3,1
a tennis court with three yellow cones on it,Controlnet/078-2.png,78,0.619066848043769,0.515515096963663,0.5300718917848399,3,3,2,2,2
a tennis court with three yellow cones on it,Controlnet/078-3.png,78,0.571360905239107,0.512518453398869,0.368580629066762,4,4,4,2,1
a tennis court with three yellow cones on it,Controlnet/078-4.png,78,0.523650855557258,0.520545714108778,0.424509396469632,4,4,4,2,1
a tennis court with three yellow cones on it,DALLE/078-1.png,78,0.585732030780282,0.5410556072791031,0.458355916348916,3,3,2,2,2
a tennis court with three yellow cones on it,DALLE/078-2.png,78,0.532874026820528,0.529844539367905,0.558502248485262,3,3,2,3,3
a tennis court with three yellow cones on it,DALLE/078-3.png,78,0.556506752380674,0.5030779410666679,0.558953522647747,4,4,4,2,3
a tennis court with three yellow cones on it,DALLE/078-4.png,78,0.533648656906833,0.503479576850536,0.4336204496767369,3,3,3,3,2
a tennis court with three yellow cones on it,Glide/078-1.png,78,0.469104814005321,0.513353443192564,0.510786545700888,1,3,2,3,1
a tennis court with three yellow cones on it,Glide/078-2.png,78,0.4347018584400179,0.458963062709074,0.3867012875479049,1,1,1,2,1
a tennis court with three yellow cones on it,Glide/078-3.png,78,0.39306275834565,0.490579091193307,0.345032794643091,3,3,3,3,1
a tennis court with three yellow cones on it,Glide/078-4.png,78,0.412230321683689,0.433855832063222,0.374955546215752,2,2,2,2,1
a tennis court with three yellow cones on it,Lafite/078-1.png,78,0.506194816802075,0.491777863832223,0.471451896885148,1,1,1,1,2
a tennis court with three yellow cones on it,Lafite/078-2.png,78,0.424011123843905,0.4555085954544269,0.43996959687034,1,2,2,1,2
a tennis court with three yellow cones on it,Lafite/078-3.png,78,0.379202462074972,0.407701974289453,0.42585692889739,2,2,2,2,2
a tennis court with three yellow cones on it,Lafite/078-4.png,78,0.326307926032238,0.355946171759345,0.393483081607108,2,1,1,1,1
a tennis court with three yellow cones on it,stable-diffusion/078-1.png,78,0.615604234210627,0.646327109183427,0.4100630542274159,4,4,4,3,1
a tennis court with three yellow cones on it,stable-diffusion/078-2.png,78,0.499574242140702,0.505183464781492,0.429047933010843,4,4,4,3,2
a tennis court with three yellow cones on it,stable-diffusion/078-3.png,78,0.526559475208625,0.489132751734408,0.417973501309839,3,3,2,2,2
a tennis court with three yellow cones on it,stable-diffusion/078-4.png,78,0.484931145407307,0.4863658005111759,0.442044769185865,4,4,4,3,2
a tennis court with three yellow cones on it,Unidiffuser/078-1.png,78,0.475562270601528,0.446039402734091,0.460279329060245,2,2,2,3,2
a tennis court with three yellow cones on it,Unidiffuser/078-2.png,78,0.519089111451156,0.488613627012463,0.4401822046200089,4,2,2,1,1
a tennis court with three yellow cones on it,Unidiffuser/078-3.png,78,0.410900289951966,0.374629089213387,0.408515594185516,1,2,2,3,3
a tennis court with three yellow cones on it,Unidiffuser/078-4.png,78,0.499753027636489,0.434494945360897,0.469154894101391,2,2,2,2,1
Times Square with thousands of dogs running around,Controlnet/079-1.png,79,0.522836251590415,0.506958595925402,0.496021514040235,4,4,4,2,3
Times Square with thousands of dogs running around,Controlnet/079-2.png,79,0.4643310592286749,0.443364398421736,0.402876137641275,3,3,3,2,3
Times Square with thousands of dogs running around,Controlnet/079-3.png,79,0.50324372908624,0.4206449298560699,0.537941802564596,2,2,2,2,1
Times Square with thousands of dogs running around,Controlnet/079-4.png,79,0.50219491994828,0.402977953147521,0.477580642092216,3,3,3,2,3
Times Square with thousands of dogs running around,DALLE/079-1.png,79,0.443963660174679,0.479102082587397,0.416050713412479,3,2,2,1,2
Times Square with thousands of dogs running around,DALLE/079-2.png,79,0.573131857146437,0.471714051615891,0.511415283737019,4,4,4,1,3
Times Square with thousands of dogs running around,DALLE/079-3.png,79,0.5080170789550781,0.463963733379829,0.524535518488223,4,4,4,2,3
Times Square with thousands of dogs running around,DALLE/079-4.png,79,0.565824169709047,0.52114197031006,0.532477683808547,3,3,3,2,2
Times Square with thousands of dogs running around,Glide/079-1.png,79,0.407591340697983,0.414607194554607,0.388004505600991,1,2,2,1,1
Times Square with thousands of dogs running around,Glide/079-2.png,79,0.399348443011932,0.42780382988996,0.385033288775171,1,1,1,1,1
Times Square with thousands of dogs running around,Glide/079-3.png,79,0.415154452424868,0.460216986363376,0.445446954750443,1,1,1,1,2
Times Square with thousands of dogs running around,Glide/079-4.png,79,0.3409264332067859,0.3655905084379139,0.3746393224252229,3,2,2,3,2
Times Square with thousands of dogs running around,Lafite/079-1.png,79,0.401325052573289,0.41454062314471,0.461306309440394,1,1,3,1,3
Times Square with thousands of dogs running around,Lafite/079-2.png,79,0.403418360906444,0.394046305849325,0.4522098147350529,2,2,2,1,3
Times Square with thousands of dogs running around,Lafite/079-3.png,79,0.369923543102227,0.392129392457161,0.488079164618252,3,3,2,3,3
Times Square with thousands of dogs running around,Lafite/079-4.png,79,0.391174224866179,0.408219479365693,0.425342864528919,1,1,1,1,3
Times Square with thousands of dogs running around,stable-diffusion/079-1.png,79,0.530192086455357,0.495255251887476,0.499124765794102,3,4,4,3,3
Times Square with thousands of dogs running around,stable-diffusion/079-2.png,79,0.55265839958762,0.5005247075332381,0.448018712105734,3,3,4,2,2
Times Square with thousands of dogs running around,stable-diffusion/079-3.png,79,0.454299120293766,0.417201325234224,0.5155879090746059,2,2,4,2,3
Times Square with thousands of dogs running around,stable-diffusion/079-4.png,79,0.441085916934608,0.388137047339572,0.520555069150162,3,3,3,2,3
Times Square with thousands of dogs running around,Unidiffuser/079-1.png,79,0.376276426472287,0.438166130603687,0.4542763994208429,2,2,3,2,3
Times Square with thousands of dogs running around,Unidiffuser/079-2.png,79,0.42484099098639,0.39735715261743,0.481107217543978,1,2,3,2,1
Times Square with thousands of dogs running around,Unidiffuser/079-3.png,79,0.347355448746409,0.3738747112014179,0.408429959194244,1,2,1,1,2
Times Square with thousands of dogs running around,Unidiffuser/079-4.png,79,0.534145801445403,0.487119727225405,0.547352497407219,4,4,4,3,3
view of a giraffe and a zebra in the middle of a field,Controlnet/080-1.png,80,0.591470318988492,0.5462092193170051,0.490491512924289,4,4,3,2,2
view of a giraffe and a zebra in the middle of a field,Controlnet/080-2.png,80,0.579840452026952,0.537331338730337,0.494878413730941,4,4,3,3,2
view of a giraffe and a zebra in the middle of a field,Controlnet/080-3.png,80,0.546432390701011,0.545744349854538,0.4586174346005869,3,4,3,2,2
view of a giraffe and a zebra in the middle of a field,Controlnet/080-4.png,80,0.567536036345905,0.561674686217787,0.495144688325116,4,3,3,3,1
view of a giraffe and a zebra in the middle of a field,DALLE/080-1.png,80,0.601031826049092,0.508715100742973,0.5609737412243949,4,4,4,3,3
view of a giraffe and a zebra in the middle of a field,DALLE/080-2.png,80,0.635645434270332,0.616628341277507,0.5936230736171391,3,4,3,3,3
view of a giraffe and a zebra in the middle of a field,DALLE/080-3.png,80,0.587054229792616,0.554653402827898,0.609440876752036,2,3,3,2,3
view of a giraffe and a zebra in the middle of a field,DALLE/080-4.png,80,0.587263195659859,0.629255255590602,0.583466042412475,3,3,3,2,3
view of a giraffe and a zebra in the middle of a field,Glide/080-1.png,80,0.377869547747468,0.3995888077345549,0.440233745376503,1,2,2,2,3
view of a giraffe and a zebra in the middle of a field,Glide/080-2.png,80,0.396937201347327,0.446154819454254,0.41779556526078,2,2,2,2,2
view of a giraffe and a zebra in the middle of a field,Glide/080-3.png,80,0.361338617133876,0.416964271070978,0.4314532737328129,2,3,2,2,3
view of a giraffe and a zebra in the middle of a field,Glide/080-4.png,80,0.400496972124007,0.465659951774456,0.451705732272294,2,2,3,2,1
view of a giraffe and a zebra in the middle of a field,Lafite/080-1.png,80,0.400922102302428,0.414279947736452,0.463803193558673,1,1,1,1,1
view of a giraffe and a zebra in the middle of a field,Lafite/080-2.png,80,0.35456031263392,0.342293256088436,0.385112652274705,3,3,2,1,2
view of a giraffe and a zebra in the middle of a field,Lafite/080-3.png,80,0.3458769099161919,0.38619305233205,0.419675566771278,2,2,2,1,2
view of a giraffe and a zebra in the middle of a field,Lafite/080-4.png,80,0.38421038005215,0.397899063310656,0.409563345228322,1,1,1,1,1
view of a giraffe and a zebra in the middle of a field,stable-diffusion/080-1.png,80,0.6181671501103709,0.589976148718709,0.501835529945184,4,4,4,3,2
view of a giraffe and a zebra in the middle of a field,stable-diffusion/080-2.png,80,0.389145661520498,0.357607167910327,0.406612653812274,2,2,2,2,1
view of a giraffe and a zebra in the middle of a field,stable-diffusion/080-3.png,80,0.562907833847664,0.457933993829526,0.429517961753997,3,3,2,2,2
view of a giraffe and a zebra in the middle of a field,stable-diffusion/080-4.png,80,0.538993697883511,0.479370034572163,0.48494195366173,3,3,3,2,1
view of a giraffe and a zebra in the middle of a field,Unidiffuser/080-1.png,80,0.559710647710452,0.460635577446291,0.468782167745905,4,4,4,1,2
view of a giraffe and a zebra in the middle of a field,Unidiffuser/080-2.png,80,0.472787978724005,0.378048288565459,0.478033024469317,3,2,2,2,3
view of a giraffe and a zebra in the middle of a field,Unidiffuser/080-3.png,80,0.536488840729504,0.5353787811642,0.540152206972731,3,3,3,1,1
view of a giraffe and a zebra in the middle of a field,Unidiffuser/080-4.png,80,0.356084602616016,0.381774984937789,0.43794010016232,1,2,3,2,3
two people facing each other,Controlnet/081-1.png,81,0.492973185155997,0.487581592102614,0.565169536817721,3,3,4,2,3
two people facing each other,Controlnet/081-2.png,81,0.481660889108332,0.484864142390679,0.573235802365346,4,4,2,1,3
two people facing each other,Controlnet/081-3.png,81,0.429465790449582,0.4536166808451309,0.49738717935921,3,4,4,2,2
two people facing each other,Controlnet/081-4.png,81,0.56722196159459,0.53556302945359,0.5764962520074021,4,4,4,3,3
two people facing each other,DALLE/081-1.png,81,0.6423346571420611,0.588599695472289,0.629771470219126,4,4,4,2,3
two people facing each other,DALLE/081-2.png,81,0.607733658789069,0.632370901182535,0.6154327073418819,4,4,4,3,3
two people facing each other,DALLE/081-3.png,81,0.53512040415732,0.497387474353917,0.590065963217634,4,4,4,2,3
two people facing each other,DALLE/081-4.png,81,0.569822448601213,0.612809664942638,0.601016755897958,4,4,3,2,3
two people facing each other,Glide/081-1.png,81,0.365453698780134,0.433744360078683,0.348456535163153,3,3,2,2,1
two people facing each other,Glide/081-2.png,81,0.3256301087450199,0.318911600293908,0.315340610345258,2,2,2,2,1
two people facing each other,Glide/081-3.png,81,0.40176408224811,0.398767175742918,0.335467145005675,1,2,2,1,1
two people facing each other,Glide/081-4.png,81,0.406531931081858,0.419723703679895,0.37105500529124,1,2,2,1,1
two people facing each other,Lafite/081-1.png,81,0.381011146252099,0.349443539873808,0.4394539965695639,2,3,3,1,3
two people facing each other,Lafite/081-2.png,81,0.385707490587224,0.374159122267906,0.4131941166465809,2,3,3,1,2
two people facing each other,Lafite/081-3.png,81,0.435938807821882,0.342388728290125,0.434081755506997,1,2,2,1,3
two people facing each other,Lafite/081-4.png,81,0.338131439168396,0.364975600748874,0.425410143159509,1,2,1,1,3
two people facing each other,stable-diffusion/081-1.png,81,0.485082787151337,0.489493782975871,0.427025400442442,4,4,4,3,2
two people facing each other,stable-diffusion/081-2.png,81,0.355702404606128,0.36996891391964,0.300453913538115,1,2,3,3,1
two people facing each other,stable-diffusion/081-3.png,81,0.583839814496015,0.5309449163273591,0.6182252004586161,2,2,2,2,3
two people facing each other,stable-diffusion/081-4.png,81,0.5515183789705079,0.523923426368964,0.49711926014379,3,4,2,3,2
two people facing each other,Unidiffuser/081-1.png,81,0.350945881996348,0.390757044685049,0.4921715165084629,2,2,2,2,3
two people facing each other,Unidiffuser/081-2.png,81,0.548074512433069,0.524711719274792,0.569719444015907,3,4,3,2,3
two people facing each other,Unidiffuser/081-3.png,81,0.474337374254116,0.480743946913271,0.455779666188295,1,2,1,1,1
two people facing each other,Unidiffuser/081-4.png,81,0.395904152937915,0.398396832103432,0.386793782524981,1,2,2,2,2
an overhead view of a pickup truck with boxes in its flatbed,Controlnet/082-1.png,82,0.51623978599303,0.530543837588233,0.4298487051597079,3,3,2,2,3
an overhead view of a pickup truck with boxes in its flatbed,Controlnet/082-2.png,82,0.543347722487204,0.497648539729788,0.5442510786296451,3,3,3,2,2
an overhead view of a pickup truck with boxes in its flatbed,Controlnet/082-3.png,82,0.64765727064472,0.5687478687868159,0.5598869325600639,4,3,3,2,2
an overhead view of a pickup truck with boxes in its flatbed,Controlnet/082-4.png,82,0.6003990299851281,0.565390389164915,0.496661233996615,4,4,4,3,2
an overhead view of a pickup truck with boxes in its flatbed,DALLE/082-1.png,82,0.5851755622581291,0.565117689033656,0.5850141085555439,4,4,3,3,3
an overhead view of a pickup truck with boxes in its flatbed,DALLE/082-2.png,82,0.6098850503553269,0.630746249389571,0.640082326800859,4,4,4,2,2
an overhead view of a pickup truck with boxes in its flatbed,DALLE/082-3.png,82,0.608801097357386,0.594765071367939,0.565509234987722,4,4,3,3,3
an overhead view of a pickup truck with boxes in its flatbed,DALLE/082-4.png,82,0.568322596906197,0.5262840451924999,0.557994452881706,3,4,3,3,3
an overhead view of a pickup truck with boxes in its flatbed,Glide/082-1.png,82,0.349730684189197,0.419709594870004,0.454800683068335,4,4,4,3,2
an overhead view of a pickup truck with boxes in its flatbed,Glide/082-2.png,82,0.365453887806808,0.421053835248433,0.4162196283201579,2,2,2,2,2
an overhead view of a pickup truck with boxes in its flatbed,Glide/082-3.png,82,0.358182645915058,0.380310755271073,0.4217103412377049,1,2,2,1,1
an overhead view of a pickup truck with boxes in its flatbed,Glide/082-4.png,82,0.405427250626024,0.3980564848088,0.391557705745118,1,2,2,1,1
an overhead view of a pickup truck with boxes in its flatbed,Lafite/082-1.png,82,0.425461514756183,0.441817260267831,0.4557946105462679,1,1,3,1,1
an overhead view of a pickup truck with boxes in its flatbed,Lafite/082-2.png,82,0.425019729845254,0.4581113701293929,0.417625424958167,2,2,3,1,1
an overhead view of a pickup truck with boxes in its flatbed,Lafite/082-3.png,82,0.338584520205607,0.394350298525651,0.338992663942799,1,3,2,2,1
an overhead view of a pickup truck with boxes in its flatbed,Lafite/082-4.png,82,0.400983916080972,0.420228573334143,0.400708089122571,2,1,2,1,2
an overhead view of a pickup truck with boxes in its flatbed,stable-diffusion/082-1.png,82,0.606326875383949,0.636386382187486,0.60039858080272,3,3,3,2,3
an overhead view of a pickup truck with boxes in its flatbed,stable-diffusion/082-2.png,82,0.549937026540035,0.503579254517227,0.5166401060607619,3,3,3,2,2
an overhead view of a pickup truck with boxes in its flatbed,stable-diffusion/082-3.png,82,0.6062277228373361,0.574837247729854,0.6104276957005009,4,4,4,3,3
an overhead view of a pickup truck with boxes in its flatbed,stable-diffusion/082-4.png,82,0.411609531814137,0.40812802843373,0.380585268091744,1,2,2,1,1
an overhead view of a pickup truck with boxes in its flatbed,Unidiffuser/082-1.png,82,0.571719878325457,0.483217872800045,0.525243063981662,4,4,3,1,3
an overhead view of a pickup truck with boxes in its flatbed,Unidiffuser/082-2.png,82,0.5466945931307621,0.475063041688428,0.538883202586835,4,4,4,1,3
an overhead view of a pickup truck with boxes in its flatbed,Unidiffuser/082-3.png,82,0.594434664393816,0.519079351150054,0.556340695814878,4,4,2,1,3
an overhead view of a pickup truck with boxes in its flatbed,Unidiffuser/082-4.png,82,0.512756429632145,0.4713403970489069,0.482398644533811,3,3,3,2,3
view of a clock tower from above,Controlnet/083-1.png,83,0.541752834158018,0.553048533426052,0.563472784070531,3,4,4,2,3
view of a clock tower from above,Controlnet/083-2.png,83,0.607522007932186,0.532380790660326,0.60416835488647,4,4,4,2,3
view of a clock tower from above,Controlnet/083-3.png,83,0.587857899458164,0.5876449401553699,0.570676171598993,4,4,4,2,3
view of a clock tower from above,Controlnet/083-4.png,83,0.568238143673384,0.556877936219499,0.619615701989282,4,4,4,2,3
view of a clock tower from above,DALLE/083-1.png,83,0.58548929998065,0.612409227166968,0.6155985840058,4,4,4,3,3
view of a clock tower from above,DALLE/083-2.png,83,0.549575552602751,0.570230806348246,0.585471972445696,3,3,3,2,3
view of a clock tower from above,DALLE/083-3.png,83,0.56672559847955,0.535832913091422,0.581747920452816,2,3,4,2,3
view of a clock tower from above,DALLE/083-4.png,83,0.517297703263751,0.4891515416776459,0.528247772464157,3,2,2,2,3
view of a clock tower from above,Glide/083-1.png,83,0.4237108964960089,0.494113718012787,0.529169125164639,2,3,2,3,2
view of a clock tower from above,Glide/083-2.png,83,0.447085383750865,0.5316043900646961,0.578436630623697,2,3,3,3,3
view of a clock tower from above,Glide/083-3.png,83,0.37594905262485,0.5016541027433921,0.504418036235379,3,3,2,3,2
view of a clock tower from above,Glide/083-4.png,83,0.416427969080321,0.512808595717686,0.3716918905658499,2,3,2,3,2
view of a clock tower from above,Lafite/083-1.png,83,0.382330484743373,0.376804560664723,0.371173730325864,3,3,2,3,3
view of a clock tower from above,Lafite/083-2.png,83,0.374641687785213,0.365775637345158,0.371254411158518,2,3,2,3,3
view of a clock tower from above,Lafite/083-3.png,83,0.374093821026626,0.392433215121264,0.424960418168029,2,2,3,2,3
view of a clock tower from above,Lafite/083-4.png,83,0.449932048399099,0.428334504215127,0.450798437214738,2,2,1,1,1
view of a clock tower from above,stable-diffusion/083-1.png,83,0.585013592644402,0.538115280710476,0.5654077664407859,4,4,3,2,3
view of a clock tower from above,stable-diffusion/083-2.png,83,0.6219589636433129,0.581764549917844,0.657596552696175,4,4,4,3,3
view of a clock tower from above,stable-diffusion/083-3.png,83,0.633232977957344,0.662966274413843,0.6932951643831871,4,3,3,2,3
view of a clock tower from above,stable-diffusion/083-4.png,83,0.44051877839105,0.469812866165692,0.5196423415043919,3,2,2,2,3
view of a clock tower from above,Unidiffuser/083-1.png,83,0.358149392899289,0.428555665790032,0.3842771988378179,2,2,2,2,3
view of a clock tower from above,Unidiffuser/083-2.png,83,0.570058174349941,0.530051360337303,0.487458708092292,3,4,4,2,3
view of a clock tower from above,Unidiffuser/083-3.png,83,0.498726010931178,0.429471639893663,0.447052680552299,2,3,1,1,1
view of a clock tower from above,Unidiffuser/083-4.png,83,0.5601392178157549,0.57584934315978,0.474151638210898,3,4,2,3,2
a close-up of an old-fashioned cocktail,Controlnet/085-1.png,85,0.603067196588931,0.601111068822616,0.553272449852602,4,4,4,3,3
a close-up of an old-fashioned cocktail,Controlnet/085-2.png,85,0.53988849107412,0.551626587467666,0.619511244203479,4,4,4,3,3
a close-up of an old-fashioned cocktail,Controlnet/085-3.png,85,0.641853134618999,0.626055336957705,0.580023576275988,4,4,4,2,3
a close-up of an old-fashioned cocktail,Controlnet/085-4.png,85,0.630004297791139,0.622248545966816,0.6718257830751411,3,3,3,2,3
a close-up of an old-fashioned cocktail,DALLE/085-1.png,85,0.677956708836978,0.737191417157169,0.634918426461911,4,4,4,3,3
a close-up of an old-fashioned cocktail,DALLE/085-2.png,85,0.513216355244972,0.5094102563647229,0.513533860390226,3,3,3,2,3
a close-up of an old-fashioned cocktail,DALLE/085-3.png,85,0.5560620424244,0.5297025252084601,0.566424652618587,4,4,4,2,3
a close-up of an old-fashioned cocktail,DALLE/085-4.png,85,0.552372481282091,0.5506946810301749,0.531389704768991,4,4,4,3,3
a close-up of an old-fashioned cocktail,Glide/085-1.png,85,0.32275231717845,0.354512730712349,0.3767075100003469,2,2,2,1,1
a close-up of an old-fashioned cocktail,Glide/085-2.png,85,0.449622976701571,0.4142288959591569,0.4697258641295889,1,1,1,1,1
a close-up of an old-fashioned cocktail,Glide/085-3.png,85,0.421122877885457,0.411081979315354,0.3836148184130939,1,2,2,2,3
a close-up of an old-fashioned cocktail,Glide/085-4.png,85,0.355250964484993,0.4040605538600549,0.405374323133692,1,1,2,2,3
a close-up of an old-fashioned cocktail,Lafite/085-1.png,85,0.428960114705717,0.415246099752298,0.394167926636885,1,3,1,1,1
a close-up of an old-fashioned cocktail,Lafite/085-2.png,85,0.450144374951522,0.390135201296112,0.431570156325701,2,1,1,1,1
a close-up of an old-fashioned cocktail,Lafite/085-3.png,85,0.398825696109916,0.370275458254909,0.4010125002084699,2,2,2,1,1
a close-up of an old-fashioned cocktail,Lafite/085-4.png,85,0.400797969284383,0.3948486850241099,0.412798068323811,3,2,2,2,2
a close-up of an old-fashioned cocktail,stable-diffusion/085-1.png,85,0.579187235803771,0.606329411573746,0.6177540911306081,3,4,2,3,3
a close-up of an old-fashioned cocktail,stable-diffusion/085-2.png,85,0.537024332267271,0.545667160857925,0.558371306982381,2,3,2,2,3
a close-up of an old-fashioned cocktail,stable-diffusion/085-3.png,85,0.3821915071908819,0.36630324054722,0.4060792800497559,3,2,2,3,3
a close-up of an old-fashioned cocktail,stable-diffusion/085-4.png,85,0.588791212684713,0.563584673373846,0.561340522775996,4,4,4,3,3
a close-up of an old-fashioned cocktail,Unidiffuser/085-1.png,85,0.567137382961702,0.57764723801978,0.558100672874776,3,3,2,2,3
a close-up of an old-fashioned cocktail,Unidiffuser/085-2.png,85,0.57813830066966,0.5522685414998559,0.565503073338906,2,3,3,3,3
a close-up of an old-fashioned cocktail,Unidiffuser/085-3.png,85,0.4011195308595179,0.477575825053136,0.50786042500186,2,2,2,3,3
a close-up of an old-fashioned cocktail,Unidiffuser/085-4.png,85,0.647389386807715,0.637455202247844,0.679901263316797,4,4,3,3,3
an aerial view of a dining room,Controlnet/087-1.png,87,0.608606008332465,0.579551790144082,0.616769149949129,3,3,3,2,3
an aerial view of a dining room,Controlnet/087-2.png,87,0.605370799084135,0.558876252610824,0.550746339575181,4,4,4,3,3
an aerial view of a dining room,Controlnet/087-3.png,87,0.584624409358546,0.513419088604325,0.562169709134989,4,3,3,2,3
an aerial view of a dining room,Controlnet/087-4.png,87,0.586546249083714,0.557791503569654,0.5262931331580539,3,3,3,2,3
an aerial view of a dining room,DALLE/087-1.png,87,0.612883768497922,0.576324451027436,0.547699027843054,4,4,4,3,3
an aerial view of a dining room,DALLE/087-2.png,87,0.6441252907819051,0.662692540121382,0.6611919345533229,4,4,4,0,3
an aerial view of a dining room,DALLE/087-3.png,87,0.656435824532998,0.627558991901881,0.627506707905824,4,4,4,3,3
an aerial view of a dining room,DALLE/087-4.png,87,0.578227671683053,0.57486703998398,0.6574797006735309,3,4,4,3,3
an aerial view of a dining room,Glide/087-1.png,87,0.414602574016891,0.490385224281223,0.5738475603868011,1,3,2,2,3
an aerial view of a dining room,Glide/087-2.png,87,0.386940627494087,0.5240136737291841,0.508818541278588,1,3,2,3,3
an aerial view of a dining room,Glide/087-3.png,87,0.379582373382571,0.469591457459297,0.457505672730178,2,2,2,2,2
an aerial view of a dining room,Glide/087-4.png,87,0.384418372180556,0.513539197469597,0.4351726608788639,1,2,2,3,2
an aerial view of a dining room,Lafite/087-1.png,87,0.405520994204633,0.406217997247659,0.4644756919711419,2,2,3,2,3
an aerial view of a dining room,Lafite/087-2.png,87,0.434189866141841,0.3968615050235389,0.435954382919937,2,2,3,2,3
an aerial view of a dining room,Lafite/087-3.png,87,0.424803244916719,0.426692531391082,0.497762623040074,2,2,1,1,3
an aerial view of a dining room,Lafite/087-4.png,87,0.341898193273901,0.380175213098205,0.47793155269848,2,2,3,2,3
an aerial view of a dining room,stable-diffusion/087-1.png,87,0.550267760810561,0.560154384343074,0.538926887784259,4,4,4,2,3
an aerial view of a dining room,stable-diffusion/087-2.png,87,0.418905716734819,0.436661319986621,0.52186104291839,1,2,2,3,3
an aerial view of a dining room,stable-diffusion/087-3.png,87,0.561117783183823,0.555013522586938,0.516760254832615,4,4,3,2,2
an aerial view of a dining room,stable-diffusion/087-4.png,87,0.6340855832810179,0.613454320792734,0.6471162631173679,3,3,4,3,3
an aerial view of a dining room,Unidiffuser/087-1.png,87,0.547889720012302,0.565778920418033,0.559638696878796,2,3,4,3,2
an aerial view of a dining room,Unidiffuser/087-2.png,87,0.29160444549044,0.339522562156908,0.409859893265735,1,2,2,1,3
an aerial view of a dining room,Unidiffuser/087-3.png,87,0.610584381445826,0.616620228752642,0.546884303533379,4,4,4,3,3
an aerial view of a dining room,Unidiffuser/087-4.png,87,0.5804223332049839,0.5514867614419461,0.621759859363072,3,3,3,2,3
a classroom without any students,Controlnet/091-1.png,91,0.552569243191472,0.563255683481911,0.593002567424602,2,2,2,2,3
a classroom without any students,Controlnet/091-2.png,91,0.507654277445208,0.492192251443953,0.558712709260023,4,4,4,3,3
a classroom without any students,Controlnet/091-3.png,91,0.59425471960832,0.593976224006353,0.574622907006508,4,4,4,3,3
a classroom without any students,Controlnet/091-4.png,91,0.626890441207873,0.607383432810509,0.62512374717775,4,4,4,3,3
a classroom without any students,DALLE/091-1.png,91,0.6066118637591,0.62577475041381,0.60148542713226,4,4,4,3,3
a classroom without any students,DALLE/091-2.png,91,0.541012107462041,0.57004352755638,0.562403471894466,3,3,3,2,3
a classroom without any students,DALLE/091-3.png,91,0.562274949926416,0.544788873885969,0.565701745583159,3,3,3,3,3
a classroom without any students,DALLE/091-4.png,91,0.587908174410845,0.5608897561760829,0.60244960738793,4,4,4,3,3
a classroom without any students,Glide/091-1.png,91,0.4243343865395029,0.502099965220219,0.503113075474798,1,2,2,3,3
a classroom without any students,Glide/091-2.png,91,0.368371288206946,0.421276759024279,0.360418727697456,3,3,2,3,1
a classroom without any students,Glide/091-3.png,91,0.419911455936547,0.422258214985856,0.4100449328113509,2,2,2,2,3
a classroom without any students,Glide/091-4.png,91,0.406636795804193,0.547313437359271,0.404452625937978,2,3,2,3,1
a classroom without any students,Lafite/091-1.png,91,0.378419457494721,0.43289910158557,0.412125167161135,2,2,2,2,2
a classroom without any students,Lafite/091-2.png,91,0.416589753492871,0.414520481704052,0.402389289846546,1,1,1,1,1
a classroom without any students,Lafite/091-3.png,91,0.4140899380021799,0.399189420851475,0.409281499593467,3,2,1,2,3
a classroom without any students,Lafite/091-4.png,91,0.38767360110013,0.429268749721554,0.446274170940212,1,2,1,1,2
a classroom without any students,stable-diffusion/091-1.png,91,0.587463201918651,0.622033030613257,0.6282769319456709,4,4,4,3,3
a classroom without any students,stable-diffusion/091-2.png,91,0.340579834202125,0.380278186550108,0.405708130459885,2,1,1,1,2
a classroom without any students,stable-diffusion/091-3.png,91,0.523240271638192,0.603648313348788,0.579903846909389,2,3,4,3,3
a classroom without any students,stable-diffusion/091-4.png,91,0.592763615388033,0.544016085148036,0.5650827010353899,4,4,4,3,3
a classroom without any students,Unidiffuser/091-1.png,91,0.6096541582617401,0.578788883662316,0.595640009533756,4,4,4,2,3
a classroom without any students,Unidiffuser/091-2.png,91,0.314284807738665,0.358532817091529,0.4014432021024,1,1,1,3,3
a classroom without any students,Unidiffuser/091-3.png,91,0.599834966506957,0.6089204502049089,0.579003856003872,4,4,4,3,3
a classroom without any students,Unidiffuser/091-4.png,91,0.557395598842402,0.533253581926692,0.6420242525044171,3,3,3,3,3
a car with no windows,Controlnet/092-1.png,92,0.549124005397805,0.459123885357738,0.447029482362613,3,3,3,3,2
a car with no windows,Controlnet/092-2.png,92,0.536967990352825,0.516628886474496,0.456710482805572,3,3,2,2,2
a car with no windows,Controlnet/092-3.png,92,0.634970110963033,0.553530212622495,0.486850051818987,4,4,4,3,2
a car with no windows,Controlnet/092-4.png,92,0.444065621248205,0.432912405023758,0.397661120273829,2,3,2,2,2
a car with no windows,DALLE/092-1.png,92,0.558318597116269,0.552338806466117,0.540109293148865,3,3,3,3,3
a car with no windows,DALLE/092-2.png,92,0.437781505409043,0.459647434663095,0.431750893477926,3,3,3,2,2
a car with no windows,DALLE/092-3.png,92,0.528790984373916,0.546279177043712,0.573809350239416,3,4,2,2,3
a car with no windows,DALLE/092-4.png,92,0.4698163581789329,0.468774716792897,0.433793257688637,3,3,2,2,1
a car with no windows,Glide/092-1.png,92,0.437514406084041,0.5040075393888199,0.464593522768767,2,3,2,3,2
a car with no windows,Glide/092-2.png,92,0.431466288307319,0.525634696515802,0.417917427026045,2,3,3,3,2
a car with no windows,Glide/092-3.png,92,0.475492044884093,0.5136310589983271,0.435259018594896,3,3,3,3,1
a car with no windows,Glide/092-4.png,92,0.443069184637375,0.45117686520863,0.436528553659302,2,3,2,2,2
a car with no windows,Lafite/092-1.png,92,0.412543078431842,0.419311055263848,0.424749869380933,1,1,1,1,2
a car with no windows,Lafite/092-2.png,92,0.386075520066358,0.365017240294171,0.4267876776622279,2,2,2,1,2
a car with no windows,Lafite/092-3.png,92,0.36750763414819,0.4003269803707009,0.432642859228792,3,3,2,1,3
a car with no windows,Lafite/092-4.png,92,0.408477264295988,0.384691501778974,0.414062878118962,2,2,2,1,2
a car with no windows,stable-diffusion/092-1.png,92,0.52710502266256,0.5545327447981659,0.43132775704997,4,4,4,3,2
a car with no windows,stable-diffusion/092-2.png,92,0.502721986494153,0.4451710186778579,0.473445191886027,3,4,3,3,2
a car with no windows,stable-diffusion/092-3.png,92,0.6248646496661681,0.598513517897483,0.454504562632871,4,4,3,3,2
a car with no windows,stable-diffusion/092-4.png,92,0.3924160163300609,0.40204895027083,0.395834291926518,1,2,2,1,1
a car with no windows,Unidiffuser/092-1.png,92,0.437440082275604,0.417296413657735,0.412152567572883,2,1,1,1,1
a car with no windows,Unidiffuser/092-2.png,92,0.496297981454232,0.482503846884883,0.472162303610239,3,3,3,2,2
a car with no windows,Unidiffuser/092-3.png,92,0.4847529214901089,0.470129097163006,0.474543310653273,3,2,2,2,3
a car with no windows,Unidiffuser/092-4.png,92,0.4709912386598279,0.448908209120002,0.435706080382986,3,2,2,2,2
a closet without clothes,Controlnet/093-1.png,93,0.649643325365418,0.572718323131906,0.450694108138899,4,4,4,3,2
a closet without clothes,Controlnet/093-2.png,93,0.554774618097653,0.556519654314664,0.404145384974807,4,4,4,3,1
a closet without clothes,Controlnet/093-3.png,93,0.572668077709815,0.54966847507899,0.425911249648722,4,3,2,2,2
a closet without clothes,Controlnet/093-4.png,93,0.5860338148751191,0.560661181917871,0.32961547628539,4,4,4,3,2
a closet without clothes,DALLE/093-1.png,93,0.662849940508578,0.560231346063363,0.611603237954242,4,4,4,2,3
a closet without clothes,DALLE/093-2.png,93,0.511340875197146,0.501200667939588,0.527188556285966,4,4,4,3,3
a closet without clothes,DALLE/093-3.png,93,0.528288314687655,0.545104846054598,0.516703718209576,4,4,3,3,3
a closet without clothes,DALLE/093-4.png,93,0.595142503193409,0.661111224124917,0.6422695080544559,4,4,2,3,3
a closet without clothes,Glide/093-1.png,93,0.3518684484473129,0.384740699424469,0.4368733839969039,1,1,1,1,1
a closet without clothes,Glide/093-2.png,93,0.440999439690818,0.505023423513347,0.5132139599334851,2,1,1,3,3
a closet without clothes,Glide/093-3.png,93,0.373390079925276,0.452958438006378,0.4337105422394839,1,2,3,1,1
a closet without clothes,Glide/093-4.png,93,0.410141097223619,0.417300364483159,0.424673364320937,2,2,3,3,1
a closet without clothes,Lafite/093-1.png,93,0.346388940144358,0.386437901876877,0.324466404822669,1,2,2,2,2
a closet without clothes,Lafite/093-2.png,93,0.440606540446266,0.395241544406963,0.421358005560079,2,2,3,2,2
a closet without clothes,Lafite/093-3.png,93,0.426164839742039,0.439063769196237,0.4006182042732619,2,2,2,2,2
a closet without clothes,Lafite/093-4.png,93,0.434697639385707,0.448178994409173,0.400827495243901,2,1,2,1,2
a closet without clothes,stable-diffusion/093-1.png,93,0.4874437049073969,0.44672813572249,0.445065046508304,2,2,2,2,2
a closet without clothes,stable-diffusion/093-2.png,93,0.471785081350616,0.565865216037747,0.422554051794613,3,4,4,3,1
a closet without clothes,stable-diffusion/093-3.png,93,0.50988982864927,0.514569958488959,0.3801695338188189,4,4,4,3,1
a closet without clothes,stable-diffusion/093-4.png,93,0.568859774089554,0.528961300989121,0.385228378644739,3,4,4,3,2
a closet without clothes,Unidiffuser/093-1.png,93,0.413383597105814,0.374064343311108,0.416411066881579,2,3,3,1,1
a closet without clothes,Unidiffuser/093-2.png,93,0.494605010292078,0.521550163980538,0.404997922179449,4,4,4,3,1
a closet without clothes,Unidiffuser/093-3.png,93,0.3729794186582609,0.4245824656579159,0.476441867500769,2,3,2,3,3
a closet without clothes,Unidiffuser/093-4.png,93,0.329885491315962,0.336348616392576,0.338804229704648,1,1,1,1,1
a banana without its peel,Controlnet/094-1.png,94,0.472355510298091,0.469726825178203,0.412205596089896,2,2,2,2,1
a banana without its peel,Controlnet/094-2.png,94,0.5238395609253,0.510037082706977,0.403268767307403,2,3,2,2,2
a banana without its peel,Controlnet/094-3.png,94,0.500099972403929,0.464672909183539,0.441584582249699,4,4,4,3,1
a banana without its peel,Controlnet/094-4.png,94,0.510324484939944,0.450071395965131,0.498425406721899,4,4,4,3,2
a banana without its peel,DALLE/094-1.png,94,0.591351626769032,0.542874579246535,0.489099102075051,3,3,3,2,2
a banana without its peel,DALLE/094-2.png,94,0.590093260338042,0.58033465323637,0.4799428978106149,4,3,4,3,1
a banana without its peel,DALLE/094-3.png,94,0.639837419336688,0.586388162367355,0.537924479649962,4,4,2,3,2
a banana without its peel,DALLE/094-4.png,94,0.552063013921123,0.566013331221376,0.42963724031787,3,3,2,3,1
a banana without its peel,Glide/094-1.png,94,0.427140129940862,0.476247926411693,0.4258259715364489,2,3,2,3,1
a banana without its peel,Glide/094-2.png,94,0.3979539233757199,0.458964366557303,0.406421913279441,1,3,2,3,1
a banana without its peel,Glide/094-3.png,94,0.400217582755562,0.4190750622256189,0.385728754329523,3,4,4,3,1
a banana without its peel,Glide/094-4.png,94,0.4168114588339209,0.444019257360693,0.458982341157476,2,2,2,2,2
a banana without its peel,Lafite/094-1.png,94,0.418209451603442,0.3898614012407669,0.337564674488128,2,1,1,1,2
a banana without its peel,Lafite/094-2.png,94,0.4383398955020889,0.437142061461165,0.457342977421251,1,3,1,1,1
a banana without its peel,Lafite/094-3.png,94,0.4122973678850309,0.378490072718009,0.411174445576131,2,2,2,2,2
a banana without its peel,Lafite/094-4.png,94,0.373692806433947,0.384685777929169,0.3541690561722659,2,2,2,1,1
a banana without its peel,stable-diffusion/094-1.png,94,0.611739417236428,0.601607646691082,0.37654941835627,4,4,4,3,2
a banana without its peel,stable-diffusion/094-2.png,94,0.597472754237668,0.547512172124445,0.377368214897198,4,4,3,3,1
a banana without its peel,stable-diffusion/094-3.png,94,0.578718477541074,0.5532810460264129,0.421782233791275,3,4,3,2,1
a banana without its peel,stable-diffusion/094-4.png,94,0.413990717969467,0.403025951446276,0.42626820047451,2,3,2,1,1
a banana without its peel,Unidiffuser/094-1.png,94,0.514840055391819,0.4597563782553069,0.390693932563412,3,3,2,1,3
a banana without its peel,Unidiffuser/094-2.png,94,0.340193822916491,0.350101518540558,0.3013265221308019,1,1,1,1,1
a banana without its peel,Unidiffuser/094-3.png,94,0.419425293388717,0.4147899990220089,0.388901616405191,2,3,1,3,1
a banana without its peel,Unidiffuser/094-4.png,94,0.395386940870111,0.385375970133446,0.340288118239512,3,3,2,2,1
a plate that has no bananas on it. there is a glass without orange juice next to it.,Controlnet/095-1.png,95,0.519703646300026,0.506260819384506,0.457915651165648,3,4,3,2,2
a plate that has no bananas on it. there is a glass without orange juice next to it.,Controlnet/095-2.png,95,0.59833045877854,0.478245020949868,0.457581229772695,4,4,3,2,2
a plate that has no bananas on it. there is a glass without orange juice next to it.,Controlnet/095-3.png,95,0.569532652459078,0.61356918211836,0.520626534848839,4,4,4,3,3
a plate that has no bananas on it. there is a glass without orange juice next to it.,Controlnet/095-4.png,95,0.533231435057802,0.510633418484716,0.471944174759709,4,3,3,2,2
a plate that has no bananas on it. there is a glass without orange juice next to it.,DALLE/095-1.png,95,0.589725665956446,0.525517072341402,0.3782282335726419,4,4,4,3,2
a plate that has no bananas on it. there is a glass without orange juice next to it.,DALLE/095-2.png,95,0.564128342613087,0.556018388460211,0.40543249691661,3,3,2,3,2
a plate that has no bananas on it. there is a glass without orange juice next to it.,DALLE/095-3.png,95,0.659929481162646,0.605435759545138,0.461703276175029,4,4,4,3,1
a plate that has no bananas on it. there is a glass without orange juice next to it.,DALLE/095-4.png,95,0.526248261004945,0.501093529747783,0.422159186805371,4,4,4,3,1
a plate that has no bananas on it. there is a glass without orange juice next to it.,Glide/095-1.png,95,0.4416017179402209,0.435314173969946,0.417383914959545,2,3,2,2,2
a plate that has no bananas on it. there is a glass without orange juice next to it.,Glide/095-2.png,95,0.397339224652559,0.439661056612931,0.434410783784239,2,2,2,3,3
a plate that has no bananas on it. there is a glass without orange juice next to it.,Glide/095-3.png,95,0.3881146953948999,0.393221286728131,0.401610389001994,2,3,2,1,2
a plate that has no bananas on it. there is a glass without orange juice next to it.,Glide/095-4.png,95,0.358965831401297,0.424330589708883,0.432326369985565,4,4,4,3,1
a plate that has no bananas on it. there is a glass without orange juice next to it.,Lafite/095-1.png,95,0.3906700674307529,0.405971654839622,0.351780793446592,1,1,1,1,1
a plate that has no bananas on it. there is a glass without orange juice next to it.,Lafite/095-2.png,95,0.390682698947487,0.323602303204687,0.319224815946462,1,1,1,1,1
a plate that has no bananas on it. there is a glass without orange juice next to it.,Lafite/095-3.png,95,0.410740746149643,0.385617842452212,0.3771600382169059,1,1,1,1,1
a plate that has no bananas on it. there is a glass without orange juice next to it.,Lafite/095-4.png,95,0.399408650250812,0.384245327619007,0.3408865718916929,1,1,1,1,1
a plate that has no bananas on it. there is a glass without orange juice next to it.,stable-diffusion/095-1.png,95,0.616088038453963,0.575700659005163,0.474667969179846,4,4,4,3,2
a plate that has no bananas on it. there is a glass without orange juice next to it.,stable-diffusion/095-2.png,95,0.400182031219192,0.40287833527307,0.4700334181057179,2,2,2,1,2
a plate that has no bananas on it. there is a glass without orange juice next to it.,stable-diffusion/095-3.png,95,0.552376501708538,0.590789803658279,0.362016091781706,4,4,4,3,2
a plate that has no bananas on it. there is a glass without orange juice next to it.,stable-diffusion/095-4.png,95,0.623034448406426,0.630225497172742,0.510569732330295,4,3,3,3,2
a plate that has no bananas on it. there is a glass without orange juice next to it.,Unidiffuser/095-1.png,95,0.576697693762766,0.505887902698426,0.454046949308832,3,4,3,2,1
a plate that has no bananas on it. there is a glass without orange juice next to it.,Unidiffuser/095-2.png,95,0.496584934875229,0.468020659612456,0.4293206556957439,4,4,4,2,1
a plate that has no bananas on it. there is a glass without orange juice next to it.,Unidiffuser/095-3.png,95,0.3627815553146309,0.402669802737192,0.436484392453118,2,2,2,2,2
a plate that has no bananas on it. there is a glass without orange juice next to it.,Unidiffuser/095-4.png,95,0.45350021009553,0.47709728484081,0.418940520528945,3,3,3,3,3
We painted the wall with cracks.,Controlnet/096-1.png,96,0.62515613404244,0.597867739139567,0.5437598700727669,4,4,4,3,3
We painted the wall with cracks.,Controlnet/096-2.png,96,0.6464746518566029,0.597621697745356,0.62633704821553,4,4,3,2,3
We painted the wall with cracks.,Controlnet/096-3.png,96,0.539918477361645,0.5361601647272211,0.517463665129626,3,4,3,2,3
We painted the wall with cracks.,Controlnet/096-4.png,96,0.654869260317131,0.584149579893715,0.58764349487834,3,4,4,3,3
We painted the wall with cracks.,DALLE/096-1.png,96,0.536812600239972,0.534626744814206,0.513596384412544,3,4,3,3,3
We painted the wall with cracks.,DALLE/096-2.png,96,0.61580017166811,0.578991476530132,0.513228524464117,3,3,3,3,2
We painted the wall with cracks.,DALLE/096-3.png,96,0.6423277533299501,0.607900220792284,0.616234457895844,4,4,3,3,3
We painted the wall with cracks.,DALLE/096-4.png,96,0.590545968014041,0.612226640190353,0.582186289140666,4,4,2,3,3
We painted the wall with cracks.,Glide/096-1.png,96,0.409671602007961,0.3891916283386959,0.313471106754312,1,1,1,1,1
We painted the wall with cracks.,Glide/096-2.png,96,0.431651352480212,0.486108942724693,0.355913573455502,2,2,1,2,1
We painted the wall with cracks.,Glide/096-3.png,96,0.481554462280598,0.481731750478933,0.418241266256067,2,3,2,3,2
We painted the wall with cracks.,Glide/096-4.png,96,0.456324683377638,0.4434305495030169,0.382691918793862,2,2,2,2,1
We painted the wall with cracks.,Lafite/096-1.png,96,0.473174706591875,0.460220213829589,0.507003917497113,2,2,2,2,3
We painted the wall with cracks.,Lafite/096-2.png,96,0.448283371167628,0.478555331931206,0.476978246356153,3,2,2,2,2
We painted the wall with cracks.,Lafite/096-3.png,96,0.439634906125032,0.4900545317006,0.500741520592002,4,4,4,3,3
We painted the wall with cracks.,Lafite/096-4.png,96,0.422584342624601,0.446029210017629,0.46107677728886,2,3,2,2,3
We painted the wall with cracks.,stable-diffusion/096-1.png,96,0.6508095317438329,0.663104158701578,0.628514962100201,3,4,4,3,3
We painted the wall with cracks.,stable-diffusion/096-2.png,96,0.407001741129341,0.368749486760162,0.385911569266511,3,1,1,2,1
We painted the wall with cracks.,stable-diffusion/096-3.png,96,0.506420024283264,0.528364344491881,0.530534389455637,2,3,3,2,3
We painted the wall with cracks.,stable-diffusion/096-4.png,96,0.6533539407785609,0.634249211249869,0.6554080148815601,4,4,4,3,3
We painted the wall with cracks.,Unidiffuser/096-1.png,96,0.60817054840951,0.607401944757583,0.5263962956100771,4,4,4,3,2
We painted the wall with cracks.,Unidiffuser/096-2.png,96,0.403926893279724,0.4534212729455379,0.4849959641492299,3,3,3,3,2
We painted the wall with cracks.,Unidiffuser/096-3.png,96,0.626938694845545,0.6503716463010091,0.599225032180133,4,4,4,3,3
We painted the wall with cracks.,Unidiffuser/096-4.png,96,0.63202829281161,0.585974617715136,0.601162793707885,4,4,4,3,3
a kitchen without a refrigerator,Controlnet/097-1.png,97,0.584973155712126,0.526601821491469,0.453068327814747,4,4,4,3,1
a kitchen without a refrigerator,Controlnet/097-2.png,97,0.6468764415307681,0.6029568337068469,0.38254549295121,4,4,4,3,2
a kitchen without a refrigerator,Controlnet/097-3.png,97,0.606681562512409,0.618761701988463,0.410326656446433,3,4,4,3,2
a kitchen without a refrigerator,Controlnet/097-4.png,97,0.6577788744874521,0.702623029788106,0.5403205559027799,4,4,4,3,2
a kitchen without a refrigerator,DALLE/097-1.png,97,0.498714211487464,0.487963971581457,0.484611133645686,4,3,3,2,2
a kitchen without a refrigerator,DALLE/097-2.png,97,0.523667374866409,0.4947884267779039,0.455496868210017,4,4,4,3,1
a kitchen without a refrigerator,DALLE/097-3.png,97,0.496436263998509,0.5597650775623709,0.480205125001674,3,3,2,3,3
a kitchen without a refrigerator,DALLE/097-4.png,97,0.603228451754812,0.600381992395844,0.561954389635858,4,4,3,3,3
a kitchen without a refrigerator,Glide/097-1.png,97,0.3815915035214889,0.40090714913427,0.468027337867631,2,3,3,2,2
a kitchen without a refrigerator,Glide/097-2.png,97,0.441688324279185,0.4252541712848199,0.411977165549011,3,3,3,3,2
a kitchen without a refrigerator,Glide/097-3.png,97,0.416880209287236,0.5141449593538581,0.55835779188544,2,3,2,3,2
a kitchen without a refrigerator,Glide/097-4.png,97,0.373785309556297,0.506933554919857,0.521106163452443,1,2,3,3,3
a kitchen without a refrigerator,Lafite/097-1.png,97,0.428141809681765,0.43366999959714,0.4377147636458939,2,1,2,2,3
a kitchen without a refrigerator,Lafite/097-2.png,97,0.462522887019528,0.430211169061722,0.475753501269665,2,3,3,1,1
a kitchen without a refrigerator,Lafite/097-3.png,97,0.450966573511038,0.480869394827222,0.537523257274282,2,1,1,1,3
a kitchen without a refrigerator,Lafite/097-4.png,97,0.422584164993074,0.447113169586744,0.434526659557969,2,2,2,1,1
a kitchen without a refrigerator,stable-diffusion/097-1.png,97,0.471682219742529,0.497693639798022,0.559600757541214,3,2,2,1,3
a kitchen without a refrigerator,stable-diffusion/097-2.png,97,0.527903046635429,0.537474431617378,0.44618804915195,4,4,4,3,2
a kitchen without a refrigerator,stable-diffusion/097-3.png,97,0.590046753495334,0.645562347609874,0.485885374949256,3,3,3,3,2
a kitchen without a refrigerator,stable-diffusion/097-4.png,97,0.559167701792803,0.529345118919489,0.433115990648471,3,3,3,2,1
a kitchen without a refrigerator,Unidiffuser/097-1.png,97,0.556260769452686,0.567244683994403,0.436384791744212,3,3,2,2,1
a kitchen without a refrigerator,Unidiffuser/097-2.png,97,0.359777800922896,0.408113900941178,0.394881541572771,1,1,1,1,1
a kitchen without a refrigerator,Unidiffuser/097-3.png,97,0.553583755535886,0.534194704632706,0.490125204709009,3,3,3,2,2
a kitchen without a refrigerator,Unidiffuser/097-4.png,97,0.491841854366487,0.493614346483296,0.395090850379635,4,4,4,3,2
a street without vehicles,Controlnet/098-1.png,98,0.561925696490776,0.534895804001399,0.593433285270698,4,4,4,3,3
a street without vehicles,Controlnet/098-2.png,98,0.562003191892261,0.602279555727511,0.603272770988365,3,4,3,3,3
a street without vehicles,Controlnet/098-3.png,98,0.525576182412779,0.447900102499525,0.497506368203383,3,3,2,2,1
a street without vehicles,Controlnet/098-4.png,98,0.5663104369555441,0.5424231910126059,0.604763201808155,3,3,3,2,3
a street without vehicles,DALLE/098-1.png,98,0.637942203966787,0.64174280376021,0.6037576921159851,4,4,4,3,3
a street without vehicles,DALLE/098-2.png,98,0.6267081817748911,0.606060733245339,0.590129237783062,4,3,3,3,2
a street without vehicles,DALLE/098-3.png,98,0.627273362238587,0.657460884289965,0.604719583113344,4,4,4,3,3
a street without vehicles,DALLE/098-4.png,98,0.592008052619864,0.580625787241632,0.59796374569071,4,4,4,3,3
a street without vehicles,Glide/098-1.png,98,0.415234874824119,0.505938926291372,0.40206437945266,2,3,2,2,1
a street without vehicles,Glide/098-2.png,98,0.3958100744721269,0.521187271276342,0.327808426085282,2,2,2,3,2
a street without vehicles,Glide/098-3.png,98,0.3938349781704229,0.508079053536084,0.540942756788967,1,2,2,3,3
a street without vehicles,Glide/098-4.png,98,0.319785044279203,0.382643552293726,0.421343211582887,1,2,1,1,3
a street without vehicles,Lafite/098-1.png,98,0.393623424688989,0.421904814992903,0.441401097566322,1,2,2,1,3
a street without vehicles,Lafite/098-2.png,98,0.446932669994926,0.402241231464179,0.5175897097496179,2,2,2,2,3
a street without vehicles,Lafite/098-3.png,98,0.41155782114043,0.416740278241272,0.4702968595058079,3,3,3,2,3
a street without vehicles,Lafite/098-4.png,98,0.442528239589608,0.434812116603265,0.415619263306641,2,2,3,2,3
a street without vehicles,stable-diffusion/098-1.png,98,0.58891660853316,0.524129622376084,0.516024544065661,3,3,3,3,3
a street without vehicles,stable-diffusion/098-2.png,98,0.628822462188967,0.620562012717549,0.5435399745549789,4,3,2,2,1
a street without vehicles,stable-diffusion/098-3.png,98,0.647675496105954,0.613900230822765,0.616222217235563,4,3,3,3,3
a street without vehicles,stable-diffusion/098-4.png,98,0.420474893231997,0.456253837208866,0.4513315346995519,1,2,2,3,2
a street without vehicles,Unidiffuser/098-1.png,98,0.375917297962074,0.432948497171483,0.375692676543224,1,1,1,1,3
a street without vehicles,Unidiffuser/098-2.png,98,0.573080362506149,0.589192317642449,0.428255499760054,3,3,3,1,1
a street without vehicles,Unidiffuser/098-3.png,98,0.639866259316469,0.575664868781431,0.481080370666974,3,2,2,2,1
a street without vehicles,Unidiffuser/098-4.png,98,0.504428545868589,0.439035461212162,0.4116523167111189,4,4,2,2,2
An aerial view of Ha Long Bay without any boats,Controlnet/099-1.png,99,0.553393285295609,0.537377407451334,0.496651849233748,4,4,4,3,2
An aerial view of Ha Long Bay without any boats,Controlnet/099-2.png,99,0.562467471580787,0.52369688714923,0.518818567775215,4,4,4,3,2
An aerial view of Ha Long Bay without any boats,Controlnet/099-3.png,99,0.587823786616794,0.507959155185328,0.476754802797269,2,3,4,3,3
An aerial view of Ha Long Bay without any boats,Controlnet/099-4.png,99,0.5443274741110671,0.490935516881021,0.513542561315961,4,4,4,3,2
An aerial view of Ha Long Bay without any boats,DALLE/099-1.png,99,0.640256425764484,0.585875217092742,0.564248126372787,3,3,3,2,3
An aerial view of Ha Long Bay without any boats,DALLE/099-2.png,99,0.568953919619902,0.554760064404215,0.572693533064434,4,4,4,3,3
An aerial view of Ha Long Bay without any boats,DALLE/099-3.png,99,0.642479189073399,0.584329777460052,0.579537586433433,4,4,4,3,3
An aerial view of Ha Long Bay without any boats,DALLE/099-4.png,99,0.573078528417878,0.589716563765192,0.432473382564342,3,4,4,2,2
An aerial view of Ha Long Bay without any boats,Glide/099-1.png,99,0.45021955268927,0.497514530900343,0.479609787366563,1,2,2,3,1
An aerial view of Ha Long Bay without any boats,Glide/099-2.png,99,0.4311245223810699,0.4614985700458709,0.4527956689912579,2,2,2,3,2
An aerial view of Ha Long Bay without any boats,Glide/099-3.png,99,0.365154647021775,0.4195606259058489,0.419179177858504,1,2,2,1,1
An aerial view of Ha Long Bay without any boats,Glide/099-4.png,99,0.376649637120397,0.4189563274146259,0.411677408674144,1,2,2,3,2
An aerial view of Ha Long Bay without any boats,Lafite/099-1.png,99,0.42414472466508,0.539106558074646,0.508205317362091,2,3,3,2,3
An aerial view of Ha Long Bay without any boats,Lafite/099-2.png,99,0.4461206929939609,0.518906229858451,0.495100742073759,1,3,2,3,2
An aerial view of Ha Long Bay without any boats,Lafite/099-3.png,99,0.421181295408487,0.444732475419155,0.487373187365094,2,2,2,1,1
An aerial view of Ha Long Bay without any boats,Lafite/099-4.png,99,0.438392484171875,0.4922517616317099,0.4623653525093399,3,2,3,2,3
An aerial view of Ha Long Bay without any boats,stable-diffusion/099-1.png,99,0.6591876759729939,0.668132505279941,0.556558900847115,4,4,4,3,2
An aerial view of Ha Long Bay without any boats,stable-diffusion/099-2.png,99,0.664390939694428,0.606213788425923,0.565119438628351,4,4,4,3,2
An aerial view of Ha Long Bay without any boats,stable-diffusion/099-3.png,99,0.643967489479534,0.568310638800143,0.50524408319126,4,4,4,3,2
An aerial view of Ha Long Bay without any boats,stable-diffusion/099-4.png,99,0.406221141125164,0.405482154523577,0.401210198687515,1,1,1,3,2
An aerial view of Ha Long Bay without any boats,Unidiffuser/099-1.png,99,0.283842389909566,0.3049990318164239,0.324419778819535,1,1,1,3,3
An aerial view of Ha Long Bay without any boats,Unidiffuser/099-2.png,99,0.634570512299899,0.612471613612898,0.547504582029,4,4,4,3,3
An aerial view of Ha Long Bay without any boats,Unidiffuser/099-3.png,99,0.593803007434366,0.563593635219664,0.546829848878988,4,4,4,2,3
An aerial view of Ha Long Bay without any boats,Unidiffuser/099-4.png,99,0.648807660549869,0.5944764953944199,0.646453420633611,4,4,4,3,3
