prompt,image_name,index,Quality,Authenticity,Correspondence,score_1,score_2,score_3,score_4,score_5,generated_answer
a corgi,Controlnet/000-1.png,0,0.601641784272688,0.4724654086896269,0.599858733492637,4,4,3,2,3,A 3D rendered corgi figurine stands on a carpeted floor in profile. The anatomy is stable but the neck collar shows fused textural confusion. Surfaces appear waxy with softened details and repetitive background textures.
a corgi,Controlnet/000-2.png,0,0.547488782945869,0.424822427887229,0.572338260012088,3,3,3,2,3,A 3D-rendered Corgi dog stands on a concrete surface in bright light. Facial features and paws exhibit minor geometric warping and simplified anatomy. Fur appears waxy with repetitive background grain.
a corgi,Controlnet/000-3.png,0,0.493219284850192,0.415136888570317,0.535424148920043,3,4,3,2,1,A stylized corgi figurine stands centrally on a textured grey surface. The subject displays a fused extra limb on its flank and a distorted torso. Heavy grain and soft edges obscure fine surface details.
a corgi,Controlnet/000-4.png,0,0.570137695922788,0.515801608187804,0.602230739812681,4,4,4,3,3,"A photorealistic close-up portrait of a corgi on a carpet. The subject is recognizable, yet its paws and mouth show anatomical inconsistencies. Fur appears waxy and the background contains repetitive texture patterns."
a corgi,DALLE/000-1.png,0,0.698963010426329,0.674662469470443,0.662880370629596,4,3,3,3,3,A photorealistic close-up portrait of a corgi dog indoors. The subject's facial features and harness exhibit subtle anatomical distortions and fusion. Fur textures appear waxy with softened details and background melting artifacts.
a corgi,DALLE/000-2.png,0,0.621103934515632,0.606257237019357,0.656949028810416,4,4,4,3,3,A photorealistic corgi stands centered in a lush garden with shallow depth of field. The canine subject features coherent anatomy and a naturally expressive face. Sharp fur details contrast with the smooth background bokeh.
a corgi,DALLE/000-3.png,0,0.633029793764934,0.621333698516614,0.639382687783885,3,3,2,3,2,A photorealistic close-up portrait of a corgi sitting by a grassy stream. The subject is structurally coherent with a well-defined face and consistent anatomy. Textures and edges show no dominant local artifact.
a corgi,DALLE/000-4.png,0,0.663023031617994,0.695902433929191,0.70820394857775,3,4,3,3,3,A corgi dog peeks from behind a door frame indoors. The subject maintains stable anatomy with clear facial features and natural proportions. Fur textures lack fine detail and the background appears artificially melted.
a corgi,Glide/000-1.png,0,0.384188142476458,0.494165945267182,0.525659481838369,2,3,2,3,3,A close-up shows a dog's face with an open mouth against a dark background. The subject is recognizable but the mouth area appears slightly distorted. Global blurring flattens textures and obscures sharp edges everywhere.
a corgi,Glide/000-2.png,0,0.374449329961749,0.485396888815793,0.501843868646045,3,3,4,3,3,A close-up photorealistic portrait of a dog's face with soft lighting. The canine nose and mouth area is fused with poor structural clarity. Global oversmoothing flattens fur texture and obscures fine edge definition.
a corgi,Glide/000-3.png,0,0.407556092381559,0.459588880952931,0.549009153957545,2,2,2,2,3,A close-up portrait of a corgi dog against a plain background. The subject is structurally stable but lacks detail due to pervasive blurring. Global oversmoothing completely removes fur texture and sharp edge definition.
a corgi,Glide/000-4.png,0,0.439772703225667,0.528685969225672,0.592582928423943,2,3,2,3,3,A close-up view depicts a corgi dog against a blurred green background. The dog's face is structurally plausible but exhibits smeared and indistinct features. Severe global oversmoothing removes all natural texture and edge definition.
a corgi,Lafite/000-1.png,0,0.3399559394834739,0.347772395611889,0.38046184930783,2,2,2,2,3,A close-up digital painting shows a distorted dog-like creature on a paved surface. The subject features a warped face and fused limbs with poor structural coherence. Oversmoothing flattens textures and blurs fine details.
a corgi,Lafite/000-2.png,0,0.332957427138365,0.327053313096475,0.412714708790357,1,2,2,1,3,"A close-up of a distorted puppy sitting on a paved outdoor surface. The subject exhibits severe facial malformations, fused paws, and impossible anatomy. Textures appear waxy and oversmoothed with blurred edges and poor definition."
a corgi,Lafite/000-3.png,0,0.398964905427663,0.385986075422704,0.449419705967248,2,3,2,1,2,A distorted cat-like creature sits on a paved outdoor path in daylight. The subject shows severe facial malformation with fused features and warped anatomy. Heavy blurring and flat textures mask details across the entire image.
a corgi,Lafite/000-4.png,0,0.36567405205141,0.363101381360306,0.378242688063539,1,2,1,1,2,A heavily distorted cat-like creature sits on a paved outdoor surface. The subject exhibits severe facial fusion and warped body geometry. Global blur and waxy melting textures obscure all fine details.
a corgi,stable-diffusion/000-1.png,0,0.6725035862272271,0.664679857550296,0.640895795344628,4,4,3,2,3,A close-up shot of a corgi dog sitting on a gravel surface. The subject's facial features show slight asymmetry and a softened muzzle structure. Fur textures appear waxy while the background exhibits repetitive pseudo-detail patterns.
a corgi,stable-diffusion/000-2.png,0,0.407062519140022,0.457763286347989,0.543278574245623,2,2,2,3,3,A front-facing corgi dog runs toward the viewer on a soft-focus background. The dog's head is clear while its lower body is warped and incomplete. Global blur and oversmoothing significantly reduce image clarity.
a corgi,stable-diffusion/000-3.png,0,0.614899450013953,0.59836714915396,0.6417752116151649,4,4,4,3,3,A photorealistic corgi dog faces forward on a plain textured ground. The subject's anatomy is stable though paws lack distinct digit definition. Fur textures display prominent oversmoothing and a waxy synthetic finish.
a corgi,stable-diffusion/000-4.png,0,0.642967143577087,0.610308397448975,0.646682520220804,4,4,4,3,3,A photorealistic close-up portrait of a corgi sitting on a sandy surface. The subject's anatomy is coherent though facial features show minor unnatural smoothing. Global textures appear waxy and lack fine detail from heavy smoothing.
a corgi,Unidiffuser/000-1.png,0,0.566964650505948,0.528490901094392,0.5402607507895251,3,3,3,2,3,A close-up portrait depicts a corgi's head centered against a dark background. The corgi's anatomy is stable though the nose appears malformed and fur texture is fused. Heavy oversmoothing creates waxy textures and obscures fine details.
a corgi,Unidiffuser/000-2.png,0,0.537653546121748,0.523182577268263,0.5183662157687661,3,4,3,2,3,A photorealistic corgi stands on a textured grey pavement surface. The subject's face is severely distorted and limbs appear malformed. Fur textures display waxy oversmoothing and lack fine detail.
a corgi,Unidiffuser/000-3.png,0,0.3771859891381129,0.435743061950714,0.504956420861143,1,2,2,1,3,A blurry front-facing portrait of a small orange dog on a carpeted floor. The subject's facial features and limbs are structurally unstable and lack clarity. Global oversmoothing flattens textures into waxy surfaces.
a corgi,Unidiffuser/000-4.png,0,0.609718230492863,0.5965232248800789,0.592535064240142,4,4,4,3,3,A photorealistic corgi stands on a green lawn under natural daylight. The canine subject is structurally stable despite subtle paw and facial fusion. Global textures exhibit significant oversmoothing and lack fine fur detail.
a bench,Controlnet/003-1.png,3,0.5780978847453521,0.5568434789264289,0.601518901434689,4,4,4,3,3,A wooden bench sits outdoors against a wall and dense foliage. The subject structure is stable with only minor joinery simplification. Ground textures exhibit repetitive noise and lack fine physical detail.
a bench,Controlnet/003-2.png,3,0.6351300152924,0.6453699363951,0.646949282530349,4,4,3,3,3,A photorealistic close-up shows a dark wooden park bench on a paved surface. The subject is clear but features repetitive grain and distorted support structures. Textures appear waxy and lack natural micro-detail definition.
a bench,Controlnet/003-3.png,3,0.630093104761341,0.587354976514049,0.5676308174493809,3,3,3,3,3,"A wooden bench sits in a garden next to a glass wall. The bench structure is plausible, though the legs appear oddly fused. Textures appear flat and exhibit repetitive artificial patterns."
a bench,Controlnet/003-4.png,3,0.575017129367044,0.592485521100945,0.651748015436623,4,4,4,3,3,"A wooden park bench sits on a grassy lawn in daylight. The bench is clearly rendered, but its base appears fused and unnatural. Blurry textures and soft edges affect the ground and support areas."
a bench,DALLE/003-1.png,3,0.620748282688808,0.602139549876201,0.651146959384597,4,4,4,3,3,A photorealistic park bench sits on a lawn under dense green foliage. The subject displays fused backrest slats and warped leg structural details. Textures appear flat and the background exhibits significant oversmoothing.
a bench,DALLE/003-2.png,3,0.607871429066143,0.563591545260679,0.607243321639351,4,4,4,3,3,"A dark wooden bench sits on a lawn in a bright garden. The subject is stable, though the right side exhibits minor geometric warping. Repetitive shadows and flattened textures degrade global perceptual quality."
a bench,DALLE/003-3.png,3,0.57895297102425,0.529034789471401,0.546708213383478,4,4,3,3,3,A wooden park bench sits before dense green foliage in bright daylight. The bench exhibits malformed leg supports and fused armrest connection points. Pervasive softness blurs textures and weakens edge definition everywhere.
a bench,DALLE/003-4.png,3,0.710586122943497,0.6408141839582829,0.697520006405038,4,4,4,2,3,A photorealistic image features a metal and wood park bench in a garden setting. The subject displays warped metal armrests and structurally implausible leg connections. Background foliage appears heavily oversmoothed with softened edge definition.
a bench,Glide/003-1.png,3,0.466275552712141,0.5758138604329079,0.621891733892986,1,2,3,2,3,A blurry image shows a wooden slatted bench against green foliage. The bench subject is structurally coherent but lacks fine geometric clarity. Severe global blur and smoothing flatten all textures and edges.
a bench,Glide/003-2.png,3,0.393840082530947,0.490631428305375,0.580700928651495,2,2,2,2,3,A blurry wooden bench sits centered against a rough stone wall. The bench's structure is recognizable yet compromised by significant blurring. Global oversmoothing flattens all textures and removes fine details.
a bench,Glide/003-3.png,3,0.412673728409993,0.451531766088348,0.52529546733773,2,3,2,2,3,A grainy monochrome image shows a wooden bench in an outdoor setting. The bench is recognizable but has softened geometry and indistinct leg structures. Heavy blur and noise obscure fine textures and surface details.
a bench,Glide/003-4.png,3,0.478894828251657,0.508921796202373,0.494277133292321,3,3,3,3,3,A blurry wooden bench sits in a lush green garden. The bench's legs exhibit structural distortion with fused and nonsensical wooden extensions. Severe oversmoothing removes all fine texture and edge definition.
a bench,Lafite/003-1.png,3,0.404906625855338,0.434613130003761,0.491717783649463,2,1,1,1,3,A warped wooden bench with a woven backrest sits in a garden. The seat structure is horizontally smeared and geometrically unstable. Severe motion-like blur and waxy textures dominate the visual field.
a bench,Lafite/003-2.png,3,0.403256931822858,0.370266861720226,0.409816624259664,2,4,4,2,3,A heavily warped wooden bench sits on a grassy outdoor lawn. The subject displays severe structural fusion and nonsensical geometric repetition. Heavy blur and flat textures dominate the image.
a bench,Lafite/003-3.png,3,0.400980675171279,0.38026720716872,0.524480559184195,1,2,2,2,3,A distorted wooden bench with mesh sits on a lawn before greenery. The furniture's structure is malformed with fused layers and broken geometry. Global blur and oversmoothing weaken texture and edge definition.
a bench,Lafite/003-4.png,3,0.356276788212102,0.349934746444914,0.423225933544927,1,2,2,1,3,A distorted wooden bench sits outdoors amidst green foliage and soft light. The subject exhibits severe geometric warping with fused slats and melting supports. Textures appear waxy and oversmoothed with poor edge definition.
a bench,stable-diffusion/003-1.png,3,0.647005261532245,0.614969085867321,0.6545821142642779,3,4,2,3,3,"A black slatted park bench rests on pavement beside a large tree. The subject features distorted anatomy with thick, fused armrests and warped legs. Surfaces show waxy smoothing and weak edge definition."
a bench,stable-diffusion/003-2.png,3,0.534694742056385,0.565799220924023,0.5681975682609159,4,4,4,3,3,A wooden park bench sits on a paved sidewalk from a low angle. The bench structure is coherent with plausible geometry and clear separation. Surfaces show mild oversmoothing and weak fine texture details.
a bench,stable-diffusion/003-3.png,3,0.5903208275181681,0.653254658154768,0.640809547475554,4,4,4,3,3,A photorealistic green park bench sits before a dense hedge on a path. The bench's ornamental legs show significant fusion and distorted scrollwork. Textures are softened with repetitive background foliage patterns.
a bench,stable-diffusion/003-4.png,3,0.400729207164083,0.4014821451250679,0.523136575729109,1,2,1,1,3,A soft-focus digital sketch depicts a wooden park bench on a sidewalk. The bench's geometry is coherent but lacks precise edge definition and local detail. Heavy global blur and flat textures dominate the composition.
a bench,Unidiffuser/003-1.png,3,0.4860448465875119,0.537484241018913,0.560858484996896,4,4,4,2,3,A distorted red wooden bench leans against a wall on a sidewalk. The subject exhibits severe structural warping and fused components that defy physical logic. Surfaces appear waxy with inconsistent lighting and repetitive background textures.
a bench,Unidiffuser/003-2.png,3,0.62608334197485,0.597686358255186,0.5701646865818379,3,3,3,3,3,A blue park bench sits on a path before a lawn and building. The form remains stable despite softened edges and slightly indistinct leg geometry. Flat textures show inconsistent lighting and blurred details.
a bench,Unidiffuser/003-3.png,3,0.410052407486439,0.403739290915395,0.55415712291442,2,2,3,2,3,A soft-focus image shows a wooden park bench in a green outdoor setting. The bench structure is severely warped and lacks stable geometry or clear boundaries. Global oversmoothing removes all fine texture and edge definition.
a bench,Unidiffuser/003-4.png,3,0.529034040650929,0.5192574462266569,0.493250355781699,4,4,4,3,3,A wooden park bench sits on a path before a grassy hill. The bench is recognizable though its lower structure appears malformed and indistinct. Global blur and waxy textures reduce visible detail throughout the frame.
a flower,Controlnet/004-1.png,4,0.508187628141381,0.519663538355115,0.6388498754037201,4,4,3,2,3,A close-up watercolor-style image depicts a central pink flower against a blurred background. The flower displays unnatural petal veins and a structurally ambiguous center. Global textures show excessive smoothing with softened edges and flat color areas.
a flower,Controlnet/004-2.png,4,0.564460527005463,0.536704495039963,0.598177773614216,3,3,3,3,3,A large purple daisy-like flower dominates a densely packed floral scene. The primary bloom has slightly distorted petal bases and a generic center. Background regions exhibit repetitive patterning and oversmoothed surface textures.
a flower,Controlnet/004-3.png,4,0.424975422893048,0.453904660999111,0.4230593016961469,2,3,3,3,2,A close-up impressionistic painting shows yellow flowers against a vibrant abstract background. Floral subjects are recognizable despite inconsistent petal shapes and minor structural fusion. Background areas exhibit color smearing and lack fine textural definition.
a flower,Controlnet/004-4.png,4,0.6411583173821129,0.6481993130345489,0.658213653250173,4,4,4,3,3,A close-up captures a white daisy with a yellow center against a blurred background. The central disc is malformed with fused fragments and inconsistent petal geometry. Textures exhibit mild oversmoothing and softened edge definitions across the frame.
a flower,DALLE/004-1.png,4,0.661969070356774,0.6809619177770431,0.69035904308308,4,4,4,3,3,A photorealistic macro view captures a pink flower with a yellow center. The subject is structurally stable although some petal bases show slight fusion. Smooth textures and softened edges suggest mild global oversmoothing.
a flower,DALLE/004-2.png,4,0.64641650675167,0.588976284900652,0.599229212245884,3,4,2,3,3,A photorealistic macro shot captures a yellow flower with droplets against a soft background. The subject is coherent though some petal margins show minor fusion and distortion. Surfaces show waxy textures and pseudo-detailed water droplets.
a flower,DALLE/004-3.png,4,0.5364391516638399,0.586034473450457,0.561257457828344,2,2,2,3,3,A close-up view shows an orange flower against a blurred green background. The floral structure is coherent though the inner stamens appear slightly fused. Pervasive softness from shallow depth of field limits visible detail.
a flower,DALLE/004-4.png,4,0.515857213669454,0.5565973144562509,0.568051006256269,4,4,4,3,3,A macro photograph captures a red flower bud against a blurred green background. The central bud features unnaturally fused petals with distorted and crowded geometry. Waxy textures and soft focus reduce global detail clarity.
a flower,Glide/004-1.png,4,0.470354456476996,0.4560760651894739,0.5651635731478499,2,3,2,3,3,"A close-up shows a blue flower with an orange center on a blurred green background. The flower is coherent despite minor petal irregularities and simplified detail. Global softness blurs edges and creates flat, waxy textures."
a flower,Glide/004-2.png,4,0.441988862229649,0.505899151704702,0.600589596567358,2,2,2,3,3,A close-up view captures a yellow and white lily against a dark backdrop. The flower's center contains distorted and fused dark structures that lack clarity. Global oversmoothing significantly reduces detail and flattens surface textures.
a flower,Glide/004-3.png,4,0.424435217378284,0.497751508605488,0.5698353914708469,2,2,2,3,3,A close-up shot features a yellow lily against a blurred green background. The floral structure is recognizable although the central region appears heavily malformed. Heavy global oversmoothing degrades edge clarity and detail.
a flower,Glide/004-4.png,4,0.4106712123815479,0.549461771931649,0.5638693261573711,4,4,4,3,3,A macro shot displays a white striped flower against a blurred green backdrop. The flower is well-formed except for a fused and indistinct central region. Heavy global blur reduces edge definition and texture clarity.
a flower,Lafite/004-1.png,4,0.48995207747042,0.4766194442100079,0.5857118000671511,4,4,4,2,3,A close-up view captures a large pale flower with green foliage. The floral subject displays a distorted central core and softened petal geometry. Heavy global blur and waxy textures obscure details.
a flower,Lafite/004-2.png,4,0.416463503488782,0.437182310516217,0.546193496499032,2,3,2,3,3,A close-up shows a large pale flower with a red center on dark leaves. The bloom displays malformed petal geometry and a structurally ambiguous core. Widespread oversmoothing and blur soften all textures and boundaries.
a flower,Lafite/004-3.png,4,0.524651181002261,0.579950614394533,0.587870168345936,2,3,2,3,3,A close-up depicts a white flower with a pink center on dark leaves. The flower has fused petals and a structurally ambiguous central core. Heavy blur and waxy smoothing obscure fine detail.
a flower,Lafite/004-4.png,4,0.446457787087245,0.4890938268568179,0.559638301734646,2,2,2,3,3,A close-up shows a pale flower with a red center against dark foliage. The subject exhibits malformed petals and a fused center structure. Global oversmoothing and edge melting obscure fine details.
a flower,stable-diffusion/004-1.png,4,0.6587970867979659,0.681139820764643,0.670471856001383,4,4,4,3,3,"A close-up captures a vibrant pink daisy against a soft green background. The floral anatomy is plausible, though the central disc is visually confused. Petal surfaces display a waxy, oversmoothed texture lacking micro-detail."
a flower,stable-diffusion/004-2.png,4,0.570967701494341,0.569769070154641,0.539378095959292,3,3,3,3,2,Four pink flowers with yellow centers grow from green stems in a garden. Floral structures show fused petals and malformed centers lacking botanical clarity. Surfaces appear waxy and oversmoothed with inconsistent background texture.
a flower,stable-diffusion/004-3.png,4,0.432372084786937,0.436170319226617,0.429494001268869,2,2,2,3,2,A close-up shows a dense cluster of small white flowers and green foliage. Individual flower structures are softened and lack clear petal definition or botanical precision. Heavy oversmoothing eliminates all fine textural detail.
a flower,stable-diffusion/004-4.png,4,0.630330526582432,0.626231579103538,0.627294764279288,3,3,3,2,3,A photorealistic close-up shows a light blue flower against a green background. The floral subject has a malformed center and inconsistent petal shapes. Textures appear waxy and the background lacks fine detail definition.
a flower,Unidiffuser/004-1.png,4,0.614406283909396,0.626763214862118,0.592478696971826,4,4,2,3,3,"A close-up shot features a pink five-petaled flower against a blurred green background. The floral structure is stable, but the central stamen lacks fine definition. Petal textures appear slightly waxy and over-smoothed."
a flower,Unidiffuser/004-2.png,4,0.517248917170781,0.517422009208143,0.509153268513774,4,4,4,2,3,"A macro view shows two red butterfly-like forms on variegated petals. The red subjects display fused, warped structures without clear anatomical logic. Surfaces show slight waxiness and softened edge definition."
a flower,Unidiffuser/004-3.png,4,0.362828973667453,0.434305694173808,0.539597108266653,2,2,2,2,3,A close-up of a vibrant pink flower against a blurred green background. The central bloom is structurally coherent but heavily distorted by global blur. Widespread softening eliminates texture and renders all boundaries indistinct.
a flower,Unidiffuser/004-4.png,4,0.632373676317754,0.680010995228981,0.656916714396894,4,4,3,3,3,A close-up shows a vibrant pink flower on large green leaves. The floral anatomy exhibits subtle distortions at the petal bases and center. Petal textures appear slightly waxy with softened fine details.
a green pepper,Controlnet/005-1.png,5,0.633697363266338,0.624544275737969,0.6041178050915019,4,4,4,3,3,"A photorealistic green bell pepper is centered on a brown background. The subject structure is coherent, though the stem base looks slightly fused. Textures exhibit a waxy smoothness with subtle pseudo-detailing throughout."
a green pepper,Controlnet/005-2.png,5,0.662051779857002,0.611996499694486,0.631499454677814,3,4,3,3,3,"A photorealistic close-up captures a green bell pepper on a wooden surface. The pepper shape is coherent, although the stem base appears slightly malformed. Wooden background texture lacks sharpness and shows repetitive patterning."
a green pepper,Controlnet/005-3.png,5,0.545987032814797,0.485954939704979,0.49546848720908,3,3,3,2,2,"A photorealistic close-up depicts three green bell peppers on a plain background. The sliced pepper displays malformed anatomy and lacks realistic internal details. Surfaces show a waxy, oversmooth texture with softened edge definition."
a green pepper,Controlnet/005-4.png,5,0.567010960006201,0.564329044188629,0.607323079015979,4,4,4,3,3,A photorealistic close-up features a green and red bell pepper on a green surface. The subject maintains a stable form with subtle irregularities in its contour. Foreground textures show repetitive patterns and the background lacks edge clarity.
a green pepper,DALLE/005-1.png,5,0.6655894901428571,0.6660484327397469,0.6637769787415929,4,4,3,3,3,A photorealistic close-up shows a wet green bell pepper on a white background. The subject is clear but the stem junction appears structurally fused. Textures appear waxy with repetitive pseudo-details and softened fine detail.
a green pepper,DALLE/005-2.png,5,0.646225378850247,0.644210529195163,0.609392035467896,4,4,4,3,3,A photorealistic green bell pepper rests on a plain white background. The subject is clear but shows a distorted stem and irregular surface topology. Textures appear waxy with softened edges and flat surface detail.
a green pepper,DALLE/005-3.png,5,0.577567213065623,0.563659709441226,0.629342407423975,3,3,2,3,3,A photorealistic green bell pepper sits on a plain white background. The subject shows a malformed structure with unnatural lobe fusion and a distorted stem. Textures appear waxy with softened edges and inconsistent surface highlights.
a green pepper,DALLE/005-4.png,5,0.587742668691565,0.582724473672427,0.6129184231055941,4,4,3,3,3,"A photorealistic green bell pepper is centered on a white background. The vegetable maintains a plausible shape, though the calyx shows slight fusion. Surface texture appears waxy with global oversmoothing."
a green pepper,Glide/005-1.png,5,0.4263408430768109,0.514650966498657,0.6116949816256451,2,2,2,2,3,A blurry green bell pepper occupies the center of a white frame. The subject exhibits severe melting distortion and lacks coherent lobe geometry. Intense global blur and oversmoothing destroy all surface texture details.
a green pepper,Glide/005-2.png,5,0.417678828492349,0.516187771131422,0.554515366134777,3,3,2,2,3,A centered digital rendering of a green bell pepper on a black background. The pepper's shape is coherent but the stem junction is heavily blurred. Global oversmoothing creates waxy textures and lacks sharp definition.
a green pepper,Glide/005-3.png,5,0.415214407147185,0.507475728923074,0.619938845504598,1,3,2,2,3,A close-up shot displays a green bell pepper against a blurred background. The subject's upper anatomy is distorted with fused lobes and a hollow center. Extreme blurring causes waxy textures and a loss of micro-detail.
a green pepper,Glide/005-4.png,5,0.477352585596442,0.5370902017218451,0.582063668998444,1,3,2,3,3,A centered close-up shows a green bell pepper on a wooden surface. The subject is recognizable but has a fused and indistinct stem region. Heavy blur and waxy textures eliminate all fine surface details.
a green pepper,Lafite/005-1.png,5,0.360414893047781,0.360882207781694,0.366925116796301,2,2,2,2,3,A close-up shows a smooth green organic object against a blurred background. The subject is a coherent but ambiguous organic form with minimal detail. Waxy textures and softened edges dominate the global perceptual quality.
a green pepper,Lafite/005-2.png,5,0.3991510538839909,0.4192835590506329,0.404532827896611,2,3,2,3,3,"A macro view captures a green, distorted ear-like object against a plain background. The subject displays a malformed and fused structure lacking clear anatomical definition. Global textures are waxy and show significant oversmoothing."
a green pepper,Lafite/005-3.png,5,0.384692917210631,0.401363095890403,0.406838209951687,1,1,1,2,1,A close-up presents a distorted green organic mass on a plain surface. The subject exhibits severe structural warping with fused and semantically ambiguous features. Heavy blur and low-resolution noise obscure fine details throughout.
a green pepper,Lafite/005-4.png,5,0.442027988643349,0.346758956891287,0.44831141300606,3,3,1,2,2,A macro view captures a green organic object with a central cavity on a blurred surface. The subject is structurally stable but semantically vague due to its undefined internal anatomy. Waxy textures and pervasive oversmoothing reduce clarity.
a green pepper,stable-diffusion/005-1.png,5,0.682506389373853,0.663389763680105,0.690083671897481,4,4,4,3,3,A photorealistic green bell pepper is centered on a purple background. The vegetable's form is stable but the stem junction shows minor distortion. Glossy surfaces appear waxy and the background lacks organic texture variation.
a green pepper,stable-diffusion/005-2.png,5,0.646897814376142,0.618301729007003,0.6695191782284919,4,4,3,2,3,A photorealistic close-up shows a single green bell pepper on a wooden surface. The vegetable exhibits a coherent organic shape with a naturally attached stem. Textures and edges show no dominant local artifact.
a green pepper,stable-diffusion/005-3.png,5,0.50276397329405,0.529073755208217,0.533884189430776,3,3,3,2,3,A green bell pepper rests on a granular surface in a close-up view. The subject is recognizable despite unnatural skin spotting and a distorted upper stem. Textures show repetitive patterns and lack fine detail clarity.
a green pepper,stable-diffusion/005-4.png,5,0.602501279059301,0.5637415944295681,0.5698493857679651,3,4,4,3,2,A photorealistic close-up shows a green bell pepper on brown soil under sunlight. The pepper's structure is stable though the stem junction appears slightly fused. Surfaces display a waxy texture and repetitive soil patterns.
a green pepper,Unidiffuser/005-1.png,5,0.410396538986112,0.463516244020511,0.449564456257006,2,2,2,2,2,A close-up shot displays a green fruit against a soft-focus background. The subject is readable but shows a malformed stem and waxy surface. Global oversmoothing eliminates texture detail and softens all edges.
a green pepper,Unidiffuser/005-2.png,5,0.700941513918273,0.653364021551457,0.7188116285448839,4,4,4,3,3,A close-up view shows a green bell pepper on a noisy background. The vegetable is recognizable yet possesses a thick and malformed stem base. Harsh lighting creates waxy textures and flattens surface detail.
a green pepper,Unidiffuser/005-3.png,5,0.571252797782928,0.544449002357046,0.619848963431634,2,2,2,2,3,"A centered green pepper on a gray textured background in a realistic style. The subject is structurally intact, though the stem region is slightly malformed. Visuals display waxy surface smoothing and a monotonous grainy background."
a green pepper,Unidiffuser/005-4.png,5,0.52999321358469,0.533648860281443,0.594024469499058,3,4,2,3,3,A photorealistic close-up shows a green bell pepper on an orange surface. The subject is structurally coherent and semantically clear with stable geometry. Textures appear waxy and the background displays a repetitive grainy pattern.
a book cover,Controlnet/006-1.png,6,0.601024120048294,0.543699856313797,0.57866129299966,4,4,4,3,3,A stylized poster displays a central glowing lens in a decorative frame. The lens structure is coherent while the text remains semantically garbled. Details exhibit slight softness and smooth texture rendering.
a book cover,Controlnet/006-2.png,6,0.5415904870246611,0.512404013898234,0.514551791110353,3,3,2,2,3,"A close-up view displays two hardcover books on a neutral background. The subject features illegible cover patterns and distorted, inconsistent spine typography. Surface textures appear uniformly smooth with a slight waxy perceptual quality."
a book cover,Controlnet/006-3.png,6,0.4875615890393729,0.506170896544628,0.515428809671475,2,3,2,2,3,A centered portrait of a man inside a decorative painted border. The subject's face is heavily blurred with fused and indistinct features. Global oversmoothing eliminates most fine texture and edge definition.
a book cover,Controlnet/006-4.png,6,0.6407953887835179,0.5731346742350749,0.6279404044829939,3,3,3,2,3,A central landscape image is framed by distorted text on a grey background. The subject features illegible typography and a disjointed collage of mismatched scenic elements. Textures show mild smoothing and repetitive background patterns.
a book cover,DALLE/006-1.png,6,0.579512564919931,0.5238080261453559,0.516666721494521,4,4,2,3,3,A closed black notebook rests on a white background in a high-angle shot. The subject's rectangular shape is structurally stable and semantically clear. Large dark areas show noticeable oversmoothing and flat texture.
a book cover,DALLE/006-2.png,6,0.576882752682538,0.566672829954316,0.56252788052931,3,4,2,3,3,A black textured notebook is centered against a plain white background. The subject's geometric form and spine definition remain structurally coherent and readable. Surfaces show slight textural flatness and minimal noise.
a book cover,DALLE/006-3.png,6,0.609128976535291,0.596435745474288,0.5949918607976801,3,3,3,3,3,A white photo album rests on a dark gray surface at an angle. The spine binding is malformed with fused plastic and illegible pseudo-text. Waxy surfaces and soft edges obscure fine texture details.
a book cover,DALLE/006-4.png,6,0.53052292407358,0.545085199527358,0.437938464707604,3,3,3,2,2,"A photorealistic close-up captures an open book with fanned pages on a dark background. The subject structure is stable, though the central binding shows minor fusion. Page textures show subtle waxiness and softened details."
a book cover,Glide/006-1.png,6,0.377996667246715,0.423845787851254,0.529115965539108,3,3,2,2,3,A close-up shows centered text on a white page with side perforations. The text string is structurally stable but semantically illegible and lacks meaning. Details are soft and the paper surface appears smooth.
a book cover,Glide/006-2.png,6,0.427119877957314,0.480267782189991,0.5050501124611,1,3,1,1,2,"A centered digital graphic displays the text KNETAIN on a white background. The primary black text is legible and structurally stable, whereas the red text is illegible. Faint background discoloration and slight edge softening are present."
a book cover,Glide/006-3.png,6,0.425503547907702,0.43319930214649,0.483252901110051,3,3,3,3,3,A centered view shows a book cover with colored blocks and text. The text characters are structurally broken and semantically meaningless. Pervasive blur significantly degrades overall image sharpness and detail.
a book cover,Glide/006-4.png,6,0.430997703245299,0.457021986627701,0.525905614283345,2,1,2,3,3,A blurry document displays illegible text and a purple graphic on white. The text is semantically meaningless and the graphic shape is malformed. Global blur obscures details and softens all edges.
a book cover,Lafite/006-1.png,6,0.456811166048169,0.535798756459457,0.55004727435265,4,4,4,3,3,A stylized digital portrait of a figure on an orange graphic background. The face is warped and the torso fuses into a malformed shape. Heavy blurring and smeared textures obscure fine details everywhere.
a book cover,Lafite/006-2.png,6,0.428615641819638,0.443955507144106,0.461598080072553,3,3,2,2,3,A distorted human figure on an orange stylized poster with text elements. The subject's structure is severely warped with fused and unrecognizable body parts. Global textures show heavy smoothing and illegible pseudo-text artifacts.
a book cover,Lafite/006-3.png,6,0.507598343292069,0.5237796698164501,0.526068500530274,3,3,2,2,3,A distorted abstract face-like form sits on an orange background with illegible text. The central subject is structurally incoherent and semantically unreadable due to severe warping. Global textures appear waxy and smeared with repetitive background patterns.
a book cover,Lafite/006-4.png,6,0.528583827507843,0.559909795637343,0.605877089770327,2,3,2,3,3,A distorted figure on an orange poster features illegible text and high contrast. The central subject shows severe anatomical warping and semantic blending with background shapes. Global oversmoothing and waxy textures obscure fine details.
a book cover,stable-diffusion/006-1.png,6,0.5744866733219429,0.587171807769288,0.593393566777501,3,3,2,2,3,A stylized graphic poster features a central circle and illegible text within a colored frame. The text and ornamental symbols are structurally broken and lack semantic coherence. Details show significant softening and a lack of sharp definition globally.
a book cover,stable-diffusion/006-2.png,6,0.603593358342559,0.520791948449705,0.5031518350231731,3,3,3,3,2,A grid of colorful graphic book covers displays varied typography and abstract designs. Most text is illegible pseudo-characters with distorted letterforms and inconsistent spacing. Textures appear slightly waxy with minor inconsistencies in surface detail.
a book cover,stable-diffusion/006-3.png,6,0.406628831216518,0.447152128074458,0.4438730796557639,4,4,4,3,2,An abstract composition features overlapping colorful textures and indistinct organic forms. Subject structure is lost as forms fuse into a semantically unreadable field. Textures show heavy pseudo-detailing with softened edges and color bleeding.
a book cover,stable-diffusion/006-4.png,6,0.637368504457132,0.603615226654009,0.6135163774230891,3,3,3,2,3,A centered landscape photograph on a grey background features surrounding text. The surrounding text is severely garbled and semantically unreadable. Landscape details show softness with inconsistent texture and weak edge definition.
a book cover,Unidiffuser/006-1.png,6,0.455470300274351,0.436422405550782,0.5350673489500241,3,3,3,3,3,A stylized poster displays Cyrillic text above a colorful rural landscape illustration. The text contains semantically meaningless characters while the landscape structure stays coherent. Background textures exhibit slight graininess and softened fine detail definition.
a book cover,Unidiffuser/006-2.png,6,0.554485086173671,0.537930405325662,0.496234724415214,3,3,2,3,2,A monochromatic page displays stylized Cyrillic text inside a simple border. Most characters are structurally distorted and semantically illegible due to malformed strokes. Textures exhibit noticeable graininess and softened edge definitions throughout the frame.
a book cover,Unidiffuser/006-3.png,6,0.380635234627995,0.481689234833405,0.498431261929596,1,1,1,3,3,A soft-focus book cover shows blurred human figures on a blue background. Central figures are structurally indistinct and semantically unreadable from extreme fusion. Heavy oversmoothing and pervasive grainy noise dominate the visual field.
a book cover,Unidiffuser/006-4.png,6,0.554030467141289,0.538146612404816,0.5493633488713909,3,3,4,3,3,"A vertical view of a book cover with gold ornaments and Cyrillic text. The subject features illegible text and a heavily blurred, unrecognizable human portrait. Excessive smoothing hides details and gold regions display repetitive pseudo-detail."
a kitchen,Controlnet/007-1.png,7,0.580079697901009,0.5880173243924101,0.593412675224962,4,4,4,3,3,A photorealistic image depicts a modern kitchen with white cabinets and a central island. The kitchen island displays distorted countertop edges and implausible material transitions. Surfaces exhibit waxy pseudo-details and inconsistent texture patterns.
a kitchen,Controlnet/007-2.png,7,0.6913100137126059,0.716288440158609,0.697938235769024,4,4,3,3,3,"A photorealistic view depicts a corner kitchen with wooden cabinetry and appliances. Cabinet structure is stable, yet the leftmost appliance is malformed and unreadable. Surfaces show waxy textures and softened detail with repetitive grain."
a kitchen,Controlnet/007-3.png,7,0.547111398183599,0.529286723025597,0.5271688232256789,4,4,4,3,3,"A photorealistic kitchen interior shows grey cabinets, a stainless steel fridge, and a curved countertop. Cabinet door structures are malformed, and objects on the counter are semantically illegible. Textures appear waxy and lack sharp detail definition."
a kitchen,Controlnet/007-4.png,7,0.627721479104577,0.568226304272865,0.636808683981844,4,4,4,3,3,"A photorealistic interior shows a modern kitchen with an island and wooden stools. The kitchen structure is stable, but the foreground stool legs appear slightly fused. Background regions show softness while textures exhibit subtle repetitive patterns."
a kitchen,DALLE/007-1.png,7,0.619844372604875,0.661542845295089,0.590751073015168,4,4,4,3,3,"A bright kitchen scene features a stovetop, kettle, and glass cloche. Subject structure is flawed with illegible text and distorted internal reflections. Surfaces exhibit a waxy appearance with softened edges and background blur."
a kitchen,DALLE/007-2.png,7,0.571071090095821,0.559480369299069,0.616124048092411,4,4,4,3,3,A stainless steel pot rests on an induction cooktop in a kitchen. The subject exhibits minor handle fusion and distorted reflective surfaces. Global textures are flat with noticeable oversmoothing and weak detail.
a kitchen,DALLE/007-3.png,7,0.601732566951391,0.63221742509639,0.618593391400862,3,3,3,2,3,A photorealistic close-up depicts a kitchen stove and white cabinetry. Stove components and hanging cookware show malformed geometry and inconsistent knobs. Countertop surfaces display waxy textures and softened detail definition.
a kitchen,DALLE/007-4.png,7,0.613358312688699,0.617079221447008,0.618328391936253,4,4,4,3,3,"A modern kitchen interior features white cabinets, a black counter, and orange walls. Upper cabinets show malformed slab geometry and the range hood lacks support. Surfaces appear waxy and oversmoothed with flat textures."
a kitchen,Glide/007-1.png,7,0.4163012466276219,0.483243842385428,0.558268141600507,1,3,3,3,3,A blurry interior shows a large metallic arch over a kitchen counter. The central subject is structurally stable but lacks clear semantic definition. Heavy global oversmoothing flattens textures and obscures details.
a kitchen,Glide/007-2.png,7,0.386187667750982,0.472275045126696,0.462008073314205,3,3,3,3,2,A blurry interior shot shows a white door and shelving unit with indistinct items. The room layout is plausible but shelf contents lack clear structural form. Severe blur and oversmoothing flatten textures and soften boundaries.
a kitchen,Glide/007-3.png,7,0.398557190232771,0.509975203938933,0.5648463508749461,1,2,3,3,3,A blurry image depicts a kitchen interior with cabinets and appliances. The scene's layout is coherent despite the absence of sharp structural lines. Heavy global blur obscures all fine textural details.
a kitchen,Glide/007-4.png,7,0.4234785435933479,0.504803700681821,0.507664181848429,2,2,2,3,3,A blurry indoor shot centers on a white chest of drawers near a window. The main subject is structurally coherent but semantically obscured by pervasive softness. Extreme global blur flattens textures and eliminates fine edge definition entirely.
a kitchen,Lafite/007-1.png,7,0.40681608004423,0.4618448182896659,0.518434839289881,3,3,4,2,3,A distorted digital painting of a kitchen interior with warped cabinetry and counters. Subject structure is severely malformed as cabinet geometry melts and fuses with surfaces. Oversmoothing flattens textures while lighting remains inconsistent.
a kitchen,Lafite/007-2.png,7,0.45418191965137,0.520143862461266,0.531705959635585,3,3,4,2,3,"A blurry painting depicts a modern kitchen with dark cabinets and an orange chair. Cabinetry is warped and repetitive, while the central object appears malformed and fused. Oversmoothing creates waxy textures and inconsistent lighting."
a kitchen,Lafite/007-3.png,7,0.443981305568642,0.531176804809137,0.5935118940161019,2,2,2,2,3,A painterly digital image of a warped kitchen interior under warm light. Cabinetry and counters show extreme geometric distortion and structural melting. Heavy smoothing flattens textures and obscures fine details globally.
a kitchen,Lafite/007-4.png,7,0.454661723339454,0.487128297672268,0.549037346785455,2,3,2,2,3,A painterly digital artwork depicts a warmly lit kitchen interior with dark cabinetry. Central furniture and cabinetry show significant warping and lack geometric stability. Heavy oversmoothing flattens textures and blurs all object edges.
a kitchen,stable-diffusion/007-1.png,7,0.6011693856139729,0.544533424500065,0.576192163027176,3,3,4,2,3,"A bright modern kitchen features white cabinetry and a central granite island. Cabinet panels show minor geometric inconsistencies while appliances appear slightly fused. Large surfaces exhibit flat, waxy textures with softened edge definitions."
a kitchen,stable-diffusion/007-2.png,7,0.6014673874652889,0.593895955061851,0.572619314827745,4,4,4,3,3,A realistic digital photo depicts a kitchen interior with wooden cabinets and appliances. Cabinetry structure remains coherent despite minor geometric inconsistencies in panel alignment. Wood textures appear somewhat flat and repetitive across the surfaces.
a kitchen,stable-diffusion/007-3.png,7,0.3854826526624439,0.382626289582467,0.393855725052641,1,1,2,1,3,"A blurry digital painting depicts a distorted bedroom interior with a bed and door. The subject's geometry is warped and fused, making the spatial layout incoherent. Extreme global blur and waxy textures obscure all fine details."
a kitchen,stable-diffusion/007-4.png,7,0.572992463382088,0.594454761383489,0.6541316286810709,4,4,4,3,3,A photorealistic interior shot displays a modern kitchen with beige cabinetry. Cabinet handles and appliance geometry exhibit minor misalignments and repetitive tiling. Surfaces appear waxy with flat textures and softened edge definitions.
a kitchen,Unidiffuser/007-1.png,7,0.650444916631673,0.6584143918268811,0.640721567607384,4,4,4,3,3,"A realistic kitchen interior shows a sink, cabinetry, and various appliances. Lower cabinet doors display unnatural curvature and structurally implausible handles. Overall softness flattens textures and weakens fine edge definition."
a kitchen,Unidiffuser/007-2.png,7,0.268543531546935,0.340793296982725,0.377285254358806,1,2,2,2,2,A heavily blurred interior scene shows kitchen cabinetry and a counter. Extreme softness makes the subject's structure and layout completely illegible. Severe global blur destroys all texture and edge definition.
a kitchen,Unidiffuser/007-3.png,7,0.547100995647265,0.5460763005964889,0.602586008794476,2,3,3,2,3,"A blurry shot captures a kitchen with white cabinets and a distorted foreground mass. The room layout is coherent, while the foreground subject is structurally broken and illegible. Severe global blur obscures all surface details."
a kitchen,Unidiffuser/007-4.png,7,0.5554201595706441,0.583448807247003,0.619934415864198,3,3,3,3,3,"A low-fidelity image depicts a cluttered domestic kitchen with wooden cabinets. Appliances and storage contents are severely malformed, fused, and visually confusing. Heavy blur and waxy textures obscure fine details."
a fall landscape,Controlnet/008-1.png,8,0.552782632566083,0.492153504846858,0.536798012839209,2,2,3,2,3,A vibrant digital painting depicts a misty autumn forest with colorful trees. Tree structures are generally coherent while foliage lacks fine textural definition. Textures show pervasive oversmoothing and soft color boundaries.
a fall landscape,Controlnet/008-2.png,8,0.443809152511826,0.3862279106276349,0.541174338731469,3,3,3,2,3,A vibrant digital painting depicts a riverbank with golden grass and red autumn trees. Background foliage lacks clear structural definition and botanical plausibility. Painterly smoothing flattens textures and softens all edges.
a fall landscape,Controlnet/008-3.png,8,0.565183772854556,0.5505797765601941,0.544978753652604,3,4,3,3,3,A vibrant digital painting depicts a colorful autumn forest under a pink sky. Tree branches show minor fusion while the landscape layout remains largely stable. Background textures exhibit repetitive tiling and generalized softening.
a fall landscape,Controlnet/008-4.png,8,0.533441611479049,0.541159259839089,0.6228290633583601,4,3,4,3,3,"A digital painting portrays a colorful autumn forest landscape under bright light. Landscape elements are stable, though a tiny foreground object is illegible. Global textures show pervasive oversmoothing and lack sharp local detail."
a fall landscape,DALLE/008-1.png,8,0.579350842851183,0.595851801275443,0.6461753688026041,3,3,3,3,3,"A bright autumn landscape features colorful trees overhanging a calm lake shore. Tree forms are vague, and the shoreline boundary shows structural ambiguity. Water surfaces display melting textures and pseudo-details lacking physical coherence."
a fall landscape,DALLE/008-2.png,8,0.5518635059709289,0.5594048532097919,0.587680367262688,4,4,3,3,3,A photorealistic landscape shows a red-leafed tree in a grassy field under a blue sky. The central tree is coherent despite a cluttered multi-trunk base. Foreground textures show repetitive patterns and unnatural color splotches.
a fall landscape,DALLE/008-3.png,8,0.667873003189392,0.6636557207036929,0.6800749481386861,3,4,4,3,3,A photorealistic landscape shows a stone bridge over a river in autumn woods. The bridge is structurally stable while the dense foliage shows indistinct branching. Textures show mild oversmoothing and pseudo-detailed water surfaces.
a fall landscape,DALLE/008-4.png,8,0.64086558620136,0.642249729919723,0.6606173166801029,4,4,4,3,3,"A photorealistic autumn forest borders a calm lake under soft diffused lighting. Tree structures are largely coherent, though some branch connections appear slightly fused. Noticeable oversmoothing flattens textures and blurs fine edges."
a fall landscape,Glide/008-1.png,8,0.405037945544749,0.506320153206263,0.626235075403317,2,2,2,2,3,A blurred landscape displays colorful autumn trees reflected in still water. The treeline structure is coherent but suffers from a complete lack of detail. Severe global oversmoothing eliminates all natural textures and sharp boundaries.
a fall landscape,Glide/008-2.png,8,0.395516377248956,0.499599204592543,0.522435498068257,2,2,2,2,3,"A blurry autumn landscape features a small tree against a forested hillside. The subject lacks defined branches, appearing as soft color masses without clear structure. Extreme global blur flattens textures and obscures all boundaries."
a fall landscape,Glide/008-3.png,8,0.455075909741509,0.505629541732718,0.637719866739466,2,2,3,3,3,A soft-focus photograph depicts a dense grove of yellow autumn trees. Tree silhouettes and foliage masses appear structurally coherent despite low resolution. Heavy blurring flattens textures and eliminates all discernible fine details.
a fall landscape,Glide/008-4.png,8,0.375489964720753,0.5053619846064791,0.555740577948145,2,2,3,3,3,A dreamy autumn forest path is framed by vertical tree trunks and foliage. The scene is semantically readable but lacks distinct forms for trees and leaves. Oversmoothing eliminates all fine textures and sharp contour definitions.
a fall landscape,Lafite/008-1.png,8,0.478043267474437,0.61921300161957,0.606399195070629,2,3,3,3,3,"A digital painting depicts a dense autumn forest on a rolling hillside. Foliage is rendered as fused, malformed blobs rather than distinct organic shapes. Extreme softness and a uniform waxy texture degrade global perceptual clarity."
a fall landscape,Lafite/008-2.png,8,0.534381670510963,0.500331715808318,0.527358777665035,3,3,2,3,3,A painting depicts an autumn forest bordering a pond under a cloudy sky. Tree foliage displays melting distortion and lacks coherent botanical structure or clear definition. Textures are waxy and oversmoothed with inconsistent edge sharpness.
a fall landscape,Lafite/008-3.png,8,0.45456056150982,0.565850711871301,0.583838419549654,2,2,2,3,3,A painterly landscape: autumn trees on a hill under a cloudy sky. The subject is recognizable but lacks fine detail and clear separation. Global textures appear soft and waxy with blurred edges and low contrast.
a fall landscape,Lafite/008-4.png,8,0.4829781159950059,0.552126666323108,0.597204318881619,3,4,4,3,3,"An impressionistic painting depicts an autumn forest and pond under a cloudy sky. Tree structures are amorphous blobs lacking botanical definition, making the landscape layout visually confusing. Oversmoothing flattens textures and removes fine edge details."
a fall landscape,stable-diffusion/008-1.png,8,0.614447924447355,0.601853454757296,0.6289065842545419,4,4,4,3,3,"A painterly image shows a colorful autumn forest landscape with varied foliage. The main trees are structurally stable, but background regions lack semantic clarity. Global textures exhibit heavy smoothing and repetitive tiling artifacts throughout the frame."
a fall landscape,stable-diffusion/008-2.png,8,0.389766330121424,0.45992883551789,0.477144454881009,1,2,2,2,3,A soft-focus painterly forest depicts vertical trunks and orange autumnal foliage. Tree forms are reduced to abstract color blobs with fused and structureless canopies. Global oversmoothing eliminates texture and edge definition.
a fall landscape,stable-diffusion/008-3.png,8,0.523242522319306,0.5185905538671229,0.551168362518822,3,3,3,3,3,A vibrant impressionistic painting depicts an autumn forest on rolling hills. The central tree and surrounding foliage maintain coherent forms despite simplified geometry. The image exhibits a pervasive grainy texture and repetitive background patterns.
a fall landscape,stable-diffusion/008-4.png,8,0.55837352112779,0.575189319935888,0.575950900366465,2,2,2,3,3,A vibrant painting depicts an autumn forest hillside above a grassy meadow. Background trees show repetitive forms while the landscape structure remains generally stable. Textures appear waxy with softened edges throughout the image.
a fall landscape,Unidiffuser/008-1.png,8,0.5804774427602,0.584257328015655,0.596653838940127,4,4,4,3,3,A painterly scene captures a dense hillside forest with vibrant autumn colors. Foliage clusters appear fused and lack distinct structural boundaries or botanical logic. Heavy textural smoothing and color bleeding degrade local edge clarity.
a fall landscape,Unidiffuser/008-2.png,8,0.663774970844767,0.645737157199694,0.620969391497221,4,4,4,3,3,"A vibrant autumn forest overlooks a dark, reflective body of water. Tree structures appear somewhat fused with indistinct boundaries and messy foliage density. Textures show subtle smearing and waxy surface qualities."
a fall landscape,Unidiffuser/008-3.png,8,0.3171671360182579,0.32346753516471,0.376611292747057,1,1,1,1,1,"A blurred landscape shows an orange mass beside a green field under a bright sky. The abstract forms lack coherent geometry, making the scene semantically ambiguous. Heavy global blur and grain obscure fine details."
a fall landscape,Unidiffuser/008-4.png,8,0.599737182547306,0.5677762914922,0.655339053812008,4,4,4,3,3,"A dense cluster of golden autumn trees fills a bright outdoor landscape frame. The tree canopy lacks distinct structure and shows repetitive, smeared foliage patterns. Foreground details are noisy while mid-ground textures appear flat and oversmoothed."
A giraffe walking through a green grass covered field,Controlnet/010-1.png,10,0.566176123938069,0.461301097446177,0.539783206207276,4,4,4,2,3,A side-profile view of a giraffe standing in a sunlit grassy field. The giraffe shows severe anatomical warping including an elongated neck and malformed legs. Fur textures appear flat and lack sharp definition.
A giraffe walking through a green grass covered field,Controlnet/010-2.png,10,0.608215440883366,0.5993971011439,0.571775954113865,3,4,4,3,3,A digital painting depicts a giraffe standing in a grassy field. The subject has a malformed head with extra protrusions and spindly legs. Soft focus and flat textures reduce overall perceptual sharpness.
A giraffe walking through a green grass covered field,Controlnet/010-3.png,10,0.464995746064107,0.452831968067441,0.50332247449327,4,4,4,3,3,A watercolor painting depicts a giraffe standing in a grassy field. The giraffe's anatomy is distorted with malformed and fused lower limbs. Global textures appear flat with softened edge definition.
A giraffe walking through a green grass covered field,Controlnet/010-4.png,10,0.463544713161393,0.405899501065823,0.392629267923354,1,1,1,1,2,A close-up frontal view shows a giraffe head against a blurred green background. The subject displays significant facial distortion with a malformed nasal structure and eyes. Surface textures exhibit oversmoothing and unnatural color variations.
A giraffe walking through a green grass covered field,DALLE/010-1.png,10,0.640241867437846,0.579223247299053,0.668689417366569,3,4,4,2,3,A realistically rendered giraffe runs across a sunny grassy hillside. The subject exhibits severe anatomical distortion including malformed limbs and an unnatural neck. Textures appear waxy while background details show subtle repetitive patterns.
A giraffe walking through a green grass covered field,DALLE/010-2.png,10,0.5316684902197479,0.537410629314239,0.53099224010283,4,4,4,2,3,A photorealistic giraffe stands in a grassy field under a bright sky. The subject exhibits noticeable anatomical distortion in its head and limb joints. Textures appear slightly smoothed with inconsistent background detail definition.
A giraffe walking through a green grass covered field,DALLE/010-3.png,10,0.664909018134502,0.65836975670027,0.648660650066153,4,4,4,3,2,A realistic photo shows a giraffe walking in a grassy field with mountains. The giraffe's anatomy and pose are structurally coherent and clearly recognizable. Background textures show subtle oversmoothing and minor repetitive patterns.
A giraffe walking through a green grass covered field,DALLE/010-4.png,10,0.593435948525297,0.532777961480965,0.605986713220256,2,3,3,3,3,A giraffe stands in a lush green savanna field under bright daylight. The animal displays severe anatomical distortion with malformed limbs and a warped torso. Textures appear waxy and lack fine detail.
A giraffe walking through a green grass covered field,Glide/010-1.png,10,0.427167728160194,0.474910598277415,0.465286142160656,1,2,2,2,2,A close-up shows the lower body of a giraffe in a field. The subject's legs are severely distorted with fused and warped anatomy. Heavy blurring and softness degrade the overall image clarity.
A giraffe walking through a green grass covered field,Glide/010-2.png,10,0.4519942776958129,0.495244392669199,0.496625807680505,2,3,3,2,3,A blurry close-up shows a distorted giraffe in a green field. The subject exhibits severe anatomical failure with misplaced limbs and a warped head. Global blur flattens all texture and edge detail.
A giraffe walking through a green grass covered field,Glide/010-3.png,10,0.44680775590171,0.574048812240108,0.537939310342014,2,2,2,2,3,A cropped giraffe stands in a bright green field under daylight. The giraffe's anatomy is structurally unstable with an elongated neck and thin legs. Severe global blur and oversmoothing flatten textures and soften all boundaries.
A giraffe walking through a green grass covered field,Glide/010-4.png,10,0.419634959481645,0.488157278564985,0.46964066922388,3,4,3,3,3,A headless giraffe stands in a bright grassy field with trees. The subject features severely distorted anatomy with multiple malformed and fused legs. Heavy global blurring and softness obscure all fine surface details.
A giraffe walking through a green grass covered field,Lafite/010-1.png,10,0.3843175926568309,0.397093310129252,0.380350997139711,3,2,2,2,3,A partially visible giraffe stands in a grassy field under natural daylight. The subject lacks a coherent head and exhibits severe anatomical malformation. Global textures are flat and edges show significant softening throughout.
A giraffe walking through a green grass covered field,Lafite/010-2.png,10,0.370638309343177,0.356886311827004,0.446013967740232,2,2,2,2,2,"A distorted giraffe appears in a grassy field with trees behind it. The subject's anatomy is heavily warped and lacks a recognizable head or neck. Significant blur, noise, and a watermark obscure fine details."
A giraffe walking through a green grass covered field,Lafite/010-3.png,10,0.392109475276607,0.35434414228322,0.422392125670362,2,2,2,2,3,A distorted giraffe stands in a grassy field under daylight. The subject exhibits severe structural warping and lacks anatomical coherence. Global blur and flat textures reduce overall visual clarity.
A giraffe walking through a green grass covered field,Lafite/010-4.png,10,0.35361108147051,0.411489506484896,0.430389732174249,2,2,2,2,3,"A heavily distorted giraffe stands in a grassy field before trees. The subject's anatomy is severely warped into a fused, bulbous shape lacking any structural coherence. Global textures appear flat and edges are softened by significant oversmoothing."
A giraffe walking through a green grass covered field,stable-diffusion/010-1.png,10,0.606537245983207,0.5222136356002011,0.580278131875598,4,4,4,2,3,A side-profile view of a giraffe standing in a green grassy field. The subject features an unnaturally elongated neck and distorted foreleg proportions. Textures show mild oversmoothing and soft edge definition.
A giraffe walking through a green grass covered field,stable-diffusion/010-2.png,10,0.5824779701977161,0.583988306807376,0.582508079504392,3,3,4,2,3,"A full-body giraffe stands in a grassy field before dense trees. The subject shows malformed facial features and unnaturally thin, stiff limbs. Surfaces appear smooth with softened edges and background texture melting."
A giraffe walking through a green grass covered field,stable-diffusion/010-3.png,10,0.578614933216363,0.549870823209556,0.5790399598299331,3,3,3,3,3,A photorealistic side-profile of a giraffe standing in a green field. The subject is clear but suffers from malformed limbs and distorted hooves. Grass textures show subtle oversmoothing and repetitive patterns throughout the scene.
A giraffe walking through a green grass covered field,stable-diffusion/010-4.png,10,0.359676911809889,0.371506176804614,0.38029674778319,2,2,2,2,2,A distorted giraffe stands in a hazy field with its head cropped. The subject features severe anatomical malformation with a fused elongated neck and indistinct limbs. Heavy global blur and oversmoothing flatten textures and obscure boundaries.
A giraffe walking through a green grass covered field,Unidiffuser/010-1.png,10,0.5373879082494549,0.561643406959476,0.608360352800914,3,3,2,2,3,"A side-profile view of a giraffe standing in a grassy field. The subject is structurally stable, although the neck is elongated and the head is cropped. Fur textures appear slightly synthetic and background details exhibit oversmoothing."
A giraffe walking through a green grass covered field,Unidiffuser/010-2.png,10,0.600160344652134,0.555999283510391,0.61295799457261,4,4,3,2,3,A vertically cropped giraffe stands in a green field under daylight. The giraffe's anatomy is distorted with malformed legs and inconsistent limb thickness. Fur patterns and background grass exhibit slight oversmoothing and pseudo-detailing.
A giraffe walking through a green grass covered field,Unidiffuser/010-3.png,10,0.405823354978923,0.494515438297972,0.522131494079586,1,2,2,1,3,A giraffe stands in a saturated green field with a painterly style. The subject is recognizable but suffers from blurred limbs and weak structural definition. Global blur and repetitive pseudo-detail textures dominate the perceptual quality.
A giraffe walking through a green grass covered field,Unidiffuser/010-4.png,10,0.58480427273141,0.512394272454752,0.5644097246921941,4,4,4,2,3,A photorealistic giraffe stands in a grassy field before a dense forest. The giraffe exhibits subtle anatomical distortions including an elongated neck and thin limbs. Background textures appear repetitive and lack fine natural detail.
a woman with long hair,Controlnet/011-1.png,11,0.51065161081328,0.484359370858809,0.548365101836693,3,3,2,2,2,A photorealistic close-up portrait features a woman with long brown hair. The central subject is structurally stable though a malformed face appears in the background. Global textures show significant oversmoothing with softened edge definition.
a woman with long hair,Controlnet/011-2.png,11,0.6267969910906259,0.532784266842777,0.6563014593910169,4,4,3,2,3,"A photorealistic portrait of a blonde woman against a dark background. The subject is recognizable, but hand anatomy appears fused and malformed. Skin textures look waxy with softened edges and low local contrast."
a woman with long hair,Controlnet/011-3.png,11,0.542738544802921,0.503819886903293,0.564822702282944,2,2,2,1,3,"A photorealistic close-up portrait features a woman with long straight hair. The face exhibits a distorted nose piercing and heavy, semantically confusing eye makeup. Skin and hair textures appear waxy with softened edge definition throughout."
a woman with long hair,Controlnet/011-4.png,11,0.605628398364933,0.519180910386755,0.622165582605422,3,3,2,2,3,"A rear view depicts a woman with long, streaked hair. Hair contains a dark fused patch, and the shoulder structure is malformed. Textures exhibit soft edges, waxy surfaces, and repetitive fabric details."
a woman with long hair,DALLE/011-1.png,11,0.519183910439337,0.552924086974744,0.572518146599896,3,3,3,2,3,"A photorealistic close-up portrait of a woman against a blurred green background. The subject's facial structure is clear, but ear geometry is slightly distorted. Skin texture appears uniformly waxy and lacks natural micro-detail definition."
a woman with long hair,DALLE/011-2.png,11,0.600109243907575,0.633357296221557,0.607847906750683,4,4,4,3,3,"A photorealistic portrait shows a woman with long dark hair against a neutral backdrop. The subject's anatomy is coherent, though the hand lacks natural articulation. Skin and hair textures exhibit a pervasive waxy oversmoothing."
a woman with long hair,DALLE/011-3.png,11,0.640236238058412,0.61284882382383,0.6417119302685219,4,4,4,2,3,"A photorealistic portrait of a smiling woman posing outdoors in daylight. The subject is stable, but the hand holding hair is visibly distorted. Global textures exhibit heavy oversmoothing and a uniform waxy appearance."
a woman with long hair,DALLE/011-4.png,11,0.597140576370609,0.567024470250511,0.582977774250085,3,4,3,2,3,"A photorealistic close-up portrait shows a smiling woman with long dark hair. The face is clear, but fingers exhibit fusion and unnatural joint geometry. Skin textures appear overly smoothed with a distinct waxy quality."
a woman with long hair,Glide/011-1.png,11,0.414110568501047,0.39103321260539,0.364810219909684,2,3,2,1,1,"A macro shot features a dark insect with long pink fuzzy appendages against a blurred background. Subject anatomy is distorted, showing fused textures and unclear body transitions. Heavy blurring and flat pseudo-detailing obscure fine edges globally."
a woman with long hair,Glide/011-2.png,11,0.362815881689243,0.39034814816261,0.368681000983096,1,2,2,1,1,A tight macro view captures a patch of white fur against darkness. The fur subject is readable but shows fused central highlights and weak strand separation. Heavy global blur and oversmoothing degrade fine textural details.
a woman with long hair,Glide/011-3.png,11,0.311407130784979,0.334098220944225,0.308662273264771,1,1,1,1,1,"A grayscale close-up shows a dark, flowing, and abstract textured surface. The subject lacks clear structure, appearing as an incoherent mass of blurred lines. Severe global blur eliminates all fine details and edge clarity."
a woman with long hair,Glide/011-4.png,11,0.383127383449159,0.368047318925175,0.350946046988009,1,1,1,1,1,A minimalist line drawing depicts an abstract organic shape on a white background. The subject's simple curved structure is stable but has a smudged center. Global oversmoothing and weak edge definition affect the image.
a woman with long hair,Lafite/011-1.png,11,0.380799168324202,0.3886983413624,0.572040308117629,2,2,2,2,3,A digital oil painting depicts a woman with long wavy hair against a blurred background. The subject's face is distorted with misaligned eyes and warped skin features. Global textures appear waxy and lack fine edge definition.
a woman with long hair,Lafite/011-2.png,11,0.484297692994556,0.431178366188317,0.5548614054444571,3,2,2,1,2,"A digital painting style close-up portrait of a woman with voluminous hair. Facial features are stable, but the hair volume and neck are structurally distorted. Textures show waxy oversmoothing and lack sharp edge definition."
a woman with long hair,Lafite/011-3.png,11,0.436755276149517,0.436067554645887,0.576605254285299,2,3,2,2,3,A close-up portrait shows a woman with long dark hair in a painterly style. The facial structure is recognizable but exhibits slight asymmetry and softened features. Global oversmoothing creates waxy textures and a lack of fine detail throughout.
a woman with long hair,Lafite/011-4.png,11,0.389411226943887,0.439893529663491,0.495131548678664,3,3,3,2,3,"A digital painting depicts a close-up of a woman with long brown hair. The face shows eye distortion and unnaturally fused, thick hair strands. Surfaces appear waxy and oversmoothed with inconsistent fine details."
a woman with long hair,stable-diffusion/011-1.png,11,0.517915270638741,0.47801594679986,0.6253436222215251,4,4,4,2,3,"A close-up portrait shows a woman with long brown hair against a green background. The subject's facial structure is mostly stable, though the eyes show minor asymmetry. Skin and hair textures appear slightly waxy with softened fine details."
a woman with long hair,stable-diffusion/011-2.png,11,0.571133615677278,0.527775233022035,0.597326517069826,4,4,3,3,3,A photorealistic close-up portrait features a woman with long brown hair. Hand anatomy is severely malformed with fused and distorted fingers. Skin textures appear waxy and over-smoothed throughout the image.
a woman with long hair,stable-diffusion/011-3.png,11,0.448546444193083,0.462097174313231,0.487807108806368,3,4,3,2,3,A soft-focus portrait shows a woman with long hair against a plain wall. The subject's facial features are structurally ambiguous and lack clear definition. Extreme smoothing results in flat textures and lost edge detail.
a woman with long hair,stable-diffusion/011-4.png,11,0.611396311974552,0.59350958588077,0.623695992676369,4,4,4,2,3,"Photorealistic side-profile portrait of a woman with long hair on a plain background. The subject's profile is coherent, yet the upper braid appears structurally fused. Skin is overly smoothed and waxy with repetitive pseudo-detailing."
a woman with long hair,Unidiffuser/011-1.png,11,0.586461499326524,0.549940690361706,0.653334018547512,4,4,4,2,3,"A photorealistic close-up portrait of a woman with long straight hair. Facial features are mostly coherent, though the hair exhibits unnatural vertical banding. Minor skin waxiness and repetitive pseudo-details affect textural realism."
a woman with long hair,Unidiffuser/011-2.png,11,0.584638214780437,0.549630172849913,0.623792249053037,4,4,3,2,3,A close-up profile of a woman with long brown hair on white. The face is coherent but hair structure consists of repetitive and unnatural patterns. Skin is oversmoothed and hair textures appear waxy and artificial.
a woman with long hair,Unidiffuser/011-3.png,11,0.288523334254648,0.291562215469716,0.38675487307702,1,2,1,1,3,"A heavily blurred red figure centers on a plain light background. The subject lacks any discernible structure, appearing as an indistinct colored mass. Severe blur obscures all texture and edge details."
a woman with long hair,Unidiffuser/011-4.png,11,0.506563474773279,0.4744669985575689,0.545228070730906,3,3,3,3,3,"A realistic close-up portrait of a woman with long brown hair. Facial anatomy is largely coherent though eyes appear slightly misaligned. Skin displays a characteristic waxy, oversmoothed texture throughout."
A red bus is driving on the road,Controlnet/012-1.png,12,0.566793517414523,0.529758109890697,0.590573449100103,3,3,3,2,3,A red double-decker bus sits on a blue road near golden mountains. The subject is structurally clear but displays unreadable gibberish text on panels. Mountain textures appear as repetitive noise without resolved surface details.
A red bus is driving on the road,Controlnet/012-2.png,12,0.6101813552618099,0.514189950664033,0.625591892525835,3,3,3,2,3,A red double-decker bus is parked beneath a dramatic golden sky. The subject displays distorted window geometry and illegible destination signage. Red surfaces show flat waxy textures with softened edge definition.
A red bus is driving on the road,Controlnet/012-3.png,12,0.524647058902712,0.488509885232876,0.4412074527435969,2,2,2,3,1,A stylized painting depicts a black double-decker bus on a roadside. The vehicle is recognizable but contains illegible text and distorted front details. Heavy grainy texture obscures fine details throughout the image.
A red bus is driving on the road,Controlnet/012-4.png,12,0.5982778001906081,0.512351984622292,0.626033465210836,4,4,3,2,3,A red double-decker bus is positioned on a road near rocky terrain. The vehicle structure is coherent but features illegible text on its panels. Global textures appear slightly waxy with soft detail throughout the scene.
A red bus is driving on the road,DALLE/012-1.png,12,0.535154648149347,0.52373840609046,0.627478419749022,4,3,2,3,3,A photorealistic red bus travels a road beneath a bright blue sky. The subject exhibits warped cabin geometry and visually confusing window regions. Heavy motion blur and flat textures obscure fine details.
A red bus is driving on the road,DALLE/012-2.png,12,0.574091853415964,0.614593464295741,0.625181314006986,4,4,4,2,3,A red double-decker bus moves on a road under a bridge. The bus shows warped window geometry and a distorted front fascia. Heavy motion blur softens details and obscures texture everywhere.
A red bus is driving on the road,DALLE/012-3.png,12,0.590072317194115,0.563844898238302,0.565608376430477,3,3,3,3,3,A red and white bus travels on a road beside buildings in daylight. The vehicle displays distorted window contents and malformed geometry around the rear wheel. Sharpness is low with softened details and flat surface textures.
A red bus is driving on the road,DALLE/012-4.png,12,0.540548432220372,0.5351480320195889,0.579890191612247,3,3,2,3,3,A photorealistic red bus travels along a paved road under an overcast sky. The vehicle's front end and wheels exhibit significant smearing and malformed geometry. Heavy background blur accompanies flattened textures and softened edge definition.
A red bus is driving on the road,Glide/012-1.png,12,0.414183658548989,0.520651636729329,0.58364497877801,3,3,3,2,3,A red bus travels on a road with trees in the background. The vehicle's structure is coherent but lacks any discernible fine detail. Extreme blur flattens textures and softens every edge in the scene.
A red bus is driving on the road,Glide/012-2.png,12,0.44544648727685,0.535941138640801,0.542477648752532,2,3,2,3,3,A blurry photorealistic side view of a red bus on a road. The subject displays warped geometry with fused doors and a malformed front. Significant global blur and oversmoothing obscure all fine textural details.
A red bus is driving on the road,Glide/012-3.png,12,0.460502359268083,0.6144264560745011,0.6107669801164289,2,3,3,3,3,"A red double-decker bus on a tree-lined road under bright daylight. The bus shape is coherent, but details and text are illegible and smoothed. Severe global blur flattens textures and softens edges."
A red bus is driving on the road,Glide/012-4.png,12,0.45940254428925,0.5189579192978591,0.587386098104743,2,3,3,3,3,A photorealistic red bus is parked outdoors under an overcast sky. The vehicle shows warped geometry and illegible text on its front surface. Heavy global blur and oversmoothing flatten textures and soften all edges.
A red bus is driving on the road,Lafite/012-1.png,12,0.482657717083323,0.470786394201726,0.562760847127202,2,2,1,1,2,A distorted red vehicle sits on a road under a pale sky. The subject is severely malformed with fused parts and illogical geometry. Extreme blur and oversmoothing obscure all fine details.
A red bus is driving on the road,Lafite/012-2.png,12,0.412259754777725,0.435029584657174,0.489940468071685,2,2,3,2,2,A malformed red vehicle rests on a paved surface outdoors. The subject displays extreme geometric distortion and fused window regions. Pervasive blurring and softened contours obscure all fine details.
A red bus is driving on the road,Lafite/012-3.png,12,0.377014576257084,0.386256092473107,0.3916261693202459,2,2,2,1,3,A distorted red vehicle rests on a road beneath overhead wires. The vehicle structure is heavily warped with fused panels and broken geometry. Global oversmoothing and flat textures eliminate most natural surface detail.
A red bus is driving on the road,Lafite/012-4.png,12,0.389313404374958,0.389660911526102,0.410851959586984,1,1,2,1,3,A distorted red bus sits on a road beneath a clear sky. The vehicle's form is heavily warped with fused components and broken geometry. Severe global blur and softness mask all textural details.
A red bus is driving on the road,stable-diffusion/012-1.png,12,0.61739679600713,0.602659324006189,0.569638944608968,4,4,4,3,3,A red double-decker bus is centered on a road against a leafy background. The subject displays malformed window frames and semantically broken destination text. Heavy blur and waxy textures reduce global detail clarity.
A red bus is driving on the road,stable-diffusion/012-2.png,12,0.613039033093565,0.603805982837982,0.591348363287732,4,4,4,3,3,"A red double-decker bus is shown from a low angle against a bright sky. The vehicle is coherent, but text and window details are illegibly distorted. Surfaces show subtle oversmoothing and background lacks fine texture."
A red bus is driving on the road,stable-diffusion/012-3.png,12,0.35032342306242,0.3658008083905549,0.4308438908414029,1,1,1,1,2,A high-angle view captures red cars on a road with painted markings. The vehicle subjects are heavily smeared and lack discernible geometric structure. Global motion blur flattens textures and erases all edge definition.
A red bus is driving on the road,stable-diffusion/012-4.png,12,0.705224795627758,0.626873647637128,0.67262086075042,4,4,4,3,3,"A red double-decker bus travels a road framed by green hills. The subject's form is clear, but text and window details are semantically broken. Textures appear slightly smoothed with subtle background pattern repetition."
A red bus is driving on the road,Unidiffuser/012-1.png,12,0.590472578372515,0.5724443352770799,0.571845520919387,2,3,3,3,3,A photorealistic red bus drives on a road surrounded by dense trees. The subject is clear but has illegible side graphics and a warped bumper. Textures appear waxy and background details lack sharpness.
A red bus is driving on the road,Unidiffuser/012-2.png,12,0.388481264678532,0.456254361202716,0.531295701120559,1,2,2,2,2,A red bus moves along a road with a blurred tree background. The subject's overall shape is clear but details are lost to smearing. Pervasive directional blur removes fine textures and sharp contour definitions.
A red bus is driving on the road,Unidiffuser/012-3.png,12,0.48740528775043,0.520062536576098,0.635229297626902,3,3,3,2,3,A red bus travels a road with a blurred green background. The subject maintains general shape but exhibits distorted windows and illegible text. Heavy motion blur and smooth textures degrade global edge sharpness.
A red bus is driving on the road,Unidiffuser/012-4.png,12,0.511817359891688,0.4752766554750859,0.508583485357388,4,4,4,2,3,A red bus sits on a road near trees and a small house. The vehicle displays illegible text and has a distorted front fascia region. Background textures show slight oversmoothing and weak detail.
a teddy bear on a skateboard,Controlnet/013-1.png,13,0.6812995415544699,0.608409024477514,0.629860901312577,4,4,4,3,3,A photorealistic teddy bear sits on a skateboard in a blurred setting. The subject exhibits distorted paw anatomy and a malformed skateboard with a fused tail. Fur textures appear waxy and the background lacks definition.
a teddy bear on a skateboard,Controlnet/013-2.png,13,0.573453421021242,0.535380884014146,0.552970141452822,3,4,4,2,3,A photorealistic teddy bear stands on a skateboard against a plain background. The subject's lower limbs appear fused and lack clear anatomical definition. Fur textures show a slightly waxy and oversmoothed quality.
a teddy bear on a skateboard,Controlnet/013-3.png,13,0.472002405612955,0.5026506521381721,0.4841483984225129,3,3,2,2,2,"A photorealistic close-up captures a teddy bear on a skateboard outdoors. The subject is structurally stable, but the skateboard wheel glows unnaturally. Fur textures appear waxy, and the ground surface contains scattered dark specks."
a teddy bear on a skateboard,Controlnet/013-4.png,13,0.636126768866646,0.595394714174571,0.553947245647021,4,4,4,2,3,A brown teddy bear with a red scarf sits on a blue skateboard. The bear is coherent but the skateboard trucks are distorted and incomplete. Fur details look soft and the background exhibits a uniform noisy texture.
a teddy bear on a skateboard,DALLE/013-1.png,13,0.530025357270667,0.530444767807317,0.56803114568042,3,3,3,3,2,A black and white teddy bear stands on a skateboard against a plain background. The subject shows minor facial distortion and unnatural limb proportions but remains coherent. Textures show softness and noise with weak edges.
a teddy bear on a skateboard,DALLE/013-2.png,13,0.583934124525347,0.629468356414224,0.5962748410729639,4,4,4,3,3,A brown teddy bear in a shirt sits on a skateboard against a white background. The subject's facial features are malformed and the clothing lacks structural volume. Wheels show softened geometry and fur appears slightly waxy.
a teddy bear on a skateboard,DALLE/013-3.png,13,0.5090410316086821,0.543532907314093,0.556795300729782,3,3,3,2,2,A plush teddy bear sits on a skateboard against a white background. The subject displays malformed facial features and structurally ambiguous limb definitions. Significant oversmoothing and soft focus degrade texture and edge definition.
a teddy bear on a skateboard,DALLE/013-4.png,13,0.543558976374844,0.5296166439035099,0.58587156902795,4,4,3,3,3,A brown teddy bear in a red shirt stands on a skateboard on a white background. The bear exhibits facial distortion near the snout and ambiguous limb anatomy. Textures appear waxy and oversmoothed with softened edges.
a teddy bear on a skateboard,Glide/013-1.png,13,0.398469004090554,0.418631615697998,0.4059147554608819,2,2,2,2,2,"A blurry brown teddy bear sits against a plain light background. The subject displays severe anatomical distortion with an elongated torso and malformed limbs. Image lacks sharpness, featuring waxy textures and heavily softened edges."
a teddy bear on a skateboard,Glide/013-2.png,13,0.394801499690641,0.436292175622118,0.394640414551491,1,2,1,1,3,A blurry digital rendering of a teddy bear on a plain gray background. The subject shows simplified anatomy with malformed features and poorly defined limbs. Heavy global blur and oversmoothing eliminate texture and edge detail.
a teddy bear on a skateboard,Glide/013-3.png,13,0.400221419695634,0.401170660603113,0.398651377757407,1,2,2,1,2,A dark purple teddy bear sits centered on a plain white background. The subject shows facial distortion with a malformed snout and fused features. Severe global blur washes out all surface textures and edges.
a teddy bear on a skateboard,Glide/013-4.png,13,0.406895845942396,0.526782424622046,0.440421179416305,2,2,2,3,1,A close-up shows a brown teddy bear against a blurred indoor background. The subject is recognizable but suffers from malformed limbs and a featureless face. Heavy smoothing and loss of detail dominate the entire frame.
a teddy bear on a skateboard,Lafite/013-1.png,13,0.395590134800978,0.388422743243233,0.389817382909825,3,3,3,1,2,A photorealistic teddy bear stands on a wooden deck outdoors. The subject displays severe anatomical distortion with detached and floating limbs. Fur textures appear waxy and background elements lack sharp definition.
a teddy bear on a skateboard,Lafite/013-2.png,13,0.417681448558236,0.416955608690376,0.462340553824145,2,3,3,2,2,A photorealistic teddy bear stands on a wooden surface outdoors. The subject displays severe anatomical distortion with malformed limbs and fused parts. Soft focus and a large watermark degrade the visual quality.
a teddy bear on a skateboard,Lafite/013-3.png,13,0.400141902286147,0.398491187992537,0.408556633438662,2,2,2,1,2,"A distorted teddy bear in clothing sits outdoors against a green background. The subject shows severe structural fusion, malformed limbs, and a detached paw. Textures are waxy and softened with inconsistent lighting throughout."
a teddy bear on a skateboard,Lafite/013-4.png,13,0.400177664586463,0.387064907557511,0.451324201380872,2,3,2,1,1,A distorted teddy bear stands on a skateboard on a wooden deck. The subject's anatomy is severely malformed with fused limbs and broken geometry. Heavy oversmoothing and edge melting degrade overall texture clarity.
a teddy bear on a skateboard,stable-diffusion/013-1.png,13,0.601468691351483,0.576869511846804,0.6344198460628729,4,4,4,3,3,"A teddy bear rides a skateboard in an outdoor park setting. The subject's structure is stable, though its paws appear slightly flattened against the deck. Fur textures exhibit subtle waxiness while the background shows significant melting."
a teddy bear on a skateboard,stable-diffusion/013-2.png,13,0.677215747700669,0.632753714494277,0.636704254886965,3,3,3,3,2,A photorealistic brown teddy bear stands on a skateboard outdoors. A red rectangular object is unnaturally fused to the bear's torso. Fur textures appear slightly waxy with softened fine detail definition.
a teddy bear on a skateboard,stable-diffusion/013-3.png,13,0.6318241402584119,0.59606749635995,0.5851448260118289,4,4,4,3,2,A brown teddy bear sits on a skateboard in a sunlit outdoor setting. The subject is stable though limb articulation appears simplified and fused. Fur textures show pervasive oversmoothing and a waxy surface quality.
a teddy bear on a skateboard,stable-diffusion/013-4.png,13,0.344794555519347,0.398459328164783,0.419874809566888,2,2,2,2,3,A stylized brown bear stands on skis against a plain background. The subject lacks clear anatomical definition with a featureless face. Global oversmoothing and edge softness obscure fine texture details.
a teddy bear on a skateboard,Unidiffuser/013-1.png,13,0.409147933345822,0.402839459518735,0.481621723541463,2,2,1,1,3,A heavily blurred teddy bear sits on a skateboard against a blue background. The subject's anatomy is fused and warped by intense motion-like smearing. Global detail is lost to severe oversmoothing and edge dissolution.
a teddy bear on a skateboard,Unidiffuser/013-2.png,13,0.545216797404308,0.53796648300191,0.468751382248847,4,4,4,3,2,A photorealistic brown teddy bear sits on a bike on pavement. The subject's paws appear malformed where they grip the handlebars. Fur textures look waxy and the background contains significant noise.
a teddy bear on a skateboard,Unidiffuser/013-3.png,13,0.5899162171539181,0.570801476630633,0.564109396460018,2,3,2,3,2,A brown teddy bear sits on a skateboard against a blue background. The bear's torso has a navel-like indentation and its paws look unnatural. Fur appears waxy and the background shows a coarse grain.
a teddy bear on a skateboard,Unidiffuser/013-4.png,13,0.557243811904205,0.517664980494443,0.442506771682477,4,4,4,3,2,"A photorealistic teddy bear sits on a toy vehicle before a blue wall. The bear exhibits fused limb anatomy and distorted, melting textures on its paws. Fur surfaces appear waxy with inconsistent local detail and soft boundaries."
a pumpkin with a candle in it,Controlnet/014-1.png,14,0.6019248532631051,0.589347900106023,0.45194371416279,4,4,4,3,2,A photorealistic close-up depicts a pumpkin set against a wooden plank background. The pumpkin stem appears fused while the body ribs lack symmetry. Textures show waxy smoothing with indistinct wood grain and softened details.
a pumpkin with a candle in it,Controlnet/014-2.png,14,0.575989499297169,0.5684024055432321,0.5585476531137971,4,4,4,3,2,A glowing carved pumpkin sits centered before a dry straw background. The pumpkin structure is stable while the stem appears semantically inconsistent. Background textures show subtle repetition and lack sharp local detail.
a pumpkin with a candle in it,Controlnet/014-3.png,14,0.67148759755049,0.656212672908962,0.5850231902083469,4,4,4,3,3,A carved jack-o'-lantern sits on dry straw under warm lighting. The pumpkin's mouth features malformed fused teeth and a jagged outline. Skin textures look waxy and the background shows heavy grain.
a pumpkin with a candle in it,Controlnet/014-4.png,14,0.602513199887799,0.565244193397229,0.605134774485961,3,4,3,3,2,"A glowing carved pumpkin sits among leaves on a dark surface. The facial features display malformed geometry, especially the nose and irregular teeth. Textures appear waxy and carved edges lack sharp physical definition."
a pumpkin with a candle in it,DALLE/014-1.png,14,0.503212786303704,0.523106029974398,0.499211118445578,2,3,2,3,2,A close-up view shows a glowing carved pumpkin in darkness. The pumpkin has a malformed fused stem and an irregular top rim. Waxy textures and soft focus obscure fine details.
a pumpkin with a candle in it,DALLE/014-2.png,14,0.532909466048704,0.449625093722055,0.419632997837343,4,4,4,2,2,A close-up shows a stylized orange pumpkin and a glassy crystal on black. The pumpkin's anatomy is malformed with overly rounded ribs and a distorted stem. Surfaces appear waxy and oversmooth with weak texture.
a pumpkin with a candle in it,DALLE/014-3.png,14,0.62556723287033,0.629117328164301,0.433277865303951,4,4,4,3,1,A photorealistic close-up shows a pumpkin and a lit candle in a textured glass holder. The pumpkin structure is stable despite minor warping in its segments and stem. Surfaces appear waxy and the glass texture contains repetitive pseudo-details.
a pumpkin with a candle in it,DALLE/014-4.png,14,0.508513357407487,0.529642555643492,0.43931482519721,3,4,2,3,2,"A large orange pumpkin sits beside a glowing candle in a dark setting. The pumpkin structure is stable, though the stem shows minor morphological fusion. Textures appear uniformly waxy and lack sharp detail."
a pumpkin with a candle in it,Glide/014-1.png,14,0.478403655667509,0.523843394367196,0.539228607663232,2,3,2,3,3,A blurry digital image shows a glowing jack-o'-lantern on a dark background. The subject's facial features are asymmetrical and distorted with poorly defined shapes. Heavy global blurring removes all texture and edge definition.
a pumpkin with a candle in it,Glide/014-2.png,14,0.4304400758256709,0.519952730977658,0.503899271650657,3,3,3,3,3,A glowing orange jack-o'-lantern is centered against a dark background. The subject's facial features are indistinct and the stem region shows structural fusion. Heavy blurring and waxy textures obscure fine details across the entire frame.
a pumpkin with a candle in it,Glide/014-3.png,14,0.455113121497599,0.494024567281226,0.539709218511504,3,3,2,3,2,A glowing jack-o'-lantern face is centered against a dark background. The facial features show asymmetry and malformed teeth with poor definition. Heavy blur and soft edges obscure all fine surface details.
a pumpkin with a candle in it,Glide/014-4.png,14,0.502022204146125,0.49696793265029,0.584824442285821,4,4,4,3,3,A glowing jack-o'-lantern is centered within a dark frame. The pumpkin's facial features are recognizable but appear warped and indistinct. Heavy oversmoothing flattens textures and obscures all fine details.
a pumpkin with a candle in it,Lafite/014-1.png,14,0.42503759871984,0.43782310001154,0.398489412647179,4,3,3,3,3,A glowing orange sphere sits in a dark setting with indistinct limbs above. The subject features a distorted shape with fused upper parts and messy details. Heavy blur and softened edges lower overall clarity.
a pumpkin with a candle in it,Lafite/014-2.png,14,0.399656343814458,0.391184292337418,0.423643689793481,1,1,1,1,1,"A glowing orange organic orb sits in a dark, low-light environment. The subject's internal structure is distorted and lacks recognizable semantic features. Pervasive softness and waxy textures reduce the image's overall perceptual sharpness."
a pumpkin with a candle in it,Lafite/014-3.png,14,0.430866897573667,0.424603554040583,0.431899284831841,1,2,2,1,2,A glowing orange gourd-like object rests in a dimly lit setting. The subject exhibits a warped and visually confusing internal carved region. Severe blurring and waxy textures dominate the global visual field.
a pumpkin with a candle in it,Lafite/014-4.png,14,0.374152603984184,0.416095826084835,0.39776033106042,2,2,1,1,2,"A glowing orange spherical object sits in a dark, indistinct setting. The subject's facial features are severely warped and lack coherent anatomical structure. Heavy blurring and waxy textures degrade overall clarity and edge definition."
a pumpkin with a candle in it,stable-diffusion/014-1.png,14,0.619555917189476,0.656935720302683,0.443304557159336,4,4,4,3,2,An orange pumpkin rests on a wooden surface with vertical plank walls. The subject is structurally stable despite a slightly fused stem base. Background wood shows melting grain patterns and global oversmoothing is evident.
a pumpkin with a candle in it,stable-diffusion/014-2.png,14,0.57833960839798,0.562419330011818,0.556593518816128,4,4,3,3,2,A glowing jack-o'-lantern sits next to a small pumpkin on a table. The primary subject exhibits a malformed and structurally incoherent facial carving design. Surfaces show waxy textures and inconsistent local lighting details.
a pumpkin with a candle in it,stable-diffusion/014-3.png,14,0.6415733897317879,0.5995010513429451,0.519252455071068,4,4,4,3,2,A carved orange pumpkin sits on straw in an outdoor yard. The subject shows a malformed and semantically confusing lower facial carving. Surfaces show subtle waxy smoothing and inconsistent background texture detail.
a pumpkin with a candle in it,stable-diffusion/014-4.png,14,0.402083395172327,0.345858357967839,0.396816900251874,2,2,2,2,1,A glowing orange pumpkin-headed figure occupies a blurred outdoor setting. The subject's facial features are malformed and lack any readable structural definition. Extreme blur and flat textures obscure all fine details globally.
a pumpkin with a candle in it,Unidiffuser/014-1.png,14,0.6241923336966191,0.582996928482001,0.600153909630524,3,3,3,2,1,A lit candle inside a small pumpkin holder sits before a large pumpkin. The subject's segmented form is recognizable but features unnaturally fused boundaries. Background surfaces show repetitive grain and weak organic texture variation.
a pumpkin with a candle in it,Unidiffuser/014-2.png,14,0.409162247916498,0.447062430025576,0.458200171631766,1,2,1,3,3,"A centered glowing red object with a small flame sits in darkness. The subject lacks defined geometry and appears as a soft, indistinct luminous mass. Severe blur and oversmoothing flatten all visual detail."
a pumpkin with a candle in it,Unidiffuser/014-3.png,14,0.590565211059119,0.56091993760875,0.4698054310112269,3,3,2,3,2,A photorealistic still life shows a large orange pumpkin beside a lit candle. The pumpkin displays vertical surface smudging and a structurally simplified stem. Surfaces show repetitive texture patterns and softened fine detail.
a pumpkin with a candle in it,Unidiffuser/014-4.png,14,0.574624873622941,0.551093613503287,0.505004627134664,3,3,3,3,3,A photorealistic still life depicts an orange pumpkin next to two glowing candles. The subjects are structurally coherent despite minor fusion at the candle bases. Surfaces exhibit mild waxiness and softened detail definition.
A bowl of Chicken Pho,Controlnet/015-1.png,15,0.575326926849508,0.598074476416163,0.54531325351229,3,3,3,2,2,A top-down shot captures a bowl of chicken noodle soup with garnishes. Chicken slices show structural fragmentation and fusion with the surrounding noodles. Surfaces display waxy textures and softened boundaries between ingredients.
A bowl of Chicken Pho,Controlnet/015-2.png,15,0.610402250782548,0.644769653117409,0.572976912288998,4,4,4,3,3,An overhead view depicts a bowl of chicken pho with fresh garnishes. The chicken components exhibit significant structural fusion and malformed biological geometry. Textures across the scene appear artificially smooth with flattened micro-details.
A bowl of Chicken Pho,Controlnet/015-3.png,15,0.600520888559604,0.657142817451325,0.578870719721167,4,4,4,3,1,A high-angle close-up captures a bowl of noodle soup with fresh garnishes. Meat slices and a red pepper show clear shape distortion and fusion. Ceramic surfaces reveal faint repetitive texturing and waxy smoothing.
A bowl of Chicken Pho,Controlnet/015-4.png,15,0.613981600151597,0.550892180248968,0.568821698629858,4,4,4,3,3,A top-down shot captures a bowl of noodle soup with fresh garnishes. Ingredients are clear but exhibit minor structural fusion and unnatural edge transitions. Surfaces show mild waxiness and inconsistent local lighting details.
A bowl of Chicken Pho,DALLE/015-1.png,15,0.6477856385267929,0.647932667297777,0.6019966821749559,4,4,4,3,2,"An overhead view shows a bowl of chicken noodle soup with garnish. Noodles appear fused and malformed while chicken slices show waxy, unnatural geometry. Textures are oversmoothed with weak edge definition."
A bowl of Chicken Pho,DALLE/015-2.png,15,0.542138874488158,0.5593462203108011,0.548331221705081,4,4,4,3,3,A close-up view shows a white bowl of chicken noodle soup with toppings. Sliced chicken pieces exhibit distorted shapes and unnatural fusion with the green onion garnish. Waxy textures and softened details diminish the visual clarity.
A bowl of Chicken Pho,DALLE/015-3.png,15,0.576936390902698,0.550717825889873,0.5960971750581731,4,4,4,3,3,A close-up shows a bowl of chicken soup with green onions. Chicken slices and garnishes exhibit unnatural shapes and lack physical weight. Textures appear waxy and edges show inconsistent definition throughout the image.
A bowl of Chicken Pho,DALLE/015-4.png,15,0.609427426545604,0.63990190466491,0.602177538324841,4,4,4,3,2,"A close-up view captures a white bowl of chicken pho on a wooden surface. Chicken slices display unnatural fibrous textures and fused edges in the broth. Overall textures appear waxy and soft, lacking fine edge definition."
A bowl of Chicken Pho,Glide/015-1.png,15,0.377094126920374,0.487802730875339,0.4831016870807769,1,2,2,3,3,"A close-up shot features a bowl of soup containing meatballs and herbs. Severe blurring distorts the subject, making ingredient boundaries and textures unclear. Widespread softness flattens details and reduces edge definition."
A bowl of Chicken Pho,Glide/015-2.png,15,0.456615829904041,0.476190683696756,0.517545493875805,2,3,3,3,3,A close-up view shows a white patterned bowl containing green soup. The leafy topping lacks coherent structure and appears as melted green masses. Pervasive blurring and waxy surfaces degrade overall image clarity.
A bowl of Chicken Pho,Glide/015-3.png,15,0.360329108757142,0.486695526836506,0.466156304274653,1,3,3,2,2,A blurry image shows a white bowl of noodle soup and green herbs. The subject is recognizable but lacks distinct structural detail for its components. Severe global blur flattens textures and softens boundaries.
A bowl of Chicken Pho,Glide/015-4.png,15,0.371704886115769,0.5218044877668919,0.519122428838124,2,3,4,3,3,"A blurry close-up captures a white bowl of soup on a wooden surface. Ingredients appear as a distorted, fused mass lacking clear internal geometry. Extreme oversmoothing removes texture and edge definition across the scene."
A bowl of Chicken Pho,Lafite/015-1.png,15,0.396697041173335,0.389356475036036,0.442953993338427,2,3,4,2,3,"Overhead shot of a bowl of vegetables on a table in a painterly style. The subject's structure is fused and malformed, lacking clear component definition. Global oversmoothing creates waxy textures and blurs all fine details."
A bowl of Chicken Pho,Lafite/015-2.png,15,0.352955930327317,0.362366068397484,0.419101301345335,2,3,3,1,3,A blurry overhead view shows a bowl of noodles with a watermark. The food ingredients are completely melted together without discernible structure. Severe global blur and softness eliminate all fine texture and edges.
A bowl of Chicken Pho,Lafite/015-3.png,15,0.413643222139777,0.390511117581147,0.455595129916343,3,2,3,2,2,A blurry close-up captures a white bowl containing indistinct food ingredients. The subject's structure is severely malformed with fused and unreadable organic textures. Heavy global blur and waxy smoothing destroy all surface detail.
A bowl of Chicken Pho,Lafite/015-4.png,15,0.421526323794615,0.401569871674098,0.4647055166733549,3,3,3,2,3,A painterly close-up shows a white bowl filled with sliced vegetables on a surface. The food contents are fused into structurally incoherent masses lacking clear definition. Textures are waxy and oversmoothed with weak edge definition.
A bowl of Chicken Pho,stable-diffusion/015-1.png,15,0.4392017890643099,0.443183444779234,0.513238192194886,3,3,3,3,3,A close-up shot presents a bowl of chicken noodle soup with herbs. Ingredients are semantically clear but show waxy textures and soft organic boundaries. Extreme global blur and oversmoothing obscure all fine surface details.
A bowl of Chicken Pho,stable-diffusion/015-2.png,15,0.623798424890212,0.56528579567388,0.560981126392686,3,3,3,3,3,A top-down view displays a bowl of noodle soup with herbs and lime. The meat and noodles show unnatural shapes and fused structural inconsistencies. Surfaces exhibit waxy oversmoothing with weakened fine details.
A bowl of Chicken Pho,stable-diffusion/015-3.png,15,0.579853353450309,0.579642503248592,0.5353635290405451,3,4,4,3,3,A top-down view shows a bowl of chicken noodle soup on wood. The chicken pieces are malformed and fused with unclear fibrous structure. Surfaces exhibit waxy textures and softened edge definition throughout.
A bowl of Chicken Pho,stable-diffusion/015-4.png,15,0.583554558992737,0.553614524260296,0.557646383001032,3,4,3,2,2,A close-up shot captures a photorealistic bowl of pho with fresh toppings. The food subject is structurally coherent and easily recognizable as a complete meal. Subtle oversmoothing affects the broth while leaf textures appear artificially repetitive.
A bowl of Chicken Pho,Unidiffuser/015-1.png,15,0.5492954483249219,0.543699244902901,0.51868708134219,4,4,4,2,3,A close-up shot features a bowl of red soup with meat and lime. The meat components appear structurally fused and lack clear anatomical definition. Textures appear waxy with softened edges and minor detail loss.
A bowl of Chicken Pho,Unidiffuser/015-2.png,15,0.605387730485096,0.589749009347376,0.57039540312153,2,3,3,2,2,"A close-up shot shows a bowl of soup with shredded meat and herbs. Soup ingredients appear malformed and fused with inconsistent geometry and unnatural textures. The image exhibits heavy oversmoothing, waxy textures, and blurred background details."
A bowl of Chicken Pho,Unidiffuser/015-3.png,15,0.354445557017323,0.341535304891631,0.34590580891112,1,1,2,1,2,A close-up view captures a heavily blurred bowl of colorful food. The food components are malformed and fused into an indistinct colorful mass. Extreme oversmoothing and blur obscure all surface textures and boundaries.
A bowl of Chicken Pho,Unidiffuser/015-4.png,15,0.585559023904741,0.5650788602850461,0.526081947723202,4,4,4,3,3,"A top-down view shows a bowl of noodle soup with herbs and lime. The ingredients appear cluttered and fused, lacking clear separation between components. It shows softness, flat textures, and inconsistent lighting."
A heart made of chocolate,Controlnet/016-1.png,16,0.622177764015495,0.5675662423511451,0.5567138839378241,4,4,4,3,3,"A heart shape of many small textured seeds on a plain gray background. The subject structure is stable, though individual components show minor morphological inconsistencies. Textures reveal repetitive patterns and pseudo-detailing throughout the dense assembly."
A heart made of chocolate,Controlnet/016-2.png,16,0.602448301657695,0.609886329673785,0.560604647716866,4,4,4,3,3,"An overhead view captures a heart-shaped arrangement of assorted candies on a dark surface. The subject is structurally coherent, but several pieces feature illegible symbols and fused boundaries. Surfaces show slight waxiness and repetitive micro-patterns."
A heart made of chocolate,Controlnet/016-3.png,16,0.647237639443223,0.618432992016436,0.610732246951607,4,4,3,3,2,A heart-shaped box of assorted chocolates and a layered pastry sit on a neutral surface. Recognizable chocolates display illegible pseudo-text and structurally malformed decorative icing patterns. Surfaces exhibit subtle oversmoothing and weak fine-grained texture.
A heart made of chocolate,Controlnet/016-4.png,16,0.585584856772401,0.620153463731548,0.622192198954549,4,4,3,3,3,A top-down view features a heart-shaped chocolate dessert on a plain background. The subject is clear while scattered toppings show minor malformations and fusion. Textures exhibit waxy oversmoothing and lack natural surface micro-detail.
A heart made of chocolate,DALLE/016-1.png,16,0.547425139422742,0.5450744258818829,0.552238619208936,3,3,2,3,3,A centered heart-shaped chocolate on a white background under soft lighting. The subject maintains coherent geometry and high semantic readability without distortion. Surfaces show subtle waxy smoothing and faint pseudo-detail artifacts on the chocolate.
A heart made of chocolate,DALLE/016-2.png,16,0.533307708872313,0.542038224186262,0.504320401460838,4,4,4,3,3,Glossy brown liquid forms the text I love on a white surface. The liquid strokes are structurally coherent and semantically readable as symbols. Textures and edges show no dominant local artifact.
A heart made of chocolate,DALLE/016-3.png,16,0.575403467078694,0.602569024008508,0.542645273146884,3,3,3,3,2,A photorealistic heart-shaped chocolate rests on a white background under soft lighting. The subject's inner cavity shows a fused geometric anomaly and messy textural detail. Surfaces display grainy pseudo-detail and softened edge transitions.
A heart made of chocolate,DALLE/016-4.png,16,0.549770767244127,0.5774272645669251,0.571118931413379,4,4,4,3,3,A heart-shaped chocolate and two round pieces sit on a light wooden surface. Subject forms are coherent and structurally stable with high semantic readability. Background texture shows slight repetition and soft shadow edge definition.
A heart made of chocolate,Glide/016-1.png,16,0.3924153346919199,0.417339222763939,0.410931624582083,2,2,2,2,1,A centered red textured heart shape on a plain white background. Internal text-like patterns are severely distorted and semantically illegible within the shape. Global softness and melted edge boundaries reduce overall image clarity.
A heart made of chocolate,Glide/016-2.png,16,0.439974364943837,0.494202339841123,0.447393297665097,1,2,2,2,2,A 3D-rendered heart-shaped object contains a dark geometric center on a white background. The subject is clear but exhibits unnatural internal geometry and fused layering. Waxy surfaces and softened edges reduce overall definition.
A heart made of chocolate,Glide/016-3.png,16,0.433514663765412,0.530746669707496,0.549058954795367,2,3,2,2,3,A close-up shows a glossy heart-shaped chocolate on a white background. Malformed ribbon-like textures on the top surface reduce semantic readability. Heavy global blur and softness obscure fine details and soften edges.
A heart made of chocolate,Glide/016-4.png,16,0.459582696370223,0.534558112092713,0.549600508735378,2,3,2,2,3,A close-up of a red and brown heart-shaped object on a light background. The subject is structurally coherent and clearly recognizable as a heart shape. Heavy global blurring softens edges and flattens surface texture details.
A heart made of chocolate,Lafite/016-1.png,16,0.5078853195420701,0.497338929449041,0.531535643054892,3,3,3,3,3,A centered close-up features a textured heart-shaped object on a dark background. The subject's internal structure lacks physical coherence due to inconsistent material transitions. Heavy pseudo-detail textures and softened edges reduce perceptual clarity.
A heart made of chocolate,Lafite/016-2.png,16,0.548900948900709,0.491936008158762,0.540717520353858,3,3,3,3,3,A close-up shows a textured heart-shaped object on a dark background. The central region exhibits malformed internal geometry and excessive visual noise. Soft focus and waxy textures reduce global perceptual clarity.
A heart made of chocolate,Lafite/016-3.png,16,0.430226424503945,0.478600308515639,0.519102344409591,4,4,4,3,3,"A close-up view captures a textured heart-shaped object on a dark surface. The subject is coherent yet marred by confusing textures and a malformed inner mark. Heavy blur, noise, and muddy textures obscure fine details."
A heart made of chocolate,Lafite/016-4.png,16,0.479261037326765,0.499927611350492,0.497905301416992,3,3,2,3,3,"A close-up captures a rough-textured heart-shaped object against a dark backdrop. The subject's geometry is stable while its surface details appear visually confusing. Prominent grain, waxy textures, and softened boundaries reduce fine detail definition."
A heart made of chocolate,stable-diffusion/016-1.png,16,0.628560773357057,0.645485625990773,0.634613363843346,4,4,4,3,3,A heart-shaped box of chocolates sits on a red striped cloth. Individual chocolates are well-formed yet some decorative patterns are semantically unclear. Global textures look waxy and edges lack sharp definition.
A heart made of chocolate,stable-diffusion/016-2.png,16,0.372008874972985,0.400943999288141,0.467181599882541,3,2,3,3,2,"A dense close-up of numerous small heart-shaped objects in brown and white. Many hearts are fused or malformed within the crowded, overlapping arrangement. Surfaces show softened edges and a pervasive waxy texture."
A heart made of chocolate,stable-diffusion/016-3.png,16,0.671201443132867,0.662598183818556,0.645673554010165,4,4,4,3,3,A heart-shaped chocolate box and a single heart on a plain surface. Decorations appear as malformed scribbles and illegible pseudo-text on the chocolates. Surfaces show a waxy texture with noticeable global softness.
A heart made of chocolate,stable-diffusion/016-4.png,16,0.5612335678132689,0.566793541941312,0.5761137249381,4,4,4,3,3,"A top-down shot features a heart-shaped chocolate dessert with assorted candy toppings. The main shape is coherent, though individual chocolate bits exhibit distorted logos. Surfaces show waxy textures and softened fine detail."
A heart made of chocolate,Unidiffuser/016-1.png,16,0.4062215762685779,0.4066408747750549,0.401940162013463,2,3,2,2,2,A centered red heart shape rests on a soft-focus background. The subject is symmetric and geometrically sound with smooth contours. Extreme blur flattens texture and obscures all fine details.
A heart made of chocolate,Unidiffuser/016-2.png,16,0.559157846453161,0.593456109772553,0.590393318757206,3,3,2,2,3,A centered heart-shaped chocolate features a complex geometric pattern on a plain background. The subject's surface geometry is warped and fused into a structurally implausible lattice. Textures show waxy surfaces and inconsistent shadow depth.
A heart made of chocolate,Unidiffuser/016-3.png,16,0.542053037287231,0.523144287511573,0.560586613121245,3,3,2,3,3,"A close-up shot shows a glossy heart-shaped chocolate on cocoa powder. Internal contents appear as indistinct, malformed shapes lacking clear semantic definition. Background textures show repetitive patterns while surfaces exhibit slight waxy smoothing."
A heart made of chocolate,Unidiffuser/016-4.png,16,0.488826895599156,0.462162404405341,0.477749406640267,3,3,2,3,3,A heart-shaped arrangement of artificial fingernails sits on a dark textured surface. Individual nails are recognizable but exhibit minor geometric inconsistencies and simplified tip details. Surfaces appear slightly waxy with softened edges and flat background texture.
a coffee table with a magazine on it,Controlnet/017-1.png,17,0.67766271218715,0.626087905220975,0.612905243893121,4,3,4,3,2,"A photorealistic living room shows a coffee table with flowers and magazines. The subject is structurally sound, but printed media contains illegible pseudo-text. Fine textures appear slightly softened and lack sharp local definition."
a coffee table with a magazine on it,Controlnet/017-2.png,17,0.6118345054969521,0.545878573958408,0.5375326183236541,3,3,2,2,3,"A photorealistic image shows a coffee table with magazines in a living room. The table structure is coherent, but magazine covers display illegible pseudo-text. Metal surfaces appear waxy and fine details are softened."
a coffee table with a magazine on it,Controlnet/017-3.png,17,0.6037998385073471,0.574614246250515,0.573730213264269,4,4,4,3,2,A white coffee table holds open magazines in a modern living room. Magazine layouts contain distorted pseudo-text and semantically unreadable image fragments. Textures show subtle oversmoothing and softened edge definition.
a coffee table with a magazine on it,Controlnet/017-4.png,17,0.634817927747315,0.6082270825395389,0.584952692262997,3,3,3,1,3,"A modern wooden coffee table with magazines sits before a grey sofa. The central table structure is coherent, while magazine stacks show geometric warping. Textures show subtle repetition and softened edge definition."
a coffee table with a magazine on it,DALLE/017-1.png,17,0.585556542602781,0.589324761732383,0.5398702639683239,4,4,4,3,3,A photorealistic high-angle shot shows a book and vase on a table. The book's cover text is illegible gibberish while dried plants lack structural definition. Global oversmoothing reduces texture sharpness across the scene.
a coffee table with a magazine on it,DALLE/017-2.png,17,0.542873367136905,0.558381910678842,0.576210795769763,3,3,2,3,3,A photorealistic high-angle shot captures an open magazine on a wooden table. The open magazine displays distorted page contents and illegible pseudo-text blocks. Textures appear waxy and background details are overly smoothed.
a coffee table with a magazine on it,DALLE/017-3.png,17,0.6624551221135521,0.6831375553616159,0.695264711703544,4,4,4,2,3,"A photorealistic magazine rests on a white marble table with a gold rim. The magazine features illegible text and fused, unrecognizable photographic content. Distant surfaces show heavy blur and loss of fine detail."
a coffee table with a magazine on it,DALLE/017-4.png,17,0.455865791128535,0.538113077125222,0.575950252869073,3,3,3,3,3,A photorealistic high-angle shot captures a magazine on a glass table. The printed text on the subject is illegible and structurally broken. Global textures appear slightly waxy with softened fine details.
a coffee table with a magazine on it,Glide/017-1.png,17,0.397656777190398,0.450896480153704,0.467675124685857,2,2,2,2,3,A blurry digital image shows a table and chair against an orange background. Furniture forms are clear but tabletop items remain semantically illegible and distorted. Heavy global oversmoothing removes all texture detail and sharp edge definitions.
a coffee table with a magazine on it,Glide/017-2.png,17,0.39190248298701,0.473445487877917,0.4344773327024059,2,2,2,2,2,A blurry photograph captures a wooden table with papers in a room. The table structure is coherent despite extreme blurring of surface items. Global oversmoothing eliminates texture and renders all boundaries indistinctly soft.
a coffee table with a magazine on it,Glide/017-3.png,17,0.373550759359804,0.423727530009705,0.407350615011507,3,3,2,3,2,A partially cropped white cup sits atop a warped wooden table surface. The wood grain structure is incoherent featuring smeared and overlapping texture lines. Image-wide blur significantly reduces detail clarity and edge definition.
a coffee table with a magazine on it,Glide/017-4.png,17,0.431402464775593,0.497004118817321,0.4628163105817039,4,4,3,2,3,A low wooden coffee table on a plain white background in 3D style. The table geometry is simple but features indistinct leg connections and melted boundaries. Global sharpness is poor with flat textures and softened edges.
a coffee table with a magazine on it,Lafite/017-1.png,17,0.397385827338291,0.396419401439145,0.382409060721124,3,2,3,2,1,"A close-up of a heavily distorted wooden object in warm indoor lighting. The subject structure is malformed and fused, lacking any clear geometric logic. Extreme global blur and oversmoothing obscure all textural details."
a coffee table with a magazine on it,Lafite/017-2.png,17,0.4403807343864699,0.425074767175587,0.46129124655339,2,2,2,2,2,"A blurred, distorted hybrid object sits in a dimly lit interior. The subject's structure is severely malformed with fused and warped components. Global blur and waxy textures obscure all fine surface details."
a coffee table with a magazine on it,Lafite/017-3.png,17,0.453198634591564,0.41141982604614,0.439398816961561,1,1,2,1,1,A distorted wooden object sits in a softly lit indoor setting. The subject's anatomy is severely warped with fused and broken geometric components. Extreme blur and oversmoothing eliminate all fine details and sharp edges.
a coffee table with a magazine on it,Lafite/017-4.png,17,0.427078744991064,0.443745962982336,0.443659125449759,3,2,3,1,1,A distorted piece of furniture sits on a wooden floor indoors. The subject exhibits severe geometric warping and fused structural components. Global oversmoothing produces waxy textures and blurred edges everywhere.
a coffee table with a magazine on it,stable-diffusion/017-1.png,17,0.671652055749973,0.606234883842549,0.594744947052722,4,4,4,3,3,A photorealistic living room scene shows a coffee table with flowers and magazines. Magazine text is illegible and flower petals show subtle fusion distortions. Background elements appear softened with slightly repetitive texture patterns.
a coffee table with a magazine on it,stable-diffusion/017-2.png,17,0.39644688043427,0.434051581180476,0.5145274184764029,1,3,2,2,3,A warped wooden coffee table holds a plant and books near a sofa. The table structure is malformed with fused items and unstable geometry. Global blur flattens textures and obscures object boundaries.
a coffee table with a magazine on it,stable-diffusion/017-3.png,17,0.604098213364384,0.607205777448678,0.547995504012198,4,4,4,3,3,"A wooden coffee table with magazines sits in a living room setting. The table frame is intact, while the reading materials are severely distorted. Pervasive softness and pseudo-details degrade the overall perceptual realism."
a coffee table with a magazine on it,stable-diffusion/017-4.png,17,0.577973203685985,0.5608621542469799,0.556095696593549,3,3,3,3,2,"A wooden coffee table filled with magazines sits before a beige sofa. The furniture structure is mostly coherent, but printed text is illegible. Image details show noticeable softening and flattened surface textures."
a coffee table with a magazine on it,Unidiffuser/017-1.png,17,0.5570931741594299,0.564172079479438,0.564048755963462,4,4,4,3,3,"A wooden coffee table with magazines sits on a carpeted floor. The tabletop contains a geometrically impossible slot, and text is illegible. Background textures are flat with softened edge definitions."
a coffee table with a magazine on it,Unidiffuser/017-2.png,17,0.573403263541161,0.530185852587553,0.509047213951463,4,4,4,2,2,A high-angle shot features a wooden coffee table with magazines and a teacup. Magazine covers display unreadable gibberish text and warped photographic elements. Lower shelf is blurred and textures appear overly smooth.
a coffee table with a magazine on it,Unidiffuser/017-3.png,17,0.433750676681993,0.452392548856083,0.458594628523595,2,2,2,2,3,A blurry close-up shows a round glass table near an orange sofa. Surface objects are warped into a structurally incoherent and unreadable mass. Heavy motion-like blur and edge smearing eliminate all fine surface texture.
a coffee table with a magazine on it,Unidiffuser/017-4.png,17,0.573924096928987,0.535639005899608,0.487164069150763,4,4,3,2,3,A black storage box sits on a rug near a blue sofa. The subject features illegible text and structurally warped side compartments. Global textures exhibit mild oversmoothing and repetitive fiber patterns.
Sunset over the sea,Controlnet/018-1.png,18,0.6462212529022879,0.564038800368169,0.619329256911129,3,4,4,3,3,A centered photorealistic sunset features a glowing sun over a calm ocean. The solar disc and reflection maintain stable geometry and semantic clarity. Subtle repetitive textures and softened details affect the water surface.
Sunset over the sea,Controlnet/018-2.png,18,0.509163646771356,0.4804806267732669,0.537040283951323,2,2,3,3,3,A digital painting depicts a vibrant sunset over a calm ocean beach. The seascape composition is structurally stable with clear semantic readability. Textures show consistent painterly strokes without dominant local artifacts.
Sunset over the sea,Controlnet/018-3.png,18,0.576338574958021,0.557908172499854,0.622575637546515,2,2,2,3,3,A watercolor painting depicts a sunset over an ocean and sandy beach. The subject is recognizable despite some distorted light streaks on the water. Textures show mild oversmoothing and lack of sharp edge definition.
Sunset over the sea,Controlnet/018-4.png,18,0.526389854824852,0.485681235702578,0.567794289181662,2,2,2,2,3,An abstract painting shows vibrant horizontal bands of sunset colors. The layered color structure remains coherent without visible geometric errors. Smooth textures display minor oversmoothing in fine detail regions.
Sunset over the sea,DALLE/018-1.png,18,0.611199459672821,0.6386645959239501,0.637283417879269,3,3,3,3,3,"A photorealistic sunset over a rippling ocean with warm orange lighting. The sun is stable, but foreground wave structures appear visually fused. Water textures display mild smoothing and repetitive pseudo-detail patterns."
Sunset over the sea,DALLE/018-2.png,18,0.671944934745141,0.636681625605546,0.678176665002168,4,4,4,3,3,A photorealistic sunset scene features a glowing sun over mountains and water. Sun and cloud formations show minor distortions but remain structurally stable. Water textures show repetitive patterns and some edges appear overly smoothed.
Sunset over the sea,DALLE/018-3.png,18,0.588041497096308,0.555732471791924,0.5995894662764311,4,4,4,2,3,"A photorealistic sunset shows a glowing sun over a calm ocean horizon. The subject structure is stable, though the solar disk appears slightly malformed. Significant oversmoothing and flat textures diminish the water's natural surface detail."
Sunset over the sea,DALLE/018-4.png,18,0.581108163545705,0.5552551513531899,0.510366970897374,4,4,4,3,2,"A photorealistic sunset shows a bright sun behind dark mountain silhouettes. The subject structure is stable, though the sun core appears softened. Global textures exhibit noticeable oversmoothing and weak edge definition."
Sunset over the sea,Glide/018-1.png,18,0.494703602133127,0.5898308405446879,0.609626528702262,3,3,3,3,3,A blurred sunset over a dark flat horizon under an orange sky. The central sun and horizon line remain structurally coherent despite heavy blurring. Extreme global oversmoothing removes all fine details and edge definition.
Sunset over the sea,Glide/018-2.png,18,0.467297616218813,0.557880808417631,0.5749725908004301,4,4,4,3,3,A blurry sunset scene displays a bright sun reflecting on water. The sun and its reflection maintain basic geometric coherence despite blurring. Heavy global smoothing eliminates all fine texture and sharp edge definition.
Sunset over the sea,Glide/018-3.png,18,0.479897412734147,0.554722016418879,0.632166866237416,2,3,3,3,3,A soft-focus photograph captures a glowing sunset over a dark ocean. The central sun and its reflection remain structurally stable and semantically clear. Heavy global blur masks all fine surface details.
Sunset over the sea,Glide/018-4.png,18,0.4694660808483379,0.575826826262148,0.541528497400966,3,2,2,3,3,A blurry sunset photograph shows a bright sun over a dark ocean. The sun and horizon structure remain geometrically coherent despite extreme blurriness. Severe global blur and oversmoothing flatten textures and soften all edges.
Sunset over the sea,Lafite/018-1.png,18,0.458102314055257,0.5316932238394511,0.582677705176344,2,3,3,3,3,"A photorealistic sunset over a calm ocean horizon under warm lighting. The scene structure is stable, though the water surface lacks clear texture. Significant global blur and oversmoothing reduce detail across the entire frame."
Sunset over the sea,Lafite/018-2.png,18,0.561244849635452,0.612340544258451,0.659339987893113,2,3,2,3,3,A blurry sunset over a calm ocean with warm orange tones. The sun's structure is coherent but lacks crisp geometric definition. Heavy oversmoothing and weak texture detail affect the entire image.
Sunset over the sea,Lafite/018-3.png,18,0.491419095869234,0.520191190756758,0.562357215788722,2,3,2,3,3,A photorealistic sunset over a calm ocean under a warm orange sky. The ocean surface displays repetitive ripple patterns with softened structural definition. Global textures appear waxy and lack sharp edge definition everywhere.
Sunset over the sea,Lafite/018-4.png,18,0.500453359532714,0.6448994592926449,0.660375756007488,2,3,3,3,3,A blurry sunset over a calm ocean with warm orange tones. The horizon and sun are recognizable but lack sharp definition. Water textures appear repetitive and edges are heavily softened.
Sunset over the sea,stable-diffusion/018-1.png,18,0.7076743054693599,0.6853145513974781,0.669833667657455,4,4,4,3,3,A photorealistic sunset displays a glowing sun over a calm ocean horizon. The sun's reflection appears as a rigid vertical pillar lacking fluidity. Widespread oversmoothing flattens textures across the entire water surface and sky.
Sunset over the sea,stable-diffusion/018-2.png,18,0.6444139881403881,0.61416175526927,0.66074117163865,4,4,4,3,3,"A photorealistic sunset over a calm ocean features vibrant colors and a centered sun. The horizon and sun reflection are structurally coherent, ensuring clear semantic readability. Distant water shows slight oversmoothing and flattened texture details."
Sunset over the sea,stable-diffusion/018-3.png,18,0.387282351936753,0.402337777690387,0.4069976805308,2,2,2,1,2,A hazy digital painting shows a tree on a shore at dusk. The subject is an indistinct silhouette lacking any internal structural detail. Widespread blurring flattens textures and obscures edges.
Sunset over the sea,stable-diffusion/018-4.png,18,0.599551271462235,0.55466929617002,0.602903263795617,3,3,3,3,3,"A centered photorealistic sunset over a calm ocean under a vibrant sky. The sun is coherent, while the sea surface lacks natural complexity. Heavy oversmoothing flattens textures and softens fine details."
Sunset over the sea,Unidiffuser/018-1.png,18,0.498862836873808,0.508065365578486,0.559553793647586,2,2,2,3,3,"An abstract blurred landscape features a vibrant sky over a granular surface. The subject's structure is indistinct, with a repetitive and semantically unclear texture. Significant global blur obscures details while creating artificial surface patterns."
Sunset over the sea,Unidiffuser/018-2.png,18,0.565175224913374,0.554017595359184,0.499791767405515,3,3,3,3,2,A sunset sky features layered horizontal clouds in warm orange tones. Cloud structures are recognizable but suffer from significant blurring and smearing. The image exhibits pervasive softness and noticeable digital noise throughout.
Sunset over the sea,Unidiffuser/018-3.png,18,0.58707427938303,0.5854976129188271,0.559806400281659,3,3,3,3,3,A vibrant sunset scene depicts ocean waves beneath a dark horizon line. The horizon interface lacks natural gradient and wave forms are overly smoothed. Textures appear waxy with repetitive patterns in the water surface.
Sunset over the sea,Unidiffuser/018-4.png,18,0.7169939636902041,0.6283261308985341,0.706188032814955,4,3,4,3,3,A photorealistic sunset over a calm ocean horizon under warm orange light. The ocean surface features repetitive horizontal ripples and lacks coherent wave geometry. Fine details appear smoothed and textures show repetitive patterns throughout.
a boat in the canals of venice,Controlnet/019-1.png,19,0.491469257807207,0.463611309222291,0.514479156633995,4,4,3,3,3,A vibrant painting depicts a canal flanked by colorful buildings and a boat. Building window frames are misaligned and the architectural perspective is subtly warped. Surfaces appear waxy with softened edges and flat lighting.
a boat in the canals of venice,Controlnet/019-2.png,19,0.455641269337247,0.45714062435901,0.48232331343113,2,2,2,2,3,"A blue gondola rests in a green canal lined with colorful brick buildings. Both the boat and architecture suffer from warped geometry and missing details. Surfaces exhibit a waxy, oversmoothed quality with excessive color saturation."
a boat in the canals of venice,Controlnet/019-3.png,19,0.510073638622062,0.470528760191084,0.5046232706006191,4,4,4,3,3,A vibrant digital painting depicts a gondola alongside colorful Venetian buildings. The boat and architecture exhibit warped geometry and fused structural details. Surfaces appear waxy with flat lighting and soft edges.
a boat in the canals of venice,Controlnet/019-4.png,19,0.604911847249075,0.559531701495415,0.560504893908388,4,4,4,3,2,A vibrant digital painting portrays a Venetian canal with gondolas and buildings. Background architecture suffers from warped geometry and confusing repetitive window arrangements. Oversaturated colors and smoothing create a waxy appearance.
a boat in the canals of venice,DALLE/019-1.png,19,0.555919567151391,0.573166232064798,0.558135734638055,3,3,3,3,3,A covered boat is moored in a canal next to a brick building. The boat's cabin structure is simplistic and the building's windows are visually inconsistent. Global textures exhibit smearing and local details lack sharpness.
a boat in the canals of venice,DALLE/019-2.png,19,0.609630425025512,0.617272432772331,0.608253111795934,4,4,4,3,3,A small motorboat rests in a narrow canal between tall weathered buildings. The subject shows mild hull warping and semantically confused cabin window regions. Waxy textures and repetitive patterns soften background boundaries.
a boat in the canals of venice,DALLE/019-3.png,19,0.5858312423281989,0.598829396993924,0.592561234458771,3,3,4,3,3,A small white motorboat rests in a canal beside weathered buildings. The vessel displays a malformed stern and fused cabin window regions. Surfaces exhibit waxy textures with softened edges and flat detail.
a boat in the canals of venice,DALLE/019-4.png,19,0.528488493318518,0.526683074617057,0.524020793960254,4,4,4,3,3,A painterly image shows a small boat moored in a narrow canal. The subject is structurally coherent but lacks precise geometric detail. Artificial brushstroke textures and pervasive softness obscure all fine information.
a boat in the canals of venice,Glide/019-1.png,19,0.37204962270044,0.418449539746886,0.452165990921679,1,1,1,2,3,A blurry image depicts a narrow canal between tall buildings and a boat. The scene maintains spatial coherence but lacks sharp architectural definition. Severe global blur flattens textures and obscures all fine details.
a boat in the canals of venice,Glide/019-2.png,19,0.39828849849549,0.52134531839733,0.49963003673184,1,2,3,3,2,A blurry view of a canal with colorful buildings and a small boat. Building facades and the boat appear malformed due to pervasive blurring. Extreme global oversmoothing flattens textures and destroys edge definition.
a boat in the canals of venice,Glide/019-3.png,19,0.348869049038571,0.5151830624752161,0.475358931556483,2,3,2,3,3,A blurry eye-level view of a canal with buildings and boats. Building structures and boat shapes are recognizable but lack sharp definition. Heavy global blur flattens textures and destroys edge clarity.
a boat in the canals of venice,Glide/019-4.png,19,0.3918118239233359,0.482422810986708,0.5126918814304721,1,3,3,1,3,A small boat floats on a canal lined with colorful historic buildings. The primary subjects are recognizable but suffer from simplified and softened geometry. Heavy blur and waxiness flatten all textures and edges.
a boat in the canals of venice,Lafite/019-1.png,19,0.400217899844974,0.440073032549965,0.45418491249866,2,2,2,2,3,A stylized painting depicts a small boat on a canal near buildings. The boat and background architecture exhibit significant warping and fused details. Oversmoothing creates flat textures and lacks sharp edge definition.
a boat in the canals of venice,Lafite/019-2.png,19,0.457639794501393,0.506637564016132,0.5311844065649219,1,2,3,1,3,A painterly canal scene features a docked boat and buildings in daylight. Boat and building structures are distorted with fused details and warped geometry. Oversmoothing flattens textures and blurs edges across the whole image.
a boat in the canals of venice,Lafite/019-3.png,19,0.431220152357508,0.545874327891624,0.593976093741454,2,3,2,3,3,A painterly image depicts a boat on a canal near distorted buildings. The boat and buildings display significant structural fusion and perspective errors. Oversmoothing causes waxy textures and lacks sharp edge definition.
a boat in the canals of venice,Lafite/019-4.png,19,0.3552928698035629,0.430689454109898,0.512341500451969,2,3,4,3,3,A painterly scene shows a boat on water by buildings and trees. The boat and architecture suffer from severe structural fusion and geometric warping. Textures appear waxy and oversmoothed with poorly defined global edges.
a boat in the canals of venice,stable-diffusion/019-1.png,19,0.515143805813324,0.513341218246955,0.5511870621677231,3,3,3,3,3,A stylized shot captures a blue boat in a narrow canal between colorful buildings. Building geometry and window placements are distorted and lack spatial coherence. Textures appear waxy with heavy saturation and softened edge definition.
a boat in the canals of venice,stable-diffusion/019-2.png,19,0.5815587793236829,0.5597565215375441,0.560187163623697,3,3,3,2,3,A photorealistic image shows a gondola in a canal between colorful buildings. The gondola shape is coherent but hull edges appear slightly softened and fused. Global textures exhibit noticeable oversmoothing and lack of sharp micro-detail.
a boat in the canals of venice,stable-diffusion/019-3.png,19,0.566824702854947,0.577746790058039,0.557125267811678,4,4,4,3,3,A black gondola is moored along a canal by historic buildings. The central vessel is well-formed but lacks intricate structural detailing. Pervasive noise and softened edges lower the global perceptual quality.
a boat in the canals of venice,stable-diffusion/019-4.png,19,0.463770141219494,0.442854556182405,0.5120668431713881,2,1,2,1,2,A distorted building facade shows a blurry boat on water. The architecture displays warped columns and melted structural boundaries. Global oversmoothing flattens textures and obscures all fine details.
a boat in the canals of venice,Unidiffuser/019-1.png,19,0.560216487242592,0.538808185917695,0.551857167063488,4,4,4,3,3,A small boat moves through a narrow canal between tall colorful buildings. The subject vessel is indistinct while buildings show warped geometry and irregular windows. Intense saturation and waxy textures create a synthetic painterly appearance.
a boat in the canals of venice,Unidiffuser/019-2.png,19,0.318633872598958,0.395047792508356,0.4638710434873019,1,2,1,3,1,A blurry first-person view of a canal between tall buildings. Buildings are smeared into indistinct shapes lacking coherent architectural detail. Heavy global blur flattens textures and obscures all boundaries.
a boat in the canals of venice,Unidiffuser/019-3.png,19,0.616660656845838,0.560106199280104,0.55359864824144,3,4,3,2,3,A digital painting depicts a Venetian-style canal with a rowboat and historic buildings. Building facades exhibit repetitive window patterns and slight geometric warping. Water surfaces display unnatural repetitive ripple textures and waxy surface rendering.
a boat in the canals of venice,Unidiffuser/019-4.png,19,0.636372127126713,0.625284241263371,0.663778379436314,3,3,3,3,3,A small boat floats on a green canal before weathered city buildings. The vessel is mostly coherent while background architecture exhibits warped geometry. Textures appear waxy with softened edges and inconsistent detail.
A donkey is playing tug-of-war against an octopus. The donkey holds the rope in its mouth. A cat is jumping over the rope.,Controlnet/020-1.png,20,0.466610140776315,0.422156494879132,0.408372274638033,3,1,2,1,1,A white equine animal bites an octopus tentacle inside a wooden arena. The octopus anatomy is malformed with extra eyes and chaotically fused tentacles. Soft focus and waxy textures obscure fine surface details.
A donkey is playing tug-of-war against an octopus. The donkey holds the rope in its mouth. A cat is jumping over the rope.,Controlnet/020-2.png,20,0.566570733638659,0.455561983526644,0.397120442104365,3,3,3,2,1,"A surreal illustration depicts a donkey and a malformed small animal indoors. The donkey's head is distorted, and the smaller subject lacks readable anatomy. Surfaces appear waxy with softened detail and vague shadow boundaries."
A donkey is playing tug-of-war against an octopus. The donkey holds the rope in its mouth. A cat is jumping over the rope.,Controlnet/020-3.png,20,0.5044172368174931,0.468886347912618,0.412971191763103,4,4,3,2,2,"A digital illustration shows a large donkey and a small mouse interacting indoors. The mouse's anatomy is distorted and fused with held objects, reducing clarity. Textures appear waxy and background details show repetitive patterns."
A donkey is playing tug-of-war against an octopus. The donkey holds the rope in its mouth. A cat is jumping over the rope.,Controlnet/020-4.png,20,0.566035914143318,0.5055235038333,0.485419962498688,3,2,3,2,2,A photorealistic close-up shows a donkey and a malformed octopus-like creature by the water. The secondary subject exhibits a distorted face and tentacles fused to the donkey. Waxy textures and softened details indicate mild global oversmoothing.
A donkey is playing tug-of-war against an octopus. The donkey holds the rope in its mouth. A cat is jumping over the rope.,DALLE/020-1.png,20,0.519073614953315,0.460477494284368,0.424896176640795,4,4,3,2,1,A cartoon rabbit holds a leash attached to a green creature against a gradient. Stylized subjects are structurally coherent and semantically readable across the frame. Sharp edges and flat textures show minimal local artifacts.
A donkey is playing tug-of-war against an octopus. The donkey holds the rope in its mouth. A cat is jumping over the rope.,DALLE/020-2.png,20,0.530682461894384,0.406143814394408,0.417549571036287,2,3,2,2,2,A cartoon donkey and cat pull a rope on a white background. Both subjects exhibit severe anatomical distortion including malformed limbs and facial features. Flat textures and jagged edges dominate the rendering.
A donkey is playing tug-of-war against an octopus. The donkey holds the rope in its mouth. A cat is jumping over the rope.,DALLE/020-3.png,20,0.47807919062764,0.3974208912869689,0.421527909273078,3,2,2,2,1,A cartoon horse and rabbit interact on a white background in sketch style. Subjects show severe anatomical distortion with malformed limbs and warped faces. Outlines show uneven weight and minor aliasing in the flat colors.
A donkey is playing tug-of-war against an octopus. The donkey holds the rope in its mouth. A cat is jumping over the rope.,DALLE/020-4.png,20,0.496146310862825,0.458371043303148,0.413101744274129,3,3,3,2,2,A cartoon donkey pulls a green creature on a rope above a snail. The creature's fused hands and the donkey's malformed head disrupt visual coherence. Flat textures and inconsistent line weights limit fine detail.
A donkey is playing tug-of-war against an octopus. The donkey holds the rope in its mouth. A cat is jumping over the rope.,Glide/020-1.png,20,0.365490296224441,0.390611376907972,0.3819066447925929,2,2,2,2,2,A close-up view of a small dog resting on indoor furniture. The subject shows severe facial malformation with distorted features and fused anatomy. Significant blur and noise reduce detail clarity across the entire frame.
A donkey is playing tug-of-war against an octopus. The donkey holds the rope in its mouth. A cat is jumping over the rope.,Glide/020-2.png,20,0.392136116392403,0.3862783424739149,0.433913688623076,1,1,1,1,1,Two distorted animal-like figures appear in a simple 3D rendered environment. Both subjects show extreme structural distortion including fused faces and broken limbs. Oversmoothing and flat textures dominate the image.
A donkey is playing tug-of-war against an octopus. The donkey holds the rope in its mouth. A cat is jumping over the rope.,Glide/020-3.png,20,0.404090405293972,0.384813247413824,0.377602808073759,1,1,1,1,1,A blurry photograph shows several donkeys standing in a grassy field. The animals exhibit severe anatomical distortion with extra and fused limbs. Heavy global blur flattens textures and obscures details.
A donkey is playing tug-of-war against an octopus. The donkey holds the rope in its mouth. A cat is jumping over the rope.,Glide/020-4.png,20,0.374239975889321,0.337968235267696,0.3961977531903939,1,1,1,1,1,A blurred dark subject sits on a light floor from a high-angle view. The central figure is structurally ambiguous and lacks clear anatomical definition. Heavy global blur and noise flatten textures and obscure fine details.
A donkey is playing tug-of-war against an octopus. The donkey holds the rope in its mouth. A cat is jumping over the rope.,Lafite/020-1.png,20,0.402684315949629,0.361679045407054,0.397693515161151,3,3,3,1,1,Distorted multi-limbed figures occupy a sandy landscape under a clear sky. The subjects display extreme anatomical fusion and structurally impossible limb arrangements. Heavy blur and waxy textures obscure fine details.
A donkey is playing tug-of-war against an octopus. The donkey holds the rope in its mouth. A cat is jumping over the rope.,Lafite/020-2.png,20,0.419272885626526,0.386752837618681,0.384053942298619,2,4,2,2,1,Multiple malformed furry creatures occupy a blurry outdoor scene. Subject anatomy is severely warped with fused bodies and extra limbs. Heavy blurring and waxy textures reduce overall image clarity.
A donkey is playing tug-of-war against an octopus. The donkey holds the rope in its mouth. A cat is jumping over the rope.,Lafite/020-3.png,20,0.392532884924093,0.388528936521298,0.368546462649191,1,1,1,1,1,Two heavily malformed animal-like figures run across a textured ground. The subjects exhibit severe structural distortion with fused limbs and warped anatomy. Global blur and waxy textures obscure fine details throughout the scene.
A donkey is playing tug-of-war against an octopus. The donkey holds the rope in its mouth. A cat is jumping over the rope.,Lafite/020-4.png,20,0.350973821925191,0.352740961187935,0.3883011297168239,2,1,2,1,1,Several dogs in dynamic motion within a blurred outdoor environment. Subject anatomy is severely distorted with fused limbs and broken geometry. Heavy global smearing and motion blur obscure fine details.
A donkey is playing tug-of-war against an octopus. The donkey holds the rope in its mouth. A cat is jumping over the rope.,stable-diffusion/020-1.png,20,0.490548233328839,0.384028457137784,0.414652520328571,2,3,2,1,1,A vintage-style illustration depicts a donkey interacting with a large octopus. The donkey is structurally stable while the octopus shows malformed tentacle geometry and head fusion. Textures remain consistent although fine edge definition varies slightly across the frame.
A donkey is playing tug-of-war against an octopus. The donkey holds the rope in its mouth. A cat is jumping over the rope.,stable-diffusion/020-2.png,20,0.5532462788568729,0.490389154028778,0.491674226898676,4,3,3,2,2,"A large donkey and a tiny malformed figure appear in a vintage illustration style. The small figure is severely distorted and fused, while the animal is structurally coherent. Textures show mild waxiness and softened detail."
A donkey is playing tug-of-war against an octopus. The donkey holds the rope in its mouth. A cat is jumping over the rope.,stable-diffusion/020-3.png,20,0.561592710255876,0.430225265817491,0.418093417850878,4,4,4,2,2,A surreal painting depicts a malformed brown creature attacking a white horse. The subject exhibits severe anatomical distortion with fused limbs and broken geometry. Surfaces show waxy textures and oversmoothed details.
A donkey is playing tug-of-war against an octopus. The donkey holds the rope in its mouth. A cat is jumping over the rope.,stable-diffusion/020-4.png,20,0.437594057023511,0.401732142013434,0.413903090151856,1,1,1,1,1,A charcoal-style sketch depicts a severely distorted figure on a staircase. The subject's anatomy is incoherent with fused limbs and warped geometry. Global textures exhibit repetitive patterns and melted edge definitions.
A donkey is playing tug-of-war against an octopus. The donkey holds the rope in its mouth. A cat is jumping over the rope.,Unidiffuser/020-1.png,20,0.554618943297264,0.43317951317008,0.433602405538565,2,3,4,1,1,A distorted donkey and dog interact near a red twisted object outdoors. The donkey's head is malformed and fused with the smaller animal's body. Edges show halos and the red shape exhibits melted pseudo-details.
A donkey is playing tug-of-war against an octopus. The donkey holds the rope in its mouth. A cat is jumping over the rope.,Unidiffuser/020-2.png,20,0.540949839115297,0.398043710302774,0.485090984051474,4,3,2,2,2,A horned goat pulls a malformed cat-like creature on a yellow sled. The cat-like figure shows severe limb fusion and lacks anatomical coherence. Global textures appear waxy with softened edges and motion blur.
A donkey is playing tug-of-war against an octopus. The donkey holds the rope in its mouth. A cat is jumping over the rope.,Unidiffuser/020-3.png,20,0.389853608288174,0.346502773275314,0.344211909482225,2,2,1,2,3,"A heavily blurred rabbit-like figure and a red object on sandy ground. The subject's head and neck are fused into a malformed, unrecognizable mass. Extreme oversmoothing creates waxy textures and destroys all edge definition."
A donkey is playing tug-of-war against an octopus. The donkey holds the rope in its mouth. A cat is jumping over the rope.,Unidiffuser/020-4.png,20,0.4585114692458459,0.428112206139697,0.447823770400807,4,4,4,1,2,A photorealistic image shows a horse with a distorted tentacled mass on its leg. Subject anatomy is impossible as the creature illogically merges with the limb. Waxy textures and softened edges reduce global clarity.
a grandmother reading a book to her grandson and granddaughter,Controlnet/021-1.png,21,0.4903229136739619,0.4345524579184679,0.405449983346535,2,3,3,2,1,"A digital painting shows two elderly women reading a book outdoors. The main subject's hands and facial features are malformed with fused fingers. Global oversmoothing creates flat, waxy textures lacking fine detail."
a grandmother reading a book to her grandson and granddaughter,Controlnet/021-2.png,21,0.5357495661202649,0.477249602839529,0.468439696111898,2,2,2,1,2,Two elderly women and a child sit together reading a book indoors. Human anatomy shows severe distortion in hands and facial regions. Global textures lack definition with noticeable waxiness and blurring.
a grandmother reading a book to her grandson and granddaughter,Controlnet/021-3.png,21,0.467329954056687,0.4169662496253499,0.401383309992552,3,3,3,2,2,A photorealistic image shows an elderly woman and two children viewing a book. The dark-haired child displays severe facial distortion and malformed hand anatomy. Skin appears waxy and edges show noticeable softening.
a grandmother reading a book to her grandson and granddaughter,Controlnet/021-4.png,21,0.53472893640423,0.4733142949997709,0.458977577213721,3,4,4,2,2,Two elderly women and a boy sit on a sofa reading picture books. Hands are severely malformed with fused fingers while facial features show distortion. Skin textures appear waxy and background details lack sharp definition.
a grandmother reading a book to her grandson and granddaughter,DALLE/021-1.png,21,0.607582548063682,0.541173286659182,0.530953859053719,3,3,3,2,2,An elderly woman and two children read a book on a couch. Facial features and hand anatomy exhibit subtle distortion and lack clarity. Skin appears waxy and details are softened by heavy smoothing.
a grandmother reading a book to her grandson and granddaughter,DALLE/021-2.png,21,0.6475579439485151,0.577285314517608,0.6543467017019551,4,4,3,2,3,A photorealistic portrait depicts an older woman and two children viewing a book. The hands interacting with the book are severely distorted and anatomically broken. Skin surfaces show a waxy quality with softened micro-textures.
a grandmother reading a book to her grandson and granddaughter,DALLE/021-3.png,21,0.579771253200301,0.596244253202045,0.620071316985266,4,4,4,3,3,"A photorealistic image shows an older woman and two children reading a book. Subjects are structurally stable, though facial features and hands show flaws. Textures appear waxy and oversmoothed with soft edges and flat surfaces."
a grandmother reading a book to her grandson and granddaughter,DALLE/021-4.png,21,0.572682568762458,0.5984487279437181,0.600242804219063,3,3,3,2,3,"An elderly woman and two children sit on a sofa reading a book. Subjects' hands are severely malformed and fused, and faces show subtle distortion. Textures appear waxy and details are softened across the image."
a grandmother reading a book to her grandson and granddaughter,Glide/021-1.png,21,0.330507440214053,0.40082057605444,0.362863159860107,2,2,2,3,1,An open notebook displays handwritten text and a faint pink mark on lined paper. The script is illegible with characters lacking clear structural form. Heavy blur and low resolution flatten textures.
a grandmother reading a book to her grandson and granddaughter,Glide/021-2.png,21,0.334570194087178,0.434284387387453,0.348219763451573,1,2,1,3,1,A blurry overhead view captures an open book on a neutral background. The text areas are filled with illegible pseudo-characters that lack semantic sense. Significant blur and softening obscure all fine textures and edges.
a grandmother reading a book to her grandson and granddaughter,Glide/021-3.png,21,0.430516701509731,0.488537344862006,0.41226548673081,2,1,2,3,1,"A close-up shows an open book with pages of illegible text. The book's geometry is plausible, yet all textual content is semantically void. Extreme blur and softness eliminate all fine texture detail."
a grandmother reading a book to her grandson and granddaughter,Glide/021-4.png,21,0.34607607234716,0.355566687966551,0.359754681686441,1,2,1,1,1,A close-up shows handwritten cursive text on aged open journal pages. The script lines are coherent but suffer from severe loss of legibility. Global softness and blur obscure all fine details across the frame.
a grandmother reading a book to her grandson and granddaughter,Lafite/021-1.png,21,0.326307420248977,0.311979482237797,0.398397507279411,3,2,2,1,2,"A close-up shows an elderly woman and a young girl viewing a book. Subjects exhibit severe facial warping, fused hands, and malformed features hindering readability. Heavy oversmoothing, blurry textures, and intrusive text overlays degrade quality."
a grandmother reading a book to her grandson and granddaughter,Lafite/021-2.png,21,0.36353662987198,0.325795494052146,0.339716418936226,2,2,1,1,1,Two young girls look down at an open book in a close-up shot. Faces and hands exhibit severe melting distortion and malformed anatomical structures. Heavy oversmoothing results in waxy textures and blurred edges everywhere.
a grandmother reading a book to her grandson and granddaughter,Lafite/021-3.png,21,0.33236006871959,0.284179392186096,0.369857640416345,1,2,1,1,3,"A close-up shows an elderly woman and a child looking at a book. Subjects display severe facial warping and structurally implausible, fused hand anatomy. Oversmoothing and ghosted text overlays degrade perceptual quality."
a grandmother reading a book to her grandson and granddaughter,Lafite/021-4.png,21,0.396519208908376,0.33306446922504,0.390824766751962,1,1,2,1,1,An elderly woman and a young girl sit closely together indoors. The subjects' faces and hands exhibit severe warping and anatomical fusion. Heavy blur and waxy skin textures affect the entire frame.
a grandmother reading a book to her grandson and granddaughter,stable-diffusion/021-1.png,21,0.543776517763355,0.538357862799478,0.4305012343512689,3,3,3,1,2,A photorealistic close-up shows an elderly woman and a young boy reading outdoors. Hand anatomy is malformed and book text is semantically illegible. Skin textures appear waxy and edges lack sharp definition.
a grandmother reading a book to her grandson and granddaughter,stable-diffusion/021-2.png,21,0.607594359201249,0.4929469125997219,0.534878045621979,3,4,4,2,3,Two elderly women and a child read a book while sitting outdoors. Subjects are clear but feature a malformed hand and a prominent mustache. Waxy skin textures and softened details reduce the overall perceptual fidelity.
a grandmother reading a book to her grandson and granddaughter,stable-diffusion/021-3.png,21,0.443686096941139,0.396168487302166,0.4404801452084719,2,2,2,2,3,A soft-focus painting depicts three seated figures on a wooden porch. The subjects show severe facial malformations and structurally ambiguous limbs. Extreme oversmoothing eliminates texture and softens every edge boundary.
a grandmother reading a book to her grandson and granddaughter,stable-diffusion/021-4.png,21,0.517828341110132,0.514906177567762,0.4655128145425509,3,3,3,1,1,Two women and a boy sit on a yellow couch reading books indoors. Subjects are recognizable but hands exhibit unnatural fusion and finger malformation. Skin textures appear waxy and background details are softly blurred.
a grandmother reading a book to her grandson and granddaughter,Unidiffuser/021-1.png,21,0.5014607947663781,0.466925702266203,0.429022490307179,3,3,3,2,2,A medium shot shows two women and a baby reading a book. The baby's face and the adults' hands display severe anatomical distortion. Textures appear waxy and oversmoothed with inconsistent lighting and weak edges.
a grandmother reading a book to her grandson and granddaughter,Unidiffuser/021-2.png,21,0.461208404709132,0.483110990410967,0.4692859570021,3,3,3,2,2,Two elderly women and a child sit together reading books in a realistic style. The subjects exhibit malformed facial features and distorted hand anatomy. Global oversmoothing creates waxy textures and softened details throughout the image.
a grandmother reading a book to her grandson and granddaughter,Unidiffuser/021-3.png,21,0.347810880949979,0.418719904390112,0.417583004966074,1,2,2,2,2,A blurry photograph shows a woman holding a device while others look on. Faces and hands show severe melting distortion obscuring natural anatomy. Heavy blurring flattens all textures and destroys edge clarity.
a grandmother reading a book to her grandson and granddaughter,Unidiffuser/021-4.png,21,0.417895044774227,0.439840626782861,0.426891283068224,2,3,2,2,1,Three women and a baby gather around an open book indoors. Facial features and hands exhibit significant blurring and anatomical distortion. Global oversmoothing and weak edge definition reduce overall detail clarity.
a blue semi-truck and its trailer jumping over a row of motorcycles. there are metal ramps on either side of the motorcycles.,Controlnet/022-1.png,22,0.6125655771310501,0.56023094957888,0.522810885806247,2,2,2,2,2,A blue semi-truck and a smaller truck are on a road. The primary subject shows coherent form but features distorted wheel geometry. Surfaces appear waxy with softened details and blurry textures.
a blue semi-truck and its trailer jumping over a row of motorcycles. there are metal ramps on either side of the motorcycles.,Controlnet/022-2.png,22,0.6172239799169099,0.522791689144543,0.505063963142577,4,3,3,2,2,A high-angle shot depicts multiple trucks on a sunlit highway. The central blue truck displays severe structural distortion and impossible anatomy. Global textures exhibit waxiness and softened edge clarity.
a blue semi-truck and its trailer jumping over a row of motorcycles. there are metal ramps on either side of the motorcycles.,Controlnet/022-3.png,22,0.487594298660916,0.392101811344997,0.3900933853163609,2,3,2,1,1,Surreal blue trucks and motorcycles occupy a sunlit mountain road scene. Vehicle structures are severely malformed with fused organic and mechanical components. Surfaces exhibit waxy textures and softened background detail definition.
a blue semi-truck and its trailer jumping over a row of motorcycles. there are metal ramps on either side of the motorcycles.,Controlnet/022-4.png,22,0.5811156598909379,0.495746833730239,0.458849625764383,4,4,4,3,3,Multiple semi-trucks travel on a wide highway beneath a cloudy sky. Background vehicles exhibit extreme structural distortion and fused cab components. Surfaces possess a waxy appearance with flat textures and soft edges.
a blue semi-truck and its trailer jumping over a row of motorcycles. there are metal ramps on either side of the motorcycles.,DALLE/022-1.png,22,0.552063827860167,0.5055175666004179,0.472619604654257,4,4,3,3,2,A blue truck and motorcycles rest on a flatbed trailer outdoors. The vehicle structures are heavily malformed with fused parts and broken geometry. Global rendering shows pervasive softness and lack of sharp textural detail.
a blue semi-truck and its trailer jumping over a row of motorcycles. there are metal ramps on either side of the motorcycles.,DALLE/022-2.png,22,0.545481612565515,0.496510802525404,0.507239675087326,4,4,3,2,2,A blue truck transports malformed robotic motorcycles up an outdoor ramp. The subjects show severe structural distortion with fused bodies and extra wheels. Background surfaces display flat textures and softened edge definitions.
a blue semi-truck and its trailer jumping over a row of motorcycles. there are metal ramps on either side of the motorcycles.,DALLE/022-3.png,22,0.523430384566554,0.5121802376326979,0.500657672379332,4,4,4,2,1,A blue semi-truck and a small car sit on a ramp in a lot. The vehicles display severe geometric warping and structurally impossible proportions. Surfaces look waxy with soft edges and inconsistent lighting details.
a blue semi-truck and its trailer jumping over a row of motorcycles. there are metal ramps on either side of the motorcycles.,DALLE/022-4.png,22,0.542593181311639,0.540504932703199,0.527338642928619,3,2,3,1,2,A blue motorcycle jumps over a large blue truck in a sunny lot. The motorcycle and background vehicles exhibit warped geometry and melted structures. Global textures appear flat and fine details are noticeably softened.
a blue semi-truck and its trailer jumping over a row of motorcycles. there are metal ramps on either side of the motorcycles.,Glide/022-1.png,22,0.406300779862716,0.4321419334444299,0.430182132683748,2,3,3,3,1,A blue pickup truck sits on a flatbed trailer in daylight. The truck's front end is malformed and its body structure is warped. The entire image suffers from significant blur and low-resolution texture.
a blue semi-truck and its trailer jumping over a row of motorcycles. there are metal ramps on either side of the motorcycles.,Glide/022-2.png,22,0.348137089441341,0.426986199668815,0.384213162908592,2,3,3,2,2,A distorted blue motorcycle sits on a paved lot near a white van. The subject shows severe malformation with fused parts and inconsistent geometry. Heavy blur and oversmoothing obscure fine details across the frame.
a blue semi-truck and its trailer jumping over a row of motorcycles. there are metal ramps on either side of the motorcycles.,Glide/022-3.png,22,0.458035373658327,0.463329982400588,0.43997374410808,2,3,3,2,2,A blurry photograph captures a blue semi-truck on an asphalt road. The vehicle's body is heavily warped and fused into the background. Significant global blur and softness eliminate most fine textural details.
a blue semi-truck and its trailer jumping over a row of motorcycles. there are metal ramps on either side of the motorcycles.,Glide/022-4.png,22,0.35301973511457,0.445172675264752,0.402777317864178,3,3,3,3,1,A blurry outdoor image captures a blue truck and a flatbed trailer. The vehicle structures are severely warped with distorted wheels and melted contours. Heavy global blur eliminates all discernible texture details.
a blue semi-truck and its trailer jumping over a row of motorcycles. there are metal ramps on either side of the motorcycles.,Lafite/022-1.png,22,0.416212602797589,0.427087070370235,0.436319039261441,2,2,2,2,3,Multiple blue semi-trucks sit in an outdoor lot under a bright sky. The vehicle structures are heavily fused and malformed with distorted wheels and cabs. Textures appear waxy and oversmoothed with weak edge definition.
a blue semi-truck and its trailer jumping over a row of motorcycles. there are metal ramps on either side of the motorcycles.,Lafite/022-2.png,22,0.3361971173088979,0.389168015607843,0.416054678298899,1,1,1,1,1,"A distorted digital image shows blue trucks parked outdoors under a clear sky. The vehicle forms are heavily fused and warped, lacking semantic readability. Global textures are waxy and melted with pervasive blur."
a blue semi-truck and its trailer jumping over a row of motorcycles. there are metal ramps on either side of the motorcycles.,Lafite/022-3.png,22,0.379210226427822,0.420019225156622,0.427906667970258,1,1,2,1,1,A distorted blue semi-truck sits on a road under a clear sky. The vehicle's body and wheels are severely fused and warped into unrecognizable shapes. Surfaces appear waxy with inconsistent lighting and softened edges.
a blue semi-truck and its trailer jumping over a row of motorcycles. there are metal ramps on either side of the motorcycles.,Lafite/022-4.png,22,0.404998843443882,0.446053454921936,0.47506499436124,1,2,1,1,2,"A cluster of blue, distorted vehicle-like forms sits under a bright sky. The subjects exhibit severe structural fusion and lack recognizable geometric coherence. Global oversmoothing and flat textures obscure fine details across the frame."
a blue semi-truck and its trailer jumping over a row of motorcycles. there are metal ramps on either side of the motorcycles.,stable-diffusion/022-1.png,22,0.457041184102072,0.4554549606279749,0.3928591582279639,4,4,3,2,2,Two semi-trucks travel on a road lined with green leafy trees. The white truck's front grille is malformed and its structure is incoherent. Heavy blur obscures details and flattens surface textures.
a blue semi-truck and its trailer jumping over a row of motorcycles. there are metal ramps on either side of the motorcycles.,stable-diffusion/022-2.png,22,0.5243672329002981,0.4475496340662859,0.4575500566586549,3,4,4,1,1,"Multiple blue trucks and trailers occupy a road surrounded by trees. Subject vehicles exhibit severe structural distortion, including fused bodies and misplaced wheels. Global textures appear flat with noticeable oversmoothing and weak detail."
a blue semi-truck and its trailer jumping over a row of motorcycles. there are metal ramps on either side of the motorcycles.,stable-diffusion/022-3.png,22,0.4011566045349329,0.419205718665262,0.394963216285509,1,2,2,2,2,A high-angle view shows rows of blue-tarped vehicles in an outdoor lot. The vehicles exhibit severe structural fusion and lack recognizable mechanical details. Global textures are overly smooth and waxy with poorly defined edges.
a blue semi-truck and its trailer jumping over a row of motorcycles. there are metal ramps on either side of the motorcycles.,stable-diffusion/022-4.png,22,0.608135810562276,0.619388871935027,0.493102345170919,3,3,3,2,1,A blue semi-truck leads a convoy on a sunlit asphalt highway. The primary subject exhibits stable structure with minor grille definition loss. Image surfaces show waxy smoothing and heavily crushed shadow detail.
a blue semi-truck and its trailer jumping over a row of motorcycles. there are metal ramps on either side of the motorcycles.,Unidiffuser/022-1.png,22,0.511008856938164,0.525286221504339,0.470292641898455,2,2,2,2,1,A photorealistic outdoor scene features a blue truck and motorcycles on a trailer. The subject exhibits severe structural fusion and malformed vehicle geometry. Surfaces appear waxy with pseudo-details and softened edges.
a blue semi-truck and its trailer jumping over a row of motorcycles. there are metal ramps on either side of the motorcycles.,Unidiffuser/022-2.png,22,0.619011603330203,0.563481603079912,0.54628644046274,4,4,4,1,2,A blue truck with a ramp sits beside a warped motorcycle on asphalt. The motorcycle's structure is severely malformed and fused with the ramp. Global blur and unclear boundaries affect the entire scene.
a blue semi-truck and its trailer jumping over a row of motorcycles. there are metal ramps on either side of the motorcycles.,Unidiffuser/022-3.png,22,0.51338156932374,0.510380669775056,0.445273632691234,3,4,2,2,2,A blue semi-truck and flatbed trailer rest on a roadside by a grassy field. The vehicle displays significant structural distortion including a malformed grille and warped geometry. Blue surfaces appear waxy while background details are softly blurred.
a blue semi-truck and its trailer jumping over a row of motorcycles. there are metal ramps on either side of the motorcycles.,Unidiffuser/022-4.png,22,0.4084557421202139,0.403652803358367,0.421708950379421,2,2,2,2,2,A distorted figure in blue rides a large blue vehicle outdoors. The subject is malformed with fused limbs and an unrecognizable face. Heavy oversmoothing flattens textures and blurs all edges.
a propaganda poster depicting a cat dressed as french emperor napoleon holding a piece of cheese,Controlnet/023-1.png,23,0.599037856524429,0.524410239085658,0.605893780946264,3,2,2,2,3,An anthropomorphic cat in a military uniform stands by a tin and a block. The subject is structurally sound but contains nonsensical facial markings and illegible text. Vintage textures show softened details and repetitive patterns.
a propaganda poster depicting a cat dressed as french emperor napoleon holding a piece of cheese,Controlnet/023-2.png,23,0.551337683271795,0.471302777752352,0.454269437063949,3,3,2,1,1,A painted portrait of a uniformed man holding a white cat and cake. Hand anatomy is malformed and the contact between subjects lacks physical plausibility. Surfaces exhibit waxy textures and softened fine details throughout.
a propaganda poster depicting a cat dressed as french emperor napoleon holding a piece of cheese,Controlnet/023-3.png,23,0.581256036288135,0.49612915130306,0.5217194379604659,3,4,2,3,2,"A stylized poster depicts a tabby cat beside a goblet containing cheese. The cat's facial features are malformed, and the text is illegible. Fur textures appear over-smoothed and lack fine structural detail."
a propaganda poster depicting a cat dressed as french emperor napoleon holding a piece of cheese,Controlnet/023-4.png,23,0.586054822025294,0.470835787045135,0.4172422919209579,3,3,2,2,1,A digital portrait shows a uniformed man holding a cat against a plain background. The cat's face is structurally warped and the hand anatomy is malformed. Textures show pervasive waxiness and oversmoothing with softened edges.
a propaganda poster depicting a cat dressed as french emperor napoleon holding a piece of cheese,DALLE/023-1.png,23,0.54431182145287,0.525338411447121,0.584356190356485,2,3,2,2,2,A stylized cat in a military uniform holds cheese against a plain background. The subject's hands and face show clear malformation and anatomical distortion. Bottom text is illegible and textures appear slightly waxy.
a propaganda poster depicting a cat dressed as french emperor napoleon holding a piece of cheese,DALLE/023-2.png,23,0.626381883802045,0.541759980066822,0.658655018369121,4,4,4,3,3,"A cat in a military uniform holds cheese and a sword in a vintage poster style. The subject is recognizable, but the hands are slightly malformed at object contact points. Lighting is inconsistent and some textures appear flat."
a propaganda poster depicting a cat dressed as french emperor napoleon holding a piece of cheese,DALLE/023-3.png,23,0.441501728616665,0.445026322260584,0.493175341820461,4,4,4,3,3,"A vintage poster displays an anthropomorphic cat in military attire against a yellow backdrop. The subject is clear but contains illegible text and irregular uniform ornamentation. Surfaces show a flat, painterly texture with softened fine details."
a propaganda poster depicting a cat dressed as french emperor napoleon holding a piece of cheese,DALLE/023-4.png,23,0.557506927045367,0.526971389295922,0.522125801346146,4,4,4,3,3,A cat in a tricorn hat holds a biscuit in a vintage poster style. The subject is structurally stable despite simplified paw anatomy and unreadable text. Textures appear smooth with visible noise along the right border.
a propaganda poster depicting a cat dressed as french emperor napoleon holding a piece of cheese,Glide/023-1.png,23,0.377503131430634,0.434670138980222,0.4297755381823179,1,2,1,1,1,A stylized black cat sits within a circular red frame on a pink background. The subject's facial features are severely distorted into an illegible fused mass. Background textures show repetitive patterns and edges lack definition.
a propaganda poster depicting a cat dressed as french emperor napoleon holding a piece of cheese,Glide/023-2.png,23,0.339588884389114,0.378891383152925,0.402078636211384,1,1,2,2,2,A blurry stylized poster displays a black dog silhouette and illegible text. The central silhouette is coherent while surrounding elements are structurally ambiguous. Severe oversmoothing flattens texture and destroys edge definition.
a propaganda poster depicting a cat dressed as french emperor napoleon holding a piece of cheese,Glide/023-3.png,23,0.399832660226446,0.437784594925648,0.397283586733417,2,2,2,2,2,"A distorted cat-like figure stands on a large block of pale butter. The subject displays severe anatomical malformation and a fused, unreadable facial area. Flat textures and illegible pseudo-text accompany softened global edge definition."
a propaganda poster depicting a cat dressed as french emperor napoleon holding a piece of cheese,Glide/023-4.png,23,0.3839996468294759,0.3922855670746339,0.392110716560708,1,1,1,1,1,A malformed brown animal figure and a cup sit on a yellow marbled background. The subject displays extreme anatomical distortion and lacks structural coherence. Global textures appear waxy with pervasive softening of fine edges.
a propaganda poster depicting a cat dressed as french emperor napoleon holding a piece of cheese,Lafite/023-1.png,23,0.3587178795996369,0.403191478728836,0.426265906664186,3,3,2,2,3,A painterly portrait of a distorted cat-like figure in a cowboy hat. The subject's anatomy is severely warped with fused limbs and multiple faces. Textures appear waxy and edges show significant softening and aliasing.
a propaganda poster depicting a cat dressed as french emperor napoleon holding a piece of cheese,Lafite/023-2.png,23,0.395938760285501,0.388528363636042,0.3812375411609799,1,2,2,1,1,A painterly image shows two distorted cat-like figures against a textured background. The main subject exhibits severe facial fusion and malformed anatomical structures. Waxy textures and softened edges accompany a prominent visual watermark.
a propaganda poster depicting a cat dressed as french emperor napoleon holding a piece of cheese,Lafite/023-3.png,23,0.442397401806892,0.401536299677917,0.433642210935182,1,2,1,2,2,A distorted oil-painted style portrait of an anthropomorphic cat in a hat. The subject's anatomy is severely malformed with fused facial features and warped body geometry. Global oversmoothing creates flat waxy textures and blurred edge definitions.
a propaganda poster depicting a cat dressed as french emperor napoleon holding a piece of cheese,Lafite/023-4.png,23,0.395555000251293,0.4079338713449509,0.43486779867914,3,2,3,1,2,An anthropomorphic cat figure stands against a textured blue background. The subject shows severe anatomical fusion and facial malformation with broken limb geometry. Textures appear waxy and grainy with softened edge definitions.
a propaganda poster depicting a cat dressed as french emperor napoleon holding a piece of cheese,stable-diffusion/023-1.png,23,0.5655374506509829,0.545135189448794,0.571272688660356,4,4,4,3,3,A stylized poster shows an upright black cat in a suit holding a yellow object. The figure is stable though hands and garment folds show minor simplification. Flat textures and unreadable text appear at the bottom.
a propaganda poster depicting a cat dressed as french emperor napoleon holding a piece of cheese,stable-diffusion/023-2.png,23,0.592009298143937,0.516312866792913,0.578045461344666,4,4,4,3,3,An anthropomorphic cat in dress holds a biscuit against a plain background. The subject has a coherent structure with clear facial features and logical clothing folds. Surfaces show a slightly flat texture with minimal visible noise.
a propaganda poster depicting a cat dressed as french emperor napoleon holding a piece of cheese,stable-diffusion/023-3.png,23,0.4704464293870329,0.487211809679289,0.479923630563612,3,4,4,2,2,"A vintage poster depicts a cat, a vase, and cheese on a red surface. The cat has malformed eyes and facial structure, and the text is illegible. Textures appear waxy and edges lack crispness."
a propaganda poster depicting a cat dressed as french emperor napoleon holding a piece of cheese,stable-diffusion/023-4.png,23,0.509889123945483,0.530017390812633,0.55077557724637,3,3,3,2,2,A stylized anthropomorphic cat stands in a painterly alleyway scene. The subject's body structure is heavily warped with malformed proportions and fused limbs. Global textures appear waxy and oversmoothed with indistinct background boundaries.
a propaganda poster depicting a cat dressed as french emperor napoleon holding a piece of cheese,Unidiffuser/023-1.png,23,0.536948908767015,0.549370035926634,0.578808273512375,3,4,4,2,2,A vintage-style poster depicts an anthropomorphic cat in uniform holding cheese. The subject displays facial distortion and malformed paws alongside illegible text. Textures appear flat with softened edge definition.
a propaganda poster depicting a cat dressed as french emperor napoleon holding a piece of cheese,Unidiffuser/023-2.png,23,0.4833409366418509,0.431344608361166,0.440348417380395,3,3,3,1,1,A stylized cat in a red fez holds a staff on blue. The subject maintains a coherent cartoon structure with minor limb ambiguity. Illegible pseudo-text and heavy grain affect the surface quality.
a propaganda poster depicting a cat dressed as french emperor napoleon holding a piece of cheese,Unidiffuser/023-3.png,23,0.525357766383503,0.529760153524485,0.563446325130178,3,3,3,2,3,"A vintage-style poster features an anthropomorphic cat in a costume holding cheese. The cat's facial structure is stable, but its hands and paws are visibly malformed. Surfaces exhibit a slightly waxy texture with softened fine details."
a propaganda poster depicting a cat dressed as french emperor napoleon holding a piece of cheese,Unidiffuser/023-4.png,23,0.441436635738196,0.436206508640631,0.456789352648017,1,2,2,1,2,"A stylized painting shows an anthropomorphic cat figure in a red shirt and yellow vest. The subject's anatomy is severely malformed with indistinct limbs and fused hands. Heavy blur, oversmoothing, and unreadable pseudo-text affect clarity."
a tree reflected in the sunroof of a blue car,Controlnet/024-1.png,24,0.555686666377366,0.554794854514707,0.5350624814095231,3,3,2,3,2,"A close-up captures a car mirror reflecting trees on a textured blue surface. The mirror frame is stable, but the reflected tree branches lack fine definition. Background surfaces display repetitive pseudo-detail and softened micro-textures."
a tree reflected in the sunroof of a blue car,Controlnet/024-2.png,24,0.592852325206549,0.583375128416767,0.4152342182145209,4,4,4,3,2,"A blue sedan sits on textured pavement in a top-down view. The vehicle is recognizable, but the front grille and lights appear malformed. Surfaces exhibit waxy smoothness and repetitive ground textures."
a tree reflected in the sunroof of a blue car,Controlnet/024-3.png,24,0.553283568947746,0.5263597599187491,0.529837085108483,4,4,4,3,3,A vibrant autumn tree reflects inside a curved car side mirror frame. The central tree structure remains recognizable despite minor branch fusion and warping. Reflection surfaces exhibit subtle smearing and inconsistent fine-texture rendering.
a tree reflected in the sunroof of a blue car,Controlnet/024-4.png,24,0.540406081051085,0.509752828718402,0.461515413970693,4,4,4,3,2,A stylized low-angle view shows a purple tree under a vibrant cloudy sky. Tree branches display structural confusion and unnatural fusion in dense regions. Heavy grain and flat textures impact the global visual clarity.
a tree reflected in the sunroof of a blue car,DALLE/024-1.png,24,0.649092265468452,0.648730208308837,0.5950338079944,4,4,4,3,3,A photorealistic shot captures a tree reflection on a smooth blue surface. The reflection contains fragmented branches and floating leaves lacking organic continuity. Textures appear flat across the large blue background region.
a tree reflected in the sunroof of a blue car,DALLE/024-2.png,24,0.596012978244351,0.61884804934664,0.592654617045187,4,4,4,3,3,A photorealistic image shows a tree reflection on a glossy surface under a blue sky. The reflected tree structure is clear and spatially plausible without distortion. Leaf textures show noticeable oversmoothing and lack sharp detail.
a tree reflected in the sunroof of a blue car,DALLE/024-3.png,24,0.601599283114715,0.638059826104321,0.612809255051065,4,4,3,3,2,"A photorealistic image depicts a tree reflection on a curved blue surface. The tree structure is recognizable, though leaf clusters show slight blurring. The surface texture is unnaturally uniform with soft edge definitions."
a tree reflected in the sunroof of a blue car,DALLE/024-4.png,24,0.541169056985492,0.574388676887244,0.544082167622047,4,4,4,3,3,A low-angle shot captures a glossy surface reflecting trees against a bright blue sky. The reflective surface and tree silhouettes maintain structural stability with minimal distortion. Darker regions display subtle graininess and slightly softened leaf textures.
a tree reflected in the sunroof of a blue car,Glide/024-1.png,24,0.3918037959041299,0.451320048518451,0.3958883443061179,1,2,2,2,2,"A blurry cluster of green leaves sits against a bright blue sky with a sun. Foliage lacks defined leaf shapes, appearing as a fused mass. Heavy global blur obscures all fine textures and edge definitions."
a tree reflected in the sunroof of a blue car,Glide/024-2.png,24,0.353978279522146,0.423381501829593,0.391525493059742,2,2,2,2,1,A silhouetted tree with sprawling branches dominates a solid blue background. The branching structure is recognizable despite some fused and tangled limb intersections. Global blurring softens edges and flattens texture details.
a tree reflected in the sunroof of a blue car,Glide/024-3.png,24,0.470128233967015,0.4945697525219419,0.4024575990336669,2,2,2,3,2,Silhouetted tree branches occupy the upper left against a solid blue background. The branching structure is coherent but exhibits heavy blurring and softened contours. Extreme oversmoothing removes texture detail and creates indistinct global boundaries.
a tree reflected in the sunroof of a blue car,Glide/024-4.png,24,0.398126100216788,0.446952504124593,0.435916639229435,2,2,2,3,2,A silhouetted tree is framed against a solid blue background from below. The subject's branches exhibit tangled geometry and structurally implausible fusion points. Visible blurring and flat textures reduce overall detail clarity.
a tree reflected in the sunroof of a blue car,Lafite/024-1.png,24,0.3901677453027269,0.39124872858229,0.443647239239358,4,3,3,2,3,"A distorted reflection of a tree and sky appears on a curved blue surface. Subject geometry is severely warped, making tree branches appear liquid and stretched. Global sharpness is low, featuring smeared edges and flattened textures."
a tree reflected in the sunroof of a blue car,Lafite/024-2.png,24,0.480314884123826,0.520179146825105,0.539405853314846,2,2,2,2,2,A distorted reflection of a tree and sky fills a curved blue surface. Reflected tree branches are heavily warped and lack clear structural coherence. Global blur degrades edge clarity and texture detail.
a tree reflected in the sunroof of a blue car,Lafite/024-3.png,24,0.361551912072231,0.412766947462633,0.413715556124244,1,1,1,2,2,"A distorted reflection of tree branches and sky covers a blue liquid surface. The reflected tree structure is heavily warped and melted into tangled, unreadable shapes. Visible smearing and waxy textures dominate the perceptual quality."
a tree reflected in the sunroof of a blue car,Lafite/024-4.png,24,0.432527763533136,0.435464631745959,0.492079247144539,1,1,2,2,1,A liquified tree reflection occupies a curved blue car window. The subject's branches are incoherently fused and lack structural logic. Image surfaces display waxy textures and softened boundary transitions.
a tree reflected in the sunroof of a blue car,stable-diffusion/024-1.png,24,0.575096262367766,0.463701112004915,0.4843056586013919,2,1,1,1,3,A car side mirror reflects sky and bare trees on a textured wall. The reflected branches appear tangled and lack structural precision. The background shows repetitive granular texture and slight softness.
a tree reflected in the sunroof of a blue car,stable-diffusion/024-2.png,24,0.535914695172,0.489192453237619,0.461912026304413,4,4,4,3,2,"A low-angle view of stylized tree silhouettes against a bright sky. Tree forms are recognizable but cluttered by dense, repetitive fine-line patterns. Processing introduces artificial micro-textures and flattened color regions."
a tree reflected in the sunroof of a blue car,stable-diffusion/024-3.png,24,0.429671307875491,0.457928756035141,0.435078058582008,3,3,1,1,2,A low-angle view depicts dense tree branches set against a blue sky. The subject exhibits heavy structural fusion and lacks coherent branch volume. Surfaces show repetitive fibrous textures and softened edge definition.
a tree reflected in the sunroof of a blue car,stable-diffusion/024-4.png,24,0.637687712415105,0.58005577236777,0.543962674981989,4,4,4,2,3,A large tree emerges from a blue car roof in a bright field. The trunk fuses awkwardly with the vehicle while branches remain structurally coherent. Oversaturated colors and softened background textures reduce overall naturalness.
a tree reflected in the sunroof of a blue car,Unidiffuser/024-1.png,24,0.640713347366472,0.602648096397644,0.531112353068529,3,3,3,3,2,A low-angle view of branches against a bright sky from a vehicle. The branching structure is complex with several leaves appearing detached. Excessive saturation and artifacts affect the lower dashboard.
a tree reflected in the sunroof of a blue car,Unidiffuser/024-2.png,24,0.574197464513899,0.559593824461702,0.557868736207446,3,3,3,3,2,A photorealistic close-up of a car roof reflecting trees and sky in daylight. The car surface is stable while the reflected tree shapes appear softly fused. Background foliage exhibits subtle oversmoothing and flat textural patches.
a tree reflected in the sunroof of a blue car,Unidiffuser/024-3.png,24,0.514185682149724,0.504691053501054,0.5032459000324669,4,4,4,2,3,A close-up view of a car window reflecting trees and a blue sky. The vehicle structure and reflection remain coherent with only minor trim distortions present. Fine details exhibit significant oversmoothing and waxy texture across all surfaces.
a tree reflected in the sunroof of a blue car,Unidiffuser/024-4.png,24,0.412432700025179,0.399080263414502,0.3965932022424679,1,2,1,1,1,A close-up of a glossy blue surface reflecting trees and bright sky. The subject shows blurred reflections and indistinct surface geometry lacking clarity. Heavy oversmoothing and grainy noise obscure all fine details.
a pineapple with one beer to its left and two beers on its right,Controlnet/025-1.png,25,0.515529790651314,0.532309040787131,0.4293241059263269,4,4,3,2,1,A studio shot features two beer mugs and three pineapples on wood. The foreground pineapple slice shows severe structural distortion and confusing internal texture. Textures show repetitive pseudo-details and softened edge definitions.
a pineapple with one beer to its left and two beers on its right,Controlnet/025-2.png,25,0.6356659769463,0.538181872329685,0.483428841804294,4,4,4,2,2,Two beer glasses sit on a textured wooden surface in soft light. The central glass exhibits a malformed base and an ambiguous internal object. Textures appear flat and edges lack sharp definition.
a pineapple with one beer to its left and two beers on its right,Controlnet/025-3.png,25,0.550406629209276,0.531632753285447,0.488176883214551,4,4,4,3,2,"A large pineapple sits on a beach in a stylized digital painting. The fruit's skin exhibits repetitive, non-botanical geometric patterns across its surface. Textures and edges show no dominant local artifact."
a pineapple with one beer to its left and two beers on its right,Controlnet/025-4.png,25,0.620618567915986,0.5895845975937231,0.532575438842981,4,4,4,3,2,"A photorealistic scene displays a pineapple, beer bottle, and glasses on a table. Subject structure is stable, but label text is unreadable and foam has a fused green rim. Surfaces show mild waxiness and repetitive textures."
a pineapple with one beer to its left and two beers on its right,DALLE/025-1.png,25,0.612730454378837,0.554141292310539,0.444815911197965,3,3,3,3,2,"A frothy beer mug sits before three pineapples on a white background. The subjects are structurally stable, but the beer contains distorted internal patterns. Fruit textures show repetitive scaling and a slightly waxy surface finish."
a pineapple with one beer to its left and two beers on its right,DALLE/025-2.png,25,0.519767340454609,0.498893452140628,0.464244884427671,3,4,4,3,2,Two pineapples and a glass mug with a plant sit against a dark background. Pineapple skins show malformed textures and the mug's contents are semantically confusing. Surfaces appear waxy with softened edges and inconsistent lighting.
a pineapple with one beer to its left and two beers on its right,DALLE/025-3.png,25,0.634581827747869,0.610076417168127,0.545181238372024,4,4,4,3,2,A centered pineapple stands between two beer glasses on a black background. The pineapple's skin shows severe melting and structurally incoherent texture patterns. Waxy surfaces and softened edges degrade overall perceptual quality.
a pineapple with one beer to its left and two beers on its right,DALLE/025-4.png,25,0.592720182795739,0.607658983612788,0.518947748473785,4,4,4,3,2,"A centered pineapple sits between two beer glasses on a white background. The pineapple structure is stable, while the glass emblems display semantic illegibility. Surfaces show mild waxiness and overly uniform repetitive micro-textures."
a pineapple with one beer to its left and two beers on its right,Glide/025-1.png,25,0.394411921058054,0.4716358915376449,0.4126964250748,2,3,3,2,1,A close-up view captures a beer bottle and a glass of beer. The label displays illegible text and a structurally distorted cartoon mascot. Extreme global blur and softness wash out all surface textures.
a pineapple with one beer to its left and two beers on its right,Glide/025-2.png,25,0.39071552788291,0.427447009563408,0.400238883906065,2,3,2,2,2,A blurry close-up shows a glass of amber liquid and a green bottle. The bottle label contains illegible text while the glass rim lacks definition. Heavy global blur flattens textures and obscures fine details.
a pineapple with one beer to its left and two beers on its right,Glide/025-3.png,25,0.413982070311795,0.50013942269829,0.4355028617123859,2,3,2,3,1,"Two glasses of amber beer sit on a white surface under warm light. The subject is recognizable but exhibits indistinct, softened geometry at the rims. Extreme blur eliminates texture and renders all boundaries unclear."
a pineapple with one beer to its left and two beers on its right,Glide/025-4.png,25,0.432012476910649,0.505365763952705,0.420564128172286,4,4,4,3,1,A blurry image shows a glass of dark beer and a brown bottle. The subjects are structurally coherent but lack any sharp edges or surface detail. Heavy global blur flattens all visible textures.
a pineapple with one beer to its left and two beers on its right,Lafite/025-1.png,25,0.412198603314523,0.416733944737823,0.398109208815548,3,2,2,2,1,Two distorted pineapple-shaped objects sit on a surface against a plain wall. The subjects exhibit warped anatomy and structurally implausible leaf attachments. Textures appear repetitive and waxy with softened edge definition throughout.
a pineapple with one beer to its left and two beers on its right,Lafite/025-2.png,25,0.4540046750223589,0.441355512919073,0.448090563821551,2,2,2,1,1,Two yellow pineapple-like objects rest in containers against a blurred background. Subjects exhibit severe geometric distortion and malformed surface structures with fused parts. Repetitive pseudo-detail textures dominate while edges remain soft and indistinct.
a pineapple with one beer to its left and two beers on its right,Lafite/025-3.png,25,0.432730858714769,0.403090172441187,0.4061751416555709,1,1,2,1,1,Two yellow pineapple-like objects are positioned against a simple background. The right object is significantly malformed and semantically unreadable as a subject. Global oversmoothing obscures fine textural details.
a pineapple with one beer to its left and two beers on its right,Lafite/025-4.png,25,0.415138983948161,0.353573107460084,0.363598296748347,2,3,2,2,2,Two distorted yellow-green organic forms sit on a pale surface. The subjects display malformed geometry and semantically confusing fused structures. Heavy global blur and softened edges reduce perceptual detail clarity.
a pineapple with one beer to its left and two beers on its right,stable-diffusion/025-1.png,25,0.3763662743964749,0.360217795017872,0.409038771756065,1,1,3,1,1,A split view displays pineapples and yellow fruit on a dark textured surface. The left pineapple is coherent while the right region is malformed and fused. Heavy blurring and melting degrade the right half.
a pineapple with one beer to its left and two beers on its right,stable-diffusion/025-2.png,25,0.580364870920332,0.571391806421511,0.493708367226423,4,4,4,3,2,A photorealistic image shows a beer glass and green bottles on wood. Labels contain illegible text and the bottle necks show slight fusion. Surfaces appear somewhat waxy while background details lack sharp definition.
a pineapple with one beer to its left and two beers on its right,stable-diffusion/025-3.png,25,0.541215285114941,0.497855119721031,0.485844480814497,3,3,2,2,2,"A beer bottle, glass, and small pineapple sit on a wooden deck. The subject features illegible label text and a structurally malformed pineapple. Wood textures show repetition and edges lack sharp definition."
a pineapple with one beer to its left and two beers on its right,stable-diffusion/025-4.png,25,0.634374926666145,0.61808360497466,0.597463490668525,4,4,4,3,2,A photorealistic still life shows a pineapple and beer on a wooden table. The subject structure is stable but the bottle label contains semantically distorted text. Textures exhibit subtle pseudo-details and slight surface waxiness.
a pineapple with one beer to its left and two beers on its right,Unidiffuser/025-1.png,25,0.558517208982919,0.635734342890102,0.528685670914487,2,2,3,3,2,"A close-up shot displays a pineapple, a beer bottle, and a glass. Main subjects are clear, though text on labels is illegible and nonsensical. Pineapple skin shows repetitive tiling while surfaces appear slightly waxy."
a pineapple with one beer to its left and two beers on its right,Unidiffuser/025-2.png,25,0.4086669242159629,0.456941587667198,0.461684685398363,1,2,2,3,2,A soft-focus painting depicts a pineapple between two glasses of yellow liquid. The pineapple's skin features an unnatural woven geometric pattern instead of organic segments. Extreme global blur and waxy oversmoothing eliminate all fine details and sharp edges.
a pineapple with one beer to its left and two beers on its right,Unidiffuser/025-3.png,25,0.527113204854778,0.513520876329959,0.464189857089257,3,3,2,2,2,A pineapple rests near a pineapple-themed bottle and a glass of dark liquid. The bottle label displays illegible text and a malformed animal graphic. Global textures appear flat and lack sharp micro-detail definition.
a pineapple with one beer to its left and two beers on its right,Unidiffuser/025-4.png,25,0.51465909538491,0.54215810127413,0.517752822774599,4,4,4,3,2,A dark beer bottle and two glasses of beer flank a small pineapple. Text on the glassware and bottle label is illegible and visually distorted. Surfaces display waxy textures and softened edge definitions.
"A set of 2x2 emoji icons with happy, angry, surprised and sobbing faces. The emoji icons look like colorful macarons. All of the macarons are wearing cowboy hats.",Controlnet/026-1.png,26,0.56300765092414,0.514403201863711,0.465412079632516,4,4,4,3,2,"A dense grid of colorful cartoon faces displays varied expressions on a textured surface. Many individual faces feature malformed eyes, fused features, or broken geometric symmetry. Edges appear softened while the background shows repetitive flat textures."
"A set of 2x2 emoji icons with happy, angry, surprised and sobbing faces. The emoji icons look like colorful macarons. All of the macarons are wearing cowboy hats.",Controlnet/026-2.png,26,0.579856015106851,0.552997317596803,0.542314411840614,4,4,4,3,2,A close-up grid of colorful 3D emoji faces on a neutral surface. Subjects remain recognizable but several exhibit distorted or misplaced facial features. Global rendering shows waxy surfaces and softened edges on fine details.
"A set of 2x2 emoji icons with happy, angry, surprised and sobbing faces. The emoji icons look like colorful macarons. All of the macarons are wearing cowboy hats.",Controlnet/026-3.png,26,0.513533591991868,0.512022231559491,0.453177336482304,4,4,4,3,1,Five glossy 3D smiley face buttons sit on a plain gray background. The circular subjects maintain stable geometry despite simplified facial features. Surfaces exhibit slight waxy smoothing and soft color transitions.
"A set of 2x2 emoji icons with happy, angry, surprised and sobbing faces. The emoji icons look like colorful macarons. All of the macarons are wearing cowboy hats.",Controlnet/026-4.png,26,0.636751159458037,0.569573988401216,0.539003835096974,4,3,2,3,2,Colorful 3D-style macarons with cartoon faces fill a bright close-up composition. The central purple macaron shows structural fusion and melting near its top-left accessory. Surfaces appear waxy with softened details and overly smooth background transitions.
"A set of 2x2 emoji icons with happy, angry, surprised and sobbing faces. The emoji icons look like colorful macarons. All of the macarons are wearing cowboy hats.",DALLE/026-1.png,26,0.561337812809379,0.531381922097788,0.4755463473990379,4,4,4,3,2,"A grid of nine colorful cowboy-hat emoji faces on a white background. Each circular face shows a distinct, structurally stable expression with consistent hat placement. Sharp edges and flat colors exhibit no dominant artifacts."
"A set of 2x2 emoji icons with happy, angry, surprised and sobbing faces. The emoji icons look like colorful macarons. All of the macarons are wearing cowboy hats.",DALLE/026-2.png,26,0.522837290937633,0.479525753922541,0.408624603534845,3,3,3,2,1,A grid of nine colorful emoji faces wearing cowboy hats on white. Subject forms are structurally coherent with clear semantic readability across the set. Flat textures and sharp boundaries exhibit no significant global artifacts.
"A set of 2x2 emoji icons with happy, angry, surprised and sobbing faces. The emoji icons look like colorful macarons. All of the macarons are wearing cowboy hats.",DALLE/026-3.png,26,0.5635309178617289,0.5557328519489529,0.518309050271484,3,3,2,3,2,"A grid of twelve colorful cartoon faces wearing cowboy hats on white. Facial structures are mostly stable, though several mouths appear malformed. Surfaces are smooth and waxy with inconsistent pseudo-details."
"A set of 2x2 emoji icons with happy, angry, surprised and sobbing faces. The emoji icons look like colorful macarons. All of the macarons are wearing cowboy hats.",DALLE/026-4.png,26,0.558174682117057,0.538801779665081,0.5282872941570951,4,4,3,3,2,A grid of nine colorful cartoon faces in cowboy hats on white. Each stylized head maintains a coherent geometric structure and clear expression. Edges are sharp and textures remain consistently flat.
"A set of 2x2 emoji icons with happy, angry, surprised and sobbing faces. The emoji icons look like colorful macarons. All of the macarons are wearing cowboy hats.",Glide/026-1.png,26,0.403638638756095,0.4068314660177259,0.367189159866103,3,2,2,2,1,A grid of diverse stylized digital icons and character faces on a white background. Many icons display distorted features and structurally ambiguous internal details. Visible pixelation and edge softening affect overall clarity.
"A set of 2x2 emoji icons with happy, angry, surprised and sobbing faces. The emoji icons look like colorful macarons. All of the macarons are wearing cowboy hats.",Glide/026-2.png,26,0.422230492117719,0.461963460351702,0.393606426188119,2,2,2,2,1,"A grid of colorful, stylized 3D icons sits on a white background. Simple subjects are mostly coherent but show soft contours and minor shape ambiguities. Global blurring and oversmoothing reduce texture and edge definition everywhere."
"A set of 2x2 emoji icons with happy, angry, surprised and sobbing faces. The emoji icons look like colorful macarons. All of the macarons are wearing cowboy hats.",Glide/026-3.png,26,0.3769043164560339,0.384209828316538,0.3638754480142179,2,2,1,1,1,A grid of colorful 3D cartoon icons sits on a white background. Several icons show malformed geometry and fused parts while the bottom text is unreadable. Heavy oversmoothing and low resolution soften edges and flatten textures.
"A set of 2x2 emoji icons with happy, angry, surprised and sobbing faces. The emoji icons look like colorful macarons. All of the macarons are wearing cowboy hats.",Glide/026-4.png,26,0.354213292187069,0.441558312462577,0.40669242513345,2,2,2,1,1,"A group of colorful rounded cartoon characters sits on a white background. Multiple subjects contain malformed, fused, or structurally distorted facial features. Surfaces appear waxy with noticeable oversmoothing and blurred edges."
"A set of 2x2 emoji icons with happy, angry, surprised and sobbing faces. The emoji icons look like colorful macarons. All of the macarons are wearing cowboy hats.",Lafite/026-1.png,26,0.369042635405078,0.367846526934354,0.37180212873395,1,1,1,1,1,"The image displays a grid of nine abstract, colorful, and malformed face-like shapes. These subjects exhibit extreme structural distortion with fused features and no recognizable coherence. Heavy blurring, color bleeding, and flat textures degrade the overall clarity."
"A set of 2x2 emoji icons with happy, angry, surprised and sobbing faces. The emoji icons look like colorful macarons. All of the macarons are wearing cowboy hats.",Lafite/026-2.png,26,0.381604729877525,0.38493526945618,0.354508700938986,1,1,1,1,1,Nine stylized red and yellow fruits arranged in a grid on white. The subjects display severe structural warping and malformed internal organic patterns. Textures appear flat and waxy with inconsistent local color saturation.
"A set of 2x2 emoji icons with happy, angry, surprised and sobbing faces. The emoji icons look like colorful macarons. All of the macarons are wearing cowboy hats.",Lafite/026-3.png,26,0.333761510844238,0.357883838862356,0.3557524449870339,2,2,2,1,1,"A grid of nine abstract, colorful face-like shapes on a white background. Subjects show severe structural distortion with malformed and fused facial features. Oversmoothing leads to flat textures and poorly defined edges."
"A set of 2x2 emoji icons with happy, angry, surprised and sobbing faces. The emoji icons look like colorful macarons. All of the macarons are wearing cowboy hats.",Lafite/026-4.png,26,0.393163408270431,0.438123378941799,0.409662099407172,3,3,3,2,2,"A grid of nine abstract, colorful, organic shapes on a white background. The subjects exhibit severe geometric malformation and fused internal features. Global oversmoothing flattens textures while a central watermark obscures details."
"A set of 2x2 emoji icons with happy, angry, surprised and sobbing faces. The emoji icons look like colorful macarons. All of the macarons are wearing cowboy hats.",stable-diffusion/026-1.png,26,0.514920551170201,0.489618893619988,0.420886811531464,4,4,4,3,2,"A digital grid of stylized yellow and white emoji-like faces fills the view. Facial structures are distorted with fragmented features, warped mouths, and fused parts. Details show melting textures and inconsistent edges."
"A set of 2x2 emoji icons with happy, angry, surprised and sobbing faces. The emoji icons look like colorful macarons. All of the macarons are wearing cowboy hats.",stable-diffusion/026-2.png,26,0.56215357151164,0.534216087546208,0.430677027507477,3,3,3,3,1,A grid of colorful glossy emoji faces is displayed on a dark teal background. Multiple faces exhibit warped mouths or inconsistently rendered eye regions. Textures appear waxy with noticeable softening across all facial contours.
"A set of 2x2 emoji icons with happy, angry, surprised and sobbing faces. The emoji icons look like colorful macarons. All of the macarons are wearing cowboy hats.",stable-diffusion/026-3.png,26,0.470170655282461,0.445458923858872,0.431580059928658,4,4,4,3,1,A grid of colorful digital emoji faces displays varied expressions on a dark background. Several faces contain structurally malformed features like square eyes or fused components. Gradients appear smooth but occasionally show subtle waxy texture.
"A set of 2x2 emoji icons with happy, angry, surprised and sobbing faces. The emoji icons look like colorful macarons. All of the macarons are wearing cowboy hats.",stable-diffusion/026-4.png,26,0.427265334023276,0.413738527411262,0.394093036906334,2,2,2,2,2,"A dense grid of small, colorful, rounded abstract forms fills the frame. Individual cells lack clear structure and appear as indistinct, malformed organic blobs. Global textures show extreme blurring and heavy oversmoothing."
"A set of 2x2 emoji icons with happy, angry, surprised and sobbing faces. The emoji icons look like colorful macarons. All of the macarons are wearing cowboy hats.",Unidiffuser/026-1.png,26,0.348403446085492,0.440286346123116,0.397268285330403,1,1,2,1,1,"A grid of twenty blurry, abstract, and colorful rounded shapes on varied backgrounds. The subjects are malformed blobs lacking recognizable anatomical or geometric coherence. Extreme global blur and oversmoothing eliminate all fine details."
"A set of 2x2 emoji icons with happy, angry, surprised and sobbing faces. The emoji icons look like colorful macarons. All of the macarons are wearing cowboy hats.",Unidiffuser/026-2.png,26,0.564834907560556,0.506709129111902,0.464503181309243,4,4,3,2,2,The image displays a grid of stylized yellow characters and colorful macarons. Multiple character faces exhibit malformed features and semantically confusing expressions. Black outlines are heavy and irregular while textures appear overly smoothed.
"A set of 2x2 emoji icons with happy, angry, surprised and sobbing faces. The emoji icons look like colorful macarons. All of the macarons are wearing cowboy hats.",Unidiffuser/026-3.png,26,0.480796361678482,0.521015790603384,0.4831130398418869,4,4,4,3,2,A grid of colorful cartoon macaron characters with varied expressions fills a dark blue frame. Subjects exhibit stable geometry and high semantic readability in their simplified stylized design. Surfaces appear slightly waxy with softened details.
"A set of 2x2 emoji icons with happy, angry, surprised and sobbing faces. The emoji icons look like colorful macarons. All of the macarons are wearing cowboy hats.",Unidiffuser/026-4.png,26,0.490999894269721,0.480855739253784,0.49066553359836,3,3,2,1,2,A grid of sixteen stylized round characters shows varied expressions and accessories. Subjects frequently show malformed structures where features and accessories are unnaturally fused. Surfaces appear overly smooth and waxy with pseudo-details.
A cozy living room with a painting of a corgi on the wall above a couch and a round coffee table in front of a couch and a vase of flowers on a coffee table,Controlnet/027-1.png,27,0.6199454142478671,0.554738240235362,0.585221163566819,4,4,4,3,3,A living room interior features a framed portrait of a corgi on the wall. The corgi subject exhibits severe semantic distortion with a blue mask-like muzzle. Global textures appear slightly synthetic with subtle oversmoothing.
A cozy living room with a painting of a corgi on the wall above a couch and a round coffee table in front of a couch and a vase of flowers on a coffee table,Controlnet/027-2.png,27,0.547735246492444,0.516123217928196,0.5821473463400281,4,4,4,3,3,A bright living room interior centers on a large framed corgi portrait. The corgi's paws are malformed and the foreground chair shows warped geometry. Local textures appear waxy with softened details and unclear object boundaries.
A cozy living room with a painting of a corgi on the wall above a couch and a round coffee table in front of a couch and a vase of flowers on a coffee table,Controlnet/027-3.png,27,0.656009092292592,0.609055787582522,0.613562951188428,4,4,4,3,3,A living room interior features a sofa and a framed corgi painting. The dog portrait and furniture maintain coherent structure and semantic clarity. Subtle pseudo-details appear in the rug's fibrous texture patterns.
A cozy living room with a painting of a corgi on the wall above a couch and a round coffee table in front of a couch and a vase of flowers on a coffee table,Controlnet/027-4.png,27,0.51102091300095,0.522194300915367,0.535185791610434,4,4,4,2,2,A framed corgi portrait hangs above a brown sofa in a living room. The painted corgi shows distorted anatomy with malformed paws and a fused body. Surface textures exhibit mild oversmoothing and softened floral edge definitions.
A cozy living room with a painting of a corgi on the wall above a couch and a round coffee table in front of a couch and a vase of flowers on a coffee table,DALLE/027-1.png,27,0.51558959462565,0.43030660317711,0.5909312742602679,3,4,4,2,3,A framed corgi portrait hangs above a modern sofa and side table. The corgi's face is distorted with warped eyes and a melted muzzle. Flat textures and unreadable plate details reveal weak local definition.
A cozy living room with a painting of a corgi on the wall above a couch and a round coffee table in front of a couch and a vase of flowers on a coffee table,DALLE/027-2.png,27,0.523084254451334,0.506365671706289,0.513302559395885,4,4,4,3,2,A photorealistic interior shot features a corgi lying on a pink sofa. The dog's facial anatomy is severely distorted with an elongated muzzle and messy fur. Global textures are overly smooth and lack crisp detail.
A cozy living room with a painting of a corgi on the wall above a couch and a round coffee table in front of a couch and a vase of flowers on a coffee table,DALLE/027-3.png,27,0.6112495282428609,0.584922758154961,0.654176144779136,3,4,3,2,3,A photorealistic living room features a brown sofa beneath a circular dog portrait. The dog portrait and decorative pillow both contain distorted and unreadable patterns. Global textures lack sharpness and show mild oversmoothing.
A cozy living room with a painting of a corgi on the wall above a couch and a round coffee table in front of a couch and a vase of flowers on a coffee table,DALLE/027-4.png,27,0.644743313000413,0.5807874971762871,0.618096576275576,2,3,2,2,3,"A living room scene includes a sofa, a corgi portrait, and a vase. The corgi's facial features and flower petals show distinct structural warping and fusion. Textures appear soft and edges lack sharpness."
A cozy living room with a painting of a corgi on the wall above a couch and a round coffee table in front of a couch and a vase of flowers on a coffee table,Glide/027-1.png,27,0.397630371299025,0.439689658620464,0.460411894442193,2,2,2,2,2,A painterly still life displays flowers in vases on a small table. The floral subjects are malformed into vague color masses without clear structure. Heavy global oversmoothing flattens textures and blurs every boundary.
A cozy living room with a painting of a corgi on the wall above a couch and a round coffee table in front of a couch and a vase of flowers on a coffee table,Glide/027-2.png,27,0.402685722833576,0.488379521265552,0.4591235264139339,1,2,2,2,2,A blurry interior scene features a floral painting above a wooden table. The central subjects remain recognizable but display malformed petals and softened contours. Heavy global blur eliminates texture and sharpness.
A cozy living room with a painting of a corgi on the wall above a couch and a round coffee table in front of a couch and a vase of flowers on a coffee table,Glide/027-3.png,27,0.393580089387765,0.467366387889143,0.4477901615235389,2,2,2,3,2,A soft-focus interior shows a white sofa with red armrests and cushions. The sofa structure is warped with irregular armrests and indistinct cushion boundaries. Global oversmoothing creates flat textures and eliminates sharp edge definition.
A cozy living room with a painting of a corgi on the wall above a couch and a round coffee table in front of a couch and a vase of flowers on a coffee table,Glide/027-4.png,27,0.422851252735262,0.464800399239749,0.4719239793731299,2,3,2,2,2,"A blurry interior scene features a sofa, a small table, and a red bowl. The room's basic structure remains recognizable despite the extreme lack of sharpness. Heavy global blur eliminates almost all texture and edge definition."
A cozy living room with a painting of a corgi on the wall above a couch and a round coffee table in front of a couch and a vase of flowers on a coffee table,Lafite/027-1.png,27,0.416009216284528,0.417578314309424,0.407351699550964,2,2,2,2,2,Two malformed dogs rest on a sofa in a bright room. The canine subjects display fused heads and implausible limb anatomy. Widespread blurring and softened textures reduce overall perceptual clarity.
A cozy living room with a painting of a corgi on the wall above a couch and a round coffee table in front of a couch and a vase of flowers on a coffee table,Lafite/027-2.png,27,0.370985602320726,0.421094821541796,0.426344073872103,1,1,1,1,1,A group of small dogs sits on a sofa in a bright living room. The subjects exhibit extreme body fusion and lack recognizable anatomical coherence. Heavy smoothing results in waxy textures and melted contours.
A cozy living room with a painting of a corgi on the wall above a couch and a round coffee table in front of a couch and a vase of flowers on a coffee table,Lafite/027-3.png,27,0.300761777012464,0.3628439412725239,0.382954280575023,2,4,4,2,2,Two distorted dogs sit on a sofa in a painterly living room. The subjects exhibit severe structural fusion and malformed anatomy lacking definition. Heavy oversmoothing creates flat textures and softened edges across the composition.
A cozy living room with a painting of a corgi on the wall above a couch and a round coffee table in front of a couch and a vase of flowers on a coffee table,Lafite/027-4.png,27,0.413006890225786,0.4372944927057339,0.413255884149078,1,2,1,1,2,A painterly interior scene shows several dogs on a living room sofa. The dog figures are heavily distorted with fused anatomy and broken limbs. Extreme blurring and waxy textures eliminate fine surface details throughout.
A cozy living room with a painting of a corgi on the wall above a couch and a round coffee table in front of a couch and a vase of flowers on a coffee table,stable-diffusion/027-1.png,27,0.632877766430395,0.558232851863662,0.564031353974583,4,4,4,2,2,A cozy living room features a sofa beneath a large dog portrait. The dog's anatomy and tabletop decorations appear distorted and semantically vague. Leather textures show subtle waxiness while overall sharpness remains high.
A cozy living room with a painting of a corgi on the wall above a couch and a round coffee table in front of a couch and a vase of flowers on a coffee table,stable-diffusion/027-2.png,27,0.560442009472519,0.521688665488683,0.577659007870702,3,3,3,2,1,A photorealistic interior shows a corgi on a rug and a matching portrait. The dog's face exhibits mild distortion in the snout and jaw alignment. Textures appear oversmoothed and edges lack sharpness.
A cozy living room with a painting of a corgi on the wall above a couch and a round coffee table in front of a couch and a vase of flowers on a coffee table,stable-diffusion/027-3.png,27,0.4251613870788099,0.4896157289435979,0.519265478167543,2,2,2,1,1,A blurry living room scene depicts a sofa with cushions and a vase. The subject contains amorphous shapes and warped geometry lacking stability. Heavy global blur flattens textures and removes fine details.
A cozy living room with a painting of a corgi on the wall above a couch and a round coffee table in front of a couch and a vase of flowers on a coffee table,stable-diffusion/027-4.png,27,0.661842425613426,0.616891313092288,0.671828318679063,4,4,4,3,3,A photorealistic interior features a sofa beneath a framed corgi portrait. The corgi face is severely distorted with a warped snout and malformed mouth. Textures appear slightly waxy with softened floral detail.
A cozy living room with a painting of a corgi on the wall above a couch and a round coffee table in front of a couch and a vase of flowers on a coffee table,Unidiffuser/027-1.png,27,0.578953666050098,0.58039486466636,0.620434883102976,4,4,4,3,3,A living room features a circular dog portrait above a sofa. The dog's face shows slight distortion around the eyes and mouth. Textures appear flat with minor pseudo-detail visible in the fur.
A cozy living room with a painting of a corgi on the wall above a couch and a round coffee table in front of a couch and a vase of flowers on a coffee table,Unidiffuser/027-2.png,27,0.390796161460583,0.422069891783692,0.517244048778509,2,2,3,2,3,"A hazy interior scene features a white sofa and a framed dog portrait. The subject lacks structural clarity, with furniture appearing as soft, indistinct masses. Severe oversmoothing eliminates all texture and edge definition."
A cozy living room with a painting of a corgi on the wall above a couch and a round coffee table in front of a couch and a vase of flowers on a coffee table,Unidiffuser/027-3.png,27,0.553404492437066,0.519381330086287,0.506405024028089,2,3,3,2,2,A living room interior features a large framed portrait of a corgi. The dog's facial structure shows slight asymmetry and blurring around the mouth. Textures appear waxy with repetitive patterns in the foreground rug.
A cozy living room with a painting of a corgi on the wall above a couch and a round coffee table in front of a couch and a vase of flowers on a coffee table,Unidiffuser/027-4.png,27,0.544075264828152,0.544356002463731,0.5420982528688311,4,3,4,3,3,A living room interior features a large floral fox painting over a grey sofa. Room layout and furniture structures appear stable and semantically readable. Textures show high fidelity with minimal visible softness or edge artifacts.
Snow mountain and tree reflection in the lake,Controlnet/028-1.png,28,0.54180419974729,0.514715463878051,0.55774922673994,4,4,4,3,3,A winter landscape shows snow-covered mountains and a forest reflected in water. The forest structure is severely distorted into vertical streaks with unnatural shapes. Vertical texture repetition and blurred tree edges reduce midground clarity.
Snow mountain and tree reflection in the lake,Controlnet/028-2.png,28,0.675484098615907,0.598707167195991,0.5865521150168189,4,4,4,3,3,A snowy mountain landscape reflects in a lake beneath dramatic clouds. Forest trees on the left show significant vertical smearing and structural fusion. Surfaces display waxy textures and inconsistent lighting with softened details.
Snow mountain and tree reflection in the lake,Controlnet/028-3.png,28,0.5582848060074,0.5239332377839581,0.595896770512633,4,4,4,3,3,A snowy mountain landscape reflects in a calm lake under cool lighting. The scene structure is coherent while the reflection displays noticeable vertical warping. Background textures show subtle repetition and softened edge definition.
Snow mountain and tree reflection in the lake,Controlnet/028-4.png,28,0.631849231611597,0.66240321423965,0.6419716763065441,4,4,4,3,3,A stylized winter landscape features snow-covered mountains and a forest reflected in a lake. The forest structure appears fused and lacks distinct botanical detail or natural spacing. Oversmoothed textures and crushed blacks reduce visual clarity and depth.
Snow mountain and tree reflection in the lake,DALLE/028-1.png,28,0.622163022232442,0.610000275323613,0.6205193852341541,4,4,4,3,3,A realistic landscape shows snowy mountains reflected in a calm lake beside a bare tree. The subject structure is coherent with plausible geometry and natural branching. Fine details show subtle softening in the most distant regions.
Snow mountain and tree reflection in the lake,DALLE/028-2.png,28,0.593597298583898,0.596019707385701,0.606297947470109,4,4,4,3,2,"A snow-capped mountain reflects in a calm lake under a clear blue sky. The mountain's form is coherent, though some geological details appear indistinct. Over-saturated tones and sharp edges create a synthetic visual quality."
Snow mountain and tree reflection in the lake,DALLE/028-3.png,28,0.531367593414055,0.5791699450636709,0.574406097147761,2,3,3,3,3,A stylized digital painting shows a mountain lake reflecting snowy peaks and trees. Landscape features are recognizable but structurally warped by repetitive textures and melted details. Pervasive noise and softened edges degrade the global quality.
Snow mountain and tree reflection in the lake,DALLE/028-4.png,28,0.594539949691944,0.612024598759897,0.5801600286661369,4,4,4,3,3,"A photorealistic landscape depicts snowy mountains and forests reflected in a lake. The mountain structure is stable, whereas the forest lacks botanical clarity. Textures show subtle waxiness and softened distant details."
Snow mountain and tree reflection in the lake,Glide/028-1.png,28,0.414723376273556,0.502850788994752,0.637257626343951,1,2,1,2,3,A blurred landscape shows a mountain and forest reflected in a lake. The mountain and forest shapes remain recognizable despite lacking sharp internal details. Extreme global blur flattens textures and softens every visible boundary.
Snow mountain and tree reflection in the lake,Glide/028-2.png,28,0.426290643154841,0.474971447301951,0.552321269396314,2,2,2,3,2,A blurry photorealistic landscape features mountains and trees reflected in still water. The scene's basic composition remains structurally stable despite heavy focus issues. Extreme blur eliminates texture and destroys all fine edge definition.
Snow mountain and tree reflection in the lake,Glide/028-3.png,28,0.392750278814107,0.448815820335279,0.530207021279399,3,3,3,3,3,A blurred landscape shows a lake reflecting pine trees and distant mountains. Significant blur fuses the tree canopies and obscures the mountain peaks. Extreme global oversmoothing eliminates all fine textures and sharp edges.
Snow mountain and tree reflection in the lake,Glide/028-4.png,28,0.437321993942081,0.529044867370289,0.5449058620140049,2,2,2,3,3,A blurry mountain landscape reflects in a calm lake under a blue sky. Recognizable landscape forms lack fine structural detail due to low resolution. Heavy global blurring flattens all textures and softens every edge.
Snow mountain and tree reflection in the lake,Lafite/028-1.png,28,0.380958019497218,0.413737330489398,0.508057309235816,1,2,2,2,3,A solitary tree stands in a lake with distant mountains under a cloudy sky. The central tree has messy branches and a distorted reflection in the water. Background mountains show heavy melting and blurring with weak texture.
Snow mountain and tree reflection in the lake,Lafite/028-2.png,28,0.46773248671148,0.512324007670039,0.532088274012788,2,4,3,3,2,"A lone tree stands by a reflective lake under cloudy skies. The tree's reflection is malformed into a dark, unrecognizable mass. The image suffers from significant blurring and flat texture quality."
Snow mountain and tree reflection in the lake,Lafite/028-3.png,28,0.384550124046035,0.447154744662791,0.438850249337979,2,3,3,3,2,A distorted central tree stands before snowy mountains and a reflective lake. The main subject shows severe structural warping and semantic confusion with the background. Global smearing and blurred edges degrade the perceptual clarity of the scene.
Snow mountain and tree reflection in the lake,Lafite/028-4.png,28,0.426748979185715,0.464195012568896,0.5103638426081001,2,3,2,2,3,"A distorted digital landscape shows a central tree reflected in water under clouds. The tree's anatomy is malformed with fused branches and a warped reflection. Waxy textures, melted boundaries, and a faint watermark appear."
Snow mountain and tree reflection in the lake,stable-diffusion/028-1.png,28,0.513298344032685,0.538018118545872,0.500538063612705,4,4,3,3,3,"A photorealistic winter scene shows snow-capped mountains, a dense forest, and a reflective lake. The forest contains malformed trees with fused trunks and inconsistent vertical scaling. Textures exhibit noticeable waxiness and lack fine-grained natural detail."
Snow mountain and tree reflection in the lake,stable-diffusion/028-2.png,28,0.389469788425658,0.45207226150914,0.476399746222597,1,1,2,1,3,A blurry winter landscape shows a frozen lake and a forested shore. Vertical smearing fuses the trees and obscures the shoreline's geometry. Global oversmoothing eliminates texture details and edge definition.
Snow mountain and tree reflection in the lake,stable-diffusion/028-3.png,28,0.654755348475332,0.652232028532348,0.641182564518007,4,4,4,3,3,"A snowy mountain and forest are reflected in a calm lake. The central trees are stable, while the forest shows repetitive textural patterns. Snowy regions display flat textures and softened edge definitions."
Snow mountain and tree reflection in the lake,stable-diffusion/028-4.png,28,0.7211039791344049,0.696041165276274,0.628337962259208,4,4,4,3,3,A photorealistic winter landscape depicting a snow-covered mountain and its lake reflection. The central subject is structurally coherent though some trees appear slightly fused. Background textures exhibit subtle vertical repetition and minor edge softening.
Snow mountain and tree reflection in the lake,Unidiffuser/028-1.png,28,0.58258444140017,0.560017523315366,0.569309688055979,4,3,3,2,3,A photorealistic winter landscape shows a reflective lake and snow-covered mountains. The scene is structurally coherent though the distant peak has simplified geometry. Distant textures appear oversmoothed and lack fine granular detail.
Snow mountain and tree reflection in the lake,Unidiffuser/028-2.png,28,0.601716786164492,0.5965091521949311,0.615673110889474,4,4,4,3,3,"A photorealistic landscape shows a snow-capped mountain reflected in a calm lake. The subject is structurally stable, but the foreground vegetation lacks intricate detail. Global textures exhibit significant oversmoothing and weak edge definition."
Snow mountain and tree reflection in the lake,Unidiffuser/028-3.png,28,0.365699375936157,0.380681133034491,0.4731378772979039,3,2,2,2,2,A grainy digital landscape depicts abstract trees reflecting in calm blue water. The subject is recognizable but lacks coherent internal structural detail. Dense granular noise obscures details and softens all boundaries.
Snow mountain and tree reflection in the lake,Unidiffuser/028-4.png,28,0.613188281843872,0.5846971409101109,0.5969084658270171,4,4,4,3,3,A digital painting shows a snow-covered mountain and its reflection in a lake. The reflection geometry is inconsistent with the mountain's visible features and layout. Surfaces show waxy smoothness and background textures appear repetitive.
a dolphin in an astronaut suit on saturn,Controlnet/030-1.png,30,0.563020125293904,0.52501841884802,0.478640454172612,4,4,4,2,3,A stylized plush astronaut floats in space near planetary rings. The subject's helmet contains confusing internal shapes and lacks clear facial features. Suit textures appear waxy while background rings show motion smearing artifacts.
a dolphin in an astronaut suit on saturn,Controlnet/030-2.png,30,0.488301902900123,0.422296259398404,0.387877402285339,2,3,2,1,1,A sleek metallic spacecraft floats before the banded rings of a planet. The vessel's fused wing-fins lack clear geometric separation from the central hull. Surfaces show waxy smoothness and subtle background texture repetition.
a dolphin in an astronaut suit on saturn,Controlnet/030-3.png,30,0.516760801823415,0.432517860031668,0.447439311733691,4,3,3,3,2,A photorealistic astronaut in a spacesuit hovers above a planetary curve. The subject is structurally stable but features malformed chest-mounted hardware. Fabric textures show mild oversmoothing and pseudo-detail in the background.
a dolphin in an astronaut suit on saturn,Controlnet/030-4.png,30,0.533171156019316,0.492707931106692,0.466849945452413,3,4,2,3,3,A close-up shows an astronaut in a spacesuit against planetary rings. The chest-mounted device is malformed and the visor reflection is unreadable. Suit textures appear waxy and ring details lack sharp definition.
a dolphin in an astronaut suit on saturn,DALLE/030-1.png,30,0.576457291510708,0.528025518879049,0.57312077036493,3,3,2,2,3,"A cartoon dolphin in a spacesuit surfs on a planetary ring in space. The subject's hands are malformed into fused blobs, reducing semantic readability. Surfaces exhibit flat textures with inconsistent local shading patterns."
a dolphin in an astronaut suit on saturn,DALLE/030-2.png,30,0.524401999403472,0.4458518557764679,0.515752663870467,3,3,2,3,2,A cartoon robot floats before a ringed basketball-like planet in space. The subject features a malformed body with indistinct and fused appendages. Bold outlines and flat colors show minimal noise.
a dolphin in an astronaut suit on saturn,DALLE/030-3.png,30,0.559371532703001,0.481888647074299,0.4967921736899239,4,4,4,3,2,A cartoon astronaut surfs on a planetary ring against a white background. The figure is readable but shows simplified anatomy and fused hand details. Outlines exhibit subtle wobbles and inconsistent stroke widths.
a dolphin in an astronaut suit on saturn,DALLE/030-4.png,30,0.574469092023853,0.455740531761744,0.566361155127681,4,4,3,3,3,A cartoon dolphin in a spacesuit floats near a ringed planet. The subject displays simplified yet structurally stable anatomy with clear separation. Global textures remain flat and lack fine surface detail.
a dolphin in an astronaut suit on saturn,Glide/030-1.png,30,0.4392311384288049,0.414321675671095,0.3894612216790989,3,3,2,2,2,"A dark, multi-finned creature swims through bright blue rippling water. The subject exhibits severe anatomical distortion with fused and misplaced fins. Heavy oversmoothing blurs edges and flattens textures across the scene."
a dolphin in an astronaut suit on saturn,Glide/030-2.png,30,0.373236332652491,0.410503357228993,0.412488296438149,1,2,2,3,1,A blurry digital rendering depicts a dolphin-like creature in blue water. The subject retains a basic coherent form despite significant detail loss. Global blur and oversmoothing severely degrade edge clarity.
a dolphin in an astronaut suit on saturn,Glide/030-3.png,30,0.443078863778229,0.482130124335228,0.428392822093423,2,2,2,2,2,A stylized blue dolphin swims through a gradient underwater scene. The dolphin's anatomy is mostly stable despite some malformed snout and fin regions. Global oversmoothing creates flat textures and poorly defined boundaries.
a dolphin in an astronaut suit on saturn,Glide/030-4.png,30,0.424580755734367,0.4722339494603,0.396048281198671,4,3,4,3,2,A large shark swims vertically through a deep blue underwater scene. The subject is structurally simple but lacks clear anatomical features or definition. Extreme oversmoothing eliminates texture and renders edges into indistinct soft gradients.
a dolphin in an astronaut suit on saturn,Lafite/030-1.png,30,0.4332384729946429,0.391005989362788,0.4256083405447179,2,2,2,2,2,A distorted metallic organic shape floats in a deep blue space with lines. The subject exhibits severe structural warping and fused geometry obscuring clarity. Surfaces exhibit waxy textures and softened detail with inconsistent edges.
a dolphin in an astronaut suit on saturn,Lafite/030-2.png,30,0.402910457429428,0.369178382501355,0.4023447894374349,3,1,3,2,2,A distorted humanoid-fish creature floats against a dark blue starry background. The subject shows severe malformation with fused limbs and a warped torso. Surfaces appear waxy and background details show repetitive texture patterns.
a dolphin in an astronaut suit on saturn,Lafite/030-3.png,30,0.414673670671466,0.4211564154255039,0.424645841418755,2,1,1,1,1,A distorted multi-eyed abstract form floats in a starry blue void. The subject displays severe structural warping and fused organic features. Surfaces exhibit waxy pseudo-details and inconsistent edge clarity.
a dolphin in an astronaut suit on saturn,Lafite/030-4.png,30,0.377721860645208,0.347820060817564,0.322735433229447,1,2,2,1,1,A distorted translucent creature floats against a starry blue background. The subject exhibits severely malformed anatomy with fused features and warped structure. Surfaces appear waxy with inconsistent lighting and softened details.
a dolphin in an astronaut suit on saturn,stable-diffusion/030-1.png,30,0.560812353687383,0.5572427953585499,0.516263049186814,2,3,3,2,2,A stylized baby astronaut floats in space near planetary rings. The subject's limbs and suit details appear simplified and softly fused. Textures exhibit noticeable smoothing and a waxy surface quality.
a dolphin in an astronaut suit on saturn,stable-diffusion/030-2.png,30,0.4044433859157099,0.413954677712887,0.390038900944095,3,1,1,1,1,A distorted astronaut figure floats within a swirling abstract background. The subject's anatomy is fused and lacks structural legibility. Heavy smearing and repetitive patterns degrade global texture quality.
a dolphin in an astronaut suit on saturn,stable-diffusion/030-3.png,30,0.596642785340293,0.524582010593834,0.480625575603152,3,3,3,3,2,A photorealistic astronaut in a white suit floats above a planetary curve. The subject features malformed limb connections and lacks distinct mechanical hardware definition. Textures exhibit oversmoothing and lack high-frequency natural surface variation.
a dolphin in an astronaut suit on saturn,stable-diffusion/030-4.png,30,0.509942567894948,0.556958372936344,0.470267925526951,2,3,3,2,2,A close-up shows an astronaut in a white suit against planetary rings. The helmet visor contains a warped reflection and suit details are illegible. Global blurring and flattened textures reduce perceptual clarity.
a dolphin in an astronaut suit on saturn,Unidiffuser/030-1.png,30,0.501968259029715,0.4815787916895809,0.432686324169479,3,3,3,2,1,A spacesuited astronaut and a metallic dolphin appear in a cosmic scene. The astronaut's pose is distorted with stiff joints and a malformed hand. Surfaces show a waxy smoothness against a grainy background texture.
a dolphin in an astronaut suit on saturn,Unidiffuser/030-2.png,30,0.544965669579611,0.426160873688152,0.404770650156705,3,3,3,3,3,"A cropped astronaut stands near a giant whale-like shape in a blue sky. The helmet contains a distorted smiley face, and subjects lack fine anatomy. Surfaces show waxy textures and soft edge definition throughout the frame."
a dolphin in an astronaut suit on saturn,Unidiffuser/030-3.png,30,0.463313798428868,0.445161084921567,0.414018551814827,3,4,1,1,2,"A close-up of a glossy, stylized orca head against a blue background. The subject shows a stable structure but features a semantically confusing orange protrusion. Surfaces appear overly smooth with flattened textural detail."
a dolphin in an astronaut suit on saturn,Unidiffuser/030-4.png,30,0.453058332851922,0.422104023068063,0.389968927157275,2,1,1,1,1,A close-up digital image shows a dolphin-like figure in a blue abstract space. The subject's anatomy is heavily warped and fused with the surrounding background. Global blurring and soft edges obscure fine details.
a library filled with kids reading books,Controlnet/031-1.png,31,0.537913863617923,0.508243885367585,0.516710568617442,3,3,3,2,3,Children read books on a green floor inside a vibrant library room. The children's faces and bodies exhibit severe anatomical distortion and fusion. Textures show waxy surfaces and repetitive pseudo-detail across the scene.
a library filled with kids reading books,Controlnet/031-2.png,31,0.442103440719907,0.402825960185882,0.513356826720037,2,3,3,2,3,Children occupy a brightly lit library room filled with tall bookshelves. Multiple subjects display malformed facial features and structurally implausible body anatomy. Repetitive bookshelf textures and softened edges lower perceptual fidelity.
a library filled with kids reading books,Controlnet/031-3.png,31,0.50101646759535,0.4470902251596479,0.4649198916300689,3,3,3,1,2,A wide interior shot captures a vibrant library with tall bookshelves. Repetitive book spines and warped table geometry affect the scene's structural coherence. Widespread softening and flat textures obscure fine details throughout the image.
a library filled with kids reading books,Controlnet/031-4.png,31,0.530719454959793,0.407461264045638,0.578280236213942,3,3,3,2,3,A group of children sits on a wooden floor near tall bookshelves. Several children's faces are severely malformed with fused and distorted features. Bookshelf contents consist of repetitive color patterns without legible texture.
a library filled with kids reading books,DALLE/031-1.png,31,0.459915065318813,0.380445479258301,0.43915573479442,3,3,4,2,3,Children sit at tables within a brightly lit library setting featuring tall bookshelves. The foreground subject shows distorted anatomy while background figures exhibit severe facial fusion. Background textures appear repetitive and edges lack crisp definition.
a library filled with kids reading books,DALLE/031-2.png,31,0.534534751742244,0.488006699466786,0.529358265223116,4,4,4,2,3,Four cartoon children sit on stools before a colorful bookshelf. The subjects show simplified anatomy with indistinct hands and basic facial features. Background textures appear repetitive and lack fine surface detail.
a library filled with kids reading books,DALLE/031-3.png,31,0.521042122090757,0.472064094903767,0.5182938259609761,3,3,3,3,2,"A photorealistic image depicts a boy reading in a library setting. The subject's anatomy is mostly stable, but his hands appear distorted. Background elements suffer from melting textures and significant oversmoothing."
a library filled with kids reading books,DALLE/031-4.png,31,0.512175902669912,0.421560430148929,0.542832493686763,3,3,2,2,3,"A vector illustration depicts four children sitting before a large bookshelf. The subjects show malformed faces and indistinct, fused hand structures. The image features flat textures and melted boundaries."
a library filled with kids reading books,Glide/031-1.png,31,0.395051798749925,0.454241492406275,0.430806736695106,1,2,2,2,1,A frontal view of a wooden bookshelf packed with colorful books. The shelf structure is stable but individual volumes appear heavily smeared. Heavy global blur and oversmoothing eliminate all fine details.
a library filled with kids reading books,Glide/031-2.png,31,0.48342279282217,0.487551544001414,0.479642791781847,2,2,3,3,1,"A low-resolution image depicts a wooden bookshelf filled with assorted books. Book spines are structurally ambiguous, appearing fused and lacking clear geometric definition. Pervasive blur flattens surface textures and obscures all fine edge details."
a library filled with kids reading books,Glide/031-3.png,31,0.36131923342582,0.511667048095351,0.380328974165173,2,3,2,3,2,A frontal view displays three rows of colorful books on wooden shelves. Books are visible as blurred shapes lacking any legible text or detail. Heavy global smoothing eliminates all texture and edge definition throughout.
a library filled with kids reading books,Glide/031-4.png,31,0.4201666965967179,0.432599723153434,0.453296653866414,2,3,4,2,2,"A frontal view of a bookshelf filled with rows of colorful books. The books are heavily blurred, making individual spines and text illegible. Global sharpness is extremely poor with heavy oversmoothing throughout."
a library filled with kids reading books,Lafite/031-1.png,31,0.4176899407539149,0.457240982973607,0.528413619983915,1,1,1,1,3,A stylized painting shows children in a colorful library interior. The human figures exhibit severe facial distortion and fused anatomy. Global textures are waxy and lack sharp edge definition.
a library filled with kids reading books,Lafite/031-2.png,31,0.433916723549042,0.4093965495302379,0.486377068002757,2,2,2,1,3,"Stylized painting depicts children reading at desks within a large library. Human subjects show severe facial distortion and structurally implausible fused hands. Global rendering displays heavy oversmoothing, waxy surfaces, and pseudo-detailed backgrounds."
a library filled with kids reading books,Lafite/031-3.png,31,0.447245735984987,0.450291885799345,0.49853116555417,1,2,2,1,3,Children read in a colorful library with large bookshelves and foreground leaves. Subjects exhibit malformed faces and fused body structures lacking anatomical coherence. Surfaces appear waxy with repetitive pseudo-details and softened edge definition.
a library filled with kids reading books,Lafite/031-4.png,31,0.408042448085985,0.400359963149925,0.450870446411706,1,2,2,1,2,Stylized digital art portrays children reading within a colorful library. Main subjects display severely distorted facial anatomy and unclear features. Textures appear waxy and edges lack definition due to oversmoothing.
a library filled with kids reading books,stable-diffusion/031-1.png,31,0.569752972020623,0.548202212281316,0.59603385193722,2,2,2,3,2,Children sit on a library floor surrounded by tall bookshelves. Subjects have indistinct facial features and fused hair textures. Global oversmoothing flattens textures and weakens edge definition.
a library filled with kids reading books,stable-diffusion/031-2.png,31,0.531285543264319,0.508503463537992,0.615396690816451,3,3,2,2,3,Children sit at tables in a bright library with tall bookshelves. Several children exhibit malformed faces and indistinct limb structures amidst cluttered shelves. Textures appear flat with softened edges and repetitive background patterns.
a library filled with kids reading books,stable-diffusion/031-3.png,31,0.577897016900078,0.546152954588474,0.575045484578266,3,4,4,1,3,Children sit on a colorful rug in a library filled with tall bookshelves. Subjects exhibit blurred facial features and distorted body proportions. Widespread oversmoothing flattens textures and weakens edge definition.
a library filled with kids reading books,stable-diffusion/031-4.png,31,0.395254769780182,0.4262415344029219,0.523906103381133,2,2,2,2,2,A high-angle view of a crowded library with people and shelves. Human figures are severely malformed and fused with the warped surroundings. Extreme blur and melting textures dominate the entire visual field.
a library filled with kids reading books,Unidiffuser/031-1.png,31,0.473345964262878,0.468833734935315,0.5060192054132581,2,2,3,2,2,Two children examine large folders in a room with tall bookshelves. Subjects' facial features and hands appear slightly distorted and lack definition. Background elements show significant blur and repetitive pseudo-text artifacts.
a library filled with kids reading books,Unidiffuser/031-2.png,31,0.319107449339416,0.353480957516372,0.376467920356933,1,1,1,1,2,Heavily blurred indoor scene featuring indistinct figures before shelving units. Subjects lack structural definition and semantic readability due to extreme resolution loss. Global blur and blocky pixelation obscure all fine details and textures.
a library filled with kids reading books,Unidiffuser/031-3.png,31,0.4364218176964279,0.486811314146855,0.423382278930447,2,2,3,1,2,"A blurry library interior contains curved shelves, colorful chairs, and a child. Facial features and book spines are illegible due to extreme structural warping. Heavy global blur and oversmoothing destroy texture and edge definition."
a library filled with kids reading books,Unidiffuser/031-4.png,31,0.472361472128039,0.520690171718181,0.466709192938217,3,3,3,3,2,A soft-focus interior shot of a bookstore aisle lined with bookshelves. Bookshelf geometry is stable while individual book details are illegible and simplified. Heavy blur flattens textures and softens all boundaries.
a large white yacht in a calm bay on a sunny day,Controlnet/032-1.png,32,0.572918157716446,0.590858181559627,0.58204082869983,4,4,4,3,3,A white yacht sits at a wooden dock under a colorful sunset. The vessel's upper deck geometry is vague with simplified mechanical details. Surfaces appear waxy with flat textures and repetitive background patterns.
a large white yacht in a calm bay on a sunny day,Controlnet/032-2.png,32,0.579784050604027,0.593614648251834,0.603484404217054,3,4,3,2,3,A white luxury yacht rests in a scenic coastal bay. The yacht is identifiable but its bow structure appears distorted and unnaturally fused. Distant vegetation shows repetitive patterns and lacks high-frequency textural detail.
a large white yacht in a calm bay on a sunny day,Controlnet/032-3.png,32,0.586360006221821,0.571094006640891,0.576861652195407,3,4,4,3,3,"A digital painting shows a large white yacht on water near mountains. The yacht structure is coherent, although some deck details are slightly simplified. Background textures exhibit mild oversmoothing and softened edge definition."
a large white yacht in a calm bay on a sunny day,Controlnet/032-4.png,32,0.575999616410256,0.573328743442255,0.57809172812312,4,4,4,3,2,A digital painting shows a white sailboat on calm water near a rocky coast. Sailboat structure is coherent and recognizable despite the stylized look. Global textures appear overly smooth and waxy with softened edges.
a large white yacht in a calm bay on a sunny day,DALLE/032-1.png,32,0.644292270082632,0.6331311417125121,0.660978630094908,4,4,4,3,2,"A large white yacht sits on calm water before a rocky cliff. The vessel displays significant structural distortion in its masts, rigging, and windows. Surfaces exhibit a waxy smoothness with inconsistent fine detail rendering."
a large white yacht in a calm bay on a sunny day,DALLE/032-2.png,32,0.52028952780774,0.501081640508014,0.5675520005738101,2,3,2,2,3,Two women stand near a white sailboat at a sunny marina. Subjects show distorted facial features and malformed hand anatomy with messy rigging. Global oversmoothing results in flat textures and waxy skin surfaces.
a large white yacht in a calm bay on a sunny day,DALLE/032-3.png,32,0.6918749564016851,0.641456896741892,0.658589551665868,4,4,4,3,3,A photorealistic image shows a large white yacht docked near a green hill. The yacht is recognizable but features distorted window geometry and warped paneling. Distant textures appear flat and repetitive with softened details.
a large white yacht in a calm bay on a sunny day,DALLE/032-4.png,32,0.491246347459594,0.429505689312774,0.5276720838254669,4,4,4,2,3,A woman stands on a dock by a sailboat in a bright marina. The subject's face is distorted and the boat rigging is tangled and structurally broken. Textures show waxy smoothing and edges lack crisp definition.
a large white yacht in a calm bay on a sunny day,Glide/032-1.png,32,0.397640700864909,0.456276146951002,0.498191902644357,3,2,3,3,3,A distant sailboat sits on a calm blue sea under a bright sky. The small subject is recognizable but lacks fine structural detail. Heavy global blur and softness wash out all texture and detail.
a large white yacht in a calm bay on a sunny day,Glide/032-2.png,32,0.447474431755044,0.576615082744294,0.639203473665484,2,3,2,3,3,"A large white yacht floats on a blue ocean under a clear sky. The vessel's structure is blurred, fusing windows and details into indistinct shapes. Global oversmoothing removes fine textures and sharp edge definitions."
a large white yacht in a calm bay on a sunny day,Glide/032-3.png,32,0.4015849856588239,0.452102133555277,0.512162296579893,4,4,4,3,2,A large modern yacht sits on an open sea under a clear sky. The ship's superstructure is malformed with fused and structurally confusing elements. Heavy blur and soft edges reduce detail throughout the scene.
a large white yacht in a calm bay on a sunny day,Glide/032-4.png,32,0.42160412291767,0.478568469926199,0.485666677984555,1,3,2,2,3,A large white yacht floats on calm water under a clear sky. The ship's superstructure shows distorted geometry and fused mechanical components. Severe global blur and oversmoothing eliminate fine texture and edge definition.
a large white yacht in a calm bay on a sunny day,Lafite/032-1.png,32,0.393474579929226,0.380451223360337,0.496944885505364,1,2,1,2,3,A blurry white ferry sits on calm water beneath a pale blue sky. The vessel's structure is recognizable but severely softened by pervasive global blurring. Edges are indistinct and textures appear flat across the whole frame.
a large white yacht in a calm bay on a sunny day,Lafite/032-2.png,32,0.443433535259102,0.5129432665592479,0.538829619234837,2,2,2,2,3,A white catamaran floats on blue water under a hazy sky with a text watermark. The subject is structurally plausible but lacks sharpness and fine geometric coherence. Severe global oversmoothing eliminates fine textures and edges.
a large white yacht in a calm bay on a sunny day,Lafite/032-3.png,32,0.455772513541414,0.469307896162434,0.5825647402644649,2,2,2,2,2,A white yacht travels across a calm blue sea under a bright sky. The ship's structure is heavily distorted with fused parts and unclear geometry. Widespread oversmoothing flattens textures and blurs all boundaries.
a large white yacht in a calm bay on a sunny day,Lafite/032-4.png,32,0.395672611748545,0.425282085109567,0.517470168133115,4,4,4,3,3,A white ferry travels across a blue sea under a bright sky. The vessel structure is coherent but heavily blurred with softened details. Global sharpness is very poor with flat textures and heavy smoothing.
a large white yacht in a calm bay on a sunny day,stable-diffusion/032-1.png,32,0.678972990220014,0.613922495909416,0.6525936528952561,4,4,4,3,3,A white yacht floats on turquoise water before a steep green hillside. The vessel exhibits malformed window geometry and illogical deck equipment placement. Water textures appear overly smooth while background foliage lacks fine detail.
a large white yacht in a calm bay on a sunny day,stable-diffusion/032-2.png,32,0.400117301343098,0.445007151502696,0.444452566211834,1,1,2,1,3,White yachts occupy a harbor foreground against a residential hillside. Multiple vessels appear fused with malformed hulls and unclear separation. Background architecture shows severe oversmoothing and melted texture patterns.
a large white yacht in a calm bay on a sunny day,stable-diffusion/032-3.png,32,0.621661757853491,0.618590980113083,0.676999134974954,3,3,2,2,2,"A large white yacht floats on calm water near a green rocky shore. The yacht's structure is stable, though some window lines appear slightly warped. Subtle smoothing affects water textures and background details."
a large white yacht in a calm bay on a sunny day,stable-diffusion/032-4.png,32,0.5676441882181981,0.5877685133332821,0.559491965763768,4,4,4,3,3,A photorealistic white yacht sails near a steep green mountainside. The yacht exhibits structural distortions in its mast and window geometry. Textures appear slightly waxy with overly smooth details.
a large white yacht in a calm bay on a sunny day,Unidiffuser/032-1.png,32,0.5146437051813489,0.552561799656215,0.5960738143479319,3,3,3,3,3,A large white luxury yacht floats on water under a sunset sky. The vessel's structure is clear but features malformed windows and unreadable markings. Textures appear waxy and oversmoothed with softened edge definitions.
a large white yacht in a calm bay on a sunny day,Unidiffuser/032-2.png,32,0.58513430774327,0.617784525873485,0.6477576071661789,3,4,4,3,3,A large white luxury yacht floats on calm water under a blue sky. The subject features warped deck geometry and fused window patterns on its hull. Surfaces appear waxy with softened edges and visible digital noise.
a large white yacht in a calm bay on a sunny day,Unidiffuser/032-3.png,32,0.3802076247530259,0.461462202403429,0.450141263324263,2,3,2,2,3,A white ship moves across blue water near a dark shore. The subject's structure is heavily distorted by intense horizontal blur. Extreme softness and subtle grain affect the overall perceptual quality.
a large white yacht in a calm bay on a sunny day,Unidiffuser/032-4.png,32,0.601624298689131,0.632808465691095,0.652825148447029,4,4,4,3,3,A large white yacht floats on calm water before a lush green hill. The vessel's multi-deck structure is coherent and semantically clear despite minor railing simplification. Hull textures appear slightly flat with minimal surface detail.
purple lego dollhouse with a pool and a swing,Controlnet/033-1.png,33,0.545826066710188,0.581411237068553,0.538319840258343,4,4,4,3,3,"A vibrant pink toy-style house sits by a pool in a field. The house features malformed windows and abstract, unrecognizable yellow decorative elements. Surfaces show flat waxy textures and softened edges."
purple lego dollhouse with a pool and a swing,Controlnet/033-2.png,33,0.559986079527799,0.597533907219552,0.5861000396571999,4,4,3,2,2,A colorful miniature house with a pool sits on sandy ground from above. The house structure is plausible despite malformed roof details and blurry patio furniture. Image textures show heavy pixelation and inconsistent local sharpness.
purple lego dollhouse with a pool and a swing,Controlnet/033-3.png,33,0.459790741231168,0.487141990685743,0.445885623544747,3,3,3,3,2,A colorful block-built toy house sits on a surface in bright light. The building's geometry is warped with fused parts and inconsistent connections. Heavy blur and color bleeding obscure surface textures.
purple lego dollhouse with a pool and a swing,Controlnet/033-4.png,33,0.537863799448256,0.515497048802469,0.60993613674554,4,4,4,3,3,A vibrant multi-level toy house stands on a lawn against a blurred backdrop. The subject shows severe architectural distortion with floating parts and broken geometric logic. Textures appear waxy and lack sharp edge definition across the image.
purple lego dollhouse with a pool and a swing,DALLE/033-1.png,33,0.558035892880248,0.5501103071692109,0.635607498585554,4,4,4,3,3,A toy swing set sits on a purple baseplate near a house. The subject is structurally stable but lacks fine geometric definition. Global blur and waxy textures obscure fine surface details.
purple lego dollhouse with a pool and a swing,DALLE/033-2.png,33,0.5245312437012101,0.498787414493355,0.468597279135483,3,3,3,3,3,A close-up of a vibrant purple toy house with a swing set. The swing structure is malformed with fused parts and inconsistent geometry. Textures appear flat and waxy with unnatural dark surface patterns.
purple lego dollhouse with a pool and a swing,DALLE/033-3.png,33,0.558920548309906,0.531471490510254,0.5308938507884811,4,4,4,2,3,"A close-up view of a purple toy house with a pool and a figure. The tiny figure is malformed and the swing shows fused geometric parts. Edges are softened and surfaces exhibit flat, waxy textures."
purple lego dollhouse with a pool and a swing,DALLE/033-4.png,33,0.545420387790714,0.504104103398748,0.509169347355958,4,4,4,3,3,A close-up shows a purple block dollhouse with a tree on a blue base. Malformed window frames and fused walls lack geometric consistency. Surfaces appear waxy with inconsistent lighting and soft edges.
purple lego dollhouse with a pool and a swing,Glide/033-1.png,33,0.440249978075665,0.432705038301695,0.417988784954057,2,3,1,2,2,"A blurry 3D model of a structure sits on a purple background. Severe blurring obscures the subject's internal geometry, making structural details illegible. Global oversmoothing completely removes fine texture and sharp edges."
purple lego dollhouse with a pool and a swing,Glide/033-2.png,33,0.416438678817697,0.4370258044920019,0.507613704173677,2,3,2,2,2,A blurry 3D render shows a purple toy frame with figures on white. The subject exhibits malformed geometry with fused joints and unrecognizable parts. Global oversmoothing and low resolution degrade texture and edge definition.
purple lego dollhouse with a pool and a swing,Glide/033-3.png,33,0.377124685717068,0.381297458377116,0.494001611247346,1,1,1,2,3,A blurry 3D-style police station sits on a blue surface against a purple wall. The building architecture is malformed with illegible text and misaligned components. Global oversmoothing obscures details and softens edge definition.
purple lego dollhouse with a pool and a swing,Glide/033-4.png,33,0.4040779684154409,0.483479754588326,0.448782556340578,1,2,2,2,2,A distorted purple 3D house model is displayed on a white background. The subject shows severe structural warping and semantically unreadable surface details. Global artifacts include significant blurring and harsh edge aliasing.
purple lego dollhouse with a pool and a swing,Lafite/033-1.png,33,0.358039472779335,0.429764068453913,0.44596405625946,1,1,1,2,1,A purple inflatable bounce house sits in a bright backyard. The subject's geometry is severely warped with fused and melted structural parts. Global blur and heavy color bleeding obscure all fine details.
purple lego dollhouse with a pool and a swing,Lafite/033-2.png,33,0.388303002166985,0.398245749434604,0.43045640864527,1,1,1,2,2,A surreal purple boat floats on bright water near green foliage. The subject shows severe geometric fusion and malformed components lacking clear definition. Heavy oversmoothing and color bleeding obscure fine details.
purple lego dollhouse with a pool and a swing,Lafite/033-3.png,33,0.405908478136903,0.41335775868512,0.439283781044514,2,3,3,3,2,A painterly image displays a purple houseboat on a blue water surface. The subject suffers from significant geometric distortion and fused architectural elements. Global oversmoothing results in waxy textures and indistinct boundaries throughout.
purple lego dollhouse with a pool and a swing,Lafite/033-4.png,33,0.42017135227471,0.476093307831209,0.473530797036317,2,3,4,3,3,A vibrant purple houseboat floats on blue water near green trees. The vessel's architecture is severely malformed with fused levels and broken geometry. Oversmoothing flattens textures while edges remain poorly defined throughout the scene.
purple lego dollhouse with a pool and a swing,stable-diffusion/033-1.png,33,0.5482121044767,0.552296071419804,0.588161355982887,4,4,4,3,3,A vibrant purple toy house stands beside a blue pool on green grass. The house is structurally sound while the small figures are heavily malformed and fused. Surfaces show minor oversmoothing and inconsistent lighting on the plastic textures.
purple lego dollhouse with a pool and a swing,stable-diffusion/033-2.png,33,0.526704813837355,0.569108074374976,0.550062858538904,4,3,3,3,2,An aerial view shows a purple toy house and pool on a lawn. The subject is readable but contains malformed roof details and fused figures. Surfaces show repetitive textures and softened edges.
purple lego dollhouse with a pool and a swing,stable-diffusion/033-3.png,33,0.588132491193001,0.546837292321097,0.559134672025861,3,4,4,3,2,"A purple toy block house sits on a wooden floor near a blue pool. The building's architecture is warped with malformed stairs and inconsistent block geometry. Surfaces exhibit oversmoothing, waxy textures, and unclear boundary definitions."
purple lego dollhouse with a pool and a swing,stable-diffusion/033-4.png,33,0.5068086186163849,0.498873781626669,0.517348994826192,2,2,2,1,2,A high-angle view shows a colorful multi-level toy house on a lawn. The house structure is severely warped with fused walls and illogical layout. Global textures appear waxy with softened edges and inconsistent boundaries.
purple lego dollhouse with a pool and a swing,Unidiffuser/033-1.png,33,0.266272850651459,0.332419091172192,0.439637053275574,2,2,2,2,3,"A blurry, colorful digital painting shows a purple building and a garden. The subject's architecture is severely smeared, making specific features semantically unreadable. Global oversmoothing destroys all texture and edge definition."
purple lego dollhouse with a pool and a swing,Unidiffuser/033-2.png,33,0.480138278708686,0.483824908193103,0.480719025737651,3,3,3,3,2,A vibrant purple plastic toy house sits against a solid green background. The dollhouse exhibits warped frames and fused railings lacking geometric logic. Heavy grain and softened edges degrade surface clarity.
purple lego dollhouse with a pool and a swing,Unidiffuser/033-3.png,33,0.547843924734557,0.554457342243482,0.576902784129874,4,4,4,2,3,"A purple toy dollhouse stands on a lawn before a green hedge. The subject shows warped geometry, disconnected components, and malformed figures. Textures appear flat while lighting remains globally inconsistent."
purple lego dollhouse with a pool and a swing,Unidiffuser/033-4.png,33,0.484675081123492,0.492198563684369,0.435912207136106,2,3,3,2,1,A vibrant purple toy house sits on a white background in 3D style. The architecture features distorted geometry with fused balconies and messy window frames. Repetitive waxy textures and softened edges degrade visual fidelity.
a small garden with an apple tree behind it,Controlnet/034-1.png,34,0.523692989187366,0.465780513520217,0.511334136789243,3,3,3,1,2,"A photorealistic garden scene shows fruit trees and two apples on green grass. The left foreground apple is fused and malformed, lacking clear organic structure. Background surfaces exhibit melting textures and softened edge definitions."
a small garden with an apple tree behind it,Controlnet/034-2.png,34,0.4938318676214729,0.48021945256204,0.50331056107578,3,4,4,2,3,A vibrant painting shows a fruit-laden tree in a dense garden setting. The central tree has dense foliage with slightly awkward fruit placements. Heavy smoothing produces waxy textures and softened edges throughout the image.
a small garden with an apple tree behind it,Controlnet/034-3.png,34,0.469110882124752,0.4925789065652129,0.55691475378505,3,3,3,1,3,"A miniature fruit tree stands in a vibrant garden scene with a chair. The subject exhibits unnatural fruit density and structurally unstable branch attachments. Global textures show oversmoothing, waxy surfaces, and background melting effects."
a small garden with an apple tree behind it,Controlnet/034-4.png,34,0.512618497169624,0.487078123783612,0.522679857602407,3,3,3,2,2,A potted garden tree bears dense clusters of bright red fruit-like objects. The subject exhibits unnatural fruit density and floating attachments lacking stems. Oversaturated colors and background textures display subtle repetitive smoothing effects.
a small garden with an apple tree behind it,DALLE/034-1.png,34,0.542743295118904,0.538090099859707,0.448474006971498,4,4,4,3,1,"A photorealistic shot captures a fruit tree in a green garden landscape. The tree's canopy consists of malformed, fused foliage without clear leaf structures. Significant oversmoothing and blur degrade the entire image's textural fidelity."
a small garden with an apple tree behind it,DALLE/034-2.png,34,0.615670368784068,0.6540671331645611,0.608949668790844,4,4,4,3,2,A photorealistic image features a leafy tree with flowers in a garden. The plant structure is distorted with fused leaves and messy branches. Severe oversmoothing flattens textures and weakens edge definition throughout.
a small garden with an apple tree behind it,DALLE/034-3.png,34,0.558058320358209,0.573238877354034,0.4712410933829,3,3,3,3,2,A large leafy tree stands in a garden with a red fence. The subject's canopy lacks coherent branch structure and distinct leaf definition. Global textures show pervasive oversmoothing and repetitive pseudo-detail artifacts.
a small garden with an apple tree behind it,DALLE/034-4.png,34,0.563080836684805,0.5381640339666179,0.510293866337096,4,4,4,3,2,A photorealistic image shows a young apple tree in a garden setting. The tree anatomy is plausible but the red fruits appear malformed. Background details show oversmoothing and textures lack fine-grained definition.
a small garden with an apple tree behind it,Glide/034-1.png,34,0.3803819539489489,0.37261446088233,0.398329821908566,2,3,3,3,3,"A low-resolution photo captures a garden with trees and a grassy lawn. The vegetation lacks coherent structure, merging into indistinct green masses without detail. Heavy oversmoothing removes texture clarity and blurs all object boundaries."
a small garden with an apple tree behind it,Glide/034-2.png,34,0.359072770190152,0.446421069203456,0.445505559291434,1,2,2,2,3,A blurred garden scene contains a tree and a small foreground object. The foreground subject is severely malformed and lacks any coherent structural detail. Heavy global blur eliminates most texture and edge definition.
a small garden with an apple tree behind it,Glide/034-3.png,34,0.366338821868198,0.443582084219018,0.409416525867396,1,1,3,3,1,A heavily blurred outdoor garden scene features dense green foliage and a lawn. The landscape structure is coherent but lacks clear object definition or detail. Heavy global blur and softness suppress all texture and edge definition.
a small garden with an apple tree behind it,Glide/034-4.png,34,0.342704042845273,0.423458347628509,0.406733251150898,1,2,2,3,2,A blurry garden scene shows a green lawn with bushes and a fence. Severe defocus makes the vegetation and ground objects semantically vague. Global oversmoothing flattens textures and eliminates all visible edge definition.
a small garden with an apple tree behind it,Lafite/034-1.png,34,0.397090948767158,0.424267924712687,0.439282527618357,2,2,3,2,2,A digital painting of a flowering tree and a wooden stump in a garden. The wooden base is severely malformed and the foliage lacks definition. Heavy oversmoothing and flat textures obscure fine details.
a small garden with an apple tree behind it,Lafite/034-2.png,34,0.401500985600264,0.469222159178354,0.468223369205707,1,2,2,2,3,A potted apple tree stands in a sunlit outdoor garden scene. The plant's branches and container exhibit severe warping and visual fusion. Heavy oversmoothing flattens textures and obscures fine details globally.
a small garden with an apple tree behind it,Lafite/034-3.png,34,0.35820031323432,0.434458087382225,0.481832492197832,1,2,2,1,3,A garden scene contains a large leafy tree and potted plants in daylight. Subjects show severe structural smearing that blurs foliage and object geometry. Global oversmoothing flattens textures and dissolves fine edge definitions.
a small garden with an apple tree behind it,Lafite/034-4.png,34,0.435253642214971,0.497067652968871,0.485529466917514,2,2,3,2,2,A painterly garden scene features a large tree and a fruit-filled cart. The cart's structure is indistinct and its wheels lack clear definition. Global oversmoothing flattens textures and obscures fine details.
a small garden with an apple tree behind it,stable-diffusion/034-1.png,34,0.5089821465647311,0.54924985726187,0.5576254488474109,3,3,3,3,3,"A photorealistic image shows a small apple tree heavily laden with red fruit. Tree anatomy is plausible, but the excessive fruit load is semantically unrealistic. Distant foliage shows repetitive patterns and softened texture."
a small garden with an apple tree behind it,stable-diffusion/034-2.png,34,0.359693413942415,0.371183921454695,0.434248943523988,1,2,2,1,1,"A soft-focus painting depicts a fruit-laden tree and a purple orb outdoors. The tree lacks clear branches and features repetitive, amorphous fruit clusters. Global oversmoothing causes flat textures and a total loss of fine detail."
a small garden with an apple tree behind it,stable-diffusion/034-3.png,34,0.484951516582549,0.478750528855307,0.478220794568385,3,3,3,2,2,A realistic photo shows a garden apple tree densely covered in fruit. The subject is clear but has unnatural fruit density and cluster fusion. Background textures show subtle repetition and oversmoothing.
a small garden with an apple tree behind it,stable-diffusion/034-4.png,34,0.559221253788935,0.552776934505347,0.546956956142813,4,3,3,2,2,"A photorealistic garden scene features a central tree in a red-gravel bed. The tree exhibits a dense, tangled branch structure with malformed limbs. Background hedges and ground surfaces display prominent, unnatural texture repetition."
a small garden with an apple tree behind it,Unidiffuser/034-1.png,34,0.456317735122548,0.541567547013981,0.499639542768643,4,4,4,3,3,"A photorealistic garden scene features a small tree and colorful ground ornaments. The tree is structurally stable, but the ornaments are malformed and unreadable. Textures show repetitive tiling and significant local blurring."
a small garden with an apple tree behind it,Unidiffuser/034-2.png,34,0.507471011719784,0.53570913111667,0.473110642197018,3,4,3,2,3,"A garden scene features a flowering tree, a lawn, and a dense hedge. A malformed animal figure and an ambiguous object appear in the background. Oversaturated colors and repetitive textures lower the image's naturalistic quality."
a small garden with an apple tree behind it,Unidiffuser/034-3.png,34,0.3599936548806479,0.43414748777073,0.402115153083023,1,2,1,3,1,A heavily blurred outdoor scene features a central tree on a green lawn. Subject structure is obscured by significant blur and lacks any discernible fine detail. Global perception is dominated by severe blur and pervasive grainy noise.
a small garden with an apple tree behind it,Unidiffuser/034-4.png,34,0.5594727106815001,0.6213610282870841,0.558705726881977,3,3,3,3,3,"A bright garden scene features a large tree, potted plants, and gravel. Background objects are malformed and the tree trunk lacks a natural base. Repetitive gravel textures and an unnaturally sharp grass edge appear."
a bloody mary cocktail next to a napkin,Controlnet/035-1.png,35,0.566623560658653,0.591909159468734,0.511672913614109,4,3,3,3,2,"A photorealistic close-up depicts a red cocktail with complex garnishes on a surface. Garnish structure is chaotic and semantically ambiguous, featuring fused elements and poor spatial layout. Textures appear waxy and oversmoothed with blurred backgrounds."
a bloody mary cocktail next to a napkin,Controlnet/035-2.png,35,0.607824953717275,0.598279205807292,0.545696327843892,4,4,4,3,3,A centered shot depicts a red cocktail with a tomato garnish on wood. The salt rim is malformed and the internal ice lacks coherent structure. Softness flattens textures and blurs the boundaries of all objects.
a bloody mary cocktail next to a napkin,Controlnet/035-3.png,35,0.56740913834819,0.545572736245731,0.531315799635809,2,3,3,2,2,A photorealistic close-up shows a red cocktail with garnishes against a blurred wall. Garnish components are structurally malformed and lack plausible botanical separation. Liquid surfaces appear waxy with softened edge definitions.
a bloody mary cocktail next to a napkin,Controlnet/035-4.png,35,0.5634335894296629,0.576162078274893,0.551899573162684,3,3,3,2,2,A top-down view of a salted-rim cocktail with a lime on fabric. The lime garnish and stirrer show unnatural geometry and poor object contact. Fabric textures repeat and the rim shows grainy pseudo-details.
a bloody mary cocktail next to a napkin,DALLE/035-1.png,35,0.597345859901908,0.58330500357268,0.567845368316338,4,4,4,3,3,A close-up shot features a glass of red liquid on a patterned table. The glass is structurally stable while the background text is semantically unreadable. Fine details show slight oversmoothing and softened edge definition.
a bloody mary cocktail next to a napkin,DALLE/035-2.png,35,0.65101857967386,0.646545671405872,0.608994620432344,4,4,4,3,3,"A close-up shows a red drink in a glass on a table with a napkin. The subject is clear, but the ice and garnish appear malformed and lack sharpness. Global textures show noticeable blur and repetitive patterns."
a bloody mary cocktail next to a napkin,DALLE/035-3.png,35,0.561492953843877,0.536377551821925,0.536073630353523,4,4,4,3,3,A top-down view depicts a Bloody Mary cocktail on a striped napkin. The drink exhibits malformed ice geometry and a distorted central garnish shape. Global blur softens edges and flattens surface textures.
a bloody mary cocktail next to a napkin,DALLE/035-4.png,35,0.545916303707775,0.572361957717967,0.550451259971674,4,4,4,3,2,"A close-up shows a glass of red liquid with a straw on a napkin. The glass structure is stable, though the internal ice appears slightly fused. Heavy smoothing creates flat textures and softened edges throughout the scene."
a bloody mary cocktail next to a napkin,Glide/035-1.png,35,0.435281258955221,0.5209777232074579,0.5630887953929,3,3,2,3,3,A close-up view captures a glass of red liquid with a straw. The subject's top area shows a malformed garnish and distorted surface details. Heavy blurring and flat textures degrade the global visual quality.
a bloody mary cocktail next to a napkin,Glide/035-2.png,35,0.444275032674693,0.4366323685956,0.410633243121392,2,3,2,2,2,A close-up view captures a blurred orange drink in a red glass. The glass rim displays slight warping while the subject stays recognizable. Severe blurring flattens textures and softens every visible edge.
a bloody mary cocktail next to a napkin,Glide/035-3.png,35,0.380914398437418,0.431393851932661,0.4168729862080439,1,2,2,2,2,A blurry shot of a red beverage in a glass on a table. The drink shows unnatural color blobs and the straw has illegible text. Heavy blurring flattens textures and erases fine edge definition.
a bloody mary cocktail next to a napkin,Glide/035-4.png,35,0.397914632221241,0.473478796686254,0.410148451967229,2,2,2,3,2,A close-up shot features a glass of iced beverage with a straw. Internal components like ice and fruit appear structurally ambiguous and lack volume. Heavy oversmoothing washes out textures and softens all visible edges.
a bloody mary cocktail next to a napkin,Lafite/035-1.png,35,0.39378263601463,0.421972609699385,0.436581568842828,1,1,1,1,1,A close-up of a distorted red organic form against a blurred background. The subject exhibits severe structural malformation with fused boundaries and melted geometry. Heavy global blur creates waxy textures and softened edges.
a bloody mary cocktail next to a napkin,Lafite/035-2.png,35,0.375724164712815,0.369786333893484,0.376227933040324,1,1,2,1,1,A close-up shows a distorted red and white organic object against a blurred background. The subject's anatomy is severely malformed with fused regions and broken geometry. Heavy blur and waxy textures characterize the global distortion.
a bloody mary cocktail next to a napkin,Lafite/035-3.png,35,0.387645039748367,0.358017544873397,0.357881242576997,2,2,3,2,1,A close-up shows a distorted red organic object against a blurred background. The subject exhibits severe structural melting and lacks clear geometric definition. Heavy global blur and waxy textures eliminate fine surface details.
a bloody mary cocktail next to a napkin,Lafite/035-4.png,35,0.381893053800362,0.3411856741722989,0.397055418756349,1,2,1,2,1,A close-up shows a red organic object inside a white translucent container. The subject's form is severely warped and lacks recognizable structural integrity. Global blur and color bleeding obscure all fine details and textures.
a bloody mary cocktail next to a napkin,stable-diffusion/035-1.png,35,0.3735244780888579,0.386650364000495,0.427670581668915,2,2,3,3,2,A top-down view shows several colorful drinks on a textured table. The main glass is recognizable but features a warped rim and abstract garnishes. Global oversmoothing creates waxy textures and softened edges throughout the scene.
a bloody mary cocktail next to a napkin,stable-diffusion/035-2.png,35,0.51198979222529,0.509638652247125,0.478249774570181,4,4,4,3,2,"A close-up shows a Bloody Mary cocktail with various garnishes. The drink's structure is mostly stable, though the garnish placement feels rigid. The entire image suffers from significant blur and overly smooth textures."
a bloody mary cocktail next to a napkin,stable-diffusion/035-3.png,35,0.5843452215160849,0.528834165136144,0.537923559439232,4,4,4,3,3,"A photorealistic close-up shows a Bloody Mary with garnishes on a dark surface. The glass is coherent, but garnishes show fusion and slight shape malformations. Surfaces appear waxy with flat texture details."
a bloody mary cocktail next to a napkin,stable-diffusion/035-4.png,35,0.558112945740483,0.539936803447665,0.499210907086072,3,3,3,2,2,A close-up photograph depicts a garnished Bloody Mary on a checkered tablecloth. The salted rim and vegetable garnish show significant fusion and geometric warping. Surfaces display waxy smoothing and inconsistent edge definition.
a bloody mary cocktail next to a napkin,Unidiffuser/035-1.png,35,0.518875415213003,0.49939536882193,0.493790062700505,4,4,3,3,2,"A close-up shows a tall glass of red cocktail with green garnishes. The garnishes are structurally malformed and exhibit confusing, non-plant-like textures. Liquid surfaces exhibit a waxy, oversmoothed appearance."
a bloody mary cocktail next to a napkin,Unidiffuser/035-2.png,35,0.357801987335405,0.357844534069494,0.349607962674991,1,1,1,1,1,A close-up shows a blurry orange drink with a garnish on a blue surface. The subject's structure is unrecognizable and lacks any defined geometric form. Extreme global blur flattens all textures and eliminates edge definition.
a bloody mary cocktail next to a napkin,Unidiffuser/035-3.png,35,0.509717386791281,0.454884078906639,0.437285224635174,4,4,4,3,2,A close-up shows a glass of red liquid with garnish on a napkin. The glass rim has unnatural textures and the garnish appears fused to the liquid. Surfaces exhibit waxy smoothing and lack sharp textural definition.
a bloody mary cocktail next to a napkin,Unidiffuser/035-4.png,35,0.48011324088032,0.458968906836494,0.504334747429986,2,3,3,3,3,"A close-up shot features a tall glass of red fruit drink with a leaf garnish. The beverage structure is coherent, though the metal stirrer shows a malformed hook shape. Liquid surfaces exhibit slight oversmoothing and waxy texture artifacts."
a kids' book cover with an illustration of white dog driving a red pickup truck,Controlnet/036-1.png,36,0.582455230412018,0.503179811669241,0.530100081336481,3,4,3,3,2,A cartoon illustration shows a red truck with a dog on its roof in a field. The vehicle displays simplified geometry and the background text is illegible. Textures are flat and edges lack sharp definition.
a kids' book cover with an illustration of white dog driving a red pickup truck,Controlnet/036-2.png,36,0.493521018920701,0.447473000537861,0.441157123453096,2,2,2,2,1,A cartoon illustration shows a girl on a white truck with a dog. The subject displays distorted facial anatomy and unstable vehicle structure. Flat textures and a jarring red shadow reduce perceptual coherence.
a kids' book cover with an illustration of white dog driving a red pickup truck,Controlnet/036-3.png,36,0.4812466508474219,0.403419309366252,0.432800452524847,3,3,3,3,2,A cartoon man and a white dog sit in a red pickup truck. The human figure exhibits malformed limbs and fused hand structures. Textures appear flat with inconsistent shading and soft edge definition.
a kids' book cover with an illustration of white dog driving a red pickup truck,Controlnet/036-4.png,36,0.473188037751684,0.41721132102216,0.502287489249008,3,3,3,2,3,A cartoon illustration depicts three dogs sitting in a red pickup truck. The subjects are recognizable but include illegible text and distorted facial features. Textures appear waxy with soft edges and flattened detail.
a kids' book cover with an illustration of white dog driving a red pickup truck,DALLE/036-1.png,36,0.570579199024998,0.467488597556851,0.47926215335568,4,4,4,3,2,"A digital illustration shows a red truck, a white dog, and large red text. The dog's anatomy is simplified and the text contains a nonsensical word. Flat textures and digital brushstrokes dominate the background surfaces."
a kids' book cover with an illustration of white dog driving a red pickup truck,DALLE/036-2.png,36,0.551960041924512,0.520238320572427,0.605098983109995,4,4,4,3,3,A cartoon illustration shows a red truck and two dogs under a sign. The dog inside the window exhibits a malformed head with fused ears. Background elements display oversmoothing and lack sharp edge definition.
a kids' book cover with an illustration of white dog driving a red pickup truck,DALLE/036-3.png,36,0.592550710913771,0.6007185850665779,0.5852179680019399,3,3,3,3,3,A cartoon dog in a red truck sits below garbled text. The vehicle and animal are structurally sound while the typography is unreadable. Rendering features flat color fills and slightly softened edge definitions.
a kids' book cover with an illustration of white dog driving a red pickup truck,DALLE/036-4.png,36,0.57018796117745,0.572637539327815,0.521205266925547,3,4,3,3,2,A digital illustration features a red pickup truck and a white dog under text. Subjects are clear but show malformed dog anatomy and meaningless text. Global textures appear flat and waxy with softened definition.
a kids' book cover with an illustration of white dog driving a red pickup truck,Glide/036-1.png,36,0.465432309092379,0.492916328012991,0.447185500840341,2,3,2,2,2,A red graphic silhouette depicts a vehicle front on a white background. The vehicle structure is malformed with jagged contours and unreadable symbolic markings. Flat color fills show significant aliasing and lack any textural detail.
a kids' book cover with an illustration of white dog driving a red pickup truck,Glide/036-2.png,36,0.375918080965542,0.454478395822318,0.431809210889404,2,3,2,3,2,"A simple drawing depicts a red truck carrying an abstract white structure. The truck body is stable, while the upper load and wheels appear malformed. Outlines show aliasing and the image lacks sharp detail."
a kids' book cover with an illustration of white dog driving a red pickup truck,Glide/036-3.png,36,0.3945179678156549,0.4197805796642129,0.424570160537751,2,3,3,2,2,A crudely sketched red truck sits on a white background with symbols. The vehicle structure is distorted with fused components and blob-like wheels. Edges are jagged and textures lack any fine-grained surface detail.
a kids' book cover with an illustration of white dog driving a red pickup truck,Glide/036-4.png,36,0.469716968447292,0.493490392637204,0.473569442231731,2,2,2,2,2,A side-profile digital illustration of a red pickup truck on a white background. The truck body is severely distorted with malformed protrusions and warped geometry. Jagged edges and flat textures degrade the visual fidelity.
a kids' book cover with an illustration of white dog driving a red pickup truck,Lafite/036-1.png,36,0.3884252406626959,0.427578494421315,0.503441927790652,2,2,2,1,2,A digital painting shows a dog in a red car against a cloudy sky. The vehicle structure is heavily distorted with malformed and fused wheel components. Heavy oversmoothing and flat textures obscure fine details.
a kids' book cover with an illustration of white dog driving a red pickup truck,Lafite/036-2.png,36,0.354566999561872,0.355685259960606,0.3826146909120029,2,2,2,1,2,A digital painting shows a malformed dog in a red vehicle outdoors. The dog's face is warped; vehicle wheels are fused and broken. Textures are flat and waxy with softened edges and odd lighting.
a kids' book cover with an illustration of white dog driving a red pickup truck,Lafite/036-3.png,36,0.417816581605,0.365835835140401,0.453824065501449,2,2,2,1,3,"A painterly illustration depicts a malformed dog seated within a distorted red vehicle. The subject's anatomy and car geometry are heavily warped, reducing semantic readability. Textures show extreme oversmoothing and waxy melting."
a kids' book cover with an illustration of white dog driving a red pickup truck,Lafite/036-4.png,36,0.391262436574162,0.408281423249743,0.487927945491873,2,2,2,1,3,"A soft-focus painting depicts a puppy inside a red vehicle under clouds. The puppy's body fuses with the malformed vehicle structure, harming readability. Oversmoothing and melting edges flatten textures and blur global boundaries."
a kids' book cover with an illustration of white dog driving a red pickup truck,stable-diffusion/036-1.png,36,0.490208871005822,0.511685227877673,0.514803041729289,3,3,3,3,2,A red cartoon pickup truck carries a dog under a bright sky. Vehicle geometry is simplified while the upper text remains semantically illegible. Flat textures and inconsistent edge definitions characterize the rendering.
a kids' book cover with an illustration of white dog driving a red pickup truck,stable-diffusion/036-2.png,36,0.385552978447336,0.40347463213286,0.449827774365654,2,3,2,1,1,"A red cartoon truck sits in a field near a barn and silo. The vehicle shows warped geometry, malformed panels, and illegible bottom text. Global oversmoothing flattens textures and blurs scene boundaries."
a kids' book cover with an illustration of white dog driving a red pickup truck,stable-diffusion/036-3.png,36,0.508779457026782,0.507962929520817,0.555641952699889,4,4,4,3,2,A cartoon illustration features a red pickup truck on a green hillside. The vehicle structure is coherent while the text contains semantic errors. Global textures appear slightly grainy with flat color fills.
a kids' book cover with an illustration of white dog driving a red pickup truck,stable-diffusion/036-4.png,36,0.585757708207533,0.513577061215828,0.492878122547756,3,4,4,2,2,A cartoon red pickup truck carries three dogs against a colorful landscape. The dogs exhibit malformed facial features and inconsistent head-to-body proportions. The illustration uses flat colors and lacks fine textural detail.
a kids' book cover with an illustration of white dog driving a red pickup truck,Unidiffuser/036-1.png,36,0.394981352267467,0.423170188118469,0.529359338323533,1,2,3,1,2,"A painterly scene shows a white creature on a red vehicle before a building. The subject's anatomy fuses with the vehicle, creating a structurally ambiguous figure. Heavy global blur and oversmoothing obscure fine textures and edges."
a kids' book cover with an illustration of white dog driving a red pickup truck,Unidiffuser/036-2.png,36,0.522457971846198,0.446936079684378,0.518631142010484,4,4,4,2,3,A stylized white dog peers from a red car against a blue sky. The canine subject shows significant snout elongation and fused ear anatomy. Bold colors and flat shading characterize the overall graphic style.
a kids' book cover with an illustration of white dog driving a red pickup truck,Unidiffuser/036-3.png,36,0.4347998104301689,0.412390925575384,0.5243785236022149,3,3,2,1,3,A cartoon dog sits on a red car against a stylized landscape. The dog's face and car geometry show minor structural simplification and warping. Flat textures exhibit subtle noise and softened edge definition throughout.
a kids' book cover with an illustration of white dog driving a red pickup truck,Unidiffuser/036-4.png,36,0.538751518797702,0.461173427776658,0.507946035201789,4,3,3,2,2,"A cartoon illustration depicts a red pickup truck carrying stylized animals. Animal anatomy is simplified and fused, and all text is illegible. The image displays flat textures and inconsistent edge definitions."
A bare kitchen has wood cabinets and white appliances,Controlnet/037-1.png,37,0.5722943653035371,0.623077584304488,0.570972978333405,4,4,4,2,2,A photorealistic kitchen interior features wooden cabinets and stainless steel appliances. Cabinet layouts contain warped panels and the microwave lacks a proper frame. Textures appear waxy with repetitive grain and softened fine details.
A bare kitchen has wood cabinets and white appliances,Controlnet/037-2.png,37,0.541716786025994,0.533778842690814,0.576723015151532,3,3,3,2,3,"A photorealistic modern kitchen features white cabinetry and appliances under wooden ceiling beams. Refrigerator handles are malformed and fused, while cabinet hardware shows inconsistent alignment. Wood textures exhibit subtle smearing and lack fine-grained natural detail."
A bare kitchen has wood cabinets and white appliances,Controlnet/037-3.png,37,0.615528890366553,0.658893976961222,0.5744506790524541,4,3,3,3,3,A realistic digital image shows a kitchen with wooden cabinets and red appliances. The subject exhibits warped cabinet geometry and malformed control panels. Textures appear flat with unclear boundaries between surfaces.
A bare kitchen has wood cabinets and white appliances,Controlnet/037-4.png,37,0.561990522800369,0.594035013551657,0.565586299377564,4,4,4,3,2,"A photorealistic kitchen features light cabinetry, granite counters, and stainless appliances. The layout is stable, but the oven shows gibberish text and a malformed stove. Surfaces exhibit waxy smoothing and repetitive texture patterns."
A bare kitchen has wood cabinets and white appliances,DALLE/037-1.png,37,0.554516073898447,0.580979019305526,0.565170762691274,4,4,3,3,3,"A photorealistic kitchen interior centers on a white stove beneath wooden cabinets. The stove and cabinetry exhibit malformed knobs, fused structures, and illogical layout. Surfaces show subtle oversmoothing and weak edge definition."
A bare kitchen has wood cabinets and white appliances,DALLE/037-2.png,37,0.7066112423281371,0.678259785340356,0.610001473826034,4,4,4,3,3,A realistic kitchen interior features wooden cabinets and white appliances. Appliance geometry and cabinet alignments show minor local warping and fusion. Textures appear slightly repetitive with softened edge definitions.
A bare kitchen has wood cabinets and white appliances,DALLE/037-3.png,37,0.621435761163794,0.633737033046788,0.676952583513969,4,4,4,3,3,A realistic digital photo shows a white kitchen with cabinets and appliances. Cabinet hardware and panel alignments show minor structural inconsistencies. Surfaces exhibit flat textures and softened edge definition.
A bare kitchen has wood cabinets and white appliances,DALLE/037-4.png,37,0.683351799673478,0.672994364403049,0.661789939081592,4,4,4,3,3,A photorealistic kitchen interior features wooden cabinetry and white appliances under bright lighting. Appliance controls and cabinet edges appear blurred and lack clear structural definition. Global oversmoothing flattens textures and weakens edge sharpness across the scene.
A bare kitchen has wood cabinets and white appliances,Glide/037-1.png,37,0.417334440324956,0.510050773794284,0.5166931767985811,1,2,2,3,2,A blurry interior shows a kitchen with wooden cabinets and a white island. The kitchen structure is coherent though small objects are illegible from blur. Severe global blur flattens textures and softens all edges.
A bare kitchen has wood cabinets and white appliances,Glide/037-2.png,37,0.385413752988824,0.469346494045253,0.5040946670833439,2,3,2,1,3,A blurred interior view shows white kitchen cabinets and a countertop. Kitchen structures are recognizable but lack clear edges due to heavy smearing. Global oversmoothing eliminates texture and sharpness throughout the entire frame.
A bare kitchen has wood cabinets and white appliances,Glide/037-3.png,37,0.40378177975212,0.471233942338253,0.497083491159091,2,2,3,3,2,A blurry interior view of a wooden kitchen with cabinets and a window. The cabinet structure is coherent but lacks distinct component separation. Global blurring severely flattens textures and softens all edges.
A bare kitchen has wood cabinets and white appliances,Glide/037-4.png,37,0.419258832066014,0.442693717717612,0.450204219819378,4,4,4,3,1,A blurry shot shows a white kitchen with a central stainless steel stove. The kitchen structure is recognizable despite severe loss of edge definition and detail. Global oversmoothing flattens textures into indistinct shapes.
A bare kitchen has wood cabinets and white appliances,Lafite/037-1.png,37,0.418473592971036,0.491957432519477,0.5324048471524759,2,3,3,2,3,"A bright, minimalist kitchen interior features warped cabinetry and a malformed central island. The subject's geometry is distorted with fused panels and visually confusing object placement. Surfaces exhibit heavy oversmoothing and flat, waxy textures throughout."
A bare kitchen has wood cabinets and white appliances,Lafite/037-2.png,37,0.38608232128718,0.444457098677366,0.486769095399564,3,3,2,2,2,"An overexposed, high-key interior view of a modern white kitchen scene. Cabinetry and appliance structures are severely blurred, warped, and lack clear separation. Global oversmoothing flattens textures and washes out details."
A bare kitchen has wood cabinets and white appliances,Lafite/037-3.png,37,0.481676600702448,0.467938401107366,0.4910673304359509,2,2,3,2,3,"A bright, white-toned kitchen interior features a central island and built-in appliances. The kitchen's structural geometry is severely warped with fused cabinetry and melted surfaces. Global oversmoothing creates waxy textures and unclear object boundaries."
A bare kitchen has wood cabinets and white appliances,Lafite/037-4.png,37,0.429305471663963,0.448434793714978,0.494122206594812,1,3,3,3,1,A blurry modern kitchen interior features warped cabinetry and indistinct appliances. The kitchen structure is severely malformed with fused objects and broken perspective. Global oversmoothing creates flat textures and melted boundaries.
A bare kitchen has wood cabinets and white appliances,stable-diffusion/037-1.png,37,0.646926571232723,0.597156166974336,0.601060396505106,4,4,4,3,2,"A photorealistic kitchen interior shows dark wooden cabinets and stainless steel appliances. The subject is structurally stable, though appliance details appear slightly blurred or fused. Textures lack natural variation and edges show inconsistent local sharpness."
A bare kitchen has wood cabinets and white appliances,stable-diffusion/037-2.png,37,0.616126958885173,0.58749853037825,0.585799692663162,3,3,3,2,2,A photorealistic kitchen displays white cabinetry and a stainless steel refrigerator under a wooden beam. Cabinet hardware and appliance edges show subtle misalignments and local geometric distortions. Surfaces display waxy textures and softened edges with repetitive detail.
A bare kitchen has wood cabinets and white appliances,stable-diffusion/037-3.png,37,0.417057275741205,0.495660667683099,0.52224455678348,2,3,3,2,3,"A blurry kitchen interior features wooden cabinets and pendant lights under soft lighting. The subject lacks sharp definition as heavy blurring warps the cabinet geometry and obscures details. Global oversmoothing eliminates texture and creates waxy, indistinct surfaces throughout."
A bare kitchen has wood cabinets and white appliances,stable-diffusion/037-4.png,37,0.6062578945289591,0.570759504087587,0.555605237132305,3,3,2,3,3,A realistic kitchen scene features wooden cabinets and stainless steel appliances. The central stove and cabinetry are structurally coherent despite minor handle distortions. Global textures appear oversmoothed with softened edge definitions across the frame.
A bare kitchen has wood cabinets and white appliances,Unidiffuser/037-1.png,37,0.429560083359257,0.576525218273691,0.5747854177588,3,3,3,3,3,A blurry kitchen interior features wooden cabinets and white appliances. Cabinet structures are warped with indistinct hardware and softened appliance edges. Global oversmoothing creates waxy textures and undefined boundaries throughout the scene.
A bare kitchen has wood cabinets and white appliances,Unidiffuser/037-2.png,37,0.539703846943732,0.567255866569155,0.54119878644166,3,3,3,3,3,A photorealistic kitchen scene displays wooden cabinetry and duplicated appliances. The subject is structurally stable overall despite illogical appliance duplication and malformed handles. Global textures exhibit mild oversmoothing and lack fine-grained natural detail.
A bare kitchen has wood cabinets and white appliances,Unidiffuser/037-3.png,37,0.281442341874107,0.346568392008472,0.414273913984153,1,2,2,2,3,A heavily blurred indoor scene features indistinct wooden cabinetry and walls. The subject is structurally illegible because extreme blur obscures all geometric forms. Global oversmoothing removes every visible texture and sharp boundary.
A bare kitchen has wood cabinets and white appliances,Unidiffuser/037-4.png,37,0.532968371465408,0.554838922590306,0.551588813156205,3,3,3,2,3,A realistic kitchen interior features white cabinets and wooden countertops. The kitchen structure is coherent despite minor appliance framing inconsistencies. Surfaces exhibit repetitive textures and softened fine details.
a teddy bear on a skateboard in times square,Controlnet/039-1.png,39,0.58205350154262,0.517480072658782,0.592226650020001,4,4,4,3,3,A teddy bear on a skateboard stands in a crowded urban square. The subject has simplified limb geometry and a malformed neck ribbon. Background areas show significant melting blur and waxy surface textures.
a teddy bear on a skateboard in times square,Controlnet/039-2.png,39,0.538811588295819,0.512937872120835,0.477704348296774,4,3,4,2,3,A photorealistic teddy bear rides a skateboard through a busy urban plaza. The subject displays malformed paws and an illegible logo on its torso. Background crowds appear melted and textures exhibit a waxy quality.
a teddy bear on a skateboard in times square,Controlnet/039-3.png,39,0.602400052844378,0.627181743597446,0.618405909477041,4,4,4,3,3,A large teddy bear rides a skateboard down a crowded city street. The central bear subject is well-formed though its paws appear slightly fused. Background elements suffer from heavy blurring and significant anatomical melting.
a teddy bear on a skateboard in times square,Controlnet/039-4.png,39,0.63209112278406,0.559239291315084,0.602762844901568,4,4,4,3,3,"A large photorealistic teddy bear sits on a skateboard in a busy city street. The subject’s legs are fused with oversized wheels, causing severe anatomical distortion. Background blur and waxy textures degrade visual fidelity."
a teddy bear on a skateboard in times square,DALLE/039-1.png,39,0.577393676884953,0.532951950720385,0.597218542031252,3,3,4,2,3,"a brown teddy bear rides a skateboard on a crosswalk. The bear exhibits distorted facial features and fused, structurally unstable lower limbs. Lighting appears inconsistent with waxy, flat, over-smoothed textures."
a teddy bear on a skateboard in times square,DALLE/039-2.png,39,0.581131032997676,0.5616343736385709,0.634116553588857,3,3,3,2,3,"A teddy bear rests on a skateboard in a blurred city scene. The bear’s face is simplified, and the skateboard wheels appear malformed. Fur textures show smoothing, and background details lack sharp edge definition."
a teddy bear on a skateboard in times square,DALLE/039-3.png,39,0.605710005474667,0.612900772454066,0.606683994296829,4,4,4,3,3,A large teddy bear rides a skateboard on a busy city street. The subject displays stable structure with minor inconsistencies in limb attachment. Background elements exhibit significant blur while textures remain relatively sharp.
a teddy bear on a skateboard in times square,DALLE/039-4.png,39,0.5388976611623,0.47417037033525,0.551338692211203,2,3,4,2,3,A teddy bear rides a skateboard on a busy city street with glowing billboards. The bear's facial features are indistinct and its limbs appear simplified and stiff. Heavy background blur and softened textures reduce clarity.
a teddy bear on a skateboard in times square,Glide/039-1.png,39,0.453150185527052,0.478592877254706,0.4099710589012499,2,3,2,1,1,A heavily blurred teddy bear is centered on a plain background. The subject's limbs are distorted into undefined rounded masses lacking plausible anatomy. Severe oversmoothing eliminates texture and blurs all boundaries.
a teddy bear on a skateboard in times square,Glide/039-2.png,39,0.372813802131111,0.4114239386579559,0.412730814910238,1,2,2,2,1,"A centered, blurry shot of a teddy bear on an orange backdrop. The subject's facial features and chest pattern are simplified and lack detail. Heavy global blur obscures fine textures and boundaries."
a teddy bear on a skateboard in times square,Glide/039-3.png,39,0.440718468942131,0.55030258015355,0.439422407323393,3,3,3,3,2,A blurry close-up shows a white teddy bear holding distorted objects in darkness. The bear's facial features are simplified while the held items appear fused and illegible. Oversmoothing flattens textures and obscures fine details.
a teddy bear on a skateboard in times square,Glide/039-4.png,39,0.3939321837716539,0.448101650336609,0.427384267211662,2,2,2,2,1,"A close-up image shows a yellow teddy bear against a dark background. The bear's face is simplified and the chest patch is semantically confusing. Heavy blur, low resolution, and waxy textures degrade image fidelity."
a teddy bear on a skateboard in times square,Lafite/039-1.png,39,0.366050339730495,0.388944099668981,0.394886662364149,1,2,2,1,2,A large furry otter-like mascot stands on a blurred city sidewalk. The subject's anatomy is malformed with warped limbs and a poorly defined face. Heavy global blur and smoothing degrade visual clarity.
a teddy bear on a skateboard in times square,Lafite/039-2.png,39,0.418124032487716,0.36794132073476,0.399018712447794,2,2,3,1,2,A large furry bipedal creature stands in a blurred urban street setting. The subject displays malformed limb anatomy and structurally ambiguous paw regions. Heavy global blur and background melting obscure fine details.
a teddy bear on a skateboard in times square,Lafite/039-3.png,39,0.409551378915992,0.435023946245588,0.423455613642252,1,2,3,1,2,"A distorted upright furry creature stands on a blurred urban street. The subject's anatomy is severely warped with fused limbs and malformed paws. Global blur, background melting, and waxy textures degrade visual fidelity."
a teddy bear on a skateboard in times square,Lafite/039-4.png,39,0.34441563690837,0.295744733702651,0.332489777454962,2,2,2,1,2,A blurry photorealistic image depicts a malformed teddy bear on a city street. The subject displays distorted anatomy with fused limbs and indistinct facial features. Heavy blur and background melting obscure fine details.
a teddy bear on a skateboard in times square,stable-diffusion/039-1.png,39,0.56502301842275,0.528381316733484,0.5688757847528421,4,4,4,3,3,A large teddy bear rides a skateboard through a crowded city square. The central subject is structurally stable and semantically clear despite slightly uniform fur textures. Background figures suffer from significant blurring and loss of fine detail.
a teddy bear on a skateboard in times square,stable-diffusion/039-2.png,39,0.5774474044089201,0.551023922203616,0.586978023664412,4,4,4,2,3,A digital image shows a teddy bear on a skateboard in a city square. The subject is structurally coherent despite some fusion in the paw anatomy. Background areas show heavy oversmoothing and melted architectural details.
a teddy bear on a skateboard in times square,stable-diffusion/039-3.png,39,0.646273886077111,0.655189991958817,0.6172598437579331,3,3,3,3,3,"A large teddy bear on a skateboard sits in a busy city square. The subject is structurally clear, though its limbs lack fine anatomical definition. Background regions display heavy blur and indistinct repetitive textures."
a teddy bear on a skateboard in times square,stable-diffusion/039-4.png,39,0.399417275186446,0.415762327099614,0.48175773409551,2,3,3,2,3,A large teddy bear rides a skateboard through a busy city intersection. The bear's anatomy is malformed with fused limbs and indistinct features. Oversmoothing creates waxy textures and melted background details.
a teddy bear on a skateboard in times square,Unidiffuser/039-1.png,39,0.563489466944425,0.593548166067026,0.6029226740192299,3,4,4,3,3,A large teddy bear stands on a skateboard in a busy city square. The subject is recognizable but its paws appear fused to the board. Background details exhibit noticeable melting and oversmoothing.
a teddy bear on a skateboard in times square,Unidiffuser/039-2.png,39,0.37923749866769,0.430979775849191,0.527324433777445,2,3,3,2,3,A blurry pink bear figure skateboards down a neon-lit city street at night. Subject anatomy is indistinct with limbs appearing fused under heavy softening. Global blur obscures details and flattens texture.
a teddy bear on a skateboard in times square,Unidiffuser/039-3.png,39,0.527196431840432,0.5550910749003279,0.534936305862916,3,3,4,3,2,A large teddy bear in blue rides a hoverboard on a city street. The subject's limbs show minor anatomical warping and unclear joint definitions. Background textures are oversmoothed and lack fine edge definition.
a teddy bear on a skateboard in times square,Unidiffuser/039-4.png,39,0.4731956145186259,0.469939163500479,0.453686713391286,2,3,2,2,3,"A plush teddy bear sits in a neon-lit urban environment at night. The toy's form is stable, though its lower limbs show minor fusion. Image lacks sharpness, featuring soft textures and smeared background details."
A blue colored dog,Controlnet/040-1.png,40,0.609086544430249,0.594177677444231,0.631965350390825,4,4,4,2,3,A digital painting presents a blue dog in a close-up view. The dog's face and paws display significant anatomical distortions. Waxy fur textures show soft edges and flat detail.
A blue colored dog,Controlnet/040-2.png,40,0.518203499385933,0.498320575688384,0.594418520629822,4,4,4,3,3,A blue and white dog stands on green turf against a grey wall. The subject is structurally stable despite minor facial and paw distortions. Fur textures show mild waxiness and lack sharp edge definition.
A blue colored dog,Controlnet/040-3.png,40,0.490004643945937,0.4405636718865069,0.509787774266785,4,4,4,3,3,A stylized digital painting features a blue dog in a frontal portrait view. The dog’s head is coherent but its lower body is severely distorted. Global textures exhibit heavy oversmoothing and a waxy plastic appearance.
A blue colored dog,Controlnet/040-4.png,40,0.590174342638466,0.546577442417722,0.46142068134329,4,4,4,3,3,A digital painting depicts a dog with blue markings on a neutral background. The canine subject retains coherent anatomy and clear facial features under stylized coloration. Fur textures show subtle smoothing and pseudo-detailing.
A blue colored dog,DALLE/040-1.png,40,0.667523628822744,0.6268694759211499,0.503605193137004,4,4,4,3,2,"A close-up shows a black and tan dog with a collar on a lawn. The dog's head is stable, but the collar hardware is slightly malformed. Fur textures appear globally oversmoothed and lack detail."
A blue colored dog,DALLE/040-2.png,40,0.5961630883354,0.6299326720465079,0.48213048281973,4,4,3,2,2,A close-up portrait depicts a black dog wearing a blue collar outside. The subject is structurally stable despite some unnatural detail within the open mouth. Dark fur exhibits slight texture oversmoothing.
A blue colored dog,DALLE/040-3.png,40,0.5401708767986301,0.551268831735451,0.416300845670287,3,3,3,3,1,A white box with rolls and a color bar sits on a surface. The object displays distorted geometry and illegible pseudo-text logos at the base. Surfaces show waxy textures and softened edge definitions throughout.
A blue colored dog,DALLE/040-4.png,40,0.5669428057681111,0.620608161156401,0.419913475098158,3,4,4,3,2,A close-up view shows a black dog with a blue collar outdoors. The dog's face and collar show subtle structural distortions and fusion. Fur textures appear waxy with softened edges and low local detail.
A blue colored dog,Glide/040-1.png,40,0.4358328812912189,0.408849216261731,0.6443503735276169,2,3,2,2,3,"A close-up portrait features a blue dog wearing a collar tag outdoors. The canine facial structure remains coherent despite slightly mismatched eye alignment. Fur surfaces exhibit a waxy, oversmoothed appearance lacking fine textural detail."
A blue colored dog,Glide/040-2.png,40,0.419850781268012,0.4708788657153179,0.512610554741054,2,3,3,3,2,A close-up digital portrait shows a dog's face against a plain background. The canine subject is readable but exhibits minor anatomical ambiguity in the muzzle. Global softness and weak detail preservation dominate the visual field.
A blue colored dog,Glide/040-3.png,40,0.509793448124865,0.556221776155563,0.5445358682132531,2,3,3,3,3,A close-up portrait depicts a black dog with a pink collar outdoors. The dog's head is clear but the muzzle area is distorted and melted. Heavy blurring and oversmoothing flatten textures throughout the image.
A blue colored dog,Glide/040-4.png,40,0.391277596096131,0.47046457628007,0.397178662619305,3,3,2,2,1,A close-up portrait depicts a dark-furred dog against a soft-focus background. The canine subject remains recognizable despite significant blur and uneven eye clarity. Oversmoothing flattens fur textures and softens all boundaries.
A blue colored dog,Lafite/040-1.png,40,0.328038868800486,0.340195330810577,0.435054819613765,2,2,2,2,2,"A blue dog is depicted in a soft, painterly digital art style. The canine subject exhibits a severely malformed and fused facial structure. Global oversmoothing and waxy textures obscure all fine details and edges."
A blue colored dog,Lafite/040-2.png,40,0.446304253645726,0.430500481755934,0.478889579188845,4,4,3,2,3,A stylized blue dog occupies the center of a soft-focus portrait. The canine face is structurally distorted with smeared and indistinct features. Heavy smoothing flattens textures and blurs all boundaries.
A blue colored dog,Lafite/040-3.png,40,0.352902271530505,0.390711137052488,0.451646937750597,3,2,2,2,2,A blue dog sits centered against a blurred wooden fence background. The subject exhibits severe anatomical distortion with a malformed head and fused features. Heavy blur creates waxy textures with no fine detail.
A blue colored dog,Lafite/040-4.png,40,0.3536267736906899,0.421470759843673,0.432974419612831,1,2,2,2,3,A stylized blue dog sits centered before a blurred wooden fence. The subject exhibits severe facial distortion and lacks anatomical coherence. Global oversmoothing produces flat textures and indistinct boundary definitions.
A blue colored dog,stable-diffusion/040-1.png,40,0.630818378644009,0.535374111031789,0.571561365468793,4,4,3,3,3,A digital painting shows a blue and yellow dog's head on a plain background. The canine subject maintains a coherent facial structure with clear semantic readability. Fur textures appear smooth with softened fine detail definition.
A blue colored dog,stable-diffusion/040-2.png,40,0.647456146115369,0.6467066235173501,0.625044836658292,4,4,3,3,3,A photorealistic blue dog stands on a grey pavement in daylight. The canine subject shows minor paw malformations but remains largely recognizable. Fur textures appear waxy and fine details are softened.
A blue colored dog,stable-diffusion/040-3.png,40,0.564172641693215,0.474884864747237,0.454688230402078,4,4,4,3,2,A close-up digital painting shows a fluffy dog against a blue background. The canine subject displays a stable anatomy with well-defined facial features. Fur textures exhibit significant oversmoothing and a waxy surface appearance.
A blue colored dog,stable-diffusion/040-4.png,40,0.537616917743195,0.536155815303427,0.559322361942632,4,4,4,2,3,A photorealistic close-up of a blue dog against a plain background. The subject displays mismatched eye colors and illegible markings on its collar. Surface textures show excessive smoothing and a waxy appearance.
A blue colored dog,Unidiffuser/040-1.png,40,0.571580579003684,0.54165351799005,0.589177758549037,4,4,4,2,3,A blue puppy sits on a lawn under natural light. Canine anatomy is largely intact despite inconsistent eye detailing. Blue fur texture is flat and lacks micro-detail definition.
A blue colored dog,Unidiffuser/040-2.png,40,0.33839933271412,0.345857321660914,0.374132803696565,3,2,2,1,3,A heavily blurred blue animal-like figure stands on a neutral ground. The subject's structure is obscured by significant smearing and lacks anatomical clarity. Extreme global blur and softened edges dominate the visual field.
A blue colored dog,Unidiffuser/040-3.png,40,0.5890260778752741,0.5728955943456571,0.650321397125047,4,4,2,3,3,A blue dog sits on a textured surface before a wooden fence. The subject has a stable pose but displays simplified anatomy and fused paws. Textures appear uniformly flat and waxy.
A blue colored dog,Unidiffuser/040-4.png,40,0.526045383386734,0.481865045664196,0.58275604456764,3,3,2,3,3,A blue dog sits on a dirt path adjacent to green grass. The animal features malformed hindquarters with distorted limb geometry and fused anatomy. Fur surfaces appear overly smooth with soft edges and background noise.
a sword slicing through a loaf of bread,Controlnet/043-1.png,43,0.516015457937212,0.513833927434848,0.466121746802883,3,3,2,2,2,A grayscale gloved hand holds a knife over a colorful bread loaf. The hand displays fused fingers and an unnatural gripping pose. Surfaces appear waxy and lack sharp micro-detail.
a sword slicing through a loaf of bread,Controlnet/043-2.png,43,0.582599849048388,0.5023149403020539,0.5341118449265521,4,4,3,2,3,"A photorealistic close-up shows a loaf of bread on a wooden board. The bread's top surface features a malformed, fused metallic texture lacking semantic coherence. Surfaces exhibit subtle pseudo-detailing and inconsistent material rendering."
a sword slicing through a loaf of bread,Controlnet/043-3.png,43,0.611041572674611,0.540752802717656,0.5477095131053801,3,3,3,2,3,A photorealistic image of bread and an ornate knife on a grey surface. The knife handle is malformed with fused shapes and the blade has unnatural patterns. Textures appear waxy with softened details and inconsistent reflections.
a sword slicing through a loaf of bread,Controlnet/043-4.png,43,0.566107062660467,0.51392154520083,0.5562615550630801,4,4,4,3,2,A close-up photograph displays sliced bread loaves and knives on a surface. The knives are structurally distorted and illogically fused within the bread. Surfaces exhibit waxy textures and poorly defined object edges.
a sword slicing through a loaf of bread,DALLE/043-1.png,43,0.554881609682329,0.534892971376034,0.506759503866,4,4,4,2,3,A digital illustration shows a sword embedded in a loaf of bread. The subject structure is distorted by unnatural spikes and a malformed interior. Textures are flat and edges show inconsistent line definition.
a sword slicing through a loaf of bread,DALLE/043-2.png,43,0.5500554938815561,0.4526645648776239,0.5839868680721699,4,4,2,2,3,A cartoon-style image depicts a sword stabbed into a slice of bread. The sword hilt and ribbon exhibit warped geometry and malformed shapes. Flat textures are marred by inconsistent blade markings.
a sword slicing through a loaf of bread,DALLE/043-3.png,43,0.580097692230323,0.527162533264857,0.524229480694314,3,3,3,2,1,A cartoon sword and a loaf of bread rest on a white background. The sword exhibits structural distortion with a malformed hilt and split blade. Outlines show subtle aliasing while flat textures remain uniform.
a sword slicing through a loaf of bread,DALLE/043-4.png,43,0.544195066910235,0.537047612783753,0.641743157796481,3,4,2,3,2,A minimalist vector illustration shows a sword piercing a slice of bread. The subject is structurally coherent and semantically clear within its stylized design. Clean edges and flat textures show no dominant local artifact.
a sword slicing through a loaf of bread,Glide/043-1.png,43,0.3775271092772099,0.451367715990687,0.391485330655821,1,1,2,3,1,A blurry close-up captures a slice of porous bread or cheese. The subject is recognizable but contains unnaturally sharp and geometric internal inclusions. Heavy global blur and oversmoothing eliminate fine surface textures.
a sword slicing through a loaf of bread,Glide/043-2.png,43,0.3610671821453159,0.414001589911358,0.387360918825605,1,1,1,2,2,A blurry close-up photograph captures a loaf of bread in warm light. The subject's shape is structurally coherent but lacks readable surface detail. Severe global blur flattens all textures and edges.
a sword slicing through a loaf of bread,Glide/043-3.png,43,0.364528784981037,0.443075156900595,0.4214412479792059,1,2,2,2,1,A close-up view shows several slices of a golden-brown loaf of bread. The subject displays structurally distorted boundaries and a melted crumb texture. Global quality is marred by heavy blur and waxy surfaces.
a sword slicing through a loaf of bread,Glide/043-4.png,43,0.3852552767676869,0.447637239664149,0.402005080222893,2,2,2,2,1,A close-up shows a sliced pretzel-like bread roll on a light surface. The subject contains a semantically distorted interior filled with tangled noodle-like strands. The image exhibits noticeable global blur and softened texture details.
a sword slicing through a loaf of bread,Lafite/043-1.png,43,0.409301592312133,0.394097089089568,0.371613678932557,2,2,2,2,1,A close-up shows a hand holding bread on a white surface. The bread's structure is warped with an unnatural protrusion and fused hand boundaries. Blur and waxy textures obscure frame details.
a sword slicing through a loaf of bread,Lafite/043-2.png,43,0.4312861141626289,0.3876666375806419,0.354553280594395,3,3,2,3,2,A close-up shows a distorted piece of cooked meat on a surface. The meat's anatomy is warped with fused layers and indistinct boundaries. Significant blur and waxy surfaces reduce overall clarity and detail.
a sword slicing through a loaf of bread,Lafite/043-3.png,43,0.360194539385115,0.35226391091673,0.369768952342613,2,2,2,3,2,A close-up shot features a piece of toasted bread on a surface. The subject's form is structurally unstable with fused parts and warped edges. Heavy global blur and softness eliminate fine textural definition.
a sword slicing through a loaf of bread,Lafite/043-4.png,43,0.448792349346407,0.443429965327065,0.417548423344761,2,2,2,1,1,A distorted plucked bird rests on a white cloth in warm light. The subject displays severe anatomical fusion and malformed limb geometry. Significant blur and soft edges degrade global perceptual sharpness.
a sword slicing through a loaf of bread,stable-diffusion/043-1.png,43,0.565703456289108,0.541580953452019,0.600611050572876,4,4,4,2,2,A close-up shows a hand holding a knife over a loaf of bread. The bread's structure is unnaturally smooth and lacks realistic surface definition. Textures exhibit heavy oversmoothing and a pervasive waxy plastic quality.
a sword slicing through a loaf of bread,stable-diffusion/043-2.png,43,0.561991462070207,0.509797827380771,0.549711368339289,4,3,2,3,3,"A sliced loaf of bread and a knife sit on a wooden board. The bread crumb lacks porosity and exhibits a malformed, waxy solid structure. Surfaces exhibit overly smooth flat textures and weak detail."
a sword slicing through a loaf of bread,stable-diffusion/043-3.png,43,0.551160808815902,0.5868852218970251,0.52028877685396,3,3,3,3,2,"A close-up captures a sliced loaf of bread on a wooden board. The knife lacks realistic contact depth, and the handle contains illegible pseudo-text. Surfaces display subtle waxiness and repetitive background textures."
a sword slicing through a loaf of bread,stable-diffusion/043-4.png,43,0.467314910258606,0.441972965494859,0.372111846961142,2,1,2,1,1,A digital painting depicts a fantasy sword against a smoky brown background. The hilt has fused organic shapes and the blade contains a distorted figure. Background textures show oversmoothing and lack fine edge definition.
a sword slicing through a loaf of bread,Unidiffuser/043-1.png,43,0.676146329630393,0.664634847099378,0.562611825877928,3,3,3,3,2,A photorealistic close-up captures a slice of bread and knife on wood. The bread exhibits implausible geometry with a solid interior and oversized crust. Textures appear waxy and oversmoothed with softened definitions.
a sword slicing through a loaf of bread,Unidiffuser/043-2.png,43,0.487902384776176,0.469698146700543,0.5030732545239051,4,4,4,2,3,"A photorealistic close-up shows a silver fish and a slice of cake. The fish exhibits a distorted, blade-like anatomy with malformed fins. Surfaces show mild waxiness and softened edge definition."
a sword slicing through a loaf of bread,Unidiffuser/043-3.png,43,0.407373378359571,0.409168345388575,0.385988701260993,2,2,2,2,1,A blurry image shows a paintbrush and orange objects on a white surface. The brush bristles are smeared and the objects lack clear structural boundaries. Heavy motion blur and soft focus eliminate all fine details.
a sword slicing through a loaf of bread,Unidiffuser/043-4.png,43,0.473850593665452,0.430325403094403,0.391953157373069,3,3,3,1,2,A close-up shows a slice of cake and a black tool on a grey surface. The cake is stable but the black tool's shape and contact are warped. Textures show repetitive patterns and edges lack clarity.
A bowl of soup that looks like a monster with tofu says deep learning,Controlnet/045-1.png,45,0.5738912106768,0.519690363245178,0.5024804683592771,2,3,3,3,2,"A top-down view shows a bowl of soup with a face-like design on wood. The subject is coherent, but the central eye looks artificially placed in the liquid. The soup surface is overly smooth and wood textures repeat."
A bowl of soup that looks like a monster with tofu says deep learning,Controlnet/045-2.png,45,0.562372818466767,0.542424880987084,0.482880010609155,3,3,2,2,1,A top-down view captures a bowl of soup with a faced tofu block. The tofu subject is structurally intact with a coherent facial arrangement. Surfaces show slight oversmoothing and lack intricate textural fidelity.
A bowl of soup that looks like a monster with tofu says deep learning,Controlnet/045-3.png,45,0.65733532389279,0.586866652082173,0.5494869824731601,3,3,4,3,3,A top-down view shows bowls of soup with face-shaped tofu pieces. The tofu subjects are structurally coherent with clear and readable facial features. Textures and edges show no dominant local artifact.
A bowl of soup that looks like a monster with tofu says deep learning,Controlnet/045-4.png,45,0.608693511638843,0.55906099745233,0.478931959275613,4,4,4,3,3,A top-down view shows a bowl of soup with vegetables and a side item. The ingredients form a distorted face with unnatural shapes and spatial layout. Surfaces show mild oversmoothing and lack sharp micro-texture details.
A bowl of soup that looks like a monster with tofu says deep learning,DALLE/045-1.png,45,0.4811563221867599,0.443513383136071,0.480581253179044,3,3,3,3,1,"A cartoon white cup with a sad face sits on a plain background. The subject features distorted facial details and nonsensical, misspelled text overlays. Outlines show aliasing while textures remain flat and lack fine detail."
A bowl of soup that looks like a monster with tofu says deep learning,DALLE/045-2.png,45,0.50772230251713,0.481516178577969,0.458470746544886,3,3,2,3,2,A digital illustration displays a white bowl of red soup on a dark background. The central yellow triangular ingredient features malformed eyes and illegible symbolic markings. Surfaces show flat waxy textures with minimal naturalistic detail.
A bowl of soup that looks like a monster with tofu says deep learning,DALLE/045-3.png,45,0.59037771719589,0.493145550442676,0.485252957830773,4,4,3,3,1,A digital cartoon illustration depicts a faced cup character with text on a black background. The subject's simple geometry and facial features appear structurally coherent and semantically clear. Outlines exhibit minor softening while flat textures remain visually stable.
A bowl of soup that looks like a monster with tofu says deep learning,DALLE/045-4.png,45,0.518080115377771,0.4195588765248079,0.455716825897732,3,3,3,1,1,A digital illustration shows a bowl of soup with a face on a solid background. The subject has a coherent facial structure but contains semantically meaningless text. Sharp edges and flat colors show no dominant artifact.
A bowl of soup that looks like a monster with tofu says deep learning,Glide/045-1.png,45,0.368128891187169,0.421806031050947,0.413208396955025,2,3,2,3,2,A blurry close-up captures a bowl of soup with a drawn face. The facial subject remains readable despite its crude and irregular line work. Heavy blur and oversmoothing dominate the global perceptual quality.
A bowl of soup that looks like a monster with tofu says deep learning,Glide/045-2.png,45,0.395582776225977,0.425556086456637,0.434515814663235,1,2,2,2,1,A close-up photograph depicts a bowl of soup containing a white spoon. The spoon's submerged portion is malformed and merges with the soup contents. Pervasive blurring and softening obscure all texture and edge definition.
A bowl of soup that looks like a monster with tofu says deep learning,Glide/045-3.png,45,0.3409875149667259,0.515953737949284,0.421714586102013,2,2,2,2,2,A close-up view captures a white bowl of green soup with cubed ingredients. The cubed ingredients appear structurally malformed and lack distinct boundaries within the liquid. Global blur and oversmoothing obscure fine texture and edge definition.
A bowl of soup that looks like a monster with tofu says deep learning,Glide/045-4.png,45,0.410555439253908,0.482072129310326,0.412857759460505,2,2,2,2,3,A blurry overhead shot features a white bowl containing brown soup. The ingredients within the soup are indistinct and lack clear structure. Extreme blur eliminates texture and edge definition.
A bowl of soup that looks like a monster with tofu says deep learning,Lafite/045-1.png,45,0.340374420111267,0.369583608882603,0.3863539130791409,1,1,1,1,1,"A blurry close-up shows a white bowl of indistinct food. The food contents are heavily fused into a messy, unrecognizable mass. Severe global blur and oversmoothing destroy fine details and edges."
A bowl of soup that looks like a monster with tofu says deep learning,Lafite/045-2.png,45,0.367346439466145,0.361267267186569,0.376376530446744,2,2,2,1,1,An overhead shot shows a white bowl of messy dessert on a dark surface. The food contents are fused into a structurally ambiguous mass with a central void. Heavy global blur obscures textures and softens all edges.
A bowl of soup that looks like a monster with tofu says deep learning,Lafite/045-3.png,45,0.35996398385219,0.454330013763499,0.3997588572492669,2,2,2,2,3,A white bowl holds a blurry brown mixture on a grey surface. The contents are structurally distorted into an incoherent mass with a central hole. Severe global blur masks all textural details and edge definition.
A bowl of soup that looks like a monster with tofu says deep learning,Lafite/045-4.png,45,0.4198580281543719,0.422840353833653,0.453448120970705,1,1,1,1,2,"A top-down shot shows a white bowl filled with a messy, unidentifiable substance. The subject's internal structure is fused and lacks any recognizable semantic features. Heavy oversmoothing produces waxy, melted textures."
A bowl of soup that looks like a monster with tofu says deep learning,stable-diffusion/045-1.png,45,0.6201682689742349,0.508161356244746,0.528863635183409,3,3,3,2,2,A top-down shot of a monster-faced soup bowl on a wooden tray. The monster face is clearly formed but its features appear fused with the liquid. Textures show subtle waxiness and edges lack sharp definition.
A bowl of soup that looks like a monster with tofu says deep learning,stable-diffusion/045-2.png,45,0.49799523235997,0.506541771513974,0.406663111809954,2,3,2,2,1,A top-down view shows a bowl of orange soup with a white block and two holes. The subject's structure is simplified with a blurry lower region. Textures appear smooth and waxy with softened transitions.
A bowl of soup that looks like a monster with tofu says deep learning,stable-diffusion/045-3.png,45,0.347062635204777,0.3200695375670029,0.344383873737527,1,1,1,1,1,A top-down view shows bowls of soup in a soft painterly style. The subjects are heavily blurred with indistinct shapes and poorly defined boundaries. Oversmoothing flattens textures and obscures all fine details.
A bowl of soup that looks like a monster with tofu says deep learning,stable-diffusion/045-4.png,45,0.553240329762688,0.5249544427819091,0.510795779016187,2,3,2,2,2,Red soup in a blue bowl sits among scattered ingredients on wood. Scattered ingredients show severe distortion with fused parts and implausible shapes. Textures appear waxy with pseudo-details and inconsistent local lighting.
A bowl of soup that looks like a monster with tofu says deep learning,Unidiffuser/045-1.png,45,0.4628397509930489,0.402703871351766,0.378535933887103,3,3,1,2,1,A white bowl of soup contains tofu and a blue pixelated character. The subject is structurally coherent with a clearly recognizable stylized figure. Textures appear slightly flat with softened detail on the liquid surface.
A bowl of soup that looks like a monster with tofu says deep learning,Unidiffuser/045-2.png,45,0.52869020594378,0.518609473630065,0.436077597651473,2,2,3,2,2,A cartoonish character head floats in a black bowl of soup with visible text. The subject's simplified structure is clear and semantically stable despite its surreal context. Waxy surfaces and noisy pseudo-details appear centrally.
A bowl of soup that looks like a monster with tofu says deep learning,Unidiffuser/045-3.png,45,0.461706825505356,0.472366032761898,0.480795642611298,2,2,2,3,2,A blurry orange face-like object floats in a white bowl of liquid. The subject's structure is malformed with fused and indistinct facial features. Extreme global blur and oversmoothing eliminate all visible texture detail.
A bowl of soup that looks like a monster with tofu says deep learning,Unidiffuser/045-4.png,45,0.487543621325998,0.455426439085401,0.454677055087043,3,3,3,2,2,A surreal bread-block robot floats in a cup against a graphic background. The subject exhibits a recognizable but slightly malformed blocky facial assembly. Textures appear oversmoothed and lack fine-grained detail.
a drawing of a series of musical notes wrapped around the Earth,Controlnet/046-1.png,46,0.446466421403164,0.48294182141413,0.520895377220817,4,4,4,3,2,A centered circular sketch contains musical notation and dense symbolic markings. Central symbols and surrounding text are structurally distorted and unreadable. Fine lines display slight softness and inconsistent texture density.
a drawing of a series of musical notes wrapped around the Earth,Controlnet/046-2.png,46,0.576400824383295,0.561192206844159,0.536862357046738,4,4,4,2,2,A central black abstract symbol on a circular lined background in sketch style. The subject's form exhibits fused loops and irregular line weight reducing clarity. Background textures show repetitive patterns and softened edges.
a drawing of a series of musical notes wrapped around the Earth,Controlnet/046-3.png,46,0.517981176738146,0.438811556727647,0.408690489849403,2,2,2,3,2,A large cropped circular symbol is drawn on a textured paper background in ink. The central glyph is clear but contains illegible pseudo-text within its rings. Details show repetitive pseudo-text and softened edge definition.
a drawing of a series of musical notes wrapped around the Earth,Controlnet/046-4.png,46,0.530172946623462,0.47130765503461,0.484299627474798,3,3,3,3,2,A monochrome sketch features a spiral of distorted musical notation on a white field. Musical symbols are structurally malformed with broken staff lines and irregular spacing. Line edges display subtle softness and faint halos across the image.
a drawing of a series of musical notes wrapped around the Earth,DALLE/046-1.png,46,0.49843721966148,0.4402917127001909,0.544159222744917,2,2,2,2,3,A monochrome sketch shows a globe encircled by musical staff lines and notes. Continental shapes and musical symbols are simplified and distorted with messy line work. Heavy graininess and jagged edges degrade the overall visual clarity.
a drawing of a series of musical notes wrapped around the Earth,DALLE/046-2.png,46,0.510269120342641,0.485548122258795,0.5346066308986309,4,3,3,2,3,A monochrome sketch features a globe with music notes and a ribbon. The subject's geography is severely distorted with malformed landmasses and internal scribbles. Inconsistent hatching and softened boundaries degrade the overall line clarity.
a drawing of a series of musical notes wrapped around the Earth,DALLE/046-3.png,46,0.523544881335137,0.440155049153077,0.546513651749648,3,4,1,2,3,A charcoal-style sketch features a globe surrounded by floating musical notes. Continental landmasses are severely distorted with melted borders and incoherent geometry. Sketchy textures show uneven density and lack precise local definition.
a drawing of a series of musical notes wrapped around the Earth,DALLE/046-4.png,46,0.51000625331057,0.447114880697914,0.531332678798624,3,3,3,3,3,A sketch displays a globe surrounded by rings and musical notes. The globe's continental geography is severely distorted and structurally unstable. Repetitive hatching creates flat textures with softened edge definition.
a drawing of a series of musical notes wrapped around the Earth,Glide/046-1.png,46,0.40434600179886,0.460475788956601,0.4521661871112449,2,2,2,2,3,A grayscale sketch features a large round object on a textured background. The subject's structure is mostly stable but features unreadable markings on its equator. Lines show softness and inconsistent density across the entire composition.
a drawing of a series of musical notes wrapped around the Earth,Glide/046-2.png,46,0.339405163630187,0.332213617342169,0.304766707491358,1,1,1,1,1,A high-key abstract image displays indistinct blue and white organic shapes. The central forms are structurally incoherent and lack semantic readability. Heavy oversmoothing results in flat textures and undefined boundaries throughout.
a drawing of a series of musical notes wrapped around the Earth,Glide/046-3.png,46,0.395839438838689,0.438902799764971,0.4177452676463229,2,2,1,2,1,A pencil sketch illustrates a central jagged void with radiating linear cracks. The subject's radial layout is clear though crack paths are slightly erratic. Strokes show consistent softness and lack high-frequency textural detail.
a drawing of a series of musical notes wrapped around the Earth,Glide/046-4.png,46,0.341195511224227,0.3974416829022379,0.350081831536936,1,1,1,1,1,Two faint circular sketches appear on a white background in high-key style. The subjects are structurally vague and semantically unreadable from low contrast. The image exhibits severe overexposure and lacks discernible texture or edges.
a drawing of a series of musical notes wrapped around the Earth,Lafite/046-1.png,46,0.420866064223811,0.44485122148149,0.428547742933915,2,2,2,1,1,A monochromatic sketch displays a map of islands and ships on parchment. Illegible pseudo-text and distorted shapes compromise the subject's semantic clarity. Heavy grain and smudged textures obscure local details.
a drawing of a series of musical notes wrapped around the Earth,Lafite/046-2.png,46,0.421817538068306,0.411484748255584,0.4200945326209819,1,1,1,1,3,A monochromatic sketch depicts an abstract map-like landmass on a textured surface. The subject's internal geography is fragmented and contains only illegible pseudo-text. Global quality suffers from oversmoothing and weak edge definition.
a drawing of a series of musical notes wrapped around the Earth,Lafite/046-3.png,46,0.392654576836039,0.4141504747789439,0.422131118087589,2,1,2,1,1,A monochromatic sketch depicts multiple ships on a textured surface from above. Vessel structures are fragmented and semantically confused with illegible markings nearby. Textures appear waxy with softened edges and inconsistent local detail.
a drawing of a series of musical notes wrapped around the Earth,Lafite/046-4.png,46,0.388075232186566,0.377047681267883,0.412998671250828,1,2,3,1,1,A monochromatic sketch-style map on a textured parchment background. The subject features illegible pseudo-text and distorted geographical geometry. Textures exhibit uneven lighting and lack sharp micro-detail definition.
a drawing of a series of musical notes wrapped around the Earth,stable-diffusion/046-1.png,46,0.4762455407253,0.462155794302501,0.455285351030057,4,4,3,2,2,A monochromatic ink-style drawing depicts a spiral vortex of musical notation. The subject's symbolic components are fused and lack semantic readability. Textures appear flat with softened details and inconsistent line weights.
a drawing of a series of musical notes wrapped around the Earth,stable-diffusion/046-2.png,46,0.505281997880747,0.47946200734619,0.472994592334485,3,3,3,2,1,A stylized white glyph is centered in a textured circle on a dark background. The subject's abstract loops are coherent but semantically unclear and geometrically ambiguous. Fine background lines show uneven spacing and subtle edge softening.
a drawing of a series of musical notes wrapped around the Earth,stable-diffusion/046-3.png,46,0.495794418171554,0.477049008060046,0.434398520499506,3,4,2,3,1,A sketched musical note with concentric circles on a brown textured background. The abstract symbol is structurally coherent with clear lines and readable geometry. Background textures show subtle repetitive patterns.
a drawing of a series of musical notes wrapped around the Earth,stable-diffusion/046-4.png,46,0.49368698477987,0.4588819921652329,0.45672817614835,2,1,1,3,1,A dense sketch of malformed musical notation symbols covers the frame. The subject's structure is fused and lacks semantic readability as music. Edges show softened detail and a flat texture.
a drawing of a series of musical notes wrapped around the Earth,Unidiffuser/046-1.png,46,0.527301207298254,0.488217038962325,0.452800151209518,3,2,2,1,1,A vintage-style illustrated globe is overlaid with black lines and symbols. Continental shapes are recognizable but show warped geometry and illegible calligraphy. Dense stippling produces a noisy texture throughout the composition.
a drawing of a series of musical notes wrapped around the Earth,Unidiffuser/046-2.png,46,0.506779037539023,0.457452300087604,0.484049013891578,3,3,3,2,3,A textured painting shows a warped musical staff over a map of Earth. Musical notes are malformed and the staff lines lack structural consistency. Heavy pseudo-detail textures obscure fine edges across the entire frame.
a drawing of a series of musical notes wrapped around the Earth,Unidiffuser/046-3.png,46,0.5060492718173379,0.458879352716767,0.4972612510964079,4,4,3,2,3,"A stylized blue orb with musical notation faces a dark background and pattern. Musical symbols are structurally loose and semantically ambiguous, and the side pattern repeats. Textures show flatness and soft edges with noticeable tiling."
a drawing of a series of musical notes wrapped around the Earth,Unidiffuser/046-4.png,46,0.452223842446367,0.450398781262578,0.4322060242392179,1,1,1,1,1,"A large, faintly sketched abstract form sits on a textured paper background. The subject lacks clear semantic definition and has a vague, incoherent structure. Extreme low contrast and pervasive noise soften all details."
A large city fountain that has milk instead of water. Several cats are leaning into the fountain.,Controlnet/048-1.png,48,0.518113418809938,0.539923274151795,0.446793583251806,3,3,4,3,2,A photorealistic image shows a park fountain with a black cat statue on top. The fountain base and water jets exhibit malformed shapes and inconsistent physics. Oversmoothed textures and pseudo-details degrade visual fidelity.
A large city fountain that has milk instead of water. Several cats are leaning into the fountain.,Controlnet/048-2.png,48,0.5234775194943839,0.526835690766344,0.510020898903667,3,3,3,2,2,A fluffy cat perches on the edge of a sunlit stone fountain. The subject's body is a malformed furry mass lacking clear limb definition. Textures display waxy smoothing and blurry inconsistent details.
A large city fountain that has milk instead of water. Several cats are leaning into the fountain.,Controlnet/048-3.png,48,0.527266216792877,0.4821907558592,0.469686536643471,3,3,4,2,2,A photorealistic image captures a cat observing a surreal fountain in a plaza. The fountain's central structures are malformed and lack coherent geometric integration. Background architecture exhibits heavy oversmoothing and melted fine details.
A large city fountain that has milk instead of water. Several cats are leaning into the fountain.,Controlnet/048-4.png,48,0.407294411573295,0.392229550640911,0.4562526504716179,4,4,4,2,2,"A photorealistic image depicts several cats gathered near a large public fountain. The central white cat has malformed eyes and a distorted facial structure. Global quality suffers from oversmoothing and flat, pseudo-realistic textures."
A large city fountain that has milk instead of water. Several cats are leaning into the fountain.,DALLE/048-1.png,48,0.512187350929916,0.480499589344792,0.440838263866424,4,4,3,2,2,Several cats gather around a large circular tiled fountain in daylight. The foreground cat displays severe facial distortion and anatomical inconsistencies. Textures appear waxy and edges lack sharp definition.
A large city fountain that has milk instead of water. Several cats are leaning into the fountain.,DALLE/048-2.png,48,0.559503557812025,0.53404612704264,0.517453899217078,3,3,2,3,2,A photorealistic image shows a dog's head fused with a white wooden structure. The canine subject displays severe anatomical distortion as its malformed head fuses with the frame. Textures show waxy smoothing and inconsistent detail.
A large city fountain that has milk instead of water. Several cats are leaning into the fountain.,DALLE/048-3.png,48,0.560992812372881,0.509403908887233,0.485039937815355,4,4,4,3,2,Three cats gather around a weathered outdoor concrete fountain. The feline subjects exhibit fused tails and malformed body structures. Ground textures show slight oversmoothing and lack sharp edge definition.
A large city fountain that has milk instead of water. Several cats are leaning into the fountain.,DALLE/048-4.png,48,0.578874392070293,0.542797689941746,0.4646342256152549,4,4,4,3,2,Several distorted feline figures occupy a sunlit stone fountain scene. The central subject is a malformed fused mass lacking coherent anatomical structure. Fur textures appear waxy and edges lack sharp definition.
A large city fountain that has milk instead of water. Several cats are leaning into the fountain.,Glide/048-1.png,48,0.397228726770844,0.414568412352586,0.428321034491495,2,2,2,2,1,A blurry close-up depicts a malformed white ceramic toilet in a garden. The subject suffers from extreme geometric warping and fused structural elements. Severe global blur flattens textures and destroys fine detail.
A large city fountain that has milk instead of water. Several cats are leaning into the fountain.,Glide/048-2.png,48,0.4056278357606859,0.4432885326512369,0.413553279171982,1,2,3,2,1,A blurry white abstract fountain stands in an outdoor park setting. The central subject lacks clear definition and shows fused structural elements. Heavy blur flattens textures and destroys edge definition.
A large city fountain that has milk instead of water. Several cats are leaning into the fountain.,Glide/048-3.png,48,0.3795839543976539,0.405948912963521,0.415359002019015,2,3,3,2,2,"Two blurred white bird sculptures sit on pedestals in a garden. The right sculpture exhibits a malformed base with fused, confusing geometry. Severe global softness eliminates texture detail and sharp edges throughout."
A large city fountain that has milk instead of water. Several cats are leaning into the fountain.,Glide/048-4.png,48,0.394177281978002,0.444036964773801,0.431609264219993,2,3,2,2,2,A blurry photograph captures a stylized stone fountain within a city environment. The central subject retains basic geometric stability but exhibits unnatural surface smoothness. Widespread softness obscures background details and flattens surface textures.
A large city fountain that has milk instead of water. Several cats are leaning into the fountain.,Lafite/048-1.png,48,0.3590206737777929,0.429286596273045,0.438068836806037,2,2,2,2,1,A distorted tabby cat sits in an outdoor fountain under bright daylight. The subject's facial features are malformed and fused with the water basin structure. Global oversmoothing and background melting obscure all fine textural details.
A large city fountain that has milk instead of water. Several cats are leaning into the fountain.,Lafite/048-2.png,48,0.4315509106071969,0.426652956861926,0.412064621796342,2,1,2,2,2,A cluster of distorted animal figures stands within a public fountain. The subjects are structurally unstable with fused bodies and ambiguous features. Heavy global blur and noise mask any remaining textural definition.
A large city fountain that has milk instead of water. Several cats are leaning into the fountain.,Lafite/048-3.png,48,0.403767173245572,0.401920628353511,0.4185118468998089,2,2,2,1,3,Blurry cat-like forms rest in a sunlit urban park fountain. Subjects show extreme structural fusion where bodies merge with the water. Severe global blur and lack of edge definition degrade clarity.
A large city fountain that has milk instead of water. Several cats are leaning into the fountain.,Lafite/048-4.png,48,0.412000699339773,0.448566003598798,0.439346301464162,3,3,4,2,3,A blurry park scene shows several severely distorted cats in a basin. The feline subjects exhibit extreme head fusion and broken anatomical structure. Global oversmoothing and melting artifacts destroy texture and edge clarity.
A large city fountain that has milk instead of water. Several cats are leaning into the fountain.,stable-diffusion/048-1.png,48,0.526355639113196,0.542861010958421,0.457830420120875,4,4,2,2,2,A daylight scene features a tiered fountain with multiple cat statues. The feline subjects show distorted anatomy with simplified forms and elongated tails. Textures appear smooth and lack fine surface detail.
A large city fountain that has milk instead of water. Several cats are leaning into the fountain.,stable-diffusion/048-2.png,48,0.583238382007201,0.539586181733972,0.438611266571816,3,3,3,2,1,A distorted striped cat sits on a stone fountain in a sunny park. The subject exhibits severe facial malformation and inconsistent body proportions. Textures show pseudo-detailing and repetitive patterns across the stone surfaces.
A large city fountain that has milk instead of water. Several cats are leaning into the fountain.,stable-diffusion/048-3.png,48,0.417195380850028,0.510322317975745,0.402967082485307,2,3,3,2,1,A heavily blurred multi-tiered fountain is the focus of a nighttime scene. The fountain remains recognizable despite its lack of defined geometry and sharp contours. Pervasive oversmoothing creates a waxy appearance and removes all high-frequency detail.
A large city fountain that has milk instead of water. Several cats are leaning into the fountain.,stable-diffusion/048-4.png,48,0.515058248118657,0.5133767255230101,0.496765147138112,4,4,4,2,2,"Two cats sit by a large tiered fountain in an urban plaza. The central cat's face is malformed with fused features, and the other has distorted eyes. Details show oversmoothing, flat textures, and static water effects."
A large city fountain that has milk instead of water. Several cats are leaning into the fountain.,Unidiffuser/048-1.png,48,0.360776457362321,0.42000412288176,0.445335183187422,1,1,2,1,2,A large outdoor fountain stands before trees in bright daylight. The fountain structure and surrounding details are severely warped and semantically unclear. Global oversmoothing results in flat textures and weak edge definition throughout.
A large city fountain that has milk instead of water. Several cats are leaning into the fountain.,Unidiffuser/048-2.png,48,0.566914334138111,0.557959602513929,0.483472338813235,4,4,4,2,2,A photorealistic urban plaza features a central fountain with abstract sculptures. The fountain's base components are structurally warped and semantically confusing. Background figures exhibit melting while textures show general oversmoothing.
A large city fountain that has milk instead of water. Several cats are leaning into the fountain.,Unidiffuser/048-3.png,48,0.51631410184354,0.423224401078881,0.4839548013109799,3,3,3,1,2,"An urban plaza features a central fountain surrounded by distorted black animal sculptures. The sculptures exhibit malformed anatomy with fused limbs and broken structural coherence. Global quality suffers from oversmoothing, flat textures, and softened edge definition."
A large city fountain that has milk instead of water. Several cats are leaning into the fountain.,Unidiffuser/048-4.png,48,0.5325982388563419,0.520594535028434,0.519273025129017,3,3,3,2,2,"A warped metallic fountain stands in an urban park with small animals nearby. The fountain structure is severely melted and lacks coherent geometric stability. Background details show heavy oversmoothing and flat, waxy textures."
A photo of a panda made of water.,Controlnet/050-1.png,50,0.593348081236122,0.567589742695083,0.528978109283869,3,3,3,2,3,A photorealistic giant panda sits in shallow water facing the camera. The subject displays structural instability in the paw digits and nasal region. Global fur texture appears waxy with softened edge definition.
A photo of a panda made of water.,Controlnet/050-2.png,50,0.6311183889261069,0.556483169887549,0.502261403535854,2,3,3,3,2,A photorealistic close-up portrait of a giant panda in green water. The subject's facial fur is malformed into spiky textures and its claws look unnaturally sharp. Details show pseudo-texture artifacts and inconsistent surface material properties.
A photo of a panda made of water.,Controlnet/050-3.png,50,0.577398092078911,0.5390410193004019,0.464971636095046,4,4,3,3,2,A photorealistic giant panda stands in shallow water near a rocky bank. The panda shows semantic flaws including blue eyes and a malformed jaw. Global fur textures appear waxy and suffer from significant oversmoothing.
A photo of a panda made of water.,Controlnet/050-4.png,50,0.549645636000188,0.520306435027904,0.469897229328252,4,4,4,2,1,"A photorealistic close-up shows a giant panda leaning on a wooden log. The subject is clear, but the shoulder features a confusing, fused pseudo-water texture. Details show slight oversharpening and waxy textures."
A photo of a panda made of water.,DALLE/050-1.png,50,0.462694087120222,0.434890526154182,0.548618311504801,1,3,2,3,1,A monochrome digital artwork depicts a panda face surrounded by splashing water. The subject's facial structure is heavily distorted and fused with the liquid. Textures show flatness and inconsistent edge clarity.
A photo of a panda made of water.,DALLE/050-2.png,50,0.528633378324787,0.5319468541558691,0.590525235461668,4,3,2,2,3,A monochrome close-up shows a panda face formed by liquid droplets on a surface. The subject is recognizable but structurally distorted with malformed features and inconsistent geometry. Reflections look unnatural and some edges lack sharp definition.
A photo of a panda made of water.,DALLE/050-3.png,50,0.480089404893009,0.460336283957888,0.5605016459382199,3,2,2,2,2,A photorealistic close-up captures a panda face behind a central water splash. The panda face is coherent while the splash exhibits unnatural structural fusion. Textures show slight waxiness and softened edge definitions.
A photo of a panda made of water.,DALLE/050-4.png,50,0.4629065528444709,0.398507231635999,0.4713781106056809,2,3,2,1,2,A close-up shows a distorted panda head within a block of ice. The subject's facial structure is severely malformed with fragmented and unrecognizable features. Textures appear overly smoothed with inconsistent lighting and weak edges.
A photo of a panda made of water.,Glide/050-1.png,50,0.41752344956067,0.428161525497358,0.399232299499594,2,3,2,2,2,A stylized 3D panda stands in profile against a blue background. The subject exhibits simplified anatomy and noisy texture in dark regions. Heavy blur and flat textures obscure fine details across the frame.
A photo of a panda made of water.,Glide/050-2.png,50,0.373459321919,0.425484764064023,0.47607437091525,2,3,2,2,2,"A blurry close-up captures a panda head behind a reflective surface. The subject's head is stable while its lower anatomy is warped and fused. Global blur, noise, and waxy textures dominate the frame."
A photo of a panda made of water.,Glide/050-3.png,50,0.456350863959909,0.4931535728478829,0.497612299797669,2,3,2,2,3,A distorted panda-like figure melts into streaks against a green background. The subject's lower body is severely malformed and structurally broken. Heavy blur and waxy textures degrade the global perceptual clarity.
A photo of a panda made of water.,Glide/050-4.png,50,0.417143708721457,0.435696425565049,0.408132275727012,2,2,2,3,2,"A stylized panda figure sits in water before a green backdrop. The subject has a distorted face with strange chin growths and missing limbs. Visual quality is degraded by blur and flat, waxy surface rendering."
A photo of a panda made of water.,Lafite/050-1.png,50,0.389852192497244,0.4128779383618999,0.446948226456533,1,1,1,1,1,A close-up shows a distorted polar bear head emerging from water. The subject features a severely malformed face with fused eyes and warped structure. Waxy textures and soft focus reduce the overall clarity.
A photo of a panda made of water.,Lafite/050-2.png,50,0.407893902088566,0.415383863739546,0.445995911814209,2,2,2,1,1,A close-up image shows a polar bear emerging from murky water. The subject's face is severely distorted with misaligned eyes and warped geometry. Heavy blur and oversmoothing reduce texture clarity throughout the scene.
A photo of a panda made of water.,Lafite/050-3.png,50,0.358884382702684,0.34870329945945,0.358167987922603,4,4,4,3,1,A close-up image depicts a polar bear's head emerging from water. The subject displays severe facial malformation with multiple eyes and warped anatomy. Textures appear waxy and lack sharp detail across the frame.
A photo of a panda made of water.,Lafite/050-4.png,50,0.369076141544138,0.3961295853551639,0.371902291230725,3,2,3,1,1,A close-up view shows a white furry animal head in water. The subject's face is severely distorted with fused eyes and malformed features. Heavy blur and waxy textures obscure all fine details.
A photo of a panda made of water.,stable-diffusion/050-1.png,50,0.593270387562867,0.611672240314482,0.481688672988392,4,4,4,3,1,A photorealistic giant panda sits in shallow water facing forward. The subject's structure is stable despite minor paw malformation and facial asymmetry. Fur textures look waxy with softened details and low-resolution background.
A photo of a panda made of water.,stable-diffusion/050-2.png,50,0.556886704044831,0.550670355087422,0.550551778094162,4,4,4,3,2,A photorealistic giant panda sits in green water before a concrete wall. The panda is recognizable despite malformed and fused digits on its front paws. Fur surfaces show excessive smoothing and lack sharp detail.
A photo of a panda made of water.,stable-diffusion/050-3.png,50,0.530243211363818,0.5351558801819291,0.427689367957125,3,3,3,3,2,A photorealistic giant panda wades through shallow water near a grassy bank. The panda's facial anatomy is distorted featuring unnatural blue eyes and a malformed muzzle. Textures appear oversmoothed with significant background detail loss.
A photo of a panda made of water.,stable-diffusion/050-4.png,50,0.411342678064638,0.431151992551385,0.40766045618553,4,4,4,3,2,A blurry close-up shows a panda's head behind vertical bars with water droplets. The subject is heavily distorted with a fused body and unclear facial anatomy. Global blur and waxy textures reduce detail clarity.
A photo of a panda made of water.,Unidiffuser/050-1.png,50,0.569656147895293,0.485105730938662,0.395050173808993,4,4,4,3,3,A malformed panda sculpture floats in a pool before a rocky waterfall. The subject exhibits severe structural fusion and lacks coherent limb anatomy. Global textures appear waxy and blurred with weak edge definition.
A photo of a panda made of water.,Unidiffuser/050-2.png,50,0.5577891608366901,0.614852474028299,0.512433676994658,4,4,4,3,2,"A photorealistic close-up of a giant panda cub swimming in a pool. The subject's face is recognizable, but the waterline interface is slightly malformed. Global sharpness is low with flat and smooth textures."
A photo of a panda made of water.,Unidiffuser/050-3.png,50,0.476827382511641,0.464218427782578,0.436458132556211,3,3,2,2,3,A photorealistic panda sits in green water against a stone wall backdrop. The panda's face contains structurally unstable eyes and a flattened muzzle. Image exhibits pervasive smoothing and lacks fine textural definition.
A photo of a panda made of water.,Unidiffuser/050-4.png,50,0.368193656896059,0.434352492433236,0.4339142820677489,2,2,2,2,3,A centered frontal portrait of a panda against a green background. The subject's facial features and body boundaries are severely blurred and lack definition. Global oversmoothing removes all texture and edge detail.
"a portrait of a man wearing sunglasses and a business suit, painting in pop art style",Controlnet/051-1.png,51,0.577507627168232,0.505069541087651,0.587344574709302,4,4,4,3,3,"A stylized pop-art portrait features a man with green hair and sunglasses. Facial anatomy is stable, but the beard region suffers from semantic confusion. Noisy pseudo-details and repetitive backgrounds affect textural consistency."
"a portrait of a man wearing sunglasses and a business suit, painting in pop art style",Controlnet/051-2.png,51,0.561916988915575,0.519514638238274,0.563946103797017,3,3,3,3,3,A pop-art style illustration depicts men in suits and large sunglasses. The primary facial structure exhibits subtle warping and waxy skin textures. Dense halftone dot patterns create a repetitive texture across the composition.
"a portrait of a man wearing sunglasses and a business suit, painting in pop art style",Controlnet/051-3.png,51,0.509460023056816,0.459698649293283,0.44592558393699,3,3,4,3,3,A stylized pop-art close-up portrait of a man in sunglasses. Facial anatomy is heavily distorted with misaligned features and malformed ears. Thick black contours show jittery edges and inconsistent stroke weight.
"a portrait of a man wearing sunglasses and a business suit, painting in pop art style",Controlnet/051-4.png,51,0.55619591236757,0.494112999687318,0.530542640612714,3,3,3,3,3,A vibrant pop-art portrait depicts a face in white sunglasses against a colorful gradient. The facial structure is recognizable but shows distorted features and inconsistent outlines. Heavy grain and wobbly edges affect perceptual quality.
"a portrait of a man wearing sunglasses and a business suit, painting in pop art style",DALLE/051-1.png,51,0.6332767363499809,0.625644046255597,0.630215835822781,3,3,3,3,3,"A stylized pop-art portrait depicts a man in a suit and sunglasses. Facial structure is coherent while hand details appear malformed and ambiguous. Image exhibits flat textures, harsh color transitions, and jagged edge artifacts."
"a portrait of a man wearing sunglasses and a business suit, painting in pop art style",DALLE/051-2.png,51,0.611463419814255,0.627074501744183,0.6321961420027999,4,4,4,3,3,"A pop-art portrait depicts a suited man against a vibrant geometric background. The subject's form is stable, although the necktie exhibits significant color fusion. Sharp vector lines emphasize flat, slightly inconsistent fabric shading."
"a portrait of a man wearing sunglasses and a business suit, painting in pop art style",DALLE/051-3.png,51,0.530299682244336,0.508982636521625,0.572174545608924,4,4,4,3,3,"A stylized pop art portrait shows a man in sunglasses against a blue background. The face and hand exhibit distorted anatomy and unnatural part fusion. Aggressive posterization produces flat textures and sharp, jagged boundary artifacts."
"a portrait of a man wearing sunglasses and a business suit, painting in pop art style",DALLE/051-4.png,51,0.5334868048854841,0.486944634199299,0.544235020744902,2,3,3,2,3,"A pop-art portrait shows a man in a purple suit and sunglasses. The subject's face is stable, but the hand is structurally distorted. Heavy grain and noisy textures degrade the global clarity."
"a portrait of a man wearing sunglasses and a business suit, painting in pop art style",Glide/051-1.png,51,0.41925933748293,0.363762669564211,0.3692476086750009,2,2,1,2,1,A blurry monochrome sketch shows a distorted mask-like object on a white background. The subject exhibits malformed eye regions and fused structural components. Severe blurring eliminates fine texture and edge definition.
"a portrait of a man wearing sunglasses and a business suit, painting in pop art style",Glide/051-2.png,51,0.421723671066957,0.411342140119474,0.354121511538074,2,2,2,2,1,"A blurry black sunglasses silhouette is centered on a white background. The subject shows severe structural distortion with thick, warped, and indistinct frames. Heavy blurring and aliasing artifacts degrade overall sharpness and texture quality."
"a portrait of a man wearing sunglasses and a business suit, painting in pop art style",Glide/051-3.png,51,0.344195629851832,0.362739586070771,0.357004465015985,3,3,2,3,1,A pair of dark blue sunglasses sits on a white background. The subject's structure is recognizable but severely blurred and lacks detail. Global oversmoothing eliminates all texture and edge definition.
"a portrait of a man wearing sunglasses and a business suit, painting in pop art style",Glide/051-4.png,51,0.383773946327604,0.422618290739994,0.383671500508394,4,4,4,3,2,A frontal digital illustration of colorful cartoon sunglasses on a white background. The eyewear frames exhibit malformed geometry and fused temple connections. Significant blur and softened edge definition degrade overall clarity.
"a portrait of a man wearing sunglasses and a business suit, painting in pop art style",Lafite/051-1.png,51,0.472177476016759,0.415778053215866,0.498845588280829,3,4,4,3,3,A stylized portrait shows a suited man in sunglasses on a yellow background. The subject’s face is severely distorted with malformed features and inconsistent anatomy. Waxy textures and ghostly text artifacts reduce visual clarity.
"a portrait of a man wearing sunglasses and a business suit, painting in pop art style",Lafite/051-2.png,51,0.477557836741227,0.46908695836319,0.494770919608575,2,2,1,2,3,A stylized digital portrait shows a suited man in sunglasses against a yellow background. The subject's facial structure is distorted with malformed ears and unnatural eye regions. Rendering exhibits waxy textures and softened edge definition.
"a portrait of a man wearing sunglasses and a business suit, painting in pop art style",Lafite/051-3.png,51,0.424987565975199,0.393938654859309,0.466696235226538,4,4,4,3,3,A stylized portrait shows a suited man with sunglasses on a yellow background. The subject has severe facial distortion with malformed ears and warped mouth. Edges show aliasing and textures appear flat with smoothing.
"a portrait of a man wearing sunglasses and a business suit, painting in pop art style",Lafite/051-4.png,51,0.482424367597828,0.430098095195297,0.490889353593261,2,2,1,1,3,A stylized portrait shows a suited man in sunglasses against a yellow background. The subject exhibits severe facial distortion with malformed ears and unnatural geometry. Waxy textures and flat lighting affect global perceptual stability.
"a portrait of a man wearing sunglasses and a business suit, painting in pop art style",stable-diffusion/051-1.png,51,0.595393361322601,0.521646776914252,0.583284463454663,4,4,3,3,3,A pop-art vector portrait depicts a man in a red suit and sunglasses. The stylized face maintains structural coherence and clear semantic readability despite simplification. Clean edges and solid color fills show no dominant local artifact.
"a portrait of a man wearing sunglasses and a business suit, painting in pop art style",stable-diffusion/051-2.png,51,0.536563427112941,0.498886811748206,0.5187188688579409,3,3,3,3,1,An expressionist oil painting depicts multiple men wearing glasses in a tight close-up. The subject faces are stylistically warped but remain structurally coherent and semantically readable. Rich textures and sharp edges show no dominant local artifacts.
"a portrait of a man wearing sunglasses and a business suit, painting in pop art style",stable-diffusion/051-3.png,51,0.528102142072738,0.506060365573768,0.5583858825707609,4,4,3,3,3,A close-up pop-art portrait depicts a man in a suit and sunglasses. The subject's facial structure is distorted with an unnatural jawline and neck transition. Flat textures show noise and outlines exhibit slight aliasing.
"a portrait of a man wearing sunglasses and a business suit, painting in pop art style",stable-diffusion/051-4.png,51,0.545268749900211,0.565279309164271,0.548791979868854,4,4,4,3,3,A pop-art illustration of a face in sunglasses on a dark background. Facial structure remains stable and semantically clear despite heavy stylistic abstraction. Bold outlines and flat textures show no dominant local artifact.
"a portrait of a man wearing sunglasses and a business suit, painting in pop art style",Unidiffuser/051-1.png,51,0.605338778888799,0.5445513642969749,0.578710162517819,3,3,3,3,3,"A pop-art style portrait of a man with glasses on a solid background. The facial structure is clear, but the glasses contain distorted and fused details. Flat colors and sharp edges show no dominant local artifact."
"a portrait of a man wearing sunglasses and a business suit, painting in pop art style",Unidiffuser/051-2.png,51,0.609193770868381,0.6194867498113831,0.607257274283288,4,4,4,2,3,A vibrant pop-art portrait of a man in sunglasses and a suit. The subject's hairline and jawline are distorted by overlapping graphic elements. Textures appear grainy with inconsistent edge sharpness throughout.
"a portrait of a man wearing sunglasses and a business suit, painting in pop art style",Unidiffuser/051-3.png,51,0.603037782174129,0.5764642189208931,0.604819080737389,4,4,4,3,3,"A stylized pop-art portrait of a man in a suit and sunglasses. The face is recognizable, but the necktie area is structurally broken and confusing. Background textures contain noisy pseudo-details and edges show minor aliasing."
"a portrait of a man wearing sunglasses and a business suit, painting in pop art style",Unidiffuser/051-4.png,51,0.387501342920976,0.429184034499807,0.506774303908392,1,2,2,2,3,A stylized portrait of a man in sunglasses against a vibrant abstract background. Vertical smearing significantly distorts the subject's facial structure and semantic clarity. Heavy directional blur flattens textures and obscures edges.
a cartoon of a train going to the moon,Controlnet/052-1.png,52,0.538541910333097,0.4993858541515459,0.550536885663072,4,4,4,2,3,A whimsical cartoon train sits on tracks under a large moon and planet. The subject features gibberish text and slightly malformed wheels and background structures. Global graininess and flat textures reduce overall perceptual clarity.
a cartoon of a train going to the moon,Controlnet/052-2.png,52,0.520474462889427,0.511254454299661,0.5197027505836079,4,4,4,2,2,A stylized red locomotive sits on tracks under a starry sky. The train's structure is distorted with malformed wheels and an ambiguous front. Repetitive hatching patterns create artificial texture across the background.
a cartoon of a train going to the moon,Controlnet/052-3.png,52,0.5829860864645859,0.521737811586491,0.560898627716463,2,3,4,3,3,A stylized illustration shows a train on a textured landscape under a large moon. The train is recognizable but has malformed wheels and fused structural components. Repetitive textures and mechanical pseudo-details reduce the overall visual clarity.
a cartoon of a train going to the moon,Controlnet/052-4.png,52,0.517089211897922,0.491491177249642,0.515694644709004,3,3,3,2,2,A stylized illustration shows a yellow bird-like vehicle under a celestial dome. The subject is recognizable but features fused mechanical parts and illegible symbols. Softened textures and inconsistent line weights affect visual crispness.
a cartoon of a train going to the moon,DALLE/052-1.png,52,0.528595448231691,0.5213689425528689,0.567329986476373,3,4,2,3,3,A cartoon train sits on tracks under a large moon and purple sky. The stylized locomotive and car show coherent geometry and clear semantic readability. Outlines show slight aliasing and flat textures.
a cartoon of a train going to the moon,DALLE/052-2.png,52,0.56366859429554,0.507179973593603,0.5431215172199709,4,4,2,3,2,A cartoon train sits on tracks under a large moon and stars. The train's wheels and connectors are malformed and lack structural coherence. Edges show aliasing and textures remain flat.
a cartoon of a train going to the moon,DALLE/052-3.png,52,0.548987745039447,0.471092609157473,0.52084448919379,4,4,4,3,3,"A cartoon train travels on tracks under a large moonlit night sky. The locomotive's front is a malformed, fused mass lacking clear definition. Textures appear flat and edges show inconsistent local definition throughout."
a cartoon of a train going to the moon,DALLE/052-4.png,52,0.565556732583653,0.569050843531551,0.542419872460579,4,4,2,3,2,An orange cartoon train sits on tracks before a massive yellow moon. The subject is readable though wheel geometry and rail contact appear simplified and fused. Flat colors and slightly aliased outlines characterize the rendering.
a cartoon of a train going to the moon,Glide/052-1.png,52,0.414017127191402,0.4128074238153379,0.447561403067864,3,3,3,2,2,A sketch-style image shows a subway train on a track from an angle. The train's structure is distorted with malformed windows and warped body panels. Messy line work and unclear boundaries reduce visual definition.
a cartoon of a train going to the moon,Glide/052-2.png,52,0.38528426063088,0.441040305391886,0.4480667005358419,4,4,2,3,3,A minimalist line drawing depicts a cropped train under a floating circle. The train's form is clear but marred by shaky geometry and symbols. Outlines display uneven thickness and lack precise technical rendering.
a cartoon of a train going to the moon,Glide/052-3.png,52,0.406037788077129,0.404932234920833,0.37491178576026,1,2,1,1,1,Indistinct yellow shapes hover in a deep blue sky above a roofline. The central objects are malformed and lack coherent structural boundaries or form. Severe global blur obscures all textures and fine details.
a cartoon of a train going to the moon,Glide/052-4.png,52,0.42551473219129,0.414744154196889,0.475066507549586,2,3,2,2,3,"A high-contrast graphic illustration shows a frontal view of a stylized train. The subject's structure is simplified and abstracted, with ambiguous details at its base. Textures are flat and edges exhibit aliasing throughout the composition."
a cartoon of a train going to the moon,Lafite/052-1.png,52,0.3745930800452,0.418089780271465,0.50829674823919,2,3,2,2,3,"A sci-fi vehicle sits on tracks in a snowy, starlit landscape. The subject's mechanical structure is severely distorted with fused parts and warped geometry. Global textures appear oversmoothed with weak edge definition and flat surface details."
a cartoon of a train going to the moon,Lafite/052-2.png,52,0.409478851501971,0.4078730835270769,0.485035258386858,3,1,1,1,1,A futuristic vehicle rests on tracks under a large celestial body. The vehicle structure is malformed with fused sections and indistinct details. Textures are heavily smoothed and waxy with blurred edge definition.
a cartoon of a train going to the moon,Lafite/052-3.png,52,0.464100349858822,0.483553617112396,0.489708508126769,2,3,2,3,2,A futuristic vehicle occupies a snowy landscape under a starry night sky. The subject exhibits fused geometry and lacks clear structural definition between components. Global textures appear grainy and fine details show pervasive softening.
a cartoon of a train going to the moon,Lafite/052-4.png,52,0.4372985644801819,0.433577324452341,0.493738369956649,3,2,3,2,2,"A vehicle sits on a barren landscape under a starry night sky. The subject has a malformed, fused structure with indistinct mechanical boundaries. Global textures exhibit heavy oversmoothing and a lack of fine detail."
a cartoon of a train going to the moon,stable-diffusion/052-1.png,52,0.516429035774942,0.5152207008811309,0.512501538368867,3,3,3,3,1,A stylized yellow cartoon train travels along tracks under a night sky. The vehicle displays garbled text and structurally implausible spiral wheels. Noticeable graininess and flat illustrative textures affect the overall clarity.
a cartoon of a train going to the moon,stable-diffusion/052-2.png,52,0.482632117093488,0.465146042837582,0.473311953817046,3,2,3,2,2,A sketchy illustration depicts a futuristic train on railway tracks. The subject's structure is malformed with fused components and unclear geometry. Global textures exhibit flatness and inconsistent edge definitions.
a cartoon of a train going to the moon,stable-diffusion/052-3.png,52,0.559655346981486,0.554862762775319,0.566199166886812,4,4,3,3,3,A stylized yellow train travels through a graphic night sky scene. The vehicle's front geometry is slightly malformed and lacks clear wheel definition. Digital noise textures and illegible text appear in the background regions.
a cartoon of a train going to the moon,stable-diffusion/052-4.png,52,0.540252274409668,0.496967415501272,0.507398311107354,4,4,4,3,3,"A red cartoon train moves under a large moon in a starry night sky. The train's form is coherent, but the side text is unreadable. Visible grain and softened edges affect the overall perceptual clarity."
a cartoon of a train going to the moon,Unidiffuser/052-1.png,52,0.490991669461817,0.548441972469361,0.538737164760771,3,3,3,3,3,A red cartoon train sits in a stylized landscape with a smiling sun. The train is readable despite some malformed wheels and messy car connections. Outlines show minor aliasing and inconsistent line quality across the frame.
a cartoon of a train going to the moon,Unidiffuser/052-2.png,52,0.561040661506566,0.5494465862145961,0.595287072416844,3,4,3,3,3,A red comic-style train sits on tracks under a moonlit sky. The train's structure is recognizable but features distorted wheels and illegible pseudo-text. Outlines show aliasing while textures appear flat and slightly oversmoothed.
a cartoon of a train going to the moon,Unidiffuser/052-3.png,52,0.565352160735184,0.5251360447672959,0.54603987256616,4,4,4,3,3,A cartoon-style illustration depicts a yellow train on tracks under a blue sky. The subject features distorted windows and illegible markings on its fuselage. Flat textures show noise and wobbly edge definitions.
a cartoon of a train going to the moon,Unidiffuser/052-4.png,52,0.423140469049554,0.428699445242681,0.424986877530961,1,2,2,2,1,A distorted orange vehicle sits in a desert under a blue sky. The subject's structure is severely malformed with fused components and warped geometry. Extreme global oversmoothing results in flat textures and indistinct edges.
A spaceship made of cardboard.,Controlnet/053-1.png,53,0.560994279896418,0.5736769335597051,0.53087819701088,4,4,4,2,1,Two panels show a brown and blue papercraft vehicle model in close-up. The folded geometry is mostly coherent but features some ambiguous planar junctions. Textures appear slightly synthetic and edges show minor softening.
A spaceship made of cardboard.,Controlnet/053-2.png,53,0.616458669311557,0.558744324871464,0.612594965725524,3,3,3,3,3,A low-angle shot shows a cardboard model of a futuristic ship in a workshop. The subject's geometry is distorted by fused panels and illegible surface markings. Textures appear waxy and background edges lack sharp definition.
A spaceship made of cardboard.,Controlnet/053-3.png,53,0.56789951715264,0.577797525624543,0.549425777043443,4,4,4,3,3,A cardboard spaceship model sits on a plain tan surface in a studio. The vessel shows warped geometry and inconsistent paneling harming its structural plausibility. Surfaces show a waxy texture with softened edges.
A spaceship made of cardboard.,Controlnet/053-4.png,53,0.603433530482242,0.663308398120957,0.638964051930052,4,4,4,3,3,A low-angle shot features a complex papercraft rocket model on a patterned surface. The subject's geometric structure is mostly coherent despite some awkwardly fused panel joints. Surfaces exhibit slight waxiness and the background shows repetitive texture patterns.
A spaceship made of cardboard.,DALLE/053-1.png,53,0.53443035333277,0.545754285113007,0.46029553308882,3,4,2,3,3,A cardboard house-shaped vehicle is centered against a plain white background. The subject displays warped roof geometry and an awkwardly fused rear section. Surface textures appear slightly flat with softened edge definitions throughout.
A spaceship made of cardboard.,DALLE/053-2.png,53,0.632850314789978,0.605726024488727,0.569554935408159,4,4,3,3,3,A close-up view shows a cardboard rocket on a paneled wall. The subject has distorted geometry with misaligned parts and a messy window rim. Surfaces look waxy while black outlines exhibit unnatural uniformity.
A spaceship made of cardboard.,DALLE/053-3.png,53,0.661465237845313,0.6693786101565,0.673208117025334,3,3,3,3,3,A cardboard rocket ship stands upright against a neutral background. The subject is coherent but exhibits fusion and warping on the right-side fins. Surface textures appear slightly softened and flat.
A spaceship made of cardboard.,DALLE/053-4.png,53,0.5571031211023221,0.525994938507784,0.5523045666359659,4,4,3,3,3,A cardboard rocket ship stands centered in a dimly lit interior space. The object is recognizable yet possesses malformed vertical slits on one fin. Surface details lack natural fiber texture and show excessive smoothing.
A spaceship made of cardboard.,Glide/053-1.png,53,0.358976532145914,0.425763012985725,0.425502747844122,2,3,2,2,3,A distorted blue flying wing aircraft appears against a plain light background. The aircraft structure is severely fragmented with a malformed central body. Extreme global blur and oversmoothing eliminate most texture and edge definition.
A spaceship made of cardboard.,Glide/053-2.png,53,0.340910608211161,0.353929564278458,0.394801270698795,1,2,2,1,2,A futuristic sci-fi vehicle is centered against a plain white background. The subject exhibits severe structural warping and fused components lacking logical geometry. Oversmoothing and blurry edges degrade texture clarity.
A spaceship made of cardboard.,Glide/053-3.png,53,0.365699518159017,0.410662050090853,0.396409187008628,3,4,2,2,3,A blurry render displays a white origami boat on a dark background. The subject exhibits severe geometric warping and fused internal structural elements. Global oversmoothing and low sharpness obscure all fine textural details.
A spaceship made of cardboard.,Glide/053-4.png,53,0.338888043066972,0.348197890310477,0.385390480820826,2,2,2,2,3,A blurry 3D-rendered white and blue mechanical object on a dark background. The subject displays severe structural warping with fused and malformed geometric components. Heavy oversmoothing and low resolution obscure all fine details.
A spaceship made of cardboard.,Lafite/053-1.png,53,0.504694178656218,0.47553047958908,0.495639750511645,3,3,4,2,3,A malformed cardboard vehicle structure sits in a dimly lit room. The subject is a severely distorted fusion of broken mechanical parts. Global blur and soft textures obscure fine surface details.
A spaceship made of cardboard.,Lafite/053-2.png,53,0.440502189140301,0.431122710351514,0.4400999290353969,2,3,2,3,3,A high-angle view shows a complex cardboard vehicle on a paved surface. The subject is severely warped with fused components and repetitive details. Surfaces exhibit waxy textures and inconsistent edge sharpness.
A spaceship made of cardboard.,Lafite/053-3.png,53,0.4849048200453,0.462041148080315,0.5082979377306109,4,4,4,3,3,A distorted cardboard boat model sits in a dimly lit room. The subject exhibits severe geometric warping and fused structural components. Waxy textures and softened edges reduce overall detail clarity.
A spaceship made of cardboard.,Lafite/053-4.png,53,0.3732657512677479,0.439623095513383,0.404506106298573,2,2,2,2,2,A malformed cardboard aircraft model sits against a white brick wall. The subject exhibits severe structural distortion with fused components and broken geometry. Surfaces show waxy textures and inconsistent lighting across the scene.
A spaceship made of cardboard.,stable-diffusion/053-1.png,53,0.573217491180647,0.568981046635336,0.422137102046817,3,3,3,3,2,A large segmented futuristic vehicle rests within a brightly lit industrial hangar. Its complex layered shell features repetitive tiling and structurally ambiguous support components. Textures appear overly smooth with noticeable detail loss in the background.
A spaceship made of cardboard.,stable-diffusion/053-2.png,53,0.625710041726555,0.6181446922378661,0.6618907788990811,4,4,4,3,3,A large cardboard papercraft spaceship model rests on an office desk. Its complex geometry features inconsistent panel folding and structurally fused junctions. Surfaces display flat textures and softened edge definitions.
A spaceship made of cardboard.,stable-diffusion/053-3.png,53,0.459263508494408,0.437511809679919,0.480424333456762,3,1,1,2,3,A complex abstract 3D structure sits in a blurred indoor environment. The subject's fragmented geometry and fused components lack coherent semantic readability. Global oversmoothing and background blur obscure fine surface details.
A spaceship made of cardboard.,stable-diffusion/053-4.png,53,0.58321491101338,0.573077454200335,0.588984271189984,4,4,4,3,3,A studio-style photograph captures a paper airplane model against a grey backdrop. The subject possesses implausible geometry with a warped fuselage and misshapen tail. Textures appear flat and waxy with noticeably softened surface details.
A spaceship made of cardboard.,Unidiffuser/053-1.png,53,0.35376139451771,0.3911865910150189,0.413151172263083,3,4,4,3,3,A blurry futuristic object floats against a plain background in a soft digital style. The subject's structure is severely malformed and lacks coherent geometric definition. Extreme global blur and oversmoothing eliminate all texture and sharp edges.
A spaceship made of cardboard.,Unidiffuser/053-2.png,53,0.5495837845827161,0.536717879038396,0.519499924202113,4,4,3,3,3,A top-down view displays a papercraft spaceship model on a blue surface. The ship's body contains confusing pseudo-details lacking clear mechanical semantic readability. Surfaces appear flat and waxy with inconsistent local lighting.
A spaceship made of cardboard.,Unidiffuser/053-3.png,53,0.4279607134859819,0.393581075139743,0.381702824284563,2,2,2,2,2,A distorted figure occupies an open cardboard box on a blue surface. The subject features severe facial malformation and anatomical fusion with nearby objects. Details show oversmoothing with flat textures and softened edges.
A spaceship made of cardboard.,Unidiffuser/053-4.png,53,0.506837571206558,0.4578928081746209,0.4094073331282339,3,3,1,1,1,A close-up of a complex brown paper-craft structure against a blue background. The subject exhibits distorted geometry with fused edges and semantically confusing cutouts. Surfaces show slight oversmoothing with softened edges and flat textures.
A photo of a lotus flower made of water.,Controlnet/054-1.png,54,0.634915517760095,0.615222233983257,0.568259931818125,3,3,3,2,2,A photorealistic close-up features a white water lily among green lily pads. The flower maintains a coherent shape but the central region lacks botanical clarity. Water textures exhibit significant melting and inconsistent local lighting.
A photo of a lotus flower made of water.,Controlnet/054-2.png,54,0.602241954143741,0.531563918251061,0.561712329176856,3,3,3,3,3,A vibrant digital image features a yellow water lily on a pond surface. The foreground flower has distorted petal geometry while the central bloom is stable. Surfaces show waxy smoothing and unnatural textural patterns.
A photo of a lotus flower made of water.,Controlnet/054-3.png,54,0.681791518060065,0.602148144746248,0.529710556923597,3,3,3,2,2,A vibrant digital painting features a glowing lotus flower on water. The central floral structure appears malformed while surrounding petals remain geometrically sound. Global surfaces display noticeable waxiness and pseudo-detailing in background regions.
A photo of a lotus flower made of water.,Controlnet/054-4.png,54,0.5484533288837671,0.546039562744015,0.523182815960661,3,3,4,3,3,"A photorealistic purple lotus sits centered on a rippling water surface. The flower anatomy is clear, while background foliage contains illegible symbolic patterns. Global textures appear slightly waxy with softened edge definitions."
A photo of a lotus flower made of water.,DALLE/054-1.png,54,0.640405951609175,0.63224735120442,0.544776479564386,4,4,4,3,3,A macro view shows a vibrant purple and yellow flower with water droplets. The flower's core appears malformed with smeared transitions between color regions. Surfaces display oversmoothing and a waxy plastic-like texture.
A photo of a lotus flower made of water.,DALLE/054-2.png,54,0.608243032806796,0.62687107848655,0.4729782132745089,3,4,3,2,2,Macro view of a purple flower with water droplets on a green background. The floral center exhibits a malformed and fused structure lacking botanical definition. Textures appear slightly waxy and softened by heavy blurring.
A photo of a lotus flower made of water.,DALLE/054-3.png,54,0.581980463591469,0.560347000452328,0.512031421802852,3,3,3,3,3,A vibrant pink water lily floats on dark water with surface droplets. The floral structure is coherent despite a blurred and undefined central core. Petal textures show slight oversmoothing and edges lack sharp definition.
A photo of a lotus flower made of water.,DALLE/054-4.png,54,0.633641876804862,0.602462416091622,0.52601756971339,4,4,4,3,3,A photorealistic overhead view of a white water lily and green lily pads. Petals and leaf margins show subtle malformations and unnatural fusing. Textures appear waxy with softened edge definitions.
A photo of a lotus flower made of water.,Glide/054-1.png,54,0.417294413093267,0.530131151399483,0.449145558042944,2,2,3,3,3,A soft-focus close-up depicts a pink lotus flower against a dark background. The subject is recognizable but petals are structurally indistinct and overly smoothed. Heavy global blur flattens textures and eliminates fine edge definition.
A photo of a lotus flower made of water.,Glide/054-2.png,54,0.418715020063828,0.455273843762699,0.482767000238259,2,3,2,3,2,A centered close-up captures a vibrant pink lotus against a dark background. The subject's petal structure is partially fused and lacks clear anatomical definition. Heavy global blur masks all fine textural details.
A photo of a lotus flower made of water.,Glide/054-3.png,54,0.445909611180984,0.548741569302842,0.451437998126593,2,3,2,3,2,A close-up shot features a pink lotus flower amidst green foliage. The lotus exhibits minor petal base fusion and a blurred reproductive center. Significant oversmoothing flattens textures and softens all edge definitions.
A photo of a lotus flower made of water.,Glide/054-4.png,54,0.430646751587061,0.551955621734688,0.493787494200037,3,4,4,3,3,A close-up shot features a blooming pink lotus against green leaves. The lotus structure remains recognizable despite minor petal fusion at the center. Significant blur and texture smoothing affect overall detail and edge definition.
A photo of a lotus flower made of water.,Lafite/054-1.png,54,0.4148102305199069,0.480312102510613,0.5073759769160899,2,2,2,2,2,A pale purple flower floats on dark rippling water in a soft style. The flower's petals appear fused with a malformed center lacking clear botanical definition. Textures appear waxy and edges lack sharp definition.
A photo of a lotus flower made of water.,Lafite/054-2.png,54,0.441248878264035,0.50630263328215,0.469945260518642,2,3,3,3,2,A pale purple flower sits centered on dark rippling water. The subject features fused petals and a structurally indistinct center. Artificially sharp ripples and waxy textures diminish global realism.
A photo of a lotus flower made of water.,Lafite/054-3.png,54,0.422304694156515,0.4097048967439349,0.412517286765365,1,3,2,2,3,A large pale purple flower floats centered on dark rippling water. The floral subject exhibits fused petal structures and a malformed central region. Global textures appear overly smooth with waxy surfaces and indistinct edges.
A photo of a lotus flower made of water.,Lafite/054-4.png,54,0.4098627240215979,0.4151598272174899,0.448182416005785,1,1,1,2,1,A pale purple flower floats centered on dark rippling water. The subject's petal structure is fused and lacks clear anatomical separation. Textures show waxy smoothing with softened edges and inconsistent ripple patterns.
A photo of a lotus flower made of water.,stable-diffusion/054-1.png,54,0.609748432067842,0.610460442023861,0.514341591494843,4,4,4,3,2,A white water lily floats centrally among dark green lily pads. The flower exhibits clear petal geometry and a structurally stable orange center. Background surfaces show subtle smoothing and softened edge definition.
A photo of a lotus flower made of water.,stable-diffusion/054-2.png,54,0.631579384907488,0.624881381080723,0.5175143855122559,4,4,3,3,2,"A vibrant pink lotus blooms above green lily pads on dark water. The subject is structurally intact but features a simplified, glowing core region. Surfaces display waxy smoothness with minor background texture artifacts."
A photo of a lotus flower made of water.,stable-diffusion/054-3.png,54,0.612762644299922,0.57224393425364,0.537310225620764,3,3,3,3,1,A green lotus bud floats centered on rippling grey water. The central petal cluster is malformed with fused inner layers. Water surface exhibits waxy smoothing and pseudo-detailed ripples.
A photo of a lotus flower made of water.,stable-diffusion/054-4.png,54,0.649948841878208,0.6582525266898109,0.580442427239522,4,4,4,3,3,A yellow water lily floats on calm water in a top-down view. The flower and leaf structure are clear but show unnatural geometric symmetry. Background pads exhibit melting textures and water lacks fine detail.
A photo of a lotus flower made of water.,Unidiffuser/054-1.png,54,0.42741687065275,0.427987504771063,0.481325403391299,1,2,2,3,2,A dreamy soft-focus shot features two lotus flowers on green water. The primary subject maintains a recognizable silhouette despite severe detail loss. Intense blurring creates a melted effect that obscures all local textures.
A photo of a lotus flower made of water.,Unidiffuser/054-2.png,54,0.547101191066116,0.522179868761254,0.568737650639181,3,3,2,2,3,A photorealistic close-up shows a white water lily on dark water with lily pads. The flower is recognizable but features fused petals and a distorted center. Surfaces show waxy textures and soft edge definitions with inconsistent lighting.
A photo of a lotus flower made of water.,Unidiffuser/054-3.png,54,0.514425284774265,0.51073213377994,0.470614439819861,4,4,4,3,2,A glowing red lotus floats on green water within a horizontal framed layout. The stylized flower is structurally coherent despite rigid petal geometry. Repetitive water textures and peripheral blur reduce the image's naturalness.
A photo of a lotus flower made of water.,Unidiffuser/054-4.png,54,0.500604771580323,0.525804775431548,0.492160634592952,3,3,2,2,1,Two glowing pink lotus flowers float above lily pads on dark water. The floral forms are coherent but water splashes appear melted and malformed. Textures appear waxy and background surfaces lack fine detail.
a painting of the food of china,Controlnet/055-1.png,55,0.518696235329924,0.497224834490483,0.515777465343356,4,4,4,3,3,A traditional painting depicts a still life of food and sake on a table. The sake bottle displays illegible characters and some food items appear malformed. Surfaces show a uniform waxy texture with softened edges and flat detail.
a painting of the food of china,Controlnet/055-2.png,55,0.594487535284851,0.547237872699722,0.613508147935555,4,4,4,3,2,A framed painting depicts a still life of vegetables and bread. The central vegetable platter is structurally fused and lacks clear separation. Textures appear waxy with softened details throughout the composition.
a painting of the food of china,Controlnet/055-3.png,55,0.579391884842404,0.514882315379106,0.59444050853872,3,3,3,3,3,A framed folk-art painting displays a colorful feast of dishes and a red pot. Food items are recognizable but have malformed shapes and illegible text. Surfaces show waxy textures and softened edges.
a painting of the food of china,Controlnet/055-4.png,55,0.49358487634908,0.473834091589973,0.501350747709262,2,3,2,3,3,A digital painting displays a woven tray containing several prepared food ingredients. Red slices resemble malformed fingers while other items lack clear structure. Widespread oversmoothing blurs details and gives surfaces an unnatural waxy appearance.
a painting of the food of china,DALLE/055-1.png,55,0.524716741992734,0.538610950052125,0.5586153211413211,3,3,3,3,3,"A digital painting shows a multi-dish meal and tea on a table. Ingredients in the bowls are malformed into repetitive, unrecognizable textured masses. Soft focus and flat textures reduce visual clarity."
a painting of the food of china,DALLE/055-2.png,55,0.469535341906649,0.495650322777135,0.497022023523999,2,3,3,2,2,An overhead oil painting shows bowls of seafood and soup on a table. Subject structures are recognizable but lack sharp geometric or anatomical precision. Thick textures and soft edges dominate the global perceptual quality.
a painting of the food of china,DALLE/055-3.png,55,0.587043742825873,0.543303545843949,0.547166735689796,4,4,4,2,1,An illustrated overhead view shows a bowl of soup on a wooden table. Ingredients within the bowl appear blended and lack distinct structural definition. Surfaces show waxy textures and softened edges.
a painting of the food of china,DALLE/055-4.png,55,0.54945851505525,0.549208494308148,0.561730100379375,2,2,2,2,3,"A painterly still life features a pot of stew and dishes on a dark table. Subjects are recognizable but structurally vague as soft, blended organic forms. Texture appears waxy with softened edges and low detail clarity."
a painting of the food of china,Glide/055-1.png,55,0.371656372601159,0.402418703233679,0.4509668844387069,1,2,3,3,3,Blurry abstract circular forms on a white background in a painterly style. Subject structures are heavily distorted and semantically unreadable due to blurring. Extreme global oversmoothing destroys all local texture and edge definition.
a painting of the food of china,Glide/055-2.png,55,0.408526564774731,0.48000120167366,0.4727386269246409,2,2,3,2,2,"Colorful abstract objects resembling food sit on a white background. Subjects are severely distorted, lacking structure and appearing as smeared masses. Extreme global blur destroys all fine details and edges."
a painting of the food of china,Glide/055-3.png,55,0.389080824749743,0.429675491950328,0.415671047700389,1,1,2,1,2,"Various orange organic objects are scattered across a plain white background. Subjects are heavily blurred, malformed, and lack coherent structure or clear boundaries. Heavy oversmoothing and soft edges degrade overall sharpness."
a painting of the food of china,Glide/055-4.png,55,0.406324632209228,0.48799648492708,0.504764624317397,2,2,2,2,2,A blurry still life shows a teapot and plants on a table against a red background. Subject objects appear structurally warped and lack distinct boundaries. Severe global blur and smeared textures obscure details.
a painting of the food of china,Lafite/055-1.png,55,0.431697240691109,0.489787859219862,0.499533938173631,2,2,3,2,2,An oil painting depicts an abstracted still life of organic shapes on a warm surface. The subject features heavily warped and fused forms lacking clear structural definition. Surfaces exhibit waxy textures and inconsistent edge blending.
a painting of the food of china,Lafite/055-2.png,55,0.40189980033926,0.413102542255436,0.441722295725649,2,2,3,1,1,A painterly still life depicts a plate of colorful food in warm light. The food items appear structurally fused and lack clear geometric definition. Heavy brushstroke textures create repetitive patterns across the entire composition.
a painting of the food of china,Lafite/055-3.png,55,0.4418228733600089,0.449183876471492,0.476204465495805,1,2,2,2,3,A painterly still life shows abstracted fruit and foliage on a warm-toned surface. Subject forms are fused and lack clear structural boundaries or separation. Textures appear waxy with repetitive brushstrokes and softened edges throughout.
a painting of the food of china,Lafite/055-4.png,55,0.439042459148626,0.507244580135937,0.473047873830056,3,3,4,2,2,An oil painting depicts a close-up still life of colorful food items. Subject structures are heavily fused and lack clear semantic readability. Waxy textures and indistinct edges dominate the visual field.
a painting of the food of china,stable-diffusion/055-1.png,55,0.495335202899117,0.403105780648877,0.494165296750349,4,4,4,3,3,A painterly still life displays several plates of food on a blue table. Food items appear recognizable but contain semantically confusing shapes and pseudo-details. Textures appear overly smooth with softened edges and flat surface details.
a painting of the food of china,stable-diffusion/055-2.png,55,0.507624608894941,0.462786861305805,0.469486742226264,4,4,4,3,3,"A framed oil painting depicts a central food dish, green beans, and a background figure. The central food mound shows fused textures and indistinct boundaries, and the background figure lacks clarity. Background oversmoothing and surface pseudo-detailing appear."
a painting of the food of china,stable-diffusion/055-3.png,55,0.4422924565215039,0.488002990924501,0.5266528851044839,1,2,2,1,3,"A painterly still life displays various food dishes on a table surface. The food subjects are malformed, spatially confused, and lack clear geometric definition. Global oversmoothing results in flat textures and melted edge definitions."
a painting of the food of china,stable-diffusion/055-4.png,55,0.592097103273567,0.628293585551009,0.601338113274455,3,3,3,2,3,A framed oil-painting still life depicts various dishes on a green table. Dishes and background elements show malformed geometry and illegible textual details. Surfaces exhibit heavy oversmoothing and waxy textures without fine local definition.
a painting of the food of china,Unidiffuser/055-1.png,55,0.496317065912633,0.480492444221392,0.49160635132806,2,3,3,3,3,An impressionistic painting depicts a close-up of a meal served in ceramic dishes. The food and tableware maintain coherent geometry and clear semantic readability. Textures show intentional brushwork with subtle local detail variation.
a painting of the food of china,Unidiffuser/055-2.png,55,0.456852888658102,0.447226960006297,0.559808647930061,3,3,2,3,1,A vibrant painterly still life displays a central plate of food among other dishes. The food items are structurally malformed and fused into an unreadable mass. Textures appear flat and waxy with inconsistent lighting across the scene.
a painting of the food of china,Unidiffuser/055-3.png,55,0.507635748699775,0.446225749973351,0.502136849615127,3,3,3,2,3,"A painterly still life displays distorted food items within a decorative red frame. Food structures are malformed and fused, while border text remains semantically unreadable. Heavy brushstroke textures mask underlying detail and soften object boundaries."
a painting of the food of china,Unidiffuser/055-4.png,55,0.3421191859064389,0.401200936451745,0.491822154632149,1,1,1,1,3,"A blurry painterly still life shows food items on plates in warm light. Subject shapes are fused and lack clear structural definition or object separation. Oversmoothing eliminates texture detail and creates waxy, indistinct surfaces."
"an emoji of a baby penguin wearing a blue hat, red gloves, green shirt, and yellow pants",Controlnet/056-1.png,56,0.489189970281384,0.455127937294342,0.483933894442114,3,4,3,3,2,A close-up shows a 3D-rendered cartoon character in a colorful hat and coat. The stylized subject exhibits a stable form with clear semantic readability. Textures show waxy smoothing and softened edges on the figure.
"an emoji of a baby penguin wearing a blue hat, red gloves, green shirt, and yellow pants",Controlnet/056-2.png,56,0.6581001063925259,0.506257193168838,0.462251609158588,4,4,4,3,1,A small blue bird-like creature wears a yellow hat on sand. The subject's facial structure is distorted with fused eyes and beak. Global textures exhibit slight waxiness and inconsistent fine detail definition.
"an emoji of a baby penguin wearing a blue hat, red gloves, green shirt, and yellow pants",Controlnet/056-3.png,56,0.5259635466467291,0.509350538738693,0.471320804289508,4,4,4,3,2,A 3D penguin plush toy stands on a rough ground surface. The subject's face is distorted with misaligned eyes and a malformed beak. Oversmoothed textures and soft edges reduce the image's perceived sharpness.
"an emoji of a baby penguin wearing a blue hat, red gloves, green shirt, and yellow pants",Controlnet/056-4.png,56,0.521807795939703,0.440764361994628,0.463454548401864,4,1,3,1,1,A blue plush penguin toy holds a smaller penguin against a brown background. The smaller penguin's body fuses unnaturally with the larger toy's chest surface. Soft textures and weak shadows reduce the image's physical realism.
"an emoji of a baby penguin wearing a blue hat, red gloves, green shirt, and yellow pants",DALLE/056-1.png,56,0.525969955373333,0.517368900516554,0.4198372688527609,3,3,3,3,2,A centered cartoon penguin in winter gear faces forward on a white background. The subject shows a stable geometric structure with clearly separated body parts. Curved outlines show subtle aliasing within the flat vector-style composition.
"an emoji of a baby penguin wearing a blue hat, red gloves, green shirt, and yellow pants",DALLE/056-2.png,56,0.5835683746654761,0.581296511336851,0.622319232552821,4,4,4,3,1,"A front-facing cartoon penguin wearing headphones on a plain white background. The subject's stylized anatomy is structurally stable and semantically clear. Sharp edges define flat, uniform color regions without artifacts."
"an emoji of a baby penguin wearing a blue hat, red gloves, green shirt, and yellow pants",DALLE/056-3.png,56,0.581464544339393,0.587137680943307,0.560426657142907,4,4,4,3,3,A centered cartoon penguin in a green beanie and red mittens on a white background. The character is coherent despite a malformed dark spike on its forehead. Black outlines display noticeable pixelation and inconsistent line weight.
"an emoji of a baby penguin wearing a blue hat, red gloves, green shirt, and yellow pants",DALLE/056-4.png,56,0.579478132085413,0.505117251568443,0.500911095797814,4,4,2,3,2,A centered cartoon penguin in winter gear against a plain white background. The subject maintains structurally stable geometry and clear semantic readability. Sharp edges and flat textures show no local artifacts.
"an emoji of a baby penguin wearing a blue hat, red gloves, green shirt, and yellow pants",Glide/056-1.png,56,0.359484343683942,0.3796429076623719,0.3887938774337249,2,3,2,2,1,"A blurry 3D figure in a red hat and blue shirt sits centrally. The subject exhibits severe structural malformation with a warped head and obscured face. Heavy blur, noise, and waxy textures degrade clarity and edges."
"an emoji of a baby penguin wearing a blue hat, red gloves, green shirt, and yellow pants",Glide/056-2.png,56,0.390442337254674,0.396742208342691,0.4229493715451,2,2,2,2,1,A centered blue fuzzy monster character faces forward on a plain background. The subject displays severe facial distortion with malformed eyes and a warped mouth. Significant global blur and softening eliminate most fine textural details.
"an emoji of a baby penguin wearing a blue hat, red gloves, green shirt, and yellow pants",Glide/056-3.png,56,0.437501166724963,0.42580523114609,0.493552314857985,1,1,1,3,1,A colorful striped plush toy is centered on a plain white background. The subject maintains a coherent shape despite its abstract and simplified anatomy. Surface textures display fine-grained repetitive patterns and slightly softened boundaries.
"an emoji of a baby penguin wearing a blue hat, red gloves, green shirt, and yellow pants",Glide/056-4.png,56,0.417230866669195,0.497975244610994,0.445786052183943,2,3,2,2,1,A blurry plush penguin wears a red and black knitted hood. The subject's facial structure is simplified but remains semantically readable. Heavy global blur flattens textures and obscures all fine details.
"an emoji of a baby penguin wearing a blue hat, red gloves, green shirt, and yellow pants",Lafite/056-1.png,56,0.422422314304998,0.4464804510826159,0.511991829801032,2,2,2,2,2,"A colorful, distorted parrot-like mascot sits on a wooden object against a white background. The subject shows severe anatomical distortion with fused limbs and a malformed face. Oversmoothing and waxy textures reduce detail across the frame."
"an emoji of a baby penguin wearing a blue hat, red gloves, green shirt, and yellow pants",Lafite/056-2.png,56,0.422564537723942,0.406681336204629,0.412410762799017,2,2,2,3,3,A figure in a parrot costume stands on a bone against a white background. The subject's facial structure is distorted with fused features reducing semantic readability. Global textures are waxy with softened edges and inconsistent color transitions.
"an emoji of a baby penguin wearing a blue hat, red gloves, green shirt, and yellow pants",Lafite/056-3.png,56,0.436227721134777,0.41845233587406,0.416425050546956,4,4,4,1,1,A colorful parrot figure in a baseball uniform sits on a wooden base. The subject's anatomy is severely malformed with fused limbs and a distorted face. Surfaces exhibit waxy textures and soft edge definitions.
"an emoji of a baby penguin wearing a blue hat, red gloves, green shirt, and yellow pants",Lafite/056-4.png,56,0.467157727870511,0.433313918970544,0.437194831364656,2,2,3,1,1,A colorful stylized parrot in a cap sits on a wooden perch. The subject features severe anatomical distortion with malformed limbs and a confused face. Textures are waxy and oversmoothed with soft edges.
"an emoji of a baby penguin wearing a blue hat, red gloves, green shirt, and yellow pants",stable-diffusion/056-1.png,56,0.635104841522204,0.595861178175776,0.49800683850859,4,4,4,3,2,A costumed penguin figure wearing a red hat stands in a blurred outdoor setting. The subject exhibits facial asymmetry and structurally fused limb-body regions. Surface textures appear overly smooth and lack fine-grained material detail.
"an emoji of a baby penguin wearing a blue hat, red gloves, green shirt, and yellow pants",stable-diffusion/056-2.png,56,0.386186518822507,0.348439062509612,0.3727619765164249,1,1,1,1,1,A distorted cartoon penguin character emerges from a textured gray background. The subject exhibits severe facial distortion with misaligned eyes and fused features. Background textures appear repetitive and lack sharp edge definition.
"an emoji of a baby penguin wearing a blue hat, red gloves, green shirt, and yellow pants",stable-diffusion/056-3.png,56,0.576690916694168,0.535457660619571,0.498619076739767,3,3,3,3,1,A stylized penguin character in a blue hat stands on sandy ground. The subject's facial features are severely malformed with mismatched eyes and shapes. Background textures exhibit graininess and softened edge definition.
"an emoji of a baby penguin wearing a blue hat, red gloves, green shirt, and yellow pants",stable-diffusion/056-4.png,56,0.569477907736495,0.552478968560248,0.476949944184851,4,4,4,3,2,"A close-up features a plush penguin in a striped hat and blue gloves. The penguin's head is well-formed, but the left arm features a structurally confusing attachment. Foreground textures are heavily softened and lack fine detail."
"an emoji of a baby penguin wearing a blue hat, red gloves, green shirt, and yellow pants",Unidiffuser/056-1.png,56,0.417930061360559,0.404245120900324,0.420415903502246,2,2,2,2,2,A blurry close-up of a doll figure in a red cap and hoodie. Facial features and the chest logo remain structurally coherent despite extreme softness. Global blur flattens textures and obscures fine edge definition.
"an emoji of a baby penguin wearing a blue hat, red gloves, green shirt, and yellow pants",Unidiffuser/056-2.png,56,0.56374078623212,0.5012402034405821,0.469661447364002,4,3,2,1,1,"A cartoon penguin in a blue hood sits on a split colored background. The central figure is stable, while floating fragments and side limbs appear disjointed. Textures are flat and some boundaries show subtle jaggedness."
"an emoji of a baby penguin wearing a blue hat, red gloves, green shirt, and yellow pants",Unidiffuser/056-3.png,56,0.563852897923794,0.545487260292605,0.4652314585097,3,3,2,1,11,A blue penguin-themed costume lies on a grey carpet in a top-down view. The figure has a distorted head with floating red shapes and overly simple features. Textures look waxy and edges lack fine detail definition.
"an emoji of a baby penguin wearing a blue hat, red gloves, green shirt, and yellow pants",Unidiffuser/056-4.png,56,0.564516864175794,0.525754638313168,0.469526457827441,3,3,2,2,2,A stylized blue bird graphic is centered on a grey fabric texture. The abstract character exhibits a distorted beak structure and inconsistent eye alignment. Graphic boundaries appear slightly softened over the coarse textile surface.
"a cartoon of a dog saying ""I see what you did there""",Controlnet/060-1.png,60,0.420046895323277,0.422221883058096,0.371305883723522,3,3,2,2,2,"A four-panel comic shows cartoon dogs with speech bubbles on a brown background. Dogs exhibit malformed snouts, fused features, and illegible gibberish text. Outlines show jagged aliasing and flat repetitive textures."
"a cartoon of a dog saying ""I see what you did there""",Controlnet/060-2.png,60,0.520716016529564,0.505171271497362,0.518584474405284,3,2,3,3,2,A four-panel comic features an anthropomorphic dog with illegible speech bubbles. The subject shows severe facial warping and anatomical instability in every panel. Outlines are inconsistent and textures appear flat with minimal detail.
"a cartoon of a dog saying ""I see what you did there""",Controlnet/060-3.png,60,0.411539919170195,0.372322739782194,0.371609586973097,2,2,3,2,2,"A four-panel comic shows a malformed cartoon dog with garbled text. The subject exhibits severe facial distortion, broken anatomy, and poor readability. Image displays flat textures, soft edges, and inconsistent pseudo-detail spots."
"a cartoon of a dog saying ""I see what you did there""",Controlnet/060-4.png,60,0.4762154588648329,0.447043810592953,0.46722439077214,4,4,4,3,2,A centered digital illustration depicts a stylized white dog head on a textured background. The subject maintains a coherent cartoon structure with stable proportions and clear features. Illegible text overlays and a repetitive background texture appear.
"a cartoon of a dog saying ""I see what you did there""",DALLE/060-1.png,60,0.517964431480298,0.509346893227137,0.4795735249322729,3,4,3,2,1,A simple 2D cartoon dog sits on a white background with text. The dog's facial anatomy is distorted and the accompanying text is nonsensical. Edges show aliasing and surfaces lack fine texture definition.
"a cartoon of a dog saying ""I see what you did there""",DALLE/060-2.png,60,0.487799689129257,0.4340993194892519,0.386010272206204,3,3,2,3,2,A cartoon dog head and nonsensical text are drawn on a white background. The subject exhibits severe facial asymmetry with mismatched eyes and a warped muzzle. Outlines show heavy aliasing and the image lacks any refined detail.
"a cartoon of a dog saying ""I see what you did there""",DALLE/060-3.png,60,0.602361522494363,0.571026303975105,0.561968290393918,3,3,3,2,2,"A cartoon dog's head is centered under garbled text on a white background. The dog's anatomy is coherent, but the text contains semantic errors. Edges show heavy aliasing and the texture is flat."
"a cartoon of a dog saying ""I see what you did there""",DALLE/060-4.png,60,0.551909094468255,0.522779203452464,0.4760911707689499,3,3,2,3,2,A centered yellow cartoon dog on a plain white background features thick outlines. The subject's eyes are misaligned and the text is semantically illegible. Black outlines display significant jaggedness and digital aliasing throughout the image.
"a cartoon of a dog saying ""I see what you did there""",Glide/060-1.png,60,0.477304870404594,0.4985605580757229,0.410558848894328,2,3,2,2,2,A monochrome sketch shows a seated dog against a plain white background. The subject exhibits spindly limbs and distorted facial features with hollow eyes. Jagged outlines and stray marks create a noisy texture.
"a cartoon of a dog saying ""I see what you did there""",Glide/060-2.png,60,0.442174415654448,0.4350793772969289,0.44288070312126,2,3,1,1,2,A crudely drawn yellow hybrid creature stands against a plain white background. The subject shows severe structural distortion with a fused human face and malformed limbs. Jagged outlines and flat textures characterize the image's visual presentation.
"a cartoon of a dog saying ""I see what you did there""",Glide/060-3.png,60,0.379080985628565,0.409318805665198,0.407337883165563,2,2,2,2,1,"A sketchy line drawing shows a front-facing cartoon dog on a white background. Facial features are asymmetrical and the body structure is messy and poorly defined. Jagged outlines and stray marks produce a coarse, unpolished texture."
"a cartoon of a dog saying ""I see what you did there""",Glide/060-4.png,60,0.390463479156553,0.40146738473922,0.389790562311549,4,4,1,1,1,A close-up line drawing depicts a stylized cartoon animal head on a white background. The subject maintains a coherent facial structure and clear semantic readability. Outlines show noticeable softness and pixelation across the frame.
"a cartoon of a dog saying ""I see what you did there""",Lafite/060-1.png,60,0.405834956342632,0.377525640938434,0.335944338090792,3,3,2,1,1,"A digital sketch depicts a malformed dog against a plain light background. The subject displays severe facial distortion and an incoherent, box-like torso. Bold black outlines surround soft, washed-out textures and blurred edges."
"a cartoon of a dog saying ""I see what you did there""",Lafite/060-2.png,60,0.432551047652229,0.431062632375951,0.444793909189528,3,4,2,2,2,A sketch-style drawing depicts a distorted dog against a plain background. The subject exhibits severe anatomical distortion with malformed features and indistinct limbs. Pseudo-detail textures and softened edges create a melting visual instability.
"a cartoon of a dog saying ""I see what you did there""",Lafite/060-3.png,60,0.3895410495300559,0.3524667933620879,0.370875666642378,2,1,2,1,1,A sketchy digital illustration features a dog-like figure on a neutral background. The subject displays extreme structural distortion including malformed limbs and oversized fused ears. Heavy texture melting and soft edges degrade overall clarity.
"a cartoon of a dog saying ""I see what you did there""",Lafite/060-4.png,60,0.402481840354152,0.413478470244455,0.3989537479787799,1,1,1,2,2,A stylized digital sketch shows a distorted dog against a plain background. The dog's anatomy is severely warped with fused body segments and a malformed face. Surfaces show waxy pseudo-detailing and softened edge boundaries.
"a cartoon of a dog saying ""I see what you did there""",stable-diffusion/060-1.png,60,0.521684711567441,0.427392471752237,0.460748714347851,3,3,2,2,2,A four-panel comic shows a cartoon dog with garbled speech bubbles. The dog's facial features and snout show severe distortion across panels. Outlines are jagged and the bottom right has a distorted watermark.
"a cartoon of a dog saying ""I see what you did there""",stable-diffusion/060-2.png,60,0.432613081513815,0.38313621098938,0.391176004369725,3,3,2,2,2,A four-panel comic strip shows a cartoon dog in a red collar. The dog's anatomy is inconsistently distorted across panels and the text is illegible. The image displays global softness and flat texture quality.
"a cartoon of a dog saying ""I see what you did there""",stable-diffusion/060-3.png,60,0.432321129314792,0.380415768745181,0.407472580109979,2,2,2,2,2,A two-panel sketchy comic strip depicts dog-like and human-like figures indoors. Character anatomy is severely malformed with distorted faces and illegible text. Global textures appear waxy and edges lack sharp definition.
"a cartoon of a dog saying ""I see what you did there""",stable-diffusion/060-4.png,60,0.5230787445855021,0.468598223764534,0.462780466380457,4,4,3,2,2,"A cartoon dog head centers on a dark background with distorted text. The subject maintains a stable, simplified anatomy with clear facial feature definition. Background textures repeat and text shows slight pixelation."
"a cartoon of a dog saying ""I see what you did there""",Unidiffuser/060-1.png,60,0.515518406328612,0.489544325376778,0.478350270064786,4,3,2,1,2,"A comic strip displays a distorted brown dog-like character across three panels. The subject features malformed facial anatomy and semantically unreadable garbled text. Visuals exhibit noticeable aliasing on outlines and flat, grainy surface textures."
"a cartoon of a dog saying ""I see what you did there""",Unidiffuser/060-2.png,60,0.540850629566221,0.4939032197130359,0.381316221531178,2,2,2,1,2,A four-panel comic strip features a stylized brown dog with speech bubbles. The canine subject is coherent but contains illegible text and warped muzzles. Lines exhibit mild aliasing and textures appear uniformly flat.
"a cartoon of a dog saying ""I see what you did there""",Unidiffuser/060-3.png,60,0.482793658672339,0.442920994789146,0.4538847692766489,2,3,2,1,2,A two-panel comic shows a distorted anthropomorphic animal near a door. The subject's facial features are malformed and the embedded text is illegible gibberish. The image suffers from severe pixelation and jagged edge artifacts.
"a cartoon of a dog saying ""I see what you did there""",Unidiffuser/060-4.png,60,0.345296836523818,0.369418699360385,0.389860048267251,1,2,2,2,3,Three blurred figures sit against a hazy background with illegible text. The subjects are severely malformed with fused limbs and indistinct features. Global oversmoothing flattens textures and obscures all fine details.
the word 'HELLO' on a girl's face,Controlnet/061-1.png,61,0.572187253436961,0.5555743496569739,0.473555487181951,3,4,3,3,1,"A close-up photorealistic portrait of a woman's face featuring vibrant blue eyes. Facial anatomy is stable, although eyelashes appear clumped and structurally irregular. Skin texture shows heavy smoothing and waxy plasticity."
the word 'HELLO' on a girl's face,Controlnet/061-2.png,61,0.548239519095668,0.514021698436983,0.452100783609146,4,4,2,3,2,A photorealistic close-up shows a smiling girl with brown hair against a blurred backdrop. The subject is clear but shows overly smooth skin and rigid teeth. Waxy textures and missing fine details reduce visual fidelity.
the word 'HELLO' on a girl's face,Controlnet/061-3.png,61,0.516664101718677,0.552485836969745,0.491046120942483,4,4,4,3,2,A black-and-white close-up portrait of a young woman looking downward. Facial features appear symmetrical and structurally stable with no anatomical errors. Skin appears waxy with inconsistent background blur.
the word 'HELLO' on a girl's face,Controlnet/061-4.png,61,0.615964880645591,0.602574098277826,0.4115404570598929,4,4,4,3,1,A photorealistic close-up shows two smiling young women against a wooden background. Facial structure is coherent but exhibits unnatural proportions and overly smooth skin. Waxy textures and pseudo-details degrade the global perceptual fidelity.
the word 'HELLO' on a girl's face,DALLE/061-1.png,61,0.553933996509541,0.48944821178651,0.489868534114221,4,4,2,3,3,A minimalist ink-brush illustration depicts a stylized female face and text. The facial features display distinct asymmetry in eye shape and orientation. Strokes show high contrast with clean edges and solid fill.
the word 'HELLO' on a girl's face,DALLE/061-2.png,61,0.659915176725456,0.646227088033172,0.549649573067811,4,4,4,3,2,"A photorealistic close-up features a face with text on a dark background. Facial anatomy is coherent, though the eyes appear slightly glassy and unnatural. Skin textures appear waxy and oversmoothed, lacking natural fine-grained detail."
the word 'HELLO' on a girl's face,DALLE/061-3.png,61,0.52623686482386,0.481471292862475,0.531572506630527,3,4,3,3,3,A high-key close-up shows human eyes and bold text on a face. The eyes are coherent but feature unnaturally smooth skin and stylized brows. Heavy smoothing creates a waxy texture without fine detail.
the word 'HELLO' on a girl's face,DALLE/061-4.png,61,0.6611830654842301,0.658931862903629,0.568478542848636,4,4,4,3,2,Close-up photorealistic portrait of a woman's face under cool lighting. Facial anatomy is stable but eyebrows appear unnaturally thick and dense. Skin texture is heavily oversmoothed and appears waxy.
the word 'HELLO' on a girl's face,Glide/061-1.png,61,0.353378139653995,0.3873261616164389,0.297279366913195,2,3,2,3,1,A close-up portrait of a dog's face against a striped backdrop. The facial anatomy is recognizable but significantly degraded by heavy blurring. Severe global softness and compression artifacts obscure all fine details.
the word 'HELLO' on a girl's face,Glide/061-2.png,61,0.3602278084667649,0.355217689542189,0.337090217689759,2,3,1,1,1,A blurry close-up shows a stylized white graffiti character on a grey background. The subject's structure is malformed and semantically unreadable as a character. Heavy blur and soft edges degrade global sharpness and detail.
the word 'HELLO' on a girl's face,Glide/061-3.png,61,0.37991725468728,0.4452492801963519,0.360470510569233,2,3,2,3,1,A close-up view captures a brown and white puppy's face on a plain background. The subject's facial structure is stable despite asymmetrical eye details and soft fur edges. Heavy global blur and waxy smoothing obscure fine details.
the word 'HELLO' on a girl's face,Glide/061-4.png,61,0.436068094780304,0.403222144933569,0.411234211255666,2,2,2,1,1,A close-up digital illustration of a plush character on a red background. The subject's head is stable while the body structure is indistinct and vague. Heavy global oversmoothing blurs all textures and boundaries.
the word 'HELLO' on a girl's face,Lafite/061-1.png,61,0.3273687515295579,0.302949814134507,0.276925807015832,1,1,1,1,1,A close-up selfie captures two female faces with extreme structural distortions. The main subject features a malformed face with misaligned eyes and a melted nose. Global blur and waxy textures degrade perceptual quality.
the word 'HELLO' on a girl's face,Lafite/061-2.png,61,0.401669224469166,0.38160796564585,0.3955867331201059,2,2,2,2,1,A close-up digital painting shows two faces against an indistinct background. The foreground face exhibits severe structural distortion around the mouth and nose. Global oversmoothing and blurring obscure fine details and textures.
the word 'HELLO' on a girl's face,Lafite/061-3.png,61,0.342184908774816,0.284285493142985,0.307366981263198,2,2,1,1,1,"A close-up digital portrait shows a severely distorted human face. The facial structure is malformed by the fusion of two overlapping faces. The image exhibits noticeable blur, soft textures, and weak edge definition."
the word 'HELLO' on a girl's face,Lafite/061-4.png,61,0.392554782110382,0.343167386133828,0.35210408190827,2,3,3,1,1,A close-up selfie captures two women's faces in a realistic style. The main subject displays distorted facial geometry and malformed eye regions. Waxy skin textures and pervasive softness reduce overall detail clarity.
the word 'HELLO' on a girl's face,stable-diffusion/061-1.png,61,0.403533848159651,0.364904205038528,0.377226751945919,2,3,2,2,2,"A young woman with heavy makeup stands before a chaotic graffiti-text background. Facial asymmetry and fused, indistinct limbs compromise the subject's structural integrity. Oversmoothing flattens textures and blurs global edges."
the word 'HELLO' on a girl's face,stable-diffusion/061-2.png,61,0.546709051310906,0.459768202070543,0.443796326738208,4,4,3,1,2,A photorealistic close-up of a woman holding her hands to her forehead outdoors. The subject shows distorted finger placement and warped facial anatomy near the eyes. Skin textures appear waxy and oversmoothed with softened edges.
the word 'HELLO' on a girl's face,stable-diffusion/061-3.png,61,0.590788639217075,0.577818049425694,0.443991225402006,4,3,3,3,1,"A close-up portrait of a young girl against a neutral gray background. The face is clear, yet the hand touching the lip looks malformed. Skin textures exhibit unnatural smoothing and a pervasive waxy surface quality."
the word 'HELLO' on a girl's face,stable-diffusion/061-4.png,61,0.596287534262806,0.550208454303814,0.4885902517051609,3,4,3,3,2,"A photorealistic diptych shows a smiling young girl against a blurred background. Facial structure is stable, though the marginal shoulder appears slightly fused. Skin textures exhibit a subtle waxy smoothness with sharp edge preservation."
the word 'HELLO' on a girl's face,Unidiffuser/061-1.png,61,0.578131569337046,0.52763802699684,0.433533568419562,4,4,2,3,1,A centered white text reads HELLO against a dark grey background. The typography is clear and structurally coherent without any visible distortion. Minor compression-like noise is present in the uniform background areas.
the word 'HELLO' on a girl's face,Unidiffuser/061-2.png,61,0.355157263440897,0.383865042313817,0.40805663608696,1,1,1,1,1,A blurry close-up of a face near text on a plain wall. Facial features are unrecognizable due to smearing and confusing color overlays. Extreme global blur and compression artifacts degrade overall clarity.
the word 'HELLO' on a girl's face,Unidiffuser/061-3.png,61,0.5105502415259999,0.461808227271853,0.550917965197122,3,3,2,2,3,A close-up digital portrait shows a face partially covered by text banners. Subject structure is coherent despite minor malformations in the mouth and text. Perceptual quality features waxy skin textures and softened fine details.
the word 'HELLO' on a girl's face,Unidiffuser/061-4.png,61,0.511503175850694,0.478645841925808,0.377329946174319,4,3,3,1,1,Centered graphic shows 'hello' script and 'HELDP' 3D letters on a beige surface. The 3D lettering is stable but forms a nonsensical misspelled word. Background exhibits heavy grainy noise and softened shadow edges.
a hot air balloon with chameleon logo. the sun is shining and puffy white clouds are in the background.,Controlnet/062-1.png,62,0.571106129052233,0.545245680743885,0.510670599442765,3,3,3,2,2,A colorful blocky hot air balloon floats in a sunset sky. The balloon base is distorted and fused with an unrecognizable dark object. Background clouds exhibit soft melting textures and inconsistent lighting halos.
a hot air balloon with chameleon logo. the sun is shining and puffy white clouds are in the background.,Controlnet/062-2.png,62,0.557070522823689,0.497675571560116,0.48081164553945,4,4,4,3,2,A colorful hot air balloon floats in a cloudy sunset sky. The subject is recognizable but features a severely malformed and fused basket region. Surfaces exhibit a waxy finish with softened fine detail definition.
a hot air balloon with chameleon logo. the sun is shining and puffy white clouds are in the background.,Controlnet/062-3.png,62,0.493331030131418,0.496762201618476,0.526469321057643,3,3,4,3,3,A colorful hot air balloon floats in a bright sunset sky. The subject is structurally stable despite simplified attachment ropes and illegible text. Textures appear waxy with softened background cloud details.
a hot air balloon with chameleon logo. the sun is shining and puffy white clouds are in the background.,Controlnet/062-4.png,62,0.523735917286384,0.51730153250685,0.45713997056306,4,4,4,3,2,A vibrant hot air balloon fills the view against a bright sky. The subject is structurally sound with minor distortions near the center. Textures appear overly smooth and possess a synthetic waxy quality.
a hot air balloon with chameleon logo. the sun is shining and puffy white clouds are in the background.,DALLE/062-1.png,62,0.555181129510693,0.5066693434253601,0.529554103216975,3,3,2,3,2,"A cartoon chameleon sits in a basket beneath a patterned green hot air balloon. The subject is structurally stable, though the balloon's pattern is semantically abstract. Soft textures and inconsistent lighting affect clarity."
a hot air balloon with chameleon logo. the sun is shining and puffy white clouds are in the background.,DALLE/062-2.png,62,0.540323129017968,0.474906943384662,0.514987297594772,3,3,2,2,2,A colorful cartoon illustration depicts a chameleon-headed hot air balloon in a bright sky. The subject exhibits a fused chameleon-head and balloon-envelope structure with stable stylized geometry. Flat textures and clean edges show no dominant local artifacts.
a hot air balloon with chameleon logo. the sun is shining and puffy white clouds are in the background.,DALLE/062-3.png,62,0.559378473555537,0.489816613433078,0.446878506341258,4,4,4,2,3,A stylized chameleon hangs from a colorful segmented balloon above garbled text. The creature's anatomy is malformed featuring an unnaturally thick and fused tail. Flat textures and jagged internal boundaries degrade the rendering quality.
a hot air balloon with chameleon logo. the sun is shining and puffy white clouds are in the background.,DALLE/062-4.png,62,0.570007081640987,0.503291154327846,0.50704917599793,4,4,4,3,2,A colorful patterned hot air balloon floats near a bright sun and clouds. The basket contains a malformed figure and the cursive text is illegible. Flat colors and sharp contours show minimal local artifacting.
a hot air balloon with chameleon logo. the sun is shining and puffy white clouds are in the background.,Glide/062-1.png,62,0.504615153924714,0.499094847115577,0.502600408458689,2,3,2,3,2,A green hot air balloon with distorted graphics floats against a blue sky. The subject's surface markings are heavily fused and semantically illegible. Global oversmoothing and softness significantly reduce texture and edge clarity.
a hot air balloon with chameleon logo. the sun is shining and puffy white clouds are in the background.,Glide/062-2.png,62,0.399093289241968,0.4966300007156159,0.472996240516468,3,3,4,3,2,A colorful hot air balloon floats in a blue sky above clouds. The balloon's surface pattern is distorted and fused with unclear panel boundaries. Oversmoothing blurs textures and softens all edges.
a hot air balloon with chameleon logo. the sun is shining and puffy white clouds are in the background.,Glide/062-3.png,62,0.4402280515156049,0.5627568697241739,0.567269114133238,3,3,3,3,2,A colorful hot air balloon floats in a blue sky with clouds. The balloon features a fused basket and illegible markings on its surface. Heavy blurring and smoothing degrade texture and edge clarity.
a hot air balloon with chameleon logo. the sun is shining and puffy white clouds are in the background.,Glide/062-4.png,62,0.422714082863089,0.506754418234605,0.498072130949909,2,3,2,2,3,An orange hot air balloon is centered against a bright hazy sky. Illegible scribbled markings distort the surface while the basket lacks clear form. Pervasive blurring and softness obscure fine details throughout the image.
a hot air balloon with chameleon logo. the sun is shining and puffy white clouds are in the background.,Lafite/062-1.png,62,0.460921628535958,0.504382301619777,0.529194867506143,4,4,4,3,3,A large patterned balloon floats above a hill with a tiny red figure. The tiny hanging figure is severely malformed with indistinct limbs and a fused body. Textures appear flat and edges show noticeable aliasing.
a hot air balloon with chameleon logo. the sun is shining and puffy white clouds are in the background.,Lafite/062-2.png,62,0.4786068816830749,0.407728054855018,0.49508277325209,2,2,2,1,2,Two colorful patterned balloons float in a sky above a green hill. Internal balloon patterns are severely malformed and fused into unreadable shapes. Image exhibits low sharpness and flat textures with softened edges.
a hot air balloon with chameleon logo. the sun is shining and puffy white clouds are in the background.,Lafite/062-3.png,62,0.4714693549793189,0.524359004521153,0.514061269533211,2,2,3,2,3,"Two colorful balloons float in a bright sky above a green hill. Internal patterns within the balloons are distorted into illegible, fused shapes. Textures exhibit mild oversmoothing and a waxy finish."
a hot air balloon with chameleon logo. the sun is shining and puffy white clouds are in the background.,Lafite/062-4.png,62,0.4425412078015809,0.454326428487945,0.498117891713496,3,3,3,3,2,A large striped balloon floats over a tiny red figure on a hill. The small red subject is heavily distorted and lacks coherent structure. Details are soft and blurred with a prominent watermark.
a hot air balloon with chameleon logo. the sun is shining and puffy white clouds are in the background.,stable-diffusion/062-1.png,62,0.617778403982819,0.545888765714061,0.552469974363703,4,4,4,2,1,"A large purple hot air balloon floats over a grassy field and trees. The subject's structure is stable, though its logo text is semantically unreadable. Textures show mild oversmoothing and waxy pseudo-detail."
a hot air balloon with chameleon logo. the sun is shining and puffy white clouds are in the background.,stable-diffusion/062-2.png,62,0.6524232329395031,0.587333458469299,0.63410679447385,4,4,4,3,2,A colorful hot air balloon floats centered against a blue cloudy sky. The balloon's envelope panels show warped geometry and a malformed basket. Surfaces appear waxy with softened details and pseudo-texture.
a hot air balloon with chameleon logo. the sun is shining and puffy white clouds are in the background.,stable-diffusion/062-3.png,62,0.44296737265584,0.369279053324431,0.414625676353993,2,2,2,1,1,A centered translucent bubble holds a distorted face against a swirling textured surface. The subject displays severe structural distortion with malformed features and illegible text. Background textures show repetitive patterns and softened edges.
a hot air balloon with chameleon logo. the sun is shining and puffy white clouds are in the background.,stable-diffusion/062-4.png,62,0.6663463068697131,0.63600568319663,0.526202459801561,4,4,4,2,3,A colorful hot air balloon with a blue cartoon character floats in a clear sky. The subject is structurally coherent with a stable shape and readable details. Flat textures show minor oversmoothing while edges remain sharp.
a hot air balloon with chameleon logo. the sun is shining and puffy white clouds are in the background.,Unidiffuser/062-1.png,62,0.545072771252034,0.463621952772368,0.4636047713991,3,3,2,2,2,A hot air balloon features a cartoon character graphic against a sunset sky. Character anatomy is severely warped with fused and unrecognizable limb structures. Sky textures show mild oversmoothing and lack fine-grained natural detail.
a hot air balloon with chameleon logo. the sun is shining and puffy white clouds are in the background.,Unidiffuser/062-2.png,62,0.483261853255337,0.433645518728713,0.4646133703465049,3,2,3,2,2,"A colorful cartoon hot air balloon with a face floats against a cloudy sky. The balloon body is coherent, but the upper facial region is slightly distorted. Surfaces show flat textures and noticeable edge sharpening."
a hot air balloon with chameleon logo. the sun is shining and puffy white clouds are in the background.,Unidiffuser/062-3.png,62,0.555420972984757,0.540611286687515,0.50532405238677,4,4,3,2,2,A blue hot air balloon floats in a vibrant sunset sky over a treeline. The balloon features illegible distorted text and a malformed orange creature logo. Surfaces appear waxy with noticeable background oversmoothing.
a hot air balloon with chameleon logo. the sun is shining and puffy white clouds are in the background.,Unidiffuser/062-4.png,62,0.4688443205899619,0.417567401174624,0.4317632237075069,2,2,2,2,3,A stylized blue and white spherical object floats in a bright cloudy sky. The subject exhibits severe warping and smeared details lacking coherent geometry. Heavy global blur and oversmoothing soften textures and edge definitions.
A sign that says Deep Learning,Controlnet/063-1.png,63,0.56502047685212,0.573774999482347,0.503931856893019,4,4,4,2,2,A black sign with colored text lies against a background of rough stones. The text content is semantically garbled and lacks meaningful linguistic structure. Stone surfaces show subtle texture repetition and softened boundary clarity.
A sign that says Deep Learning,Controlnet/063-2.png,63,0.4722944911779679,0.473042454643251,0.412504082689181,3,3,3,2,2,A close-up shows a yellow sign with black text on a grey surface. The text is severely malformed and semantically unreadable with fused strokes and broken shapes. Textures show subtle waxy smoothing and repetitive grain patterns.
A sign that says Deep Learning,Controlnet/063-3.png,63,0.5898766827952691,0.6026190254378929,0.557559028958233,4,4,4,3,2,A red sign with white text is mounted on a brick wall. The text contains distorted characters and the sign shape is irregularly warped. Background textures appear flat and show repetitive tiling patterns.
A sign that says Deep Learning,Controlnet/063-4.png,63,0.537399288042322,0.51078874111951,0.422734438125414,4,4,4,2,2,A close-up shows a grey street sign with distorted text on a sidewalk. The text characters are structurally malformed and semantically illegible. Background textures appear melted with softened details.
A sign that says Deep Learning,DALLE/063-1.png,63,0.628069996720962,0.6071011723199861,0.524640422574866,4,4,4,3,2,A close-up view captures a black sign featuring large white text DEA_HIP. The characters are geometrically consistent and maintain high semantic readability throughout. Fine-grained noise is noticeable on the dark background and frame surfaces.
A sign that says Deep Learning,DALLE/063-2.png,63,0.571037415728869,0.547183666973945,0.528283352732984,2,3,2,3,2,A close-up shows a blue sign with black text against a clear sky. The text is semantically broken by a misspelled word and a malformed letter. Sharp lettering contrasts with the waxy texture of the metal pole.
A sign that says Deep Learning,DALLE/063-3.png,63,0.609802414261881,0.556793360232951,0.487945901630054,4,4,4,3,2,A close-up shows a black sign with white text against tree branches. The bold text is clear but forms semantically meaningless gibberish words. Minor grainy texture affects the dark sign surface.
A sign that says Deep Learning,DALLE/063-4.png,63,0.553373385851753,0.5268269303250139,0.473319714565245,4,4,2,3,1,A black sign with white text is set against a clear blue sky. The sign structure is stable and the text is clearly legible despite cropping. Surfaces show subtle flatness and lack fine physical detail.
A sign that says Deep Learning,Glide/063-1.png,63,0.425152182869132,0.472022948598235,0.465778114500718,3,3,3,3,2,A red rectangular sign with white text stands against a blurred background. The sign's text exhibits severe character distortion and semantic illegibility. Global blur and softened edges affect visual clarity.
A sign that says Deep Learning,Glide/063-2.png,63,0.428439592766048,0.4417378376967659,0.393687109012783,2,3,1,2,1,"A close-up view features a red sign with white text on a grey surface. The text characters are malformed, inconsistently spaced, and entirely unreadable. Noticeable blur and softness affect the entire frame."
A sign that says Deep Learning,Glide/063-3.png,63,0.411431663808486,0.444128848057818,0.4099407932700989,3,3,2,3,2,A blurry diamond-shaped warning sign stands in a snowy outdoor scene. The sign contains completely illegible and structurally distorted pseudo-text characters. Heavy global blur and soft edges reduce overall detail clarity.
A sign that says Deep Learning,Glide/063-4.png,63,0.346138915821872,0.426697603121206,0.412117658683941,1,1,1,2,1,A blurry outdoor shot features a white sign against green foliage. The sign's geometry is coherent while the text remains semantically garbled. Heavy blur dominates the visual field with weak edge definition.
A sign that says Deep Learning,Lafite/063-1.png,63,0.380854337358874,0.395437862619633,0.387120551411152,2,1,2,1,1,"A close-up of wooden signboards with gibberish text in a foggy forest. The signs display warped geometry and nonsensical characters lacking semantic clarity. Heavy blur, soft textures, and muddy colors reduce clarity."
A sign that says Deep Learning,Lafite/063-2.png,63,0.4151787888502929,0.4455413155996839,0.442749406653743,2,2,2,2,1,A blurry outdoor photograph captures a green sign with illegible text. The sign's characters are structurally broken and semantically meaningless. Heavy blur and soft textures obscure all local details.
A sign that says Deep Learning,Lafite/063-3.png,63,0.3570509746395949,0.382030641203553,0.364919033158341,2,3,3,2,2,A green sign with illegible text appears in a blurry natural setting. The text is semantically meaningless and the floating object is structurally broken. Global blur and soft textures obscure all fine details.
A sign that says Deep Learning,Lafite/063-4.png,63,0.4583279663680429,0.4859207693225479,0.4207837102007,2,2,2,1,1,A green sign with illegible text stands in a field by a floating eye. The text is semantically void and the eye structure is malformed and fused. Heavy blur and melting background textures reduce overall clarity.
A sign that says Deep Learning,stable-diffusion/063-1.png,63,0.6263969965716459,0.634467696936306,0.5364965077289731,3,3,2,3,1,A white signboard with colorful text stands before a textured brown wall. The sign contains meaningless text and has structurally unstable support legs. Floor textures show localized smoothing and lack crisp edge definition.
A sign that says Deep Learning,stable-diffusion/063-2.png,63,0.573186319688355,0.542909942873344,0.444790151275132,3,3,2,2,1,A close-up depicts a black chalkboard with white text on a brown wall. The characters are structurally distorted and form semantically illegible nonsense words. Chalk textures appear flat and lack realistic granular micro-detail.
A sign that says Deep Learning,stable-diffusion/063-3.png,63,0.513140982823016,0.435303098300462,0.393646457442697,3,3,2,3,1,A close-up shows a sign with fragmented text on a textured ground. The sign structure is stable while the text is semantically distorted and unreadable. Overall details show noticeable softening and weak edge definition.
A sign that says Deep Learning,stable-diffusion/063-4.png,63,0.496953382562208,0.548093132144536,0.44030813246017,2,2,2,2,1,An abstract collage of overlapping colorful letters and numbers fills the frame. Text characters are heavily fused and distorted into an illegible semantically meaningless cluster. Surfaces show waxy textures and softened edges with noticeable background noise.
A sign that says Deep Learning,Unidiffuser/063-1.png,63,0.4902363979464539,0.525476202133065,0.441923213598812,3,3,3,2,2,"A white sign with garbled text stands outdoors against green foliage. The subject retains a stable shape but contains semantically void text. Soft focus, noise, and slightly melted textures degrade perceptual quality."
A sign that says Deep Learning,Unidiffuser/063-2.png,63,0.555151233299758,0.5532835030970911,0.486641908748526,3,3,2,3,2,A white sign with red handwritten text stands against a blurred outdoor background. The text characters are structurally malformed and semantically illegible as coherent language. Background textures show slight oversmoothing and repetitive patterns.
A sign that says Deep Learning,Unidiffuser/063-3.png,63,0.425494653454413,0.4549389132768809,0.454496001559056,2,2,2,2,1,"A blurry close-up captures a white sign with distorted text on a brick wall. The text characters are malformed, fused, and completely illegible. Severe global blur and softness eliminate fine edge details."
A sign that says Deep Learning,Unidiffuser/063-4.png,63,0.334256878473518,0.437181373333149,0.426453879754584,1,1,1,1,1,A blurry digital image shows a stylized white text sign on a textured wall. The primary text is malformed and fused while the secondary text is illegible. Global oversmoothing and weak edges reduce perceptual sharpness.
the word 'APPLE' on an apple,Controlnet/064-1.png,64,0.5347555665962119,0.5046764645438749,0.431717615410313,4,4,4,3,2,A stylized red apple icon rests on a mottled green textured background. The central subject displays a coherent graphic structure without significant semantic confusion. Background surfaces show repetitive grainy patterns and slightly softened boundaries.
the word 'APPLE' on an apple,Controlnet/064-2.png,64,0.520955410474233,0.475156219224212,0.433241565738353,3,3,3,3,1,A close-up shows red and green apples surrounding a green sign. The sign text is structurally distorted and semantically illegible. Fruit textures appear waxy with softened detail and slight grain.
the word 'APPLE' on an apple,Controlnet/064-3.png,64,0.5063098256530401,0.432225229638911,0.466757362882983,3,2,3,1,1,"A close-up view features a dense cluster of glossy red and green apples. Fruit structures are coherent, while the overlaid text appears semantically truncated. Surfaces appear waxy and lack fine natural micro-detail."
the word 'APPLE' on an apple,Controlnet/064-4.png,64,0.552017438293642,0.5096038421858851,0.447080996697627,4,4,3,3,2,"A digital painting shows a red and green apple on a wooden surface. The fruit's anatomy is stable, though the stem attachment looks slightly malformed. Background textures are heavily smoothed, and edges lack sharpness."
the word 'APPLE' on an apple,DALLE/064-1.png,64,0.517726579621278,0.5443211441391039,0.483643795035184,1,3,2,2,1,"A close-up image shows a red apple with carved text on a white background. The fruit structure is coherent, while the carved text forms a misspelled word. Heavy shallow-focus blur softens global edges and textures."
the word 'APPLE' on an apple,DALLE/064-2.png,64,0.495185272602725,0.451495105217112,0.451134321572777,3,3,2,2,2,"A close-up shows a red and green apple with white text on a white background. The subject is structurally stable, but the lettering appears slightly warped. Heavy radial blur softens the boundaries and reduces texture definition."
the word 'APPLE' on an apple,DALLE/064-3.png,64,0.566167447622697,0.642885057690289,0.637262655235959,2,3,3,3,3,"A yellow apple with text sits on a reflective surface against a dark background. The fruit's shape is coherent, but the text placement ignores the surface curvature. Heavy blur softens edges and reduces surface texture definition."
the word 'APPLE' on an apple,DALLE/064-4.png,64,0.575181620291992,0.529153187869553,0.505914623564935,3,3,2,3,2,"A photorealistic close-up of an apple with text on a dark background. The fruit shape is stable, though the stem region is poorly defined. Global blur and waxy textures obscure fine surface details."
the word 'APPLE' on an apple,Glide/064-1.png,64,0.39878852168309,0.427125471644529,0.399556494363865,3,3,2,3,2,A blurry green apple is centered on a black background. The subject retains a coherent round shape but lacks anatomical surface detail. Severe blur and smoothing remove all fine detail.
the word 'APPLE' on an apple,Glide/064-2.png,64,0.4530989195756379,0.427644630422725,0.460464313659541,2,2,2,2,2,A photorealistic red and green apple sits on a plain white background. The fruit is stable but shows minor distortion at the top region. Surface textures appear waxy and lack fine detail.
the word 'APPLE' on an apple,Glide/064-3.png,64,0.452453938405826,0.534972298904194,0.440340629825855,3,3,2,2,2,A close-up of a red apple with a stem against a blurred background. The subject maintains a coherent round shape despite severe smoothing. Intense blur removes texture and softens every boundary.
the word 'APPLE' on an apple,Glide/064-4.png,64,0.432680758286103,0.5208705508618521,0.478251844484192,2,3,2,3,2,A close-up view shows a red and green apple on a pink background. The fruit's upper structure is malformed into a deep and confusing dark cavity. Oversmoothing creates waxy textures and blurs all fine details.
the word 'APPLE' on an apple,Lafite/064-1.png,64,0.407300157795317,0.4317354914060509,0.389093010236391,2,2,1,2,1,A close-up image features a single round fruit on a blurred background. The fruit is clear but has a malformed and confusing red surface area. Oversmoothing causes waxy textures and indistinct edges.
the word 'APPLE' on an apple,Lafite/064-2.png,64,0.399517114506844,0.420918023778402,0.397274841192255,1,1,1,1,2,"A close-up shows a round fruit with a red mark against blurred leaves. The fruit's form is stable, but the central red region has ambiguous texture. Global blur and soft focus significantly reduce detail clarity."
the word 'APPLE' on an apple,Lafite/064-3.png,64,0.425113534096548,0.4022898861497559,0.356056671231033,1,2,2,3,1,A close-up shows a green fruit-like object with a red center held in a hand. The subject has an unnaturally smooth shape and ambiguous semantic features. Global oversmoothing and waxy textures obscure fine details across the frame.
the word 'APPLE' on an apple,Lafite/064-4.png,64,0.403866629696753,0.420975808438388,0.364872487031695,3,3,2,2,2,"A close-up shows a green fruit with a red mark on a blurred background. The fruit is stable, but the central red region appears as a malformed fused texture. Low sharpness and waxy textures obscure fine detail."
the word 'APPLE' on an apple,stable-diffusion/064-1.png,64,0.550915118893215,0.47623595541583,0.570198291109611,4,4,4,2,2,"A photorealistic close-up features a central green apple among red fruit. The green apple's base has a malformed, fused structure looking like a face. Fruit skins show a waxy finish with repetitive dot patterns."
the word 'APPLE' on an apple,stable-diffusion/064-2.png,64,0.581232917506078,0.524310950661519,0.435827566079662,4,4,4,2,2,A glossy red apple with a blue logo cutout rests on wood. The subject maintains a coherent structure with a distinct and readable central shape. Surfaces exhibit a smooth synthetic texture with sharp edges.
the word 'APPLE' on an apple,stable-diffusion/064-3.png,64,0.604460308143799,0.576029514739485,0.481408808237763,4,4,4,3,2,A close-up view shows a dense pile of red and yellow apples. The fruit exhibits natural geometry and consistent textures without structural anomalies. Minor compression artifacts and softened boundaries appear between overlapping surfaces.
the word 'APPLE' on an apple,stable-diffusion/064-4.png,64,0.437040015688311,0.405866319948939,0.453648507793269,1,2,2,1,1,A stylized metallic apple logo with leaves rests on a dense leafy background. The subject is coherent yet contains fused leaves and illegible internal markings. Textures exhibit global softening and waxy pseudo-details.
the word 'APPLE' on an apple,Unidiffuser/064-1.png,64,0.392563648590973,0.415056684916798,0.39047506046749,2,3,2,2,2,A centered glowing red apple with text sits on a plain background. The fruit's shape is stable but the embossed letters appear warped. Extreme softness and waxy textures indicate significant global oversmoothing.
the word 'APPLE' on an apple,Unidiffuser/064-2.png,64,0.4790972346752229,0.445513680006627,0.415566484198173,2,2,2,3,2,A cropped red apple and text are placed on a green woven background. The subject shapes are recognizable and the text remains fully legible. Repetitive background tiling and soft edge definition are clearly visible.
the word 'APPLE' on an apple,Unidiffuser/064-3.png,64,0.508330511267716,0.481577007453275,0.434871289350433,4,4,4,2,1,A close-up shows white rounded letters and a green leaf on textured brown ground. The subject structure is stable and semantically readable despite the partial framing. Background surfaces show slight texture repetition and softened edge definition.
the word 'APPLE' on an apple,Unidiffuser/064-4.png,64,0.50629380853102,0.434115947936092,0.494639961364437,3,3,2,3,2,A centered red apple with text and a large letter P. The subject is structurally stable except for a malformed jagged stem. Heavy grainy noise dominates the entire image surface.
"Two cups of coffee, one with latte art of the words ""LOVE"" written in one. The other has latte art of the words ""PEACE"" written in the other.",Controlnet/065-1.png,65,0.580981904275825,0.532822483216799,0.479720431644929,4,4,4,3,1,A top-down view of two coffee cups on a wooden table. The cups and latte art are structurally stable and semantically readable. Saucer patterns exhibit unnatural uniformity and lack micro-texture detail.
"Two cups of coffee, one with latte art of the words ""LOVE"" written in one. The other has latte art of the words ""PEACE"" written in the other.",Controlnet/065-2.png,65,0.607312265291292,0.594326418140675,0.503065718932985,4,4,3,2,2,Two cups of coffee with latte art rest on a dark surface. Latte art letters are malformed and one floats unnaturally between the cups. Surfaces show subtle waxy textures and slightly softened boundaries.
"Two cups of coffee, one with latte art of the words ""LOVE"" written in one. The other has latte art of the words ""PEACE"" written in the other.",Controlnet/065-3.png,65,0.63583606415003,0.561963319870887,0.4470939836727789,3,3,3,1,1,Two white coffee cups with heart-shaped latte art sit on a wooden table. The right cup features a malformed structure with multiple fused handle-like protrusions. Surfaces exhibit subtle over-smoothing and slightly waxy texture details.
"Two cups of coffee, one with latte art of the words ""LOVE"" written in one. The other has latte art of the words ""PEACE"" written in the other.",Controlnet/065-4.png,65,0.564388334722056,0.471777670071664,0.4929940044592439,4,4,4,2,2,Two white coffee cups with heart latte art rest on a textured brown surface. Handwritten text beneath the cups is semantically broken and unreadable. Background textures exhibit subtle repetition and lack natural grain.
"Two cups of coffee, one with latte art of the words ""LOVE"" written in one. The other has latte art of the words ""PEACE"" written in the other.",DALLE/065-1.png,65,0.537141380930843,0.592955673362944,0.496966156246224,4,4,4,3,2,Two coffee cups featuring intricate latte art sit on a wooden table. The leaf pattern and handwritten text are structurally clear and semantically legible. Surfaces exhibit slight waxy smoothing and inconsistent edge definition.
"Two cups of coffee, one with latte art of the words ""LOVE"" written in one. The other has latte art of the words ""PEACE"" written in the other.",DALLE/065-2.png,65,0.560242884440507,0.5258928311635259,0.457043253607928,4,4,4,3,2,Two coffee cups with latte art sit on a dark surface overhead. The right cup has illegible text and both handles are clearly malformed. Edges lack definition and the background contains heavy grain and noise.
"Two cups of coffee, one with latte art of the words ""LOVE"" written in one. The other has latte art of the words ""PEACE"" written in the other.",DALLE/065-3.png,65,0.5729731789334059,0.578695386136326,0.471915384095226,4,4,3,3,2,Two cups of coffee with latte art sit on a wooden table. The cup handles appear malformed and lack coherent geometric structure. Textures exhibit subtle waxiness and repetitive patterns across the surface.
"Two cups of coffee, one with latte art of the words ""LOVE"" written in one. The other has latte art of the words ""PEACE"" written in the other.",DALLE/065-4.png,65,0.615133346155335,0.599005880050169,0.495311858306842,4,4,4,3,2,Two cups of coffee with latte art sit on a dark surface. The latte art patterns are clearly defined and structurally coherent within the cups. Soft focus and fine grain noise affect overall clarity.
"Two cups of coffee, one with latte art of the words ""LOVE"" written in one. The other has latte art of the words ""PEACE"" written in the other.",Glide/065-1.png,65,0.371032184660014,0.491912657234321,0.417308813221621,2,3,2,2,2,Three white coffee mugs sit on a plain surface in close-up. The mugs are recognizable but feature indistinct handles and warped rim geometry. Heavy oversmoothing eliminates most textural detail and edge definition.
"Two cups of coffee, one with latte art of the words ""LOVE"" written in one. The other has latte art of the words ""PEACE"" written in the other.",Glide/065-2.png,65,0.4536253805331819,0.531959756235708,0.451427080100229,2,2,3,3,1,A close-up view shows a cup of coffee with heart-shaped latte art. The heart pattern is structurally stable but suffers from significant softening. Global clarity is compromised by heavy blur and weak edge definition.
"Two cups of coffee, one with latte art of the words ""LOVE"" written in one. The other has latte art of the words ""PEACE"" written in the other.",Glide/065-3.png,65,0.44167614450872,0.500034235250746,0.362202113808272,4,4,4,3,1,A close-up view captures a cup of coffee with white leaf latte art. The latte art design is semantically clear but lacks precise geometric sharpness. Widespread oversmoothing and soft-focus effects flatten the image's textural depth.
"Two cups of coffee, one with latte art of the words ""LOVE"" written in one. The other has latte art of the words ""PEACE"" written in the other.",Glide/065-4.png,65,0.436715719295641,0.45591711277206,0.418544517840575,2,3,3,2,1,A close-up view shows a cup of coffee with leaf-shaped latte art. The foam pattern is recognizable but lacks structural sharpness and fine detail. Blur softens textures and obscures all edge boundaries.
"Two cups of coffee, one with latte art of the words ""LOVE"" written in one. The other has latte art of the words ""PEACE"" written in the other.",Lafite/065-1.png,65,0.40046543307267,0.388995109962562,0.3874258856902889,2,1,2,2,1,Two malformed white cups sit on a dark textured surface. The subjects exhibit severely fused and warped geometric structures. Global blur and waxy pseudo-textures dominate the perceptual quality.
"Two cups of coffee, one with latte art of the words ""LOVE"" written in one. The other has latte art of the words ""PEACE"" written in the other.",Lafite/065-2.png,65,0.392368371555158,0.3445838129043829,0.390940698057602,3,3,3,1,1,"A close-up of a blurry, symmetrical, shell-like object on a rough surface. The subject displays severe structural fusion and malformed geometry across its four lobes. Heavy global blur and oversmoothing obscure all fine textural details."
"Two cups of coffee, one with latte art of the words ""LOVE"" written in one. The other has latte art of the words ""PEACE"" written in the other.",Lafite/065-3.png,65,0.397814161252234,0.411230611479232,0.4060199005632299,2,2,2,1,1,Two distorted white cup-like objects sit on a dark textured surface. The subjects exhibit warped geometry and fused internal structures that hinder semantic clarity. Global oversmoothing and waxy textures obscure all fine details.
"Two cups of coffee, one with latte art of the words ""LOVE"" written in one. The other has latte art of the words ""PEACE"" written in the other.",Lafite/065-4.png,65,0.356198463011971,0.352911119669833,0.391335246174633,2,2,2,1,1,Two white cups of brown liquid sit on a dark textured surface. The cup structures are severely warped with melted rims and distorted contents. Heavy global blur flattens textures and obscures fine edge definitions.
"Two cups of coffee, one with latte art of the words ""LOVE"" written in one. The other has latte art of the words ""PEACE"" written in the other.",stable-diffusion/065-1.png,65,0.477539671387759,0.477907450937131,0.449649461098356,3,3,3,3,2,Two coffee cups with latte art sit on a purple surface with text. The subject structure is stable despite the distorted and illegible handwritten text. Heavy grainy texture and soft focus reduce overall clarity.
"Two cups of coffee, one with latte art of the words ""LOVE"" written in one. The other has latte art of the words ""PEACE"" written in the other.",stable-diffusion/065-2.png,65,0.449159213041973,0.4311136098948649,0.475362918624724,2,2,2,1,1,"Overhead shot of two coffee cups with latte art on a table. Latte art patterns are recognizable but display some asymmetry and edge bleeding. Global softness weakens edges and creates a waxy, low-detail appearance."
"Two cups of coffee, one with latte art of the words ""LOVE"" written in one. The other has latte art of the words ""PEACE"" written in the other.",stable-diffusion/065-3.png,65,0.624300658973829,0.590375616665057,0.5311828774676041,4,4,4,3,2,Two white coffee cups with heart latte art sit on a brown surface. The right cup is structurally malformed with multiple handles and fused parts. Global textures appear slightly smoothed with weak edge definition.
"Two cups of coffee, one with latte art of the words ""LOVE"" written in one. The other has latte art of the words ""PEACE"" written in the other.",stable-diffusion/065-4.png,65,0.572536032742489,0.5790072277997109,0.515808938204957,4,4,4,3,1,"Two coffee cups with heart latte art rest on a wooden table. Cup handles are slightly malformed and fused, and the background text is distorted. Wood grain is repetitive and liquids look waxy."
"Two cups of coffee, one with latte art of the words ""LOVE"" written in one. The other has latte art of the words ""PEACE"" written in the other.",Unidiffuser/065-1.png,65,0.534544314786232,0.483049940595049,0.454449329921557,3,3,2,3,2,"Two coffee cups display handwritten text on foam in a split frame. Cup geometry is stable, but the text rendering lacks semantic realism. Grain, softness, and inconsistent lighting reduce the overall perceptual fidelity."
"Two cups of coffee, one with latte art of the words ""LOVE"" written in one. The other has latte art of the words ""PEACE"" written in the other.",Unidiffuser/065-2.png,65,0.619506334328607,0.614419419852518,0.583798188771573,3,3,2,2,2,"A photographic collage displays four coffee cups with unique latte art designs. Latte art patterns exhibit structural distortion, including malformed icons and misspelled text. Textures appear waxy and oversmoothed with inconsistencies in background focus."
"Two cups of coffee, one with latte art of the words ""LOVE"" written in one. The other has latte art of the words ""PEACE"" written in the other.",Unidiffuser/065-3.png,65,0.360060819181686,0.368302537955657,0.405116962310208,1,1,1,1,2,A soft-focus split image displays mugs under dark heart shapes. Subject silhouettes remain structurally coherent while lacking any internal detail. Heavy global blur and softness eliminate all visible texture and edges.
"Two cups of coffee, one with latte art of the words ""LOVE"" written in one. The other has latte art of the words ""PEACE"" written in the other.",Unidiffuser/065-4.png,65,0.520701892322245,0.543206912005084,0.4736605915837579,3,3,3,3,2,Top-down view of three coffee cups with latte art on a wooden surface. The bottom cup features a malformed fused handle and irregular rim shape. Wood textures show repetitive patterns and edges exhibit slight softness.
"a yellow wall with 'Hello, world.' written on it",Controlnet/067-1.png,67,0.5880533310482791,0.586184851453333,0.496877836255081,2,3,2,3,2,A close-up view displays large 3D letters on a yellow wall. The letterforms are severely distorted and lack semantic readability as text. Surfaces show waxy textures and softened details.
"a yellow wall with 'Hello, world.' written on it",Controlnet/067-2.png,67,0.493381780881504,0.497778124380379,0.482646456341368,4,4,4,2,2,Yellow stylized text is painted on a textured wall in a close-up. The text exhibits malformed letters and semantically confusing characters in the second word. Repetitive textures and softened edges dominate the perceptual quality.
"a yellow wall with 'Hello, world.' written on it",Controlnet/067-3.png,67,0.479170027277436,0.461958514630409,0.451320809677915,2,3,2,1,1,Yellow stylized text on a grey wall above a wooden ledge. The text subject is structurally malformed with nonsensical sequences and distorted letterforms. Background textures show flatness and softened edge definitions across the scene.
"a yellow wall with 'Hello, world.' written on it",Controlnet/067-4.png,67,0.5069139250945051,0.5520872291501859,0.501322984138325,4,4,4,3,2,A close-up view of colorful graffiti on a textured yellow outdoor wall. The stylized letterforms are structurally warped and lack clear semantic readability. Background textures are repetitive with noticeable edge softening.
"a yellow wall with 'Hello, world.' written on it",DALLE/067-1.png,67,0.530900714272041,0.51928680177102,0.529678629527586,3,3,2,3,3,"Frontal view of the text Hello World and a stick figure on yellow. The text is legible but malformed, while the stick figure is vague. Grainy texture and soft focus blur the edges."
"a yellow wall with 'Hello, world.' written on it",DALLE/067-2.png,67,0.553178723294294,0.5354735131199191,0.471324291642265,4,4,2,3,2,A digital graphic displays the text Hello Hewerld on a solid yellow background. The text features malformed letter shapes and a semantic error in the second word. Letter edges exhibit slight softness and inconsistent texture.
"a yellow wall with 'Hello, world.' written on it",DALLE/067-3.png,67,0.518742088727816,0.53135090812374,0.482811340400805,3,4,4,3,2,A graphic image shows the text Ho world on a yellow background. The stylized lettering remains structurally stable and fully legible across the frame. Subtle edge softening and flat textures limit the perceived sharpness.
"a yellow wall with 'Hello, world.' written on it",DALLE/067-4.png,67,0.434786131656745,0.440452348753631,0.445594374453891,4,4,4,3,1,A close-up view shows the text lo Hellod on a yellow background. The text is semantically confused and exhibits minor letter shape distortions. Small blue surface marks and slightly softened text edges are present.
"a yellow wall with 'Hello, world.' written on it",Glide/067-1.png,67,0.4866124984811519,0.467019874767267,0.4259408790817229,4,1,2,3,2,A uniform bright yellow digital color field fills the entire image frame. No subject or structural components exist within the featureless visual space. Minor digital noise and a faint bottom gradient are present.
"a yellow wall with 'Hello, world.' written on it",Glide/067-2.png,67,0.497014560844815,0.493611160341088,0.391164670035906,3,3,1,3,1,A uniform solid yellow digital color field fills the entire image frame. The color field lacks internal structure for semantic distortion assessment. The surface maintains perfect uniformity with no visible texture or artifacts.
"a yellow wall with 'Hello, world.' written on it",Glide/067-3.png,67,0.451824941285078,0.493783411451276,0.358194615167352,4,4,4,3,1,The image shows a uniform solid yellow color field with no visible subject. No structural elements or semantic content are present for distortion assessment. The surface is flat and free of visible artifacts.
"a yellow wall with 'Hello, world.' written on it",Glide/067-4.png,67,0.460288190097258,0.477502747281696,0.358763474399996,3,1,1,1,1,A solid bright yellow digital image fills the frame as a uniform color field. No subject exists to assess for structural or semantic distortion. The uniform surface shows no dominant local artifact.
"a yellow wall with 'Hello, world.' written on it",Lafite/067-1.png,67,0.409228658800334,0.426141480748167,0.416946422368964,1,1,2,2,1,A frontal view captures a bright yellow brick wall with severe distortion. The brick pattern is disrupted by melting surfaces and irregular organic holes. Details appear flat with softened edges and inconsistent local lighting.
"a yellow wall with 'Hello, world.' written on it",Lafite/067-2.png,67,0.387979054907695,0.395413046852512,0.3927966384974219,3,2,2,2,2,A close-up shows a yellow brick wall with a central patch. The central region is structurally warped and semantically illegible as a feature. Surface textures appear repetitive and edges show inconsistent softening.
"a yellow wall with 'Hello, world.' written on it",Lafite/067-3.png,67,0.454704718997246,0.451092491560249,0.433087117057127,3,2,2,2,2,A close-up view of a damaged yellow brick wall with a painterly texture. The central damaged region is structurally incoherent with fused and malformed shapes. Textures appear flat and waxy with softened edge definitions throughout.
"a yellow wall with 'Hello, world.' written on it",Lafite/067-4.png,67,0.4430801711818259,0.463475152725903,0.449567508594522,3,3,3,3,1,"A close-up view of faded yellow text on a weathered brick wall. The central text is severely distorted, fused, and semantically illegible. Textures appear flat with inconsistent edge definition and pseudo-detail."
"a yellow wall with 'Hello, world.' written on it",stable-diffusion/067-1.png,67,0.543582799284242,0.5602359148123179,0.45668528538308,3,3,3,3,2,"Close-up of yellow graffiti lettering on a rough concrete wall. The text characters are well-formed, distinct, and fully recognizable. Naturalistic surface detail persists across the entire frame."
"a yellow wall with 'Hello, world.' written on it",stable-diffusion/067-2.png,67,0.485518125685626,0.515618903474138,0.4408757981592889,4,4,2,3,2,Yellow stylized text is painted on a grey concrete wall. The subject text contains malformed characters and lacks semantic readability. Background textures appear flat with softened edge definitions throughout.
"a yellow wall with 'Hello, world.' written on it",stable-diffusion/067-3.png,67,0.5430429750258761,0.514835423828684,0.486458229960115,4,4,4,3,2,A close-up shows black hand-painted text on a yellow and white wall. Letterforms are inconsistently shaped with several characters appearing fused or malformed. Surface textures remain sharp without dominant local artifacts.
"a yellow wall with 'Hello, world.' written on it",stable-diffusion/067-4.png,67,0.4568929164155419,0.469843803155668,0.473436211599734,2,2,2,2,2,A close-up view shows bold graffiti painted on a weathered brick wall. The primary text subject is severely distorted with fused and unreadable characters. Surface textures show noticeable melting and inconsistent fine-grained detail throughout.
"a yellow wall with 'Hello, world.' written on it",Unidiffuser/067-1.png,67,0.4723731598030919,0.5242186360197291,0.469678166135562,3,4,2,2,2,"Thick white textured lettering fills the frame against a yellow background. The characters are severely malformed and fused, making the text illegible. Letter surfaces show a waxy pseudo-detail with inconsistent local texture."
"a yellow wall with 'Hello, world.' written on it",Unidiffuser/067-2.png,67,0.576594181404573,0.576915246929391,0.511681134223466,4,4,4,2,2,Bold black text 'HEELIO' sits on a textured yellow wall under warm lighting. The text is structurally coherent and easily readable with consistent stroke widths. Surface textures show minor repetition alongside a smooth digital lighting gradient.
"a yellow wall with 'Hello, world.' written on it",Unidiffuser/067-3.png,67,0.601139435645916,0.612130356269406,0.597343705019938,4,4,3,2,2,Stylized black text on a yellow textured wall in close-up view. The handwritten letterforms are legible and maintain consistent structural integrity. Background texture displays minor noise and subtle repetitive patterns.
"a yellow wall with 'Hello, world.' written on it",Unidiffuser/067-4.png,67,0.359042355214356,0.373144797848408,0.378356142542197,2,2,2,2,2,A close-up of illegible black scribbles on a blurry yellowish background. The central text-like forms are severely distorted and completely lack semantic readability. Heavy global blur flattens all texture and detail.
a store front with 'Grassy Meadow' written on it,Controlnet/068-1.png,68,0.6493015189436611,0.6519435336304581,0.555790194983692,3,4,3,3,2,A green storefront facade displays large white text and interior goods. The signage contains garbled characters that lack semantic meaning or readability. Global detail is softened and textures appear slightly flat.
a store front with 'Grassy Meadow' written on it,Controlnet/068-2.png,68,0.5833835040425049,0.508498815971939,0.542327154399146,4,4,4,3,2,A photorealistic storefront features green neon signage and cluttered window displays. The main subject contains illegible text and structurally ambiguous objects within the displays. Textures exhibit subtle oversmoothing and inconsistent fine detail across the facade.
a store front with 'Grassy Meadow' written on it,Controlnet/068-3.png,68,0.5346749736643229,0.548626053060592,0.497054024300309,4,3,2,2,2,A photorealistic shot captures a storefront with green trim and window displays. All signage and window text is severely distorted into illegible gibberish. Window glass exhibits inconsistent reflections and mild texture smoothing.
a store front with 'Grassy Meadow' written on it,Controlnet/068-4.png,68,0.588551111044277,0.585330029377092,0.570289414319477,2,3,2,2,2,A photorealistic eye-level view of a green storefront on a sidewalk. The subject exhibits illegible distorted text and structurally melted window contents. Global textures show significant softening and lack fine-grained surface detail.
a store front with 'Grassy Meadow' written on it,DALLE/068-1.png,68,0.674251529027297,0.673340094649211,0.536569196331778,4,4,4,3,2,A low-angle view of a green facade with a golden storefront sign. The sign displays structurally stable but semantically meaningless text. Window reflections show minor blurring while primary surfaces stay crisp.
a store front with 'Grassy Meadow' written on it,DALLE/068-2.png,68,0.607040905308307,0.5845828776204359,0.51297710554619,4,4,4,3,2,An eye-level view of a green storefront with a large yellow sign. The subject is clear but features semantically nonsense text and melted reflections. Surfaces exhibit mild oversmoothing and some edges lack sharp definition.
a store front with 'Grassy Meadow' written on it,DALLE/068-3.png,68,0.640816074493821,0.598294542554002,0.479714657306718,4,4,3,3,2,A building window displays yellow text over a green surface and lawn. The text is well-formed and structurally coherent with no character fusion. Foreground vegetation appears overly smooth with indistinct leaf boundaries.
a store front with 'Grassy Meadow' written on it,DALLE/068-4.png,68,0.543099031269584,0.536356612621912,0.4661442468714329,4,4,2,3,2,A building facade shows green 3D signage above a window and lawn. The text subject is clearly readable but partially cropped at the borders. Foreground vegetation exhibits slightly flattened and repetitive fine texture details.
a store front with 'Grassy Meadow' written on it,Glide/068-1.png,68,0.407572341561579,0.454415498032819,0.483685519697691,2,2,2,2,2,A blurry image shows a storefront with a blue sign and green door. The facade is stable but features illegible pseudo-text and indistinct window details. Global blur flattens textures and obscures all sharp edge definition.
a store front with 'Grassy Meadow' written on it,Glide/068-2.png,68,0.346637846738492,0.368744454069335,0.402699303799806,1,2,1,2,1,A blurry eye-level view shows a white building storefront with a dark entrance. The storefront's window and entrance structures are malformed and lack readable detail. Heavy oversmoothing removes all texture and softens every boundary.
a store front with 'Grassy Meadow' written on it,Glide/068-3.png,68,0.3435727131901609,0.4890899294204039,0.449483582772311,1,2,2,2,2,A blurred shot shows a storefront with illegible text and colorful windows. Signage and window contents are structurally malformed and lack semantic coherence. Heavy global blur and softness mask all surface textures and details.
a store front with 'Grassy Meadow' written on it,Glide/068-4.png,68,0.431144628760008,0.487469534591552,0.409523728949092,1,2,2,3,1,"A blurry eye-level shot shows a storefront with a sign and outdoor goods. The subject displays illegible text and semantically unreadable, distorted object forms. Extreme global oversmoothing eliminates texture detail and softens every boundary."
a store front with 'Grassy Meadow' written on it,Lafite/068-1.png,68,0.429216685178717,0.438473455532788,0.412149823913847,2,3,2,1,1,A blurry image captures a graffiti-covered wall behind overgrown greenery. The text is illegible and the plant structures appear melted and fused. Heavy global blurring and waxy textures obscure all fine details.
a store front with 'Grassy Meadow' written on it,Lafite/068-2.png,68,0.392543080230989,0.43158985177693,0.395675816790743,2,1,1,1,1,"A low-resolution outdoor shot depicts a concrete wall with graffiti and flowers. Wall surfaces and floral shapes are severely smeared, making text illegible. Global oversmoothing results in a pervasive melting artifact."
a store front with 'Grassy Meadow' written on it,Lafite/068-3.png,68,0.430355729975179,0.450904719835368,0.447126060606329,2,2,2,1,1,A blurred building facade with graffiti sits behind overgrown green vegetation. The architecture and foliage exhibit severe edge doubling and smeared details. Heavy ghosting and intrusive text overlays dominate the perceptual quality.
a store front with 'Grassy Meadow' written on it,Lafite/068-4.png,68,0.463299841279247,0.517599389975956,0.4880159186133109,2,2,2,2,2,An urban scene features a graffiti-covered wall and a central signpost. The signpost and background text are heavily distorted and structurally unstable. Textures exhibit waxy smoothing and severe edge blurring.
a store front with 'Grassy Meadow' written on it,stable-diffusion/068-1.png,68,0.5881713498955969,0.562852680425305,0.446120917685966,4,4,4,3,1,A photorealistic storefront features a green sign with white text under overcast light. The subject shows gibberish text and structurally confused details within the display windows. Textures appear slightly waxy with softened edges and inconsistent window reflections.
a store front with 'Grassy Meadow' written on it,stable-diffusion/068-2.png,68,0.5959072448180059,0.593176467048092,0.537549746802223,3,3,2,3,2,"A realistic storefront features a large sign and cluttered display windows. Signage text is illegible and window displays contain fused, structurally confused objects. The image exhibits overall softness and lacks fine textural definition."
a store front with 'Grassy Meadow' written on it,stable-diffusion/068-3.png,68,0.425157306738801,0.445942699970962,0.48128192257467,1,1,1,1,2,A storefront facade features illegible signage and disorganized interior displays. The subject contains severe semantic distortion with unreadable text and warped logos. Global blur and waxy textures significantly obscure fine surface details.
a store front with 'Grassy Meadow' written on it,stable-diffusion/068-4.png,68,0.567332635587571,0.530342918509959,0.515074526615846,4,4,4,2,2,A photorealistic view of a light green storefront with a green awning. The subject features illegible and distorted text on the window and signage. Details show mild oversmoothing and softened edges.
a store front with 'Grassy Meadow' written on it,Unidiffuser/068-1.png,68,0.481566752754794,0.406449547342877,0.4336758496564589,2,2,2,2,3,"A storefront window displays distorted green glowing text against a brick building. The central text is heavily warped, fused, and lacks semantic clarity. Heavy oversmoothing flattens textures and obscures fine detail throughout."
a store front with 'Grassy Meadow' written on it,Unidiffuser/068-2.png,68,0.641280699485428,0.555088728637779,0.551923092556337,3,3,3,2,1,A photorealistic storefront with a green sign under daylight. The signage features illegible text and the window displays lack semantic coherence. Reflections show flat textures and inconsistent pseudo-details.
a store front with 'Grassy Meadow' written on it,Unidiffuser/068-3.png,68,0.50326636987402,0.534501069626885,0.481404831851249,4,4,4,3,2,A photorealistic image depicts a storefront with signage and a flower bed. The storefront features malformed text and structurally incoherent window graphics. Global textures display repetitive noise and lack sharp edge definition.
a store front with 'Grassy Meadow' written on it,Unidiffuser/068-4.png,68,0.491999249740484,0.506170887373656,0.472905697954615,4,4,4,3,2,A photorealistic shot captures a storefront with a green sign and window display. Signage contains illegible text and window contents appear as malformed organic structures. Global textures exhibit noticeable oversmoothing and softened details.
Four cats surrounding a dog,Controlnet/070-1.png,70,0.468707818046886,0.43370337109106,0.435272633423409,4,3,4,3,2,Four stylized cats sit against a patterned wallpaper and textured floor. Subjects display unnatural eye sizes and slightly distorted feline anatomy. Textures appear repetitive and waxy with softened edge definitions.
Four cats surrounding a dog,Controlnet/070-2.png,70,0.5259428087566149,0.44587684110182,0.3560931175624,4,4,4,3,1,Four cats line up on a stone patio in a painted style. The subjects exhibit severe facial distortions and malformed ocular features. Textures appear waxy and oversmoothed with indistinct background details.
Four cats surrounding a dog,Controlnet/070-3.png,70,0.5424808535050549,0.458175478504411,0.411585519393116,3,3,3,2,1,"Four cats sit together in a soft oil-painting style portrait. One cat has a distorted, mask-like face lacking anatomical structure. Fur textures appear smooth and waxy with softened edge definitions."
Four cats surrounding a dog,Controlnet/070-4.png,70,0.544506071113682,0.546760579683897,0.425305247325173,3,4,4,2,2,A digital painting displays a group of cats in a grassy field. Feline faces contain structural errors like extra eyes and misplaced markings. Background elements exhibit mild texture repetition and softening.
Four cats surrounding a dog,DALLE/070-1.png,70,0.563336596495066,0.562214909077811,0.516158270662584,3,3,3,2,2,A photorealistic high-angle view depicts several cats and dogs on an outdoor blanket. Animal faces and limbs display severe anatomical distortions and unnatural body fusions. Fur textures appear waxy with inconsistent lighting and soft edge definition.
Four cats surrounding a dog,DALLE/070-2.png,70,0.596570808552753,0.5855569896849989,0.580632110603172,3,3,3,2,2,"Two dogs and two cats rest on a sunlit paved outdoor area. Animal faces and limbs show significant melting, fusion, and structural warping. Textures appear waxy with softened edges and inconsistent fine details."
Four cats surrounding a dog,DALLE/070-3.png,70,0.50435002192554,0.418448481836046,0.4177052059739259,4,3,4,2,2,Several cats and dogs sit on a floor near a couch from above. The subjects show severe distortion with fused bodies and malformed faces. Fur textures appear waxy and boundaries melt into the background.
Four cats surrounding a dog,DALLE/070-4.png,70,0.549612121309537,0.525098960833787,0.538901043579167,4,4,4,2,2,Multiple dogs and cats crowd a tiled floor in a top-down shot. Central animal bodies are heavily fused with distorted and broken anatomical structures. Image textures show pervasive softness and lack fine detail definition.
Four cats surrounding a dog,Glide/070-1.png,70,0.4062013318059509,0.451417718878617,0.415870053811864,2,2,3,3,1,Two cats sit outdoors in front of a green lawn. The right cat's face is structurally malformed and lacks readable features. Severe global blur flattens texture and obscures details.
Four cats surrounding a dog,Glide/070-2.png,70,0.386024036264845,0.4279052077617409,0.403141495965181,2,2,2,2,1,Two cats sit on a grassy path under natural daylight. The dark cat's face is a malformed black void missing all features. Severe blurring and graininess soften all edges and textures.
Four cats surrounding a dog,Glide/070-3.png,70,0.359709961290412,0.406571530764497,0.374552398210029,2,3,2,2,1,Two white cats are positioned against a textured brick wall background. Both subjects exhibit significant facial distortion with unrecognizable and smeared features. Global oversmoothing flattens textures and blurs all edges in the scene.
Four cats surrounding a dog,Glide/070-4.png,70,0.3949949609861869,0.426863046601083,0.446028572077316,1,2,2,2,2,Two dogs sit on a tiled floor in a dimly lit room. The right dog displays severe anatomical distortion with a malformed head. Heavy blur and noise obscure all fine textures and edges.
Four cats surrounding a dog,Lafite/070-1.png,70,0.357634840567121,0.381947794023956,0.353381645460707,3,1,2,2,1,"A close-up photograph displays several basset hound puppies in a tight cluster. The dogs exhibit severe facial distortion, fused heads, and malformed limb structures. Heavy oversmoothing and blur result in a waxy, detail-deficient surface."
Four cats surrounding a dog,Lafite/070-2.png,70,0.412169801470286,0.455416381049781,0.4015236823876539,1,1,1,1,1,A close-up view depicts multiple dogs huddled in a soft-focus photographic style. The canine subjects display severe anatomical distortion with fused faces and malformed paws. Textures appear waxy and lack definition from pervasive oversmoothing.
Four cats surrounding a dog,Lafite/070-3.png,70,0.345971774062395,0.388962467113755,0.360314031733533,2,2,1,1,1,A close-up view of several dog heads with severely distorted facial features. Subjects show extreme structural fusion with malformed eyes and overlapping faces. Fur textures appear waxy and lack sharp local definition.
Four cats surrounding a dog,Lafite/070-4.png,70,0.3844394025156299,0.391916817612585,0.4083758479922669,1,1,2,1,1,Several dachshund-like dogs rest together in a soft-focus painterly style. The subjects exhibit severe facial distortion and anatomical fusion between individuals. Heavy oversmoothing and waxy textures obscure fine details.
Four cats surrounding a dog,stable-diffusion/070-1.png,70,0.492201758792428,0.444237961639229,0.408443942392638,3,3,3,2,2,Four cats sit together on a green lawn before dense bushes. The cats show malformed faces with misaligned eyes and unnaturally fused paws. Fur surfaces look overly smooth and background edges lack crispness.
Four cats surrounding a dog,stable-diffusion/070-2.png,70,0.452019244532767,0.4011070907270009,0.408688815145959,3,4,2,2,2,Five cats of various colors sit in a realistic portrait style. Several cats show distorted facial features and unnatural eye sizes. Fur textures appear waxy and lack fine local detail.
Four cats surrounding a dog,stable-diffusion/070-3.png,70,0.484549789422746,0.514507423070826,0.465084695490775,2,2,2,2,2,A painterly illustration shows multiple cats in a wooden interior space. Feline subjects exhibit severe anatomical malformations and distorted facial features. Textures are heavily smoothed with weak edge definition throughout.
Four cats surrounding a dog,stable-diffusion/070-4.png,70,0.5550184769343101,0.525808864078771,0.442072133505464,3,4,3,2,2,Five cats sit together on a green lawn in bright daylight. Several cat faces show distorted eyes and unnatural facial markings. Fur textures appear slightly waxy with softened fine details.
Four cats surrounding a dog,Unidiffuser/070-1.png,70,0.631210331515033,0.509194115522584,0.4912425527769549,2,2,3,1,2,Five dogs and cats sit together on a concrete surface in daylight. The animals show severe facial malformations and warped anatomy affecting semantic readability. Fur textures appear waxy with softened edge definition.
Four cats surrounding a dog,Unidiffuser/070-2.png,70,0.507191725562012,0.442951379060077,0.4630590407558789,3,3,2,2,2,Several distorted dogs and cats sit together on a green lawn. The large brown subject exhibits severe facial warping and anatomical confusion. Fur textures appear waxy and lack fine detail definition.
Four cats surrounding a dog,Unidiffuser/070-3.png,70,0.451057992939725,0.425370037717553,0.414193207231442,2,3,3,2,2,A group portrait shows multiple cats and dogs on a green surface. Several animal faces exhibit severe structural distortion and unnatural facial features. Fur textures appear waxy and lack fine natural detail definition.
Four cats surrounding a dog,Unidiffuser/070-4.png,70,0.426290056098898,0.414312179564547,0.440189918717853,2,2,2,2,2,A soft-focus painting depicts a central fluffy dog surrounded by blurred cats. The central dog has a plausible structure while background felines are fused and malformed. Global oversmoothing creates waxy textures and melted subject boundaries throughout the frame.
three children on a couch,Controlnet/071-1.png,71,0.406146918300323,0.387220341127748,0.531703783189154,3,3,3,1,3,"Three children sit on a pink couch in a digital painting style. Subjects show severe facial distortion and malformed, fused limbs and hands. Textures appear flat and waxy with softened edge definitions."
three children on a couch,Controlnet/071-2.png,71,0.470427986710801,0.415561952824136,0.549555179825808,2,2,3,2,3,A digital painting shows three children sitting together on a brown couch. The central child's face is distorted with malformed eyes and unnatural features. Global oversmoothing creates waxy textures and weakens fine edge definition.
three children on a couch,Controlnet/071-3.png,71,0.4641424112958029,0.410232848072215,0.483916669676765,4,4,3,2,3,Four toddlers sit on a gray couch in an interior room. The subjects exhibit severe facial malformation and warped limb geometry. Textures appear waxy with softened edges and flat background details.
three children on a couch,Controlnet/071-4.png,71,0.522883844378496,0.408427154191302,0.3869246883632369,4,4,3,2,2,Two children sit on a red sofa in an oil painting style. The toddler subject displays significant facial malformation and fused hand digits. Global textures appear waxy and oversmoothed with softened local details.
three children on a couch,DALLE/071-1.png,71,0.544870534927011,0.521582796224926,0.561834097233558,4,4,3,2,2,Three children sit on a red couch in a frontal portrait composition. Subjects exhibit subtle facial misalignment and distorted finger anatomy on visible hands. Image features waxy skin textures and globally softened fine details.
three children on a couch,DALLE/071-2.png,71,0.510146887529662,0.434678959718158,0.553760091441407,4,4,4,2,2,Three children sit on a brown leather couch in a frontal view. Figures display severe facial distortion and malformed fused hands and feet. Skin textures appear waxy and fine details are softened.
three children on a couch,DALLE/071-3.png,71,0.541064407170975,0.4134932487555259,0.581708510097862,3,3,3,2,3,Three children sit on a dark leather couch in a frontal portrait. Subjects display distorted facial anatomy and malformed hands with fused fingers. Skin surfaces appear waxy with softened details and inconsistent edge definition.
three children on a couch,DALLE/071-4.png,71,0.561130457847094,0.50623940778748,0.577739853974529,3,3,3,1,3,Three children sit on a brown leather couch in a medium shot. Subjects' facial features and crossed limbs exhibit subtle anatomical distortion and fusion. Global textures appear oversmoothed with waxy skin and softened edges.
three children on a couch,Glide/071-1.png,71,0.389492762036313,0.3962294794237139,0.345200500141065,2,2,2,2,2,Two dogs rest together on a soft couch in dim lighting. The black dog's head is severely malformed and fused with unnatural structures. Heavy oversmoothing flattens textures and obscures fine details.
three children on a couch,Glide/071-2.png,71,0.342759668748806,0.393121076237409,0.32380633323908,2,3,3,2,2,Several cats sit on a red patterned fabric in dim lighting. Feline faces exhibit severe distortion with malformed eyes and unnatural shapes. Heavy global blur and softness obscure all fine textural details.
three children on a couch,Glide/071-3.png,71,0.409575122057377,0.504979151070503,0.389243625933483,2,2,2,2,1,Two white dogs rest on a couch in a blurry indoor setting. The subjects are recognizable but possess softened facial features and indistinct ears. Global oversmoothing flattens textures and removes all fine edge details.
three children on a couch,Glide/071-4.png,71,0.345281113835421,0.409906034459323,0.355576356242394,1,3,2,2,1,Two black cats rest on a brown couch in warm indoor light. The left cat is stable while the right subject is malformed and fused. Heavy global blur and softness obscure all fine details and textures.
three children on a couch,Lafite/071-1.png,71,0.420430096925876,0.4217697079950969,0.42833876749835,2,2,3,1,2,A group of distorted people sits on a couch in a painterly style. The subjects exhibit severe structural malformations including fused limbs and warped faces. Global blur and waxy textures dominate the perceptual quality.
three children on a couch,Lafite/071-2.png,71,0.338514840073266,0.404260938285828,0.421729724041933,1,1,1,1,1,A digital painting shows a family sitting on a blue couch. The subjects display malformed facial geometry and fused limb structures. Global oversmoothing results in waxy surfaces and lost fine detail.
three children on a couch,Lafite/071-3.png,71,0.4073415742929619,0.369213863957329,0.491971539496931,2,2,3,2,3,"A distorted painting shows several people sitting on a blue couch. Human subjects show severe anatomical malformations including fused limbs and warped faces. Global oversmoothing creates flat, waxy surface textures."
three children on a couch,Lafite/071-4.png,71,0.339872803732069,0.368637964935379,0.38490118893758,3,3,1,1,3,"A digital painting depicts a group of people sitting on a couch. The subjects exhibit severe anatomical distortion with malformed faces and limbs. The image shows oversmoothing, waxy textures, and unclear boundaries between elements."
three children on a couch,stable-diffusion/071-1.png,71,0.505460031534853,0.44035322460765,0.5359514758138669,3,3,3,1,3,Three children sit together on a beige couch in a realistic style. The subjects exhibit severe facial distortion and malformed hand anatomy. Clothing textures appear waxy with softened fine details throughout.
three children on a couch,stable-diffusion/071-2.png,71,0.374977528063795,0.397911516195745,0.4673882604999649,2,1,3,1,3,A soft-focus painting depicts three children on a dark couch indoors. The children exhibit significant facial distortion and melted limb structures. Global oversmoothing flattens textures and obscures all fine edge details.
three children on a couch,stable-diffusion/071-3.png,71,0.509459339564465,0.46864653492939,0.526357267008573,2,3,2,1,3,Three children sit on a dark purple couch in a bright studio. The central boy displays facial asymmetry and an anomalous hand on his shoulder. Oversmoothed skin textures lack fine natural surface details.
three children on a couch,stable-diffusion/071-4.png,71,0.4228406434547579,0.399112261793066,0.391031382538031,4,4,3,2,2,An oil painting depicts two children sitting on a red sofa. The subjects exhibit significant facial distortion and malformed hand structures. Global textures show a waxy oversmoothed quality.
three children on a couch,Unidiffuser/071-1.png,71,0.528868779643917,0.49160408698243,0.467314441729399,3,3,2,3,2,A medium shot shows four children sitting closely together indoors. Facial features like eyes and teeth are visibly distorted and malformed. Textures appear flat and edges lack sharpness across the frame.
three children on a couch,Unidiffuser/071-2.png,71,0.572651863427415,0.522752576786755,0.6406512803991561,4,3,3,2,3,Three children sit closely together on a grey couch in a frontal portrait. Distorted hand anatomy and facial features significantly impact structural plausibility. Waxy textures and softened edges indicate global oversmoothing.
three children on a couch,Unidiffuser/071-3.png,71,0.314334115641816,0.328105855928868,0.39368549148975,1,2,2,2,3,A blurred image depicts three children sitting together in soft light. The central subject's features and limbs are fused by severe oversmoothing. Heavy global blur flattens textures and destroys all edge clarity.
three children on a couch,Unidiffuser/071-4.png,71,0.562714287523693,0.540083744959998,0.602828975510669,3,4,3,2,3,Three children sit together on a beige couch in a frontal view. Hand anatomy is severely distorted and facial features lack natural consistency. Skin appears waxy with flattened textures and soft boundaries.
two motorcycles facing each other,Controlnet/072-1.png,72,0.6354764879282601,0.575070629003974,0.521743145347634,3,3,3,3,2,"Two motorcyclists in leather sit on motorcycles on a paved road. Motorcycles show fused geometry and distorted parts, while rider limbs and faces are malformed. Global textures appear waxy with softened edge definition throughout the frame."
two motorcycles facing each other,Controlnet/072-2.png,72,0.585698183959797,0.498090982148422,0.430836087705115,3,3,2,2,2,Two motorcyclists ride toward a misty mountain landscape in a realistic style. The riders and bikes show malformed anatomy and structurally unstable components. Textures appear waxy with softened edges and repetitive background patterns.
two motorcycles facing each other,Controlnet/072-3.png,72,0.661451655866331,0.680639484901886,0.670042187473606,4,4,4,3,3,Two motorcycle models sit on a surface in a close-up shot. The subject structure is distorted with fused handlebars and warped engine parts. Surfaces appear waxy with pseudo-details and softened edges.
two motorcycles facing each other,Controlnet/072-4.png,72,0.5832371283787711,0.5535380976129161,0.6257026255007311,3,4,3,2,3,Two motorcycles are parked against a horizontal wooden slat wall. Both motorcycles show significant structural warping with fused components and implausible geometry. Textures lack fine detail while background patterns show slight repetition.
two motorcycles facing each other,DALLE/072-1.png,72,0.56870522960372,0.5526481434537,0.554981514210264,4,4,4,3,3,Two heavily distorted motorcycles face each other against a green wall. The subject frames exhibit severe melting and fused components with broken geometry. Surfaces appear waxy with softened edges and blurred ground reflections.
two motorcycles facing each other,DALLE/072-2.png,72,0.574091763132092,0.644504712950413,0.567092937378332,4,4,2,3,3,A low-angle shot captures the front fairings and tires of two motorcycles. The bodywork features warped geometry and structurally inconsistent panel junctions. Tire textures show repetitive pseudo-detailing and softened waxy edges.
two motorcycles facing each other,DALLE/072-3.png,72,0.5852746751819901,0.628574564973366,0.561924762363057,4,4,3,3,3,"Two parked motorcycles sit side-by-side against a plain white wall. The subjects show significant structural distortion, especially within the front assemblies and wheels. Textures appear waxy while edges lack sharp definition in complex regions."
two motorcycles facing each other,DALLE/072-4.png,72,0.563594195645939,0.564136919549835,0.629892046129344,4,4,4,2,3,A close-up shot depicts two parked motorcycles on a concrete floor. The motorcycles exhibit structural distortions including a malformed fork and glowing rim. Textures appear waxy with softened details and inconsistent lighting on surfaces.
two motorcycles facing each other,Glide/072-1.png,72,0.3835166814051309,0.441891615825813,0.44936947331139,2,2,2,1,2,Two heavily distorted motorcycles sit before a building entrance. The vehicle bodies exhibit severe structural warping and part fusion. Extreme global blur and oversmoothing eliminate surface texture clarity.
two motorcycles facing each other,Glide/072-2.png,72,0.379870376219598,0.411433274614034,0.411740826450441,1,3,3,3,1,A heavily distorted green motorcycle stands on a paved urban road. The motorcycle features severely warped geometry and fused mechanical components. Extreme blur and softness degrade overall detail and clarity.
two motorcycles facing each other,Glide/072-3.png,72,0.434784398926123,0.43384843181882,0.444762513617137,1,2,2,2,2,A black motorcycle is parked against a brick wall in daylight. The subject shows fused engine components and indistinct handlebar geometry. Global oversmoothing flattens textures and blurs all edges.
two motorcycles facing each other,Glide/072-4.png,72,0.385571540085725,0.5125164947956911,0.489048983013648,3,3,3,3,2,"Two distorted motorcycles sit before a brick wall and green metal gate. Subject vehicles show severe warping, fused components, and malformed fairings. Heavy blur and oversmoothing flatten textures and soften edges."
two motorcycles facing each other,Lafite/072-1.png,72,0.368732230270356,0.287476547334855,0.396110666774427,1,1,2,1,3,A distorted red motorcycle sits on a paved surface in bright daylight. The subject's structure is severely warped and fused into an unrecognizable shape. Heavy blurring and melting textures destroy edge definition everywhere.
two motorcycles facing each other,Lafite/072-2.png,72,0.363079591311674,0.391217749449957,0.39520229562361,3,1,1,1,3,Two futuristic motorcycles occupy a paved outdoor scene under bright lighting. Subject geometry is heavily malformed with fused components and illogical spatial layout. Textures appear waxy with softened details and unclear boundary transitions.
two motorcycles facing each other,Lafite/072-3.png,72,0.434014386616985,0.448471448543341,0.441221793894633,3,2,2,2,2,A heavily distorted red motorcycle occupies a paved outdoor scene. The subject exhibits severe structural failure with fused components and implausible geometry. Waxy textures and background melting indicate significant global perceptual degradation.
two motorcycles facing each other,Lafite/072-4.png,72,0.376365357461503,0.398652071136832,0.412279471810036,1,2,2,1,2,A heavily distorted red motorcycle is centered in a bright outdoor scene. The vehicle structure is malformed with fused bodywork and overlapping mechanical components. Perceptual quality suffers from waxy textures and softened edge definitions.
two motorcycles facing each other,stable-diffusion/072-1.png,72,0.642731377768071,0.600865174477182,0.567264649500771,4,4,4,2,3,Two motorcyclists on orange bikes sit before a blurred road background. Motorcycle frames are malformed with fused limbs and distorted helmet regions. Surfaces show waxy textures and the background lacks sharp detail.
two motorcycles facing each other,stable-diffusion/072-2.png,72,0.5807834022563609,0.559668204976198,0.4496103191382319,3,3,3,2,3,"Two parked motorcycles with selective color accents face a gray concrete wall. Motorcycle structures show engine clutter, illegible text, and distorted fairings. Background surfaces exhibit flat textures and inconsistent detail."
two motorcycles facing each other,stable-diffusion/072-3.png,72,0.3867907590075469,0.418973084907263,0.396454660211759,3,2,3,1,1,Two motorcycles park before a slatted wall in a realistic style. The red bike's front wheel and engine show severe warping and fusion. Heavy blur and waxy textures obscure fine details.
two motorcycles facing each other,stable-diffusion/072-4.png,72,0.616289372034911,0.596822134793652,0.605581962049147,3,3,3,2,3,Two red motorcycles face a grey slatted wall in high-contrast style. The left motorcycle's rear frame is distorted and lacks coherent structure. Heavy processing flattens textures and causes slight edge aliasing globally.
two motorcycles facing each other,Unidiffuser/072-1.png,72,0.387840917586002,0.498577001207672,0.459785472214633,2,2,2,3,2,"Two blurred motorcyclists ride on a road under a hazy sky. Subject forms are severely smeared, making anatomy and geometry unreadable. Intense motion blur destroys all local texture and sharpness."
two motorcycles facing each other,Unidiffuser/072-2.png,72,0.539481546695044,0.502327130319919,0.542824058327141,3,3,2,1,3,Two motorcyclists on sport bikes are parked on an asphalt road. The yellow motorcycle exhibits severe geometric warping and fused front-end components. Surfaces show waxy textures and softened local details.
two motorcycles facing each other,Unidiffuser/072-3.png,72,0.608609837956353,0.601994008953127,0.517038812765533,3,3,3,2,2,"Two sport motorcycles sit on asphalt before a green field under overcast light. Both subjects exhibit warped fairings, malformed headlights, and structurally implausible mechanical geometry. Waxy textures and softened details weaken edge definition."
two motorcycles facing each other,Unidiffuser/072-4.png,72,0.553906934954447,0.463311870931023,0.5099150087735029,3,4,3,3,2,Two motorcyclists ride red bikes on a paved road in daylight. The left rider is severely malformed with fused and unrecognizable anatomy. Textures appear waxy with inconsistent detail and softened edges throughout.
ten red apples,Controlnet/074-1.png,74,0.5189681389043119,0.39367594887394,0.411797989449014,3,3,3,3,2,"A digital painting depicts several colorful apples on a neutral surface. The fruit exhibits distorted shapes and poorly integrated, artificial-looking stems. Textures appear overly smooth with soft, undefined object boundaries."
ten red apples,Controlnet/074-2.png,74,0.641369086274984,0.637406507882557,0.526621601782346,3,4,4,3,2,"A tight close-up captures a pile of glossy red apples. Individual fruit shapes are recognizable, but surface topology shows local inconsistencies. Global textures lack fine grain, resulting in a plastic-like appearance."
ten red apples,Controlnet/074-3.png,74,0.548273724125986,0.477865627139816,0.459650865037413,3,3,2,3,1,A painterly still life displays whole and sliced apples on a glossy surface. The sliced apple exhibits a malformed core with confusingly fused internal geometry. Textures appear waxy with softened background details.
ten red apples,Controlnet/074-4.png,74,0.485260940518763,0.51131102882152,0.407433817549103,4,4,4,3,2,"A digital painting shows three apples with leaves on a dark surface. The fruit anatomy is plausible, but the foliage exhibits fusion and warping. Global textures appear waxy with an illegible pseudo-signature present."
ten red apples,DALLE/074-1.png,74,0.64639501844599,0.631045387732915,0.526591001311539,3,4,2,3,2,A close-up shot captures several red apples resting on a white surface. The fruit subjects display structurally coherent geometry and unambiguous semantic identity. Glossy surfaces show slight waxy smoothing and softened boundary transitions.
ten red apples,DALLE/074-2.png,74,0.654142652636604,0.608549735128729,0.556650651385218,4,4,4,3,2,A close-up shows a pile of red and yellow apples on a plain surface. The fruit shapes are coherent despite some distorted stem and calyx regions. Textures are sharp and natural with consistent lighting.
ten red apples,DALLE/074-3.png,74,0.601754968808393,0.539303120644728,0.5056065530067579,3,4,3,2,2,Multiple red apples sit in a row against a plain white background. The fruit forms are structurally stable and clearly recognizable as whole apples. Surface textures show slight oversmoothing and a waxy plastic-like appearance.
ten red apples,DALLE/074-4.png,74,0.6717567956850821,0.67931168944446,0.552492312544101,4,4,4,3,2,A close-up photograph captures several red apples on a white background. The apples are structurally sound but feature malformed and blurry stem regions. Global textures show oversmoothing and waxy surfaces with soft boundary definitions.
ten red apples,Glide/074-1.png,74,0.4224894293312269,0.493440805289822,0.522170665271418,2,3,2,2,2,A close-up photograph of a pile of red apples under bright lighting. The central apple displays malformed geometry with dual stem-like spots and a red flap. Significant blur and smoothing eliminate natural fruit skin textures.
ten red apples,Glide/074-2.png,74,0.502993803594989,0.517529372932232,0.343052611809615,4,3,3,3,1,"A close-up shows a red apple with green patches on a white background. The fruit's form is stable, but its skin shows unnatural color shifts. Blur softens details, leaving the surface waxy and flat."
ten red apples,Glide/074-3.png,74,0.499395375914232,0.561156447696387,0.4453169507255159,3,3,2,3,2,A close-up photograph depicts a cluster of red apples under warm lighting. The subjects are recognizable but display softened boundaries and malformed stem areas. Surface textures appear waxy while distant regions show significant blur.
ten red apples,Glide/074-4.png,74,0.464875205270485,0.4728462131346729,0.522538272539579,3,3,3,3,2,A close-up shows a cluster of glossy red apples with warm lighting. The central apple is well-formed but features a semantically ambiguous dark blemish. Textures appear waxy with blurred fruit boundaries.
ten red apples,Lafite/074-1.png,74,0.397438776092388,0.365910851861786,0.419885478427301,2,2,2,2,2,A close-up view shows a cluster of blurred red fruits and leaves. The subjects are structurally malformed with fused boundaries and indistinct organic shapes. Global oversmoothing creates flat textures and lacks fine edge definition.
ten red apples,Lafite/074-2.png,74,0.362317154198054,0.363496154078692,0.331305026048211,1,2,1,1,2,A close-up view shows a cluster of red fruits in a painterly style. The fruit subjects are severely distorted with melted shapes and fused boundaries. Heavy oversmoothing creates waxy textures and undefined edges everywhere.
ten red apples,Lafite/074-3.png,74,0.463271473590683,0.46396609703966,0.4377937548973329,2,3,1,1,2,A close-up shot displays a dense cluster of red fruits and leaves. The fruit bodies are structurally malformed and fused with indistinct foliage. Severe oversmoothing produces waxy textures and melted inter-object boundaries.
ten red apples,Lafite/074-4.png,74,0.437244922936565,0.4028270112586199,0.458558196520185,4,4,2,1,2,A close-up of clustered red fruits and green leaves in a soft style. Fruits are structurally vague with fused shapes and poorly defined organic edges. Oversmoothing flattens textures and blurs all fine details.
ten red apples,stable-diffusion/074-1.png,74,0.6549447117291579,0.562699388564913,0.48259634461827,4,4,4,3,3,"Six red apples are arranged on a green surface in an oil painting style. One apple is structurally distorted with a flattened shape while others remain coherent. Surfaces exhibit a smooth, waxy texture with subtle pseudo-details."
ten red apples,stable-diffusion/074-2.png,74,0.704870784659485,0.671917372807348,0.571798452421961,4,4,4,3,2,A close-up view shows a dense pile of red and green apples. The fruit maintains coherent shapes and realistic color gradients without visible fusion. Surface textures appear slightly waxy and lack fine micro-detail.
ten red apples,stable-diffusion/074-3.png,74,0.580472182598513,0.5679322507092199,0.545499004258098,3,3,3,3,1,A digital painting displays several red apples on a green background. The central apple has a malformed stem and a confusing yellow patch. Textures appear smoothed and shadows lack realistic depth definition.
ten red apples,stable-diffusion/074-4.png,74,0.467384475177588,0.5198097506867569,0.491967311483756,3,3,2,2,2,A painting depicts several red apples hanging from branches in a soft forest setting. The fruit is structurally stable but shows vague stem attachments to the limbs. Global textures appear uniformly smooth with weak edge definition throughout.
ten red apples,Unidiffuser/074-1.png,74,0.511861434109386,0.534428133176785,0.464426597397197,3,3,2,2,2,A dense cluster of red apples rests on the ground near foliage. Subjects show extreme geometric uniformity and lack realistic physical contact points. Textures are waxy and oversmoothed with softened boundaries and melted background.
ten red apples,Unidiffuser/074-2.png,74,0.413638912340864,0.418053716871216,0.485891541094022,1,1,1,1,1,A close-up view of blurred red apples clustered with green foliage. The fruit subjects are recognizable but lack distinct boundaries and internal structure. Heavy global blur and oversmoothing flatten all texture and edge details.
ten red apples,Unidiffuser/074-3.png,74,0.541681834631924,0.536933168085837,0.510541000455522,4,4,3,2,3,A close-up photograph shows red and yellow apples on green grass. The fruit subjects exhibit severe structural distortion with hollowed-out centers. Bright lighting reveals slightly waxy textures and repetitive grass patterns.
ten red apples,Unidiffuser/074-4.png,74,0.558571335901983,0.596200869087133,0.552998278731994,3,3,3,2,3,A top-down view captures several red apples on a green textured background. The subjects are structurally stable but show malformed stems and simplified calyx details. Textures appear somewhat waxy with noticeable background pattern repetition.
three green peppers,Controlnet/075-1.png,75,0.581014292036254,0.546731927261592,0.5184376908698041,4,4,3,3,2,Three glossy green and purple peppers rest on a wooden surface. The vegetable subjects exhibit noticeable structural fusion and malformed organic shapes. Glossy surfaces show intense highlights and slightly artificial smoothness.
three green peppers,Controlnet/075-2.png,75,0.472622122227972,0.458189864810222,0.496530309605151,3,3,2,1,1,A photorealistic arrangement of whole and halved green peppers on a green surface. The subject exhibits malformed internal structures and unnatural spatial relationships between parts. Pervasive oversmoothing creates waxy surfaces and indistinct details.
three green peppers,Controlnet/075-3.png,75,0.559059073410953,0.50931315287789,0.4941958815608639,3,4,3,2,2,Two green bell peppers rest on a coarse concrete surface in bright sunlight. The opened pepper exhibits a malformed brown interior lacking plausible internal structure. Surfaces show artificial highlights and subtle oversmoothing.
three green peppers,Controlnet/075-4.png,75,0.580645612173429,0.543240980427463,0.47975272204497,4,4,4,2,2,Several green peppers rest on a brown cloth in a photorealistic style. The peppers exhibit minor morphological distortions with unnatural curves and fused shapes. Surfaces appear waxy with softened details and inconsistent background textures.
three green peppers,DALLE/075-1.png,75,0.641652871658447,0.662542548092656,0.651055125028168,4,4,3,3,3,Three photorealistic green bell peppers sit on a plain white background. The vegetables display coherent organic geometry with no visible structural anomalies. Skin textures show subtle smoothing and minor pseudo-detail in highlights.
three green peppers,DALLE/075-2.png,75,0.632087065174929,0.625294257444307,0.666949225063191,4,4,4,3,3,Three green bell peppers are arranged on a plain white background. The subjects show minor structural anomalies at the stems and contact zones. Textures appear waxy with softened details and slightly unclear boundaries.
three green peppers,DALLE/075-3.png,75,0.616899729883423,0.579772728859596,0.636607191148657,3,3,3,3,3,Three green bell peppers rest on a plain white background in a close-up shot. The peppers exhibit slightly malformed geometry and fused surface details that reduce realism. Textures appear waxy and lack sharp micro-detail across the surfaces.
three green peppers,DALLE/075-4.png,75,0.593046970494179,0.637862999736479,0.6659462559699451,4,4,4,3,3,Three green bell peppers are displayed on a plain white background. The subject structure is plausible despite malformed stems and minor surface distortions. Textures appear waxy and oversmoothed with flat lighting transitions.
three green peppers,Glide/075-1.png,75,0.3832892351211919,0.430850653328572,0.430189424886984,2,3,2,2,2,A close-up photorealistic view shows several bright green bell peppers. The central pepper's stem area is structurally malformed and visually fused. Severe oversmoothing causes waxy textures and indistinct surface boundaries.
three green peppers,Glide/075-2.png,75,0.436489555073607,0.451423712955844,0.429140927389858,2,3,2,1,2,A close-up photorealistic shot of several glossy green bell peppers. The peppers show significant structural fusion and malformed organic geometry. Surfaces display a waxy appearance with softened local details.
three green peppers,Glide/075-3.png,75,0.476699823450296,0.531485045178598,0.552633614302269,1,3,2,2,1,A tight close-up captures several bright green bell peppers under harsh lighting. The pepper shapes show minor distortion with fused surfaces and ambiguous anatomy. Textures appear waxy and oversmoothed with softened details.
three green peppers,Glide/075-4.png,75,0.415971220167789,0.465761088235701,0.486572357094211,3,2,3,1,1,Two green bell peppers rest on a white background in a close-up view. The peppers exhibit severe geometric warping and unnatural cavities distorting their shape. Surfaces are waxy and oversmoothed with softened edge definition.
three green peppers,Lafite/075-1.png,75,0.450420625510831,0.432156735534028,0.441339170958859,1,2,2,1,1,"A close-up shot displays green beans on a pale neutral background. The legumes appear as malformed, fused masses lacking coherent pod geometry. Extreme oversmoothing results in waxy textures and undefined boundaries."
three green peppers,Lafite/075-2.png,75,0.384102894962267,0.351532556444261,0.379572541910795,2,2,2,1,3,A close-up shows malformed green pods in a soft-focus painterly style. The subject's organic structure is fused and lacks clear geometric plausibility. Global oversmoothing creates waxy textures and undefined edges across the frame.
three green peppers,Lafite/075-3.png,75,0.347853058063638,0.373924506532223,0.3658705258502649,1,1,2,1,2,A painterly close-up shows green bean-like pods on a pale background. The subject structure is fused and lacks clear anatomical separation between parts. Global oversmoothing creates flat waxy textures and extremely softened edges.
three green peppers,Lafite/075-4.png,75,0.424181442862639,0.3735209484554909,0.374632680930075,1,2,1,1,1,A close-up view of glossy green organic shapes resembling clustered peas. The subject exhibits malformed fusion and lacks clear separation between individual parts. Oversmoothing produces waxy textures and softened global edges.
three green peppers,stable-diffusion/075-1.png,75,0.6072558440954839,0.58336676060459,0.636560596963601,4,4,4,2,3,Three green bell peppers rest on a purple surface in a close-up. The bottom pepper has a structurally malformed extra stem on its side. Skins exhibit waxy textures and overly uniform bright specular highlights.
three green peppers,stable-diffusion/075-2.png,75,0.518114830687878,0.47575895678285,0.453372531121043,4,3,3,2,1,Four green bell peppers rest on a dark surface under soft lighting. Subjects exhibit structural anomalies including fused stems and malformed lobe geometries. Surfaces display waxy textures and overly smoothed organic details.
three green peppers,stable-diffusion/075-3.png,75,0.464822734497873,0.494312194103086,0.4711204130259,4,4,4,2,2,A top-down view shows green vegetables resting in a woven basket. The vegetable structures exhibit severe warping and fusion with implausible geometry. Global oversmoothing creates waxy textures and eliminates fine edge details.
three green peppers,stable-diffusion/075-4.png,75,0.5815164355452169,0.593037983096732,0.50961062651378,4,4,4,2,2,A photorealistic close-up displays green chili peppers on white paper. The subjects exhibit warped tips and structurally inconsistent organic shapes. Surfaces appear waxy with repetitive background texture patterns.
three green peppers,Unidiffuser/075-1.png,75,0.348541508243921,0.3461504314822239,0.40170130267261,1,1,1,1,1,A close-up displays several bright green oval objects against a soft warm background. The subjects are structurally simple and coherent but lack any visible surface detail. Heavy global blur eliminates texture and softens all edges.
three green peppers,Unidiffuser/075-2.png,75,0.6131777030912849,0.518518221607298,0.498874959722014,4,4,3,3,1,Green bell peppers rest on a brown textured surface in a close-up view. Subject geometry is warped with malformed stems reducing structural botanical plausibility. Surfaces appear waxy and lack natural organic skin texture.
three green peppers,Unidiffuser/075-3.png,75,0.507942954116837,0.455124718587786,0.426214062928859,3,3,3,2,1,"Two distorted green peppers rest on a pink surface under bright light. Subjects display severe structural malformation with fused, limb-like extensions and warped geometry. Surfaces appear waxy with softened details and inconsistent highlights."
three green peppers,Unidiffuser/075-4.png,75,0.494196190698609,0.4729957278646929,0.442864160536133,4,4,3,2,2,A close-up shot displays several red and green bell peppers on a textured surface. The peppers exhibit slightly malformed organic geometry and indistinct overlapping boundaries. Surfaces appear overly waxy with softened details and repetitive background noise.
three small yellow boxes,Controlnet/076-1.png,76,0.590886807548502,0.511678774314138,0.436804807169499,2,3,2,2,2,Two golden rectangular containers rest on a white surface before a grey wall. The left container shows an implausible stacked geometry with misaligned rims. Surfaces display repetitive pseudo-detail textures and lack fine detail.
three small yellow boxes,Controlnet/076-2.png,76,0.574170875548677,0.577095168122325,0.4294408182070839,3,4,3,3,3,"Three small square objects are arranged on a light wood surface. The geometric forms show slight distortion and poorly defined boundaries. Image features global oversmoothing and flat, unnatural textures."
three small yellow boxes,Controlnet/076-3.png,76,0.54504232063785,0.533625125704401,0.408699044299244,4,4,4,3,2,Two golden metallic cubes rest on a textured grey surface under soft lighting. The larger cube features distorted ribbed textures on its side face. Background surfaces exhibit repetitive pseudo-detail and softened object boundary transitions.
three small yellow boxes,Controlnet/076-4.png,76,0.529115847676268,0.511113097717681,0.432867869992637,3,4,2,2,2,Four yellow rectangular containers rest on a textured floor before a plain wall. The containers are recognizable but feature distorted proportions and misaligned lid perspectives. Waxy surfaces and repetitive background textures reduce overall perceptual realism.
three small yellow boxes,DALLE/076-1.png,76,0.595595934878989,0.60425490155948,0.6932969163489721,3,3,2,3,3,Three yellow boxes are stacked in a pyramid on a white background. The subjects show minor geometric fusion at contact points and softened corners. Box surfaces exhibit a waxy texture with softened edge definitions.
three small yellow boxes,DALLE/076-2.png,76,0.498456367003149,0.594429326252226,0.642186862656199,4,4,2,3,3,"A vertical stack of four bright yellow boxes sits on a white surface. The geometric structure of the boxes is coherent with consistent proportions. Fine details are softened, giving surfaces a smooth, waxy appearance."
three small yellow boxes,DALLE/076-3.png,76,0.6703519504233979,0.626307559143883,0.681596833277323,4,4,3,3,3,Three yellow cubes are stacked centrally against a minimalist white background. The primary subject exhibits stable geometry and clear semantic readability as building blocks. Surface textures are uniformly flat and edges show noticeable softening throughout.
three small yellow boxes,DALLE/076-4.png,76,0.586230754058507,0.594094642667146,0.627739638688139,4,4,4,3,3,A close-up view features three stacked yellow boxes against a neutral background. The subjects maintain stable geometry and clear semantic readability without distortion. Surfaces exhibit overly smooth textures and softened edge definitions throughout.
three small yellow boxes,Glide/076-1.png,76,0.475703767951557,0.455783415346715,0.459923284125253,2,3,2,3,1,Three yellow boxes are stacked against a gray stone wall. The box shapes remain structurally stable but lack any crisp detail. Severe global blur flattens all textures and obscures boundaries.
three small yellow boxes,Glide/076-2.png,76,0.440283025878753,0.4444011442269899,0.366141046660333,3,3,1,3,1,A solid yellow digital color field fills the frame without any visible subjects. No identifiable subject exists to assess for structural or semantic distortions. Vertical banding and slight edge aliasing affect the flat surface.
three small yellow boxes,Glide/076-3.png,76,0.429970625723723,0.435079574339263,0.407089970840777,2,2,2,2,3,A close-up view captures multiple yellow house-shaped objects in a row. The structures show softened contours and lack distinct geometric definition. Severe blur and flat waxy textures obscure all fine details.
three small yellow boxes,Glide/076-4.png,76,0.423698402942832,0.37112173588844,0.432033576060823,2,3,2,2,2,"A row of bright yellow filing cabinets stands against a plain wall. The subjects are structurally coherent, but surface details are visually indecipherable. Extreme global blur flattens textures and severely softens all object contours."
three small yellow boxes,Lafite/076-1.png,76,0.41172705414479,0.385476619152926,0.421501800486353,2,3,2,2,2,"Frontal view of abstract yellow blocks on a plain white background. The subject shows severe shape warping, irregular tearing, and zero semantic clarity. Textures are waxy with very soft, undefined edges."
three small yellow boxes,Lafite/076-2.png,76,0.409531290991374,0.40734501395204,0.372367943467784,1,2,1,1,1,Two yellow rectangular paper-like objects rest on a plain light background. The left subject exhibits a torn upper edge while the right maintains geometry. Global blur and softness reduce texture clarity.
three small yellow boxes,Lafite/076-3.png,76,0.437296220658879,0.474582007717733,0.424825184394946,1,1,1,1,1,Abstract yellow geometric panels are arranged on a plain white background. The central panel is malformed and displays incoherent geometric structure. Surfaces feature waxy textures and softened edge definitions.
three small yellow boxes,Lafite/076-4.png,76,0.3940079431416909,0.382059127386032,0.450765876201631,2,2,2,3,2,Four yellow abstract rectangular forms are arranged on a stark white background. The forms exhibit warped geometry and fragmented internal structures lacking clear semantics. Extreme oversmoothing flattens textures and blurs all visible edges.
three small yellow boxes,stable-diffusion/076-1.png,76,0.624448266698397,0.629454921216405,0.601041565734879,4,4,3,3,3,Three yellow plastic containers sit on a dark textured surface. The central container shows stable geometry and clear semantic readability. Surfaces exhibit a slightly waxy texture with flattened detail.
three small yellow boxes,stable-diffusion/076-2.png,76,0.493942534962477,0.463600257721125,0.493062905007853,2,2,2,2,2,A yellow rectangular panel on a grey wall overlooks blurred yellow shapes. The central object is stable while the lower forms are severely warped and illegible. Blurring and waxy textures obscure details and soften boundaries.
three small yellow boxes,stable-diffusion/076-3.png,76,0.572611241468006,0.552765607479741,0.5787900191405609,4,4,3,3,3,A cropped pink flower and three yellow rounded squares on a grey surface. The geometric shapes and flower petals appear structurally stable and clearly defined. Surfaces exhibit slight oversmoothing and a repetitive background texture pattern.
three small yellow boxes,stable-diffusion/076-4.png,76,0.549996294598905,0.5125065974259261,0.464045632595045,3,3,3,3,2,Four yellow containers sit on a rough dark surface under focused light. The containers maintain coherent geometry despite minor seam simplifications. Surfaces appear flat and waxy with repetitive background textures.
three small yellow boxes,Unidiffuser/076-1.png,76,0.4668081366377379,0.476578222671002,0.512450348947119,4,4,3,3,2,"Two yellow cubic objects sit on a grey surface in close-up. The left object features a malformed hole lacking clear geometric definition. Surfaces show an overly smooth, waxy texture with softened edges."
three small yellow boxes,Unidiffuser/076-2.png,76,0.452395930846057,0.484327627569399,0.476382216938954,2,1,2,1,2,Yellow cubic objects sit on a textured surface under soft lighting. The foreground block is structurally malformed with blurred and undefined edges. Heavy oversmoothing results in waxy textures and lost edge definition.
three small yellow boxes,Unidiffuser/076-3.png,76,0.551471712193174,0.5369462679246569,0.579852939312733,4,4,3,3,3,Three yellow labeled boxes rest on a grey textured background. Box geometry is coherent but label text is semantically illegible. Background exhibits repetitive tiling and surfaces lack fine material detail.
three small yellow boxes,Unidiffuser/076-4.png,76,0.623317519933113,0.584965385289052,0.518625837515468,3,3,2,3,1,A close-up shot captures a pile of brightly colored wrapped gift boxes. The subject contains malformed ribbon bows and physically inconsistent stacking alignment. Image quality suffers from waxy surfaces and extreme texture oversmoothing.
two pianos next to each other,Controlnet/077-1.png,77,0.576454948020348,0.5685910013931,0.597722670648764,3,3,3,2,3,Two black digital pianos sit in a wooded outdoor setting. The instruments show distorted geometries and structurally unstable leg placements. Textures appear globally oversmoothed with weakened edge clarity.
two pianos next to each other,Controlnet/077-2.png,77,0.607669325684407,0.585824526108063,0.631835727236854,4,4,4,3,3,Two grand pianos occupy the foreground of a formal room setting. Piano keys appear malformed and all visible text is semantically meaningless. Textures display a uniform waxy smoothness with reduced high-frequency detail.
two pianos next to each other,Controlnet/077-3.png,77,0.570007644956108,0.51034014631429,0.5539060473655301,4,4,4,3,3,Two grand pianos stand behind a large foreground piano keyboard indoors. Pianos are recognizable but feature distorted branding and inconsistent key geometry. Wood surfaces appear waxy and fine details lack crisp edge definition.
two pianos next to each other,Controlnet/077-4.png,77,0.551393138994865,0.513477381735115,0.532742750939257,3,3,3,3,3,Two upright pianos sit before a brick wall in a flat-lit scene. Subject structure is severely compromised by malformed keyboards and implausible leg geometry. Textures appear flat and edges lack sharp definition.
two pianos next to each other,DALLE/077-1.png,77,0.6866243502088121,0.657408376837586,0.697521248968311,4,4,4,2,3,A close-up shot features a black grand piano in a bright room. The keyboard area is structurally distorted with melted and fused key shapes. Surfaces exhibit waxy textures and softened edge definitions.
two pianos next to each other,DALLE/077-2.png,77,0.577001254989084,0.597530182264852,0.639917875320157,4,4,4,3,3,A close-up view captures two piano keyboards and their internal mechanisms. Instrument parts remain recognizable despite an ambiguous central structural junction. Heavy blurring and flat textures soften all visible edges and details.
two pianos next to each other,DALLE/077-3.png,77,0.514984212999058,0.503174339253599,0.47302848008603,3,3,3,2,3,A high-angle close-up view of piano keys under warm lighting. The keyboard structure is warped with inconsistently shaped and fused keys. Heavy oversmoothing eliminates fine texture and softens all boundaries.
two pianos next to each other,DALLE/077-4.png,77,0.606892022968381,0.614389800229314,0.622707036532702,3,3,2,3,3,A photorealistic image displays two grand pianos against a plain wall. The subject is coherent but features noticeable key fusion and flattened geometry. Global textures appear waxy with softened edges and weak shadow depth.
two pianos next to each other,Glide/077-1.png,77,0.373252831173213,0.43003305778212,0.422843490943584,1,2,2,2,2,A close-up view shows a wooden piano keyboard in a warm interior. The keyboard exhibits distorted key geometry and irregular spacing across the frame. Heavy global blur and smoothing obscure all fine textural details.
two pianos next to each other,Glide/077-2.png,77,0.434343291997421,0.479307601727849,0.45064822852589,2,2,2,2,2,A blurry electronic keyboard sits on a stand in a domestic room. The device features illegible text and lacks coherent structural geometry. Heavy blur and noise significantly degrade edge definition and texture clarity.
two pianos next to each other,Glide/077-3.png,77,0.440382729283742,0.383280484202971,0.376496576265782,3,3,3,2,1,An oblique close-up depicts piano keys in monochrome tones. The keyboard layout is clear but individual keys lack crisp separation. Pervasive blur and oversmoothing eliminate most textural details.
two pianos next to each other,Glide/077-4.png,77,0.416942452404674,0.471139129578413,0.42665929109346,3,3,3,2,2,A close-up view of piano keys set within a blurry interior scene. The subject structure is malformed with fused keys and broken perspective lines. Severe blurring and oversmoothing flatten textures and soften all visible edges.
two pianos next to each other,Lafite/077-1.png,77,0.4285895007865899,0.469936355980521,0.449168962491035,2,2,2,1,2,"A blurry, painterly image shows a grand piano in a dim room. The subject's structure is stable but lacks distinct surface features. Severe global blur creates flat textures and obscures fine details."
two pianos next to each other,Lafite/077-2.png,77,0.5014394404077079,0.501337242201647,0.5044082973448419,2,3,4,2,1,A dimly lit interior features a grand piano and two seated figures. The piano keys are illegible and the figures exhibit severe fusion distortion. Significant global blur and texture smearing affect the entire composition.
two pianos next to each other,Lafite/077-3.png,77,0.432574164368191,0.455416643888118,0.431121029034078,1,1,1,1,1,"Dark workshop scene features several indistinct objects on a long table. Main subjects show severe structural warping and fusion, rendering them semantically illegible. Waxy textures and heavy oversmoothing degrade global detail clarity."
two pianos next to each other,Lafite/077-4.png,77,0.440365011490696,0.423120730012565,0.473087091490526,3,2,2,1,2,A blurry painting depicts a grand piano in a dimly lit room. The piano structure is severely distorted with malformed keys and warped legs. Oversmoothing and flat textures hide all fine details.
two pianos next to each other,stable-diffusion/077-1.png,77,0.423876708264538,0.459601029610333,0.420819066864828,2,3,3,2,2,A black grand piano sits in a soft-focus outdoor courtyard. The subject is structurally recognizable but shows significant local detail decay. Global oversmoothing produces flat textures and indistinct boundaries throughout.
two pianos next to each other,stable-diffusion/077-2.png,77,0.635265181130341,0.625726123721392,0.644204117652891,4,4,4,3,3,Two upright pianos sit side-by-side in a room with curtained windows. Piano keys and sheet music contain repetitive patterns and illegible pseudo-text. Wood textures appear waxy and background elements show significant oversmoothing.
two pianos next to each other,stable-diffusion/077-3.png,77,0.543018544466279,0.55846767200077,0.614845438144912,3,3,2,2,2,"Two white upright pianos and a large foreground keyboard face a plain grey wall. Pianos show malformed keyboards and illegible text, while foreground keys exhibit repetitive warping. Textures appear oversmoothed with flat lighting and soft edges."
two pianos next to each other,stable-diffusion/077-4.png,77,0.544970340005046,0.544321216780826,0.557287909873141,4,4,4,3,3,Two upright pianos sit before a red brick wall in natural light. The piano structures are recognizable but show warped keys and softened geometry. Global textures appear flat with significant oversmoothing and weak edge definition.
two pianos next to each other,Unidiffuser/077-1.png,77,0.530176416036068,0.466398178688783,0.58179784550788,3,3,2,2,3,Two grand pianos sit in a carpeted room with a chair. The left piano features warped keys and implausible body geometry. Wood textures look waxy and edges lack sharp definition.
two pianos next to each other,Unidiffuser/077-2.png,77,0.392589442311798,0.46210148369905,0.473043350068095,1,1,1,1,3,A blurry interior shows a wooden chair beside an upright piano. The furniture forms are severely warped with melted limbs and fused boundaries. Intense global blurring removes all texture clarity and edge sharpness.
two pianos next to each other,Unidiffuser/077-3.png,77,0.520067213260597,0.44647856759235,0.413882408562526,3,3,2,2,1,A close-up view shows a dark wooden upright piano against a wall. The keyboard area exhibits severe distortion with malformed and illegible key shapes. Surfaces show waxy textures and inconsistent lighting.
two pianos next to each other,Unidiffuser/077-4.png,77,0.575302278583892,0.6266605065258201,0.657239315264308,4,4,4,3,3,Two upright pianos are placed in a simple room with flat lighting. The instruments display distorted pedals and unreadable text compromising structural plausibility. Surfaces appear waxy while background details lack definition.
a tennis court with three yellow cones on it,Controlnet/078-1.png,78,0.508808847432988,0.568858565445247,0.4166140670191749,4,4,4,3,1,A photorealistic outdoor tennis court scene featuring a fenced perimeter and trees. The court contains illogical yellow lines and a spatially confused foreground region. Background elements exhibit flattened textures and noticeable repetitive patterning.
a tennis court with three yellow cones on it,Controlnet/078-2.png,78,0.619066848043769,0.515515096963663,0.5300718917848399,3,3,2,2,2,"An overhead view shows a green tennis court with a central net. Yellow court markings are warped into illegible, melted shapes lacking structure. The upper background contains heavy grainy noise and repetitive textures."
a tennis court with three yellow cones on it,Controlnet/078-3.png,78,0.571360905239107,0.512518453398869,0.368580629066762,4,4,4,2,1,A photorealistic image shows a tennis court with a mesh fence and colorful background. The court layout is inconsistent and the floating yellow object lacks structural plausibility. Surface textures and details exhibit noticeable flatness and oversmoothing.
a tennis court with three yellow cones on it,Controlnet/078-4.png,78,0.523650855557258,0.520545714108778,0.424509396469632,4,4,4,2,1,An aerial view captures a green and orange tennis court with a net. The court's white line geometry is distorted and lacks spatial coherence. Textures show subtle repetitive noise and softened fine details.
a tennis court with three yellow cones on it,DALLE/078-1.png,78,0.585732030780282,0.5410556072791031,0.458355916348916,3,3,2,2,2,Two yellow cones rest on a tennis court surface under bright lighting. The foreground cone exhibits base warping and lacks a realistic contact shadow. Textures show waxy smoothing and faint repetitive patterns.
a tennis court with three yellow cones on it,DALLE/078-2.png,78,0.532874026820528,0.529844539367905,0.558502248485262,3,3,2,3,3,A high-angle view depicts yellow cones on a segmented sports court. The cones show coherent geometry but suffer from malformed and fused base regions. Textures across the scene appear overly smooth and lack natural grain.
a tennis court with three yellow cones on it,DALLE/078-3.png,78,0.556506752380674,0.5030779410666679,0.558953522647747,4,4,4,2,3,Yellow traffic cones and a tennis ball rest on a sports court. Distant cones are malformed and lack clear structural definition. Surface textures show softening and inconsistent line sharpness.
a tennis court with three yellow cones on it,DALLE/078-4.png,78,0.533648656906833,0.503479576850536,0.4336204496767369,3,3,3,3,2,A high-angle view shows two yellow cones and a ball on a court. The subjects are clear but feature overly smooth and simplified geometric structures. Textures appear flat and lack natural material granularity.
a tennis court with three yellow cones on it,Glide/078-1.png,78,0.469104814005321,0.513353443192564,0.510786545700888,1,3,2,3,1,A low-angle view shows yellow cones on a green turf surface. The subjects are structurally coherent and easily identified as training cones. Severe global blur and smoothing eliminate almost all fine surface detail.
a tennis court with three yellow cones on it,Glide/078-2.png,78,0.4347018584400179,0.458963062709074,0.3867012875479049,1,1,1,2,1,Red traffic cones sit on a sidewalk before a building in daylight. A central cone features fused panels that disrupt its geometric structure and meaning. Global blurring softens edges and flattens texture details.
a tennis court with three yellow cones on it,Glide/078-3.png,78,0.39306275834565,0.490579091193307,0.345032794643091,3,3,3,3,1,A close-up view depicts a metal wire mesh fence before a green lawn. The fence grid is structurally coherent and recognizable despite soft focus. Severe global blurring eliminates fine details and edge sharpness.
a tennis court with three yellow cones on it,Glide/078-4.png,78,0.412230321683689,0.433855832063222,0.374955546215752,2,2,2,2,1,A close-up shows a yellow cone on grey brick pavement in daylight. The cone's geometry is mostly preserved despite some localized melting at the base. Heavy blur and flat textures dominate the entire visual field.
a tennis court with three yellow cones on it,Lafite/078-1.png,78,0.506194816802075,0.491777863832223,0.471451896885148,1,1,1,1,2,Blurry yellow amorphous shapes occupy a green tennis court scene. The central forms are structurally fused and semantically illegible. Extreme global blur and flattened textures obscure all fine details.
a tennis court with three yellow cones on it,Lafite/078-2.png,78,0.424011123843905,0.4555085954544269,0.43996959687034,1,2,2,1,2,"Several yellow spherical objects appear on a green tennis court in daylight. These subjects are structurally incoherent, resembling melted and fused amorphous blobs. Extreme global blur and texture flattening dominate the visual field."
a tennis court with three yellow cones on it,Lafite/078-3.png,78,0.379202462074972,0.407701974289453,0.42585692889739,2,2,2,2,2,Several yellow malformed objects sit on an outdoor tennis court. The subjects exhibit severe structural distortion and lack semantic readability. Global blur and flat textures degrade overall perceptual clarity.
a tennis court with three yellow cones on it,Lafite/078-4.png,78,0.326307926032238,0.355946171759345,0.393483081607108,2,1,1,1,1,Heavily blurred yellow shapes occupy an outdoor tennis court setting. The central forms are structurally malformed and semantically unreadable. Global oversmoothing and blur eliminate most texture and edge clarity.
a tennis court with three yellow cones on it,stable-diffusion/078-1.png,78,0.615604234210627,0.646327109183427,0.4100630542274159,4,4,4,3,1,"A photorealistic view captures an empty tennis court beneath an overcast sky. The court structure remains intact, while background foliage and fences appear melted. Background textures exhibit oversmoothing and repetitive artifacts."
a tennis court with three yellow cones on it,stable-diffusion/078-2.png,78,0.499574242140702,0.505183464781492,0.429047933010843,4,4,4,3,2,A high-angle view depicts a multi-colored tennis court with a net and cone. Court lines exhibit minor geometric distortion while the overall structure remains recognizable. Surface textures appear oversmoothed and lack realistic micro-detail.
a tennis court with three yellow cones on it,stable-diffusion/078-3.png,78,0.526559475208625,0.489132751734408,0.417973501309839,3,3,2,2,2,"High-angle view of a sports court with a distorted grid and two cones. Markings are structurally incoherent, forming a warped maze-like pattern without geometric logic. Textures appear waxy with inconsistent edges and melting effects."
a tennis court with three yellow cones on it,stable-diffusion/078-4.png,78,0.484931145407307,0.4863658005111759,0.442044769185865,4,4,4,3,2,"A photorealistic outdoor tennis court features a central net and a yellow flag. The court geometry is coherent, but the flag attachment appears physically inconsistent. Global surfaces show flat textures and softened boundary definitions."
a tennis court with three yellow cones on it,Unidiffuser/078-1.png,78,0.475562270601528,0.446039402734091,0.460279329060245,2,2,2,3,2,Two orange cones sit on a green court flanked by yellow markers. Foreground cones display malformed bases that appear melted and structurally unstable. Surfaces lack fine detail and exhibit a uniform waxy smoothing effect.
a tennis court with three yellow cones on it,Unidiffuser/078-2.png,78,0.519089111451156,0.488613627012463,0.4401822046200089,4,2,2,1,1,"A photorealistic shot of yellow cones on a blue lined sports court. The primary subject is clear, though background cones show minor shape defects. Court textures appear overly smooth and lack natural surface micro-variation."
a tennis court with three yellow cones on it,Unidiffuser/078-3.png,78,0.410900289951966,0.374629089213387,0.408515594185516,1,2,2,3,3,Yellow training cones sit on a blurry blue court surface under flat light. Cone shapes are recognizable but suffer from extreme blurring and lack definition. Global sharpness is very low with heavy smoothing across textures.
a tennis court with three yellow cones on it,Unidiffuser/078-4.png,78,0.499753027636489,0.434494945360897,0.469154894101391,2,2,2,2,1,A high-angle shot depicts an orange sports court with disorganized white lines. The court markings are geometrically warped and lack a recognizable sporting layout. Surfaces exhibit flat textures and pervasive oversmoothing.
Times Square with thousands of dogs running around,Controlnet/079-1.png,79,0.522836251590415,0.506958595925402,0.496021514040235,4,4,4,2,3,Two dogs stand in a crowded city plaza surrounded by colorful digital billboards. Foreground canines exhibit malformed tails and distorted anatomy amidst a melted crowd. The image shows global oversmoothing and waxy surface textures.
Times Square with thousands of dogs running around,Controlnet/079-2.png,79,0.4643310592286749,0.443364398421736,0.402876137641275,3,3,3,2,3,Several distorted dogs occupy a brightly lit Times Square plaza at night. Canine subjects exhibit severe anatomical warping including malformed heads and unnatural limbs. Distant figures appear melted and ground textures show inconsistent detail.
Times Square with thousands of dogs running around,Controlnet/079-3.png,79,0.50324372908624,0.4206449298560699,0.537941802564596,2,2,2,2,1,Multiple distorted dogs occupy a busy city street with digital billboards. The canine subjects exhibit severe anatomical distortions including malformed limbs and impossible poses. Fur textures appear waxy while background details lack sharp definition.
Times Square with thousands of dogs running around,Controlnet/079-4.png,79,0.50219491994828,0.402977953147521,0.477580642092216,3,3,3,2,3,"A massive group of distorted dogs crowds a brightly lit city street. The dogs exhibit severe anatomical warping, fused bodies, and broken limb structures. Surfaces appear waxy with softened details and illegible background text."
Times Square with thousands of dogs running around,DALLE/079-1.png,79,0.443963660174679,0.479102082587397,0.416050713412479,3,2,2,1,2,"A massive crowd of dogs occupies a city street lined with digital billboards. Canine subjects are often malformed, fused, or feature distorted, implausible anatomies. Global detail is softened by blur and flat, pseudo-realistic texturing."
Times Square with thousands of dogs running around,DALLE/079-2.png,79,0.573131857146437,0.471714051615891,0.511415283737019,4,4,4,1,3,A pack of dogs runs through a city square with glowing neon billboards. Canine subjects display severe anatomical distortions including malformed limbs and fused bodies. Fur textures lack sharpness and background details appear softened.
Times Square with thousands of dogs running around,DALLE/079-3.png,79,0.5080170789550781,0.463963733379829,0.524535518488223,4,4,4,2,3,A pack of dogs runs across a city street with blurred pedestrians behind. The canine subjects show severe anatomical distortions with fused limbs and warped proportions. Heavy oversmoothing creates waxy textures and indistinct details.
Times Square with thousands of dogs running around,DALLE/079-4.png,79,0.565824169709047,0.52114197031006,0.532477683808547,3,3,3,2,2,A crowded city street scene features people and dogs amidst tall buildings. Human figures in the crowd display severe facial distortion and anatomical fusion. Distant textures appear oversmoothed with noticeable blur and background melting.
Times Square with thousands of dogs running around,Glide/079-1.png,79,0.407591340697983,0.414607194554607,0.388004505600991,1,2,2,1,1,A low-angle view of a neon-lit urban street at night. Building structures and signs are unrecognizable due to extreme blur. Pervasive motion smearing obliterates texture and sharp edge details.
Times Square with thousands of dogs running around,Glide/079-2.png,79,0.399348443011932,0.42780382988996,0.385033288775171,1,1,1,1,1,A heavily blurred figure stands within a vibrant neon city nightscape. The subject's form is structurally undefined and lacks semantic legibility. Extreme global blur obscures all edges and surface details.
Times Square with thousands of dogs running around,Glide/079-3.png,79,0.415154452424868,0.460216986363376,0.445446954750443,1,1,1,1,2,A blurry nighttime city street view features tall buildings with colorful billboards. Urban structures and signage are malformed and fused into indistinct vertical shapes. Global blurring eliminates all fine texture and edges.
Times Square with thousands of dogs running around,Glide/079-4.png,79,0.3409264332067859,0.3655905084379139,0.3746393224252229,3,2,2,3,2,A blurry nighttime city street features brightly lit billboards on tall buildings. The urban subject is recognizable but its geometry is heavily smeared. Extreme global blur destroys all fine texture and edge clarity.
Times Square with thousands of dogs running around,Lafite/079-1.png,79,0.401325052573289,0.41454062314471,0.461306309440394,1,1,3,1,3,"A massive crowd of malformed dogs fills a neon-lit urban street scene. Canine subjects show severe anatomical fusion, broken limbs, and indistinct facial features. Global blur, waxy textures, and melted background details degrade clarity."
Times Square with thousands of dogs running around,Lafite/079-2.png,79,0.403418360906444,0.394046305849325,0.4522098147350529,2,2,2,1,3,"A distorted multi-eyed furry creature stands on a busy urban street. The subject exhibits severe structural malformation with fused eyes and broken anatomy. The entire image is heavily blurred with flat, smeared textures."
Times Square with thousands of dogs running around,Lafite/079-3.png,79,0.369923543102227,0.392129392457161,0.488079164618252,3,3,2,3,3,"Multi-headed furry dogs stand on a busy, blurred city street. The subjects show severe facial fusion and malformed limb structures. Heavy blur and melted textures obscure all fine details."
Times Square with thousands of dogs running around,Lafite/079-4.png,79,0.391174224866179,0.408219479365693,0.425342864528919,1,1,1,1,3,A pack of distorted dogs occupies a busy urban street scene. Canine anatomy is severely fused with broken limbs and missing features. Extreme global blur and melting textures destroy edge definition throughout.
Times Square with thousands of dogs running around,stable-diffusion/079-1.png,79,0.530192086455357,0.495255251887476,0.499124765794102,3,4,4,3,3,"Multiple dogs occupy a paved city square surrounded by glowing billboards. The canine subjects exhibit severe anatomical warping, fused limbs, and unnatural poses. Fur textures appear waxy and background details lack sharp edge definition."
Times Square with thousands of dogs running around,stable-diffusion/079-2.png,79,0.55265839958762,0.5005247075332381,0.448018712105734,3,3,4,2,2,Distorted dogs occupy a busy urban plaza under bright digital billboards. Foreground canines show severe anatomical warping including fused limbs and malformed features. Heavy background blur and softened texture details degrade overall clarity.
Times Square with thousands of dogs running around,stable-diffusion/079-3.png,79,0.454299120293766,0.417201325234224,0.5155879090746059,2,2,4,2,3,A dense crowd of dogs fills a city street with a yellow school bus. Canine subjects are recognizable but frequently fused with unclear boundaries. Motion blur and flattened textures reduce global perceptual sharpness.
Times Square with thousands of dogs running around,stable-diffusion/079-4.png,79,0.441085916934608,0.388137047339572,0.520555069150162,3,3,3,2,3,"A photorealistic crowd of dogs occupies a busy urban plaza with bright billboards. Subjects show severe anatomical distortions including fused bodies, extra heads, and broken limbs. Fur appears waxy and background text is illegible."
Times Square with thousands of dogs running around,Unidiffuser/079-1.png,79,0.376276426472287,0.438166130603687,0.4542763994208429,2,2,3,2,3,A distorted crowd of people and dogs fills a neon-lit city street. Foreground animals show severe anatomical warping and semantically confusing body structures. Heavy oversmoothing flattens textures and obscures fine details.
Times Square with thousands of dogs running around,Unidiffuser/079-2.png,79,0.42484099098639,0.39735715261743,0.481107217543978,1,2,3,2,1,"A crowded city street scene features a massive herd of dogs among pedestrians. Subjects are densely packed with malformed anatomy and fused, indistinct body parts. Waxy textures and global softness degrade the visual fidelity."
Times Square with thousands of dogs running around,Unidiffuser/079-3.png,79,0.347355448746409,0.3738747112014179,0.408429959194244,1,2,1,1,2,"A blurry crowd of fluffy dogs stands before glowing neon city billboards. Individual canine forms are heavily fused, lacking distinct anatomy or clear separation. Heavy global blur and smoothing obscure all fine textures."
Times Square with thousands of dogs running around,Unidiffuser/079-4.png,79,0.534145801445403,0.487119727225405,0.547352497407219,4,4,4,3,3,A large pack of fluffy dogs fills a busy street with bright billboards. Many dogs exhibit malformed anatomy and fused bodies in the foreground. Waxy textures and background blur obscure fine details.
view of a giraffe and a zebra in the middle of a field,Controlnet/080-1.png,80,0.591470318988492,0.5462092193170051,0.490491512924289,4,4,3,2,2,A giraffe and a distorted zebra-like animal stand in a grassy field. The secondary subject exhibits malformed anatomy and inconsistent biological features. Fur textures appear waxy with softened edges and repetitive background patterns.
view of a giraffe and a zebra in the middle of a field,Controlnet/080-2.png,80,0.579840452026952,0.537331338730337,0.494878413730941,4,4,3,3,2,A photorealistic giraffe stands in a grassy field under a vibrant sunset sky. The animal's head and neck exhibit noticeable anatomical warping and pattern irregularities. Background elements lack sharpness and show repetitive textural smoothing.
view of a giraffe and a zebra in the middle of a field,Controlnet/080-3.png,80,0.546432390701011,0.545744349854538,0.4586174346005869,3,4,3,2,2,Two giraffes stand in an open grassy field under a cloudy sky. The adult giraffe exhibits malformed head features and inconsistent leg patterning. Background surfaces display noticeable oversmoothing and flat texture quality.
view of a giraffe and a zebra in the middle of a field,Controlnet/080-4.png,80,0.567536036345905,0.561674686217787,0.495144688325116,4,3,3,3,1,A photorealistic image features an adult and a juvenile giraffe in a golden savanna. The adult's head is distorted with malformed ossicones and a warped face. Surfaces appear waxy with softened details and inconsistent edge definitions.
view of a giraffe and a zebra in the middle of a field,DALLE/080-1.png,80,0.601031826049092,0.508715100742973,0.5609737412243949,4,4,4,3,3,A photorealistic scene features a giraffe and zebra standing in a grassy field. The subjects display prominent structural failures including distorted limbs and a malformed head. Image textures show pervasive oversmoothing and lack of sharp micro-detail throughout.
view of a giraffe and a zebra in the middle of a field,DALLE/080-2.png,80,0.635645434270332,0.616628341277507,0.5936230736171391,3,4,3,3,3,A realistic outdoor scene depicts a grazing zebra and a standing giraffe. Subjects show structural distortions like a malformed zebra neck and patchy giraffe coat. Distant details are oversmoothed and surface textures lack sharpness.
view of a giraffe and a zebra in the middle of a field,DALLE/080-3.png,80,0.587054229792616,0.554653402827898,0.609440876752036,2,3,3,2,3,A giraffe and a zebra stand on a sunny grassy hillside. The zebra displays significant body warping and semantically messy stripe patterns. Textures appear somewhat flat with a visible horizontal line in the sky.
view of a giraffe and a zebra in the middle of a field,DALLE/080-4.png,80,0.587263195659859,0.629255255590602,0.583466042412475,3,3,3,2,3,A photorealistic image depicts a zebra and a giraffe in a sunny field. The zebra's hindquarters display significant stripe distortion and anatomical instability. Coat textures show mild oversmoothing across the subjects.
view of a giraffe and a zebra in the middle of a field,Glide/080-1.png,80,0.377869547747468,0.3995888077345549,0.440233745376503,1,2,2,2,3,"Blurry giraffe-like figures stand in a bright, open savanna landscape. Subjects are indistinct, smeared silhouettes lacking clear anatomy or legible features. Severe global blur obscures all textures and sharp edges."
view of a giraffe and a zebra in the middle of a field,Glide/080-2.png,80,0.396937201347327,0.446154819454254,0.41779556526078,2,2,2,2,2,A blurry photorealistic image depicts a giraffe in a grassy field. The subject maintains basic anatomical coherence despite severe softening of its features. Heavy global blur and weak edges reduce perceptual clarity.
view of a giraffe and a zebra in the middle of a field,Glide/080-3.png,80,0.361338617133876,0.416964271070978,0.4314532737328129,2,3,2,2,3,"A blurry wide shot depicts a giraffe and another animal in a grassy field. The giraffe's anatomy is heavily softened, with limbs appearing fused and undefined. Extreme global oversmoothing flattens all visible textures and edges."
view of a giraffe and a zebra in the middle of a field,Glide/080-4.png,80,0.400496972124007,0.465659951774456,0.451705732272294,2,2,3,2,1,Two blurred zebras stand in a grassy field under natural light. The subjects show malformed heads and unstable limb structures. Heavy global blur flattens all textures and obscures edge definitions.
view of a giraffe and a zebra in the middle of a field,Lafite/080-1.png,80,0.400922102302428,0.414279947736452,0.463803193558673,1,1,1,1,1,A surreal animal hybrid stands in a grassy field under a blue sky. Its anatomy is malformed with a fused giraffe body and detached zebra head. Soft textures and a prominent semi-transparent text overlay appear.
view of a giraffe and a zebra in the middle of a field,Lafite/080-2.png,80,0.35456031263392,0.342293256088436,0.385112652274705,3,3,2,1,2,A partial giraffe stands in a grassy field under a blue sky. The subject's anatomy is severely malformed with a missing neck and distorted head. Global softness and blurry background details reduce overall clarity.
view of a giraffe and a zebra in the middle of a field,Lafite/080-3.png,80,0.3458769099161919,0.38619305233205,0.419675566771278,2,2,2,1,2,Multiple severely malformed giraffes stand in a bright grassy field. The subjects exhibit broken anatomy with fused bodies and floating heads. Textures appear flat and edges lack sharp definition.
view of a giraffe and a zebra in the middle of a field,Lafite/080-4.png,80,0.38421038005215,0.397899063310656,0.409563345228322,1,1,1,1,1,"A distorted giraffe-like figure stands in a grassy field under a clear sky. The subject's anatomy is broken into disconnected parts and floating head fragments. Visible blur, compression artifacts, and a watermark degrade the image."
view of a giraffe and a zebra in the middle of a field,stable-diffusion/080-1.png,80,0.6181671501103709,0.589976148718709,0.501835529945184,4,4,4,3,2,A photorealistic image shows two giraffes standing in a grassland. The right subject is a distorted giraffe-zebra hybrid with broken anatomy. Global textures exhibit mild oversmoothing and lack fine-grained detail.
view of a giraffe and a zebra in the middle of a field,stable-diffusion/080-2.png,80,0.389145661520498,0.357607167910327,0.406612653812274,2,2,2,2,1,A zebra stands in a field of tall dry grass. The subject is severely distorted with warped anatomy and smeared stripes. Global blur and flat textures reduce overall clarity.
view of a giraffe and a zebra in the middle of a field,stable-diffusion/080-3.png,80,0.562907833847664,0.457933993829526,0.429517961753997,3,3,2,2,2,A photorealistic savanna scene features a giraffe and a disembodied zebra head. The zebra head is structurally incomplete and the giraffe's head is malformed. Background textures exhibit subtle repetition and slight oversmoothing.
view of a giraffe and a zebra in the middle of a field,stable-diffusion/080-4.png,80,0.538993697883511,0.479370034572163,0.48494195366173,3,3,3,2,1,Two giraffes stand in a green field under bright daylight. Both subjects exhibit severe facial malformations and structurally implausible anatomy. Surface textures appear slightly smoothed while the background lacks fine detail.
view of a giraffe and a zebra in the middle of a field,Unidiffuser/080-1.png,80,0.559710647710452,0.460635577446291,0.468782167745905,4,4,4,1,2,A photorealistic scene features a severely distorted zebra in a striped field. The animal's anatomy is broken with fused bodies and inconsistent limb placement. Field textures show rigid repetition and lack subtle surface detail.
view of a giraffe and a zebra in the middle of a field,Unidiffuser/080-2.png,80,0.472787978724005,0.378048288565459,0.478033024469317,3,2,2,2,3,A striped giraffe-like hybrid and a zebra appear in a grassy field. The primary subject displays severe anatomical distortion and fused body parts. Widespread motion blur and smoothing obscure local texture details.
view of a giraffe and a zebra in the middle of a field,Unidiffuser/080-3.png,80,0.536488840729504,0.5353787811642,0.540152206972731,3,3,3,1,1,A photorealistic image depicts a zebra and giraffe in a field by water. The animals exhibit severe anatomical fusion with malformed bodies and impossible limb geometry. Background textures appear repetitive and edges lack sharp definition.
view of a giraffe and a zebra in the middle of a field,Unidiffuser/080-4.png,80,0.356084602616016,0.381774984937789,0.43794010016232,1,2,3,2,3,Two zebras stand in a green field before a hazy forested hill. The subjects show severe anatomical warping with elongated necks and smeared stripes. Pervasive softness and heavy grain obscure all fine textural details.
two people facing each other,Controlnet/081-1.png,81,0.492973185155997,0.487581592102614,0.565169536817721,3,3,4,2,3,Two human profiles face each other against a high-contrast background. Facial anatomy shows significant warping and distorted geometry at the noses. Surfaces exhibit waxy smoothing and inconsistent fine-grained detail.
two people facing each other,Controlnet/081-2.png,81,0.481660889108332,0.484864142390679,0.573235802365346,4,4,2,1,3,Two stylized figures stand on cracked earth under a heavy sky. The subjects show malformed facial features and structurally unstable bodies. Textures lack detail while edges remain consistently soft throughout.
two people facing each other,Controlnet/081-3.png,81,0.429465790449582,0.4536166808451309,0.49738717935921,3,4,4,2,2,A watercolor painting depicts a couple from behind in a misty field. The figures show simplified anatomy with malformed shoulders and fused head regions. Coarse grain texture overlays flat surfaces and indistinct background elements.
two people facing each other,Controlnet/081-4.png,81,0.56722196159459,0.53556302945359,0.5764962520074021,4,4,4,3,3,"Two silhouetted figures stand before a large textured concrete wall. Human silhouettes appear as flat, simplified cutouts lacking internal anatomical detail. Concrete surfaces exhibit repetitive pseudo-detailing and overly sharp figure edges."
two people facing each other,DALLE/081-1.png,81,0.6423346571420611,0.588599695472289,0.629771470219126,4,4,4,2,3,A photorealistic close-up captures a man and woman facing each other outdoors. Both subjects exhibit facial distortion with misaligned eyes and warped anatomy. Skin textures appear waxy with softened details and lack sharp definition.
two people facing each other,DALLE/081-2.png,81,0.607733658789069,0.632370901182535,0.6154327073418819,4,4,4,3,3,Two men face each other in profile against a plain background. Both subjects maintain plausible facial anatomy and clear semantic readability. Surfaces show waxy smoothing and weak micro-texture definition.
two people facing each other,DALLE/081-3.png,81,0.53512040415732,0.497387474353917,0.590065963217634,4,4,4,2,3,A girl in a pink shirt stands by a person on a path. The main subject's face shows subtle asymmetry as the other figure is cropped. Background foliage exhibits heavy oversmoothing and lacks texture.
two people facing each other,DALLE/081-4.png,81,0.569822448601213,0.612809664942638,0.601016755897958,4,4,3,2,3,"Two women face each other in a dramatic profile portrait. Facial anatomy exhibits subtle distortions, particularly around the nose and eyes. Skin texture appears waxy with softened details and blurred micro-structures."
two people facing each other,Glide/081-1.png,81,0.365453698780134,0.433744360078683,0.348456535163153,3,3,2,2,1,Two blurry dogs sit side-by-side in a grayscale outdoor setting. The subjects exhibit severe facial distortion and malformed body contours. Global oversmoothing and low resolution obscure all fine textural details.
two people facing each other,Glide/081-2.png,81,0.3256301087450199,0.318911600293908,0.315340610345258,2,2,2,2,1,A close-up view shows several blurry cats resting on a white surface. The primary orange cat subject is recognizable but exhibits smeared facial features. Extreme global blur flattens textures and eliminates all edge definition.
two people facing each other,Glide/081-3.png,81,0.40176408224811,0.398767175742918,0.335467145005675,1,2,2,1,1,"A blurry grayscale image captures a close-up of stacked rectangular blocks in a dark setting. Heavy blurring obscures the subject's structure, making its specific geometry illegible. Pervasive softness removes texture and blurs all boundaries."
two people facing each other,Glide/081-4.png,81,0.406531931081858,0.419723703679895,0.37105500529124,1,2,2,1,1,Two dogs rest on a light couch in a blurry close-up photo. The right dog's face and tongue appear malformed and lack structural stability. Heavy blur degrades texture and softens all edges.
two people facing each other,Lafite/081-1.png,81,0.381011146252099,0.349443539873808,0.4394539965695639,2,3,3,1,3,"A low-resolution digital portrait of two distorted faces against a plain background. Facial structures are severely malformed and fused, making key features unrecognizable and confusing. Heavy blur and melting textures characterize the global perceptual quality."
two people facing each other,Lafite/081-2.png,81,0.385707490587224,0.374159122267906,0.4131941166465809,2,3,3,1,2,"A close-up shows two distorted human figures facing each other. Facial features are severely malformed with fused eyes and warped noses. The image suffers from heavy blur and waxy, over-smoothed textures."
two people facing each other,Lafite/081-3.png,81,0.435938807821882,0.342388728290125,0.434081755506997,1,2,2,1,3,"A blurry close-up shows two people with distorted faces against a plain background. The human subjects exhibit extreme facial warping, feature fusion, and anatomical incoherence. Global blur and waxy textures obscure fine details and edges."
two people facing each other,Lafite/081-4.png,81,0.338131439168396,0.364975600748874,0.425410143159509,1,2,1,1,3,"A close-up portrait shows two figures facing each other on a plain background. Structure is malformed with fused faces, duplicated eyes, and broken anatomy. Severe blur creates over-smoothed waxy textures."
two people facing each other,stable-diffusion/081-1.png,81,0.485082787151337,0.489493782975871,0.427025400442442,4,4,4,3,2,High-contrast monochrome image shows two silhouetted figures on a wooded path. The figures display severe anatomical distortion with warped limbs and malformed feet. Ground textures appear oversmoothed while background branches show subtle repetition.
two people facing each other,stable-diffusion/081-2.png,81,0.355702404606128,0.36996891391964,0.300453913538115,1,2,3,3,1,A dense crowd of distorted figures fills the frame from a high-angle view. Individual subjects are malformed and lack recognizable anatomy or clear poses. Global oversmoothing and weak edge definition obscure all fine textures.
two people facing each other,stable-diffusion/081-3.png,81,0.583839814496015,0.5309449163273591,0.6182252004586161,2,2,2,2,3,Two people stand on a vast asphalt surface in a grainy monochrome aerial view. Small subjects maintain a coherent leaning pose with stable anatomy. Heavy grain and soft focus flatten textures and blur boundaries.
two people facing each other,stable-diffusion/081-4.png,81,0.5515183789705079,0.523923426368964,0.49711926014379,3,4,2,3,2,Two silhouetted figures face distant mountains from a plain under a gray sky. The human forms are coherent and well-separated from the hazy background. Graininess and softened edges reduce the overall detail definition.
two people facing each other,Unidiffuser/081-1.png,81,0.350945881996348,0.390757044685049,0.4921715165084629,2,2,2,2,3,A soft-focus portrait shows two people facing each other in profile. Subject faces exhibit significant smearing and lack coherent anatomical structure. Heavy oversmoothing results in flat textures and undefined boundaries throughout.
two people facing each other,Unidiffuser/081-2.png,81,0.548074512433069,0.524711719274792,0.569719444015907,3,4,3,2,3,A close-up portrait depicts a woman and a man facing one another. The central hand features distorted finger anatomy and fused joint structures. Waxy skin textures and a melted background affect visual clarity.
two people facing each other,Unidiffuser/081-3.png,81,0.474337374254116,0.480743946913271,0.455779666188295,1,2,1,1,1,Two people stand with their backs to the viewer against a teal wall. The central figure's structure is stable while the second person is heavily cropped. Heavy grain and waxy textures soften the overall image details.
two people facing each other,Unidiffuser/081-4.png,81,0.395904152937915,0.398396832103432,0.386793782524981,1,2,2,2,2,Two blurred faces are split by a vertical tear on a red background. Recognizable facial features appear warped and lack coherent anatomical structure. Extreme global blur and softness eliminate most fine textural detail.
an overhead view of a pickup truck with boxes in its flatbed,Controlnet/082-1.png,82,0.51623978599303,0.530543837588233,0.4298487051597079,3,3,2,2,3,A white pickup truck sits beside cardboard boxes on concrete from above. The vehicle's cab and bed geometry is warped and structurally implausible. Surfaces exhibit waxy textures and repetitive patterns with softened details.
an overhead view of a pickup truck with boxes in its flatbed,Controlnet/082-2.png,82,0.543347722487204,0.497648539729788,0.5442510786296451,3,3,3,2,2,High-angle view of trucks loaded with cardboard boxes in a warehouse. The vehicle structure is severely warped and fused into an illogical shape. Repetitive pseudo-details appear on box surfaces and soft background.
an overhead view of a pickup truck with boxes in its flatbed,Controlnet/082-3.png,82,0.64765727064472,0.5687478687868159,0.5598869325600639,4,3,3,2,2,A high-angle view shows a pickup truck overloaded with boxes on a road. The subject exhibits severe geometric distortion where cargo is fused or floating. Textures appear flat and lack sharp micro-detail throughout the scene.
an overhead view of a pickup truck with boxes in its flatbed,Controlnet/082-4.png,82,0.6003990299851281,0.565390389164915,0.496661233996615,4,4,4,3,2,A top-down view shows a car trunk overloaded with boxes and gear. The stacked items have implausible geometries and the printed text is nonsensical. Ground surfaces lack high-frequency detail and show slight texture tiling.
an overhead view of a pickup truck with boxes in its flatbed,DALLE/082-1.png,82,0.5851755622581291,0.565117689033656,0.5850141085555439,4,4,3,3,3,A white pickup truck carrying boxes is shown from an overhead perspective. The vehicle geometry exhibits subtle distortion around the cab windows and rear fender. Global textures show noticeable smoothing and a lack of fine surface detail.
an overhead view of a pickup truck with boxes in its flatbed,DALLE/082-2.png,82,0.6098850503553269,0.630746249389571,0.640082326800859,4,4,4,2,2,An overhead view shows a white pickup truck carrying boxes on asphalt. The truck is readable but contains a melted wheel and garbled door text. Textures appear waxy and lack high-frequency detail.
an overhead view of a pickup truck with boxes in its flatbed,DALLE/082-3.png,82,0.608801097357386,0.594765071367939,0.565509234987722,4,4,3,3,3,An overhead view depicts a white pickup truck carrying strapped boxes. The cargo features fused straps and visually confusing surface patterns. Tires and ground show heavy oversmoothing and melting.
an overhead view of a pickup truck with boxes in its flatbed,DALLE/082-4.png,82,0.568322596906197,0.5262840451924999,0.557994452881706,3,4,3,3,3,A top-down view shows a pickup truck bed loaded with various packages. The vehicle and cargo maintain a coherent structure with clear spatial arrangement. Surfaces exhibit noticeable oversmoothing and lack of fine textural detail.
an overhead view of a pickup truck with boxes in its flatbed,Glide/082-1.png,82,0.349730684189197,0.419709594870004,0.454800683068335,4,4,4,3,2,A distorted image shows a white truck parked near a wall. The vehicle geometry is malformed with broken lines and fused components. Severe global blur masks all fine details and edge definitions.
an overhead view of a pickup truck with boxes in its flatbed,Glide/082-2.png,82,0.365453887806808,0.421053835248433,0.4162196283201579,2,2,2,2,2,"A distorted vehicle sits against a brick wall in daylight. The subject's structure is severely warped, fusing truck and appliance parts into an incoherent shape. Heavy blurring and oversmoothing obscure all fine textures."
an overhead view of a pickup truck with boxes in its flatbed,Glide/082-3.png,82,0.358182645915058,0.380310755271073,0.4217103412377049,1,2,2,1,1,A heavily blurred close-up of an indistinct indoor scene with a dark central form. The subject lacks recognizable structure or semantic clarity from extreme detail loss. Severe global oversmoothing and blur obscure all textures and edges.
an overhead view of a pickup truck with boxes in its flatbed,Glide/082-4.png,82,0.405427250626024,0.3980564848088,0.391557705745118,1,2,2,1,1,"A low-angle view of intersecting painted beams inside a dim industrial structure. The beam geometry is distorted and fused, creating a confusing spatial layout. Global blur eliminates detail and softens all visible edges."
an overhead view of a pickup truck with boxes in its flatbed,Lafite/082-1.png,82,0.425461514756183,0.441817260267831,0.4557946105462679,1,1,3,1,1,A high-angle view shows a heavily warped boat on a paved lot. The subject's geometry is broken with fused parts and an incoherent layout. Surfaces exhibit waxy textures and softened details throughout.
an overhead view of a pickup truck with boxes in its flatbed,Lafite/082-2.png,82,0.425019729845254,0.4581113701293929,0.417625424958167,2,2,3,1,1,"A high-angle view shows a vertical stack of household items on a road. Items are severely warped and fused into an illogical mass. Heavy blurring, oversmoothing, and melting artifacts degrade clarity."
an overhead view of a pickup truck with boxes in its flatbed,Lafite/082-3.png,82,0.338584520205607,0.394350298525651,0.338992663942799,1,3,2,2,1,"A high-angle shot of a heavily distorted outdoor scene with abstract forms. Subject structures are completely malformed into fused and semantically unreadable shapes. Global textures show heavy melting, blurring, and repetitive tiling patterns."
an overhead view of a pickup truck with boxes in its flatbed,Lafite/082-4.png,82,0.400983916080972,0.420228573334143,0.400708089122571,2,1,2,1,2,A distorted composite of boxes and objects sits on an outdoor road. The subject structure is severely malformed with fused and unrecognizable parts. Textures appear waxy and lighting remains inconsistent across the scene.
an overhead view of a pickup truck with boxes in its flatbed,stable-diffusion/082-1.png,82,0.606326875383949,0.636386382187486,0.60039858080272,3,3,3,2,3,"An aerial view shows a silver pickup truck overloaded with cardboard boxes. The vehicle structure is malformed with a compressed cab and impossible box stacking. Surfaces show oversmoothing, repetitive textures, and softened edges."
an overhead view of a pickup truck with boxes in its flatbed,stable-diffusion/082-2.png,82,0.549937026540035,0.503579254517227,0.5166401060607619,3,3,3,2,2,High-angle view of flatbed trailers stacked with cardboard boxes in a yard. Boxes feature illegible pseudo-text and warped geometry with unstable wheel placement. Deep shadows obscure textures and background elements show heavy blurring.
an overhead view of a pickup truck with boxes in its flatbed,stable-diffusion/082-3.png,82,0.6062277228373361,0.574837247729854,0.6104276957005009,4,4,4,3,3,A high-angle shot shows a white pickup truck overloaded with cardboard boxes on asphalt. The vehicle's cab and bed are structurally fused and warped with impossible geometry. Surfaces exhibit flat textures and softened edge definitions throughout the scene.
an overhead view of a pickup truck with boxes in its flatbed,stable-diffusion/082-4.png,82,0.411609531814137,0.40812802843373,0.380585268091744,1,2,2,1,1,"An aerial view depicts a shipping yard filled with distorted stacked containers. The container structures are heavily warped, melted, and lack coherent geometric form. Image exhibits low sharpness, waxy textures, and indistinct object boundaries."
an overhead view of a pickup truck with boxes in its flatbed,Unidiffuser/082-1.png,82,0.571719878325457,0.483217872800045,0.525243063981662,4,4,3,1,3,An aerial view depicts a black pickup truck carrying boxes on a driveway. The truck's bed cover is severely warped and lacks any coherent structural geometry. Surfaces show mild oversmoothing and repetitive background textures.
an overhead view of a pickup truck with boxes in its flatbed,Unidiffuser/082-2.png,82,0.5466945931307621,0.475063041688428,0.538883202586835,4,4,4,1,3,A top-down view captures a pickup truck bed loaded with cardboard boxes. The vehicle structure and box placement display geometric distortion and unstable contact points. Image features waxy textures and globally softened fine details.
an overhead view of a pickup truck with boxes in its flatbed,Unidiffuser/082-3.png,82,0.594434664393816,0.519079351150054,0.556340695814878,4,4,2,1,3,A white pickup truck carries floating cardboard boxes on a flat surface. The vehicle is structurally stable but the cargo placement lacks physical plausibility. Surfaces exhibit flat textures and softened edge definition.
an overhead view of a pickup truck with boxes in its flatbed,Unidiffuser/082-4.png,82,0.512756429632145,0.4713403970489069,0.482398644533811,3,3,3,2,3,A high-angle view shows a white pickup truck among cardboard boxes. The vehicle's geometry is severely warped with a fused cab and distorted wheels. Repetitive textures and soft edges lower the image's overall quality.
a cross-section view of a walnut,Controlnet/084-1.png,84,0.578618982475366,0.565644468421745,0.593077121884529,3,3,3,2,3,A top-down view shows two cracked nut halves on a grey background. The nut halves show malformed internal structure with fused lobes and unnatural partitioning. Inner textures appear waxy and edges lack sharpness.
a cross-section view of a walnut,Controlnet/084-2.png,84,0.58570690924779,0.519221006946214,0.555629971358591,4,4,4,2,3,A photorealistic close-up depicts a split nut shell holding three walnuts. The walnut kernels show distorted geometry and implausible surface patterns. Fine details appear softened with a consistent waxy texture finish.
a cross-section view of a walnut,Controlnet/084-3.png,84,0.510147777953071,0.438921738484584,0.438481813728521,3,3,3,1,2,A centered macro shot shows a cross-section of a woody object containing a walnut. The internal walnut is malformed and fused within illogical concentric layers. Surfaces appear waxy with softened detail and edge artifacts.
a cross-section view of a walnut,Controlnet/084-4.png,84,0.547462756064637,0.521883658619409,0.539632264483251,4,4,4,3,3,A digital illustration depicts a centered nut cross-section on a plain background. The internal anatomy is readable but features fused and irregular organic structures. Faint illegible text and softened edges affect the surface clarity.
a cross-section view of a walnut,DALLE/084-1.png,84,0.598820554206034,0.5460592230343351,0.555073701324136,4,4,3,3,3,A centered photorealistic image displays a cracked walnut on a plain background. The subject exhibits malformed kernel geometry with fused lobes and unstable regions. Surfaces show slight waxiness and edges lack crisp definition.
a cross-section view of a walnut,DALLE/084-2.png,84,0.556043669746006,0.582078620352425,0.561624280246072,4,4,4,3,3,A centered top-down view of a cracked walnut on a plain background. The internal kernel structure exhibits malformed lobe shapes and blurry central partitions. Waxy textures and softened edges lack fine organic detail.
a cross-section view of a walnut,DALLE/084-3.png,84,0.599010426513934,0.578491954960417,0.559316474982818,4,4,3,3,2,A photorealistic close-up of a cracked walnut on a white background. The walnut kernel exhibits unnatural fusion and distorted internal organic structure. Surfaces show slight waxiness and softened fine detail across the subject.
a cross-section view of a walnut,DALLE/084-4.png,84,0.629135116100102,0.57184254901467,0.576489619810711,4,4,4,3,3,A photorealistic image of a cracked walnut on a plain white background. The walnut kernel is structurally malformed with warped and fused anatomy. Textures exhibit a waxy appearance with softened fine-grained details.
a cross-section view of a walnut,Glide/084-1.png,84,0.376102568892004,0.377676313511314,0.387939639898669,2,3,2,2,1,A centered photorealistic shot features a brown chestnut against a plain background. The subject exhibits a stable rounded form with semantically clear surface details. Perceptual quality suffers from noticeable blur and softened edge definition.
a cross-section view of a walnut,Glide/084-2.png,84,0.398163086491925,0.406092602808396,0.42599684891986,2,3,2,3,2,"A centered close-up shows a single brown chestnut on a plain white background. The subject is mostly coherent but has a malformed central slit with warped geometry. Global softness blurs textures into a waxy, over-smoothed surface."
a cross-section view of a walnut,Glide/084-3.png,84,0.41270627417386,0.4057692881452079,0.41109936275809,1,2,1,1,1,"A centered studio photograph of a single brown chestnut on a neutral background. The nut's form is stable, though surface details are blurry and the top looks malformed. Low global sharpness creates waxy textures and soft edges."
a cross-section view of a walnut,Glide/084-4.png,84,0.385835213288671,0.386845852553773,0.423250111085425,1,2,3,1,1,"A photorealistic close-up shows a single walnut on a white background. The nut's structure is stable but has a malformed, semantically confusing mark. Global textures appear overly smooth with softened edges and weak detail."
a cross-section view of a walnut,Lafite/084-1.png,84,0.43036574828651,0.426925375116421,0.428788513740544,3,3,2,2,2,"A close-up of a tree trunk cross-section with a face-like wood grain pattern. The central facial structure is recognizable but appears distorted and lacks anatomical stability. Noise, softened textures, and unclear boundaries affect quality."
a cross-section view of a walnut,Lafite/084-2.png,84,0.43809985226589,0.404444930502437,0.442862327295471,2,3,2,3,3,A macro shot depicts a circular organic cross-section on a rough surface. Internal rings are warped into a structurally distorted and semantically ambiguous form. Textures appear waxy with softened edges and weak detail clarity.
a cross-section view of a walnut,Lafite/084-3.png,84,0.512819230252652,0.534656752740167,0.483844527320275,2,2,3,1,1,"A close-up shot features a tree trunk cross-section with concentric rings. The central wood grain is warped into a confusing, face-like distortion. Textures appear waxy with softened details and inconsistent shadow definition."
a cross-section view of a walnut,Lafite/084-4.png,84,0.43939388547179,0.46425874166325,0.449349925328535,3,3,3,2,2,"A close-up shows a tree cross-section with a central face-like pattern. Internal rings are warped and fused into a distorted, unstable facial shape. Oversmoothing weakens detail and creates a flat, waxy texture."
a cross-section view of a walnut,stable-diffusion/084-1.png,84,0.6842176628095921,0.6952852476785959,0.670674551807564,3,3,4,3,2,A top-down view shows walnut halves and fragments on a green background. The walnut kernels have intricate but physically inconsistent folding and fused internal structures. Surfaces display subtle waxy smoothing with minor noise in the background.
a cross-section view of a walnut,stable-diffusion/084-2.png,84,0.567764634899389,0.545346060958666,0.584672848428618,3,3,3,2,3,A photorealistic image shows a halved nut containing smaller nuts on a grey surface. Internal anatomy is structurally implausible with malformed partitions and illogical contents. Surfaces show slight waxy smoothing and soft edge definition.
a cross-section view of a walnut,stable-diffusion/084-3.png,84,0.526908159407857,0.4940982218706209,0.588496280342491,3,4,3,1,3,A centered top-down view shows a cross-section of a nut on a purple background. Internal kernels have distorted shapes and an implausible radial arrangement. Surfaces show subtle waxiness and lack fine organic detail.
a cross-section view of a walnut,stable-diffusion/084-4.png,84,0.572660309336648,0.5409482529115099,0.556877945418953,3,4,2,2,3,A close-up features a split pecan shell with kernels on a white background. The kernel arrangement seems crowded and the inner shell texture lacks fine definition. Surfaces display a waxy smoothness with softened micro-textures.
a cross-section view of a walnut,Unidiffuser/084-1.png,84,0.4951853070055779,0.4580382726238939,0.430189747175337,4,4,4,3,3,A full-frame macro image shows a heavily wrinkled brown textured surface. The subject's folds are recognizable but display minor spatial inconsistencies in depth. Slight waxy smoothing and repetitive patterns diminish the fine-grained texture quality.
a cross-section view of a walnut,Unidiffuser/084-2.png,84,0.5406842390440351,0.5241294887864489,0.529176961978692,4,4,4,3,3,"A macro view of a textured brown organic surface featuring a central depression. The central subject is a malformed, fused mass with low semantic readability. Surfaces display repetitive waxy textures and inconsistent lighting highlights."
a cross-section view of a walnut,Unidiffuser/084-3.png,84,0.3925449478723349,0.378765980505635,0.369609890612883,2,1,1,2,2,A macro view shows a heavily wrinkled and reddish organic surface texture. The tissue-like structure is mostly coherent but features several unnatural white linear marks. Textures appear somewhat waxy with softened detail and blurry peripheral boundaries.
a cross-section view of a walnut,Unidiffuser/084-4.png,84,0.506906062539022,0.48497958812427,0.43022905916416,3,2,2,2,2,A macro view depicts a heavily wrinkled brown organic object on a white background. The subject's complex folds are clear but show inconsistent regional textural logic. Surfaces exhibit mild waxy smoothing and localized pseudo-detail repetition.
a close-up of an old-fashioned cocktail,Controlnet/085-1.png,85,0.603067196588931,0.601111068822616,0.553272449852602,4,4,4,3,3,A photorealistic close-up shows a glass of iced water and citrus on a textured surface. The orange slice has unnatural geometry and the upper garnish is structurally ambiguous. Background textures show repetitive patterns lacking detail.
a close-up of an old-fashioned cocktail,Controlnet/085-2.png,85,0.53988849107412,0.551626587467666,0.619511244203479,4,4,4,3,3,"A close-up shows a glass of amber liquid with ice and a lime wedge. The glass structure is stable, while the ice and garnish appear slightly malformed. Oversmoothing causes waxy textures and softened global edge clarity."
a close-up of an old-fashioned cocktail,Controlnet/085-3.png,85,0.641853134618999,0.626055336957705,0.580023576275988,4,4,4,2,3,A photorealistic close-up captures a cocktail glass with amber liquid and ice. The internal ice structure exhibits unnatural geometric faceting and distorted forms. Textures show slight waxiness and inconsistent surface shadowing.
a close-up of an old-fashioned cocktail,Controlnet/085-4.png,85,0.630004297791139,0.622248545966816,0.6718257830751411,3,3,3,2,3,A photorealistic image shows a glass of iced beverage with a lime garnish. The lime garnish shows structural distortion with malformed geometry and fused parts. Textures are waxy and the background shows a smeared blur.
a close-up of an old-fashioned cocktail,DALLE/085-1.png,85,0.677956708836978,0.737191417157169,0.634918426461911,4,4,4,3,3,A close-up shot features an orange slice in a glass of liquid. The citrus subject shows fused internal segments and lacks sharp textural clarity. Global surfaces appear waxy and oversmoothed with softened edge transitions.
a close-up of an old-fashioned cocktail,DALLE/085-2.png,85,0.513216355244972,0.5094102563647229,0.513533860390226,3,3,3,2,3,A close-up shows a glass of iced beverage with an orange slice garnish. The orange garnish is structurally intact but features blurry and unreadable internal segments. Liquid and ice regions display noticeable oversmoothing and flattened textural details.
a close-up of an old-fashioned cocktail,DALLE/085-3.png,85,0.5560620424244,0.5297025252084601,0.566424652618587,4,4,4,2,3,A macro shot shows a glass of amber liquid containing a distorted object. The central subject is malformed and fused into a semantically confusing mass. Textures appear waxy with softened edges and subtle pseudo-detailing.
a close-up of an old-fashioned cocktail,DALLE/085-4.png,85,0.552372481282091,0.5506946810301749,0.531389704768991,4,4,4,3,3,A macro photograph captures a cocktail decorated with orange and lemon slices. The orange peel is well-formed but exhibits unnatural thickness and smoothness. Liquid surfaces display waxy textures and lack sharp crystalline edge definition.
a close-up of an old-fashioned cocktail,Glide/085-1.png,85,0.32275231717845,0.354512730712349,0.3767075100003469,2,2,2,1,1,A blurry close-up shows an abstract field of warm orange and red gradients. The image lacks any coherent subject structure or recognizable semantic content. Extreme global blur eliminates all fine texture and edge definition.
a close-up of an old-fashioned cocktail,Glide/085-2.png,85,0.449622976701571,0.4142288959591569,0.4697258641295889,1,1,1,1,1,A blurry close-up shows an orange glossy surface with a bright highlight. The subject lacks structure and semantic clarity due to extreme softness. Severe global blur removes all texture and edge definition.
a close-up of an old-fashioned cocktail,Glide/085-3.png,85,0.421122877885457,0.411081979315354,0.3836148184130939,1,2,2,2,3,A macro shot captures a vibrant red liquid surface inside a clear vessel. The liquid's surface contains recognizable bubbles but suffers from extreme softness. Heavy blur and low resolution eliminate most fine-grained visual information.
a close-up of an old-fashioned cocktail,Glide/085-4.png,85,0.355250964484993,0.4040605538600549,0.405374323133692,1,1,2,2,3,"A blurry close-up shows an orange-red circular shape with a faint rim. The subject's structure is lost to heavy blur, leaving only vague color masses. Global sharpness is absent, resulting in flat textures and completely soft boundaries."
a close-up of an old-fashioned cocktail,Lafite/085-1.png,85,0.428960114705717,0.415246099752298,0.394167926636885,1,3,1,1,1,"A close-up depicts a glossy, malformed orange figure against a dark backdrop. The subject's anatomy is distorted with fused features and an unstable topology. Heavy blur and waxy textures obscure all fine surface details."
a close-up of an old-fashioned cocktail,Lafite/085-2.png,85,0.450144374951522,0.390135201296112,0.431570156325701,2,1,1,1,1,"A cropped close-up shows a glossy, distorted orange torso with glittery patches. The subject's anatomy is severely warped with unnatural indentations and fused textures. Heavy blur and waxy textures degrade the image quality."
a close-up of an old-fashioned cocktail,Lafite/085-3.png,85,0.398825696109916,0.370275458254909,0.4010125002084699,2,2,2,1,1,A close-up shows a glass of beverage with ice in warm light. The glass and liquid structure are severely warped and lack geometric stability. Heavy global blur and softened edges obscure fine details.
a close-up of an old-fashioned cocktail,Lafite/085-4.png,85,0.400797969284383,0.3948486850241099,0.412798068323811,3,2,2,2,2,A close-up view captures a glossy orange-brown figurine in a dim setting. The subject's torso is warped with illegible text fused into its surface. Heavy blur and softened edges dominate the visual quality.
a close-up of an old-fashioned cocktail,stable-diffusion/085-1.png,85,0.579187235803771,0.606329411573746,0.6177540911306081,3,4,2,3,3,A pink cocktail with ice sits on a dark surface next to a small bowl. Ice cubes appear fused and the side bowl's liquid surface looks unnaturally rigid. Background textures show slight oversmoothing and repetitive grain.
a close-up of an old-fashioned cocktail,stable-diffusion/085-2.png,85,0.537024332267271,0.545667160857925,0.558371306982381,2,3,2,2,3,"A close-up shot features a glass of amber liquid with ice and garnish. The glass is stable, but the garnish is malformed and semantically unclear. Textures exhibit mild oversmoothing and edges lack sharpness."
a close-up of an old-fashioned cocktail,stable-diffusion/085-3.png,85,0.3821915071908819,0.36630324054722,0.4060792800497559,3,2,2,3,3,A close-up captures a transparent glass bottle with a small internal orange speck. The subject displays an unnatural repetitive scaly texture across its glass surface. Image details show significant blur and repetitive pseudo-texture artifacts.
a close-up of an old-fashioned cocktail,stable-diffusion/085-4.png,85,0.588791212684713,0.563584673373846,0.561340522775996,4,4,4,3,3,A photorealistic cocktail with ice and garnish sits on a wooden surface. The subject displays fused garnishes and amorphous ice cubes with weak geometric stability. Global textures exhibit mild waxiness and pervasive edge softening.
a close-up of an old-fashioned cocktail,Unidiffuser/085-1.png,85,0.567137382961702,0.57764723801978,0.558100672874776,3,3,2,2,3,A macro shot captures a cocktail glass with a crystalline rim and lemon slices. Internal ingredients appear fused and lack sharp geometric boundaries within the liquid. Heavy blur flattens textures and creates pseudo-details on the rim.
a close-up of an old-fashioned cocktail,Unidiffuser/085-2.png,85,0.57813830066966,0.5522685414998559,0.565503073338906,2,3,3,3,3,"A close-up shot displays a glass of iced drink with a lemon slice. The ice region is a malformed, fused mass lacking logical crystalline geometry. Surfaces show waxy smoothing and faint repetitive textural noise."
a close-up of an old-fashioned cocktail,Unidiffuser/085-3.png,85,0.4011195308595179,0.477575825053136,0.50786042500186,2,2,2,3,3,A blurry close-up shows a cocktail glass with liquid and a garnish. The subject is structurally coherent but the stem and garnish lack form. Global blur and oversmoothing hide fine texture and edge detail.
a close-up of an old-fashioned cocktail,Unidiffuser/085-4.png,85,0.647389386807715,0.637455202247844,0.679901263316797,4,4,3,3,3,A close-up shows a glass of dark iced beverage with a garnish. The rim garnish is malformed with fused and nonsensical internal textures. Liquid surfaces show slight waxiness while background details remain softly blurred.
A robot with a black visor and the number 42 on its chest. It stands proudly in front of an F1 race car. The sun is setting on a cityscape in the background. wide-angle view. comic book illustration.,Controlnet/086-1.png,86,0.538928687196551,0.518395506483936,0.489930485763791,3,4,4,3,2,A stylized blue race car sits before a glowing city skyline. The car's body features malformed rear sections and indistinct surface details. Repetitive scratchy textures and soft focus blur the background elements.
A robot with a black visor and the number 42 on its chest. It stands proudly in front of an F1 race car. The sun is setting on a cityscape in the background. wide-angle view. comic book illustration.,Controlnet/086-2.png,86,0.471708796153413,0.505508014506129,0.449004651724682,4,4,4,2,3,A stylized digital illustration shows a race car against a city skyline. The vehicle structure is coherent but includes fused parts and illegible text. Vibrant colors and bold lines hide repetitive textures.
A robot with a black visor and the number 42 on its chest. It stands proudly in front of an F1 race car. The sun is setting on a cityscape in the background. wide-angle view. comic book illustration.,Controlnet/086-3.png,86,0.542966528941135,0.48034937987866,0.46641410029547,4,3,3,2,2,A stylized illustration shows a futuristic race car before a city skyline. The vehicle structure is malformed with fused cockpit parts and broken panels. Unreadable pseudo-text and repetitive patterns degrade the visual coherence.
A robot with a black visor and the number 42 on its chest. It stands proudly in front of an F1 race car. The sun is setting on a cityscape in the background. wide-angle view. comic book illustration.,Controlnet/086-4.png,86,0.530156407502809,0.503040774033273,0.466616384795618,4,4,4,3,2,A stylized illustration presents a black race car before a city skyline. The vehicle’s front wing and cockpit display structural fusion and geometric distortion. Bold lines hide flat textures and repetitive background patterns.
A robot with a black visor and the number 42 on its chest. It stands proudly in front of an F1 race car. The sun is setting on a cityscape in the background. wide-angle view. comic book illustration.,DALLE/086-1.png,86,0.5568146065941569,0.513063037633004,0.539199917949528,4,4,4,2,2,A digital illustration shows a helmeted robot in a bright urban racing environment. The subject's hands and feet are distorted and fused into amorphous forms. Distant buildings show flat textures and repetitive window patterns.
A robot with a black visor and the number 42 on its chest. It stands proudly in front of an F1 race car. The sun is setting on a cityscape in the background. wide-angle view. comic book illustration.,DALLE/086-2.png,86,0.619907047450312,0.5533757209054531,0.507329189278825,4,4,4,3,2,A stylized digital illustration shows a robot on a racetrack at sunset. The subject's torso and hand regions exhibit noticeable structural malformation and semantic ambiguity. Background elements show repetitive textures and lack fine surface detail.
A robot with a black visor and the number 42 on its chest. It stands proudly in front of an F1 race car. The sun is setting on a cityscape in the background. wide-angle view. comic book illustration.,DALLE/086-3.png,86,0.472689858564066,0.46490119341179,0.420527444002658,3,4,3,2,1,A digital illustration depicts a giant robot and race car in an urban setting. The robot's limbs show distorted joints and fused digits near a warped car. Flat textures and inconsistent lighting obscure fine details.
A robot with a black visor and the number 42 on its chest. It stands proudly in front of an F1 race car. The sun is setting on a cityscape in the background. wide-angle view. comic book illustration.,DALLE/086-4.png,86,0.572873966271062,0.583982283198361,0.557701605597181,3,4,2,3,3,A stylized illustration shows a robot and car against a city skyline at sunset. The robot is stable while the car's front geometry is warped and distorted. Background textures are repetitive and shading appears flat.
A robot with a black visor and the number 42 on its chest. It stands proudly in front of an F1 race car. The sun is setting on a cityscape in the background. wide-angle view. comic book illustration.,Glide/086-1.png,86,0.45584655092214,0.44883076714146,0.405571333108321,4,4,3,1,1,"A high-contrast binary image depicts a sports car under floating mechanical fragments. The vehicle structure is coherent but contains jagged edges and illegible wheel details. Extreme thresholding causes harsh aliasing and entirely flat, non-gradated surfaces."
A robot with a black visor and the number 42 on its chest. It stands proudly in front of an F1 race car. The sun is setting on a cityscape in the background. wide-angle view. comic book illustration.,Glide/086-2.png,86,0.428120161675289,0.372449041675166,0.400126364294974,2,2,2,1,1,"A stylized robotic figure stands before a white background with abstract text. The subject features severe structural distortion with malformed limbs and fused mechanical parts. Quality is marred by oversmoothing, illegible pseudo-text, and soft edges."
A robot with a black visor and the number 42 on its chest. It stands proudly in front of an F1 race car. The sun is setting on a cityscape in the background. wide-angle view. comic book illustration.,Glide/086-3.png,86,0.409747753736338,0.408272065515049,0.400849587185322,1,1,1,1,1,A sketch depicts a malformed mechanical vehicle on a plain white background. The subject shows fused parts and lacks a plausible mechanical structure. Rough lines and flat textures lower visual fidelity.
A robot with a black visor and the number 42 on its chest. It stands proudly in front of an F1 race car. The sun is setting on a cityscape in the background. wide-angle view. comic book illustration.,Glide/086-4.png,86,0.418694898365843,0.435526127928452,0.427133632339019,3,2,2,2,1,A centered mechanical robot with green segments on a plain white background. The subject shows significant structural distortion with malformed limbs and fused parts. Low sharpness and flat textures affect global clarity.
A robot with a black visor and the number 42 on its chest. It stands proudly in front of an F1 race car. The sun is setting on a cityscape in the background. wide-angle view. comic book illustration.,Lafite/086-1.png,86,0.4066742792446989,0.3971969894651749,0.394051445341525,2,2,2,1,1,A surreal single-eyed figure in a hat stands before a sunset cityscape. The subject is a malformed fused mass lacking coherent anatomy and stable geometry. Waxy textures show oversmoothing and inconsistent lighting.
A robot with a black visor and the number 42 on its chest. It stands proudly in front of an F1 race car. The sun is setting on a cityscape in the background. wide-angle view. comic book illustration.,Lafite/086-2.png,86,0.432012640563212,0.373051251739147,0.431101035538374,3,3,3,1,1,A stylized single-eyed figure in a hat stands before a sunset cityscape. The subject's body is malformed with fused parts and lacks coherent anatomy. Global textures appear waxy and oversmoothed with poor edge definition.
A robot with a black visor and the number 42 on its chest. It stands proudly in front of an F1 race car. The sun is setting on a cityscape in the background. wide-angle view. comic book illustration.,Lafite/086-3.png,86,0.415715288220039,0.425190549280998,0.452874346049976,3,2,3,2,2,A surreal malformed figure with a hat faces a sunset cityscape. The central subject's anatomy is heavily fused and lacks coherent structural logic. Global oversmoothing produces waxy textures and indistinct edges.
A robot with a black visor and the number 42 on its chest. It stands proudly in front of an F1 race car. The sun is setting on a cityscape in the background. wide-angle view. comic book illustration.,Lafite/086-4.png,86,0.396987603572035,0.401399179876139,0.4136513316251939,2,1,2,2,1,A stylized figure in a hat stands against a colorful sunset background. The subject's facial features and body anatomy are severely distorted and malformed. Oversmoothing and waxy textures reduce surface detail fidelity.
A robot with a black visor and the number 42 on its chest. It stands proudly in front of an F1 race car. The sun is setting on a cityscape in the background. wide-angle view. comic book illustration.,stable-diffusion/086-1.png,86,0.502543386577118,0.459880118473264,0.508248860285265,2,3,3,2,2,A stylized graphic illustration shows a race car before a city skyline. The subject vehicle features a malformed floating rear wheel and distorted bodywork. Repetitive hatching textures and bold outlines define the graphic style.
A robot with a black visor and the number 42 on its chest. It stands proudly in front of an F1 race car. The sun is setting on a cityscape in the background. wide-angle view. comic book illustration.,stable-diffusion/086-2.png,86,0.485645705041369,0.449929531597119,0.476076834686331,4,4,4,3,2,A sketch-style robot-car hybrid stands before a dense urban skyline. The central subject shows significant structural fusion and malformed geometry. Edges appear jagged while textures exhibit inconsistent pseudo-details.
A robot with a black visor and the number 42 on its chest. It stands proudly in front of an F1 race car. The sun is setting on a cityscape in the background. wide-angle view. comic book illustration.,stable-diffusion/086-3.png,86,0.538579989874887,0.521581796740085,0.397741595758069,4,4,4,2,2,A vibrant vector-style image features a futuristic car before a city skyline. The subject displays a malformed grille and warped body panels with illegible text. Repetitive background patterns and flat dot textures lack organic surface variation.
A robot with a black visor and the number 42 on its chest. It stands proudly in front of an F1 race car. The sun is setting on a cityscape in the background. wide-angle view. comic book illustration.,stable-diffusion/086-4.png,86,0.532475933994604,0.5406298054504061,0.5141719197583501,4,4,4,2,2,A stylized graphic illustration shows an F1 car before a city skyline. The vehicle displays a distorted chassis with fused bodywork and warped front sections. Sharp outlines define flat surfaces with inconsistent local line continuity.
A robot with a black visor and the number 42 on its chest. It stands proudly in front of an F1 race car. The sun is setting on a cityscape in the background. wide-angle view. comic book illustration.,Unidiffuser/086-1.png,86,0.3504673366688079,0.404320964064601,0.399986320471175,1,2,1,1,1,A distorted figure and a sign stand before a blurry purple cityscape. The central forms are heavily warped and fused into an unrecognizable mass. Extreme global blur destroys all texture and edge definition.
A robot with a black visor and the number 42 on its chest. It stands proudly in front of an F1 race car. The sun is setting on a cityscape in the background. wide-angle view. comic book illustration.,Unidiffuser/086-2.png,86,0.4793297734043459,0.450990316370334,0.435205372101186,4,4,3,3,1,A stylized robot in a hard hat stands against a colorful sunset skyline. The robot's hands and joints exhibit significant simplification and structural fusion. Illustration edges display noticeable aliasing and inconsistent line weight throughout.
A robot with a black visor and the number 42 on its chest. It stands proudly in front of an F1 race car. The sun is setting on a cityscape in the background. wide-angle view. comic book illustration.,Unidiffuser/086-3.png,86,0.594469300156703,0.564473394093992,0.49859360406039,3,3,3,3,2,"A comic-style illustration depicts a metallic robot against a futuristic city skyline. The subject's helmet and shoulder display malformed geometry and illegible surface patterns. Background architecture exhibits flat textures and repetitive, low-detail structures."
A robot with a black visor and the number 42 on its chest. It stands proudly in front of an F1 race car. The sun is setting on a cityscape in the background. wide-angle view. comic book illustration.,Unidiffuser/086-4.png,86,0.534185793857731,0.51455746391681,0.4043472333015709,3,3,3,2,1,A silhouetted figure faces a giant robot above a city skyline in comic style. The robot's lower limbs show simplified mechanical forms while the central figure is stable. Background buildings are blurry and edges display subtle lighting inconsistencies.
an aerial view of a dining room,Controlnet/087-1.png,87,0.608606008332465,0.579551790144082,0.616769149949129,3,3,3,2,3,A high-angle view shows a modern dining room with round tables and chairs. Background chairs exhibit malformed geometry with fused legs and warped frames. Waxy surfaces show softened detail and inconsistent shadows.
an aerial view of a dining room,Controlnet/087-2.png,87,0.605370799084135,0.558876252610824,0.550746339575181,4,4,4,3,3,"A photorealistic luxury dining room contains a central table, chairs, and a large chandelier. Chair legs are malformed and fused with the floor, and mirror reflections are incoherent. Waxy textures and softened edges affect the image clarity."
an aerial view of a dining room,Controlnet/087-3.png,87,0.584624409358546,0.513419088604325,0.562169709134989,4,3,3,2,3,A top-down shot features a wooden table set with plates and cutlery. The cutlery is severely malformed with fused components and warped geometries. Metal surfaces show waxy textures and softened fine-grained visual details.
an aerial view of a dining room,Controlnet/087-4.png,87,0.586546249083714,0.557791503569654,0.5262931331580539,3,3,3,2,3,"A high-angle view depicts a modern dining table set with assorted tableware. Utensils and central dishes are heavily fused, malformed, and lack clear semantics. Perceptual quality suffers from oversmoothing, waxy textures, and softened boundaries."
an aerial view of a dining room,DALLE/087-1.png,87,0.612883768497922,0.576324451027436,0.547699027843054,4,4,4,3,3,An overhead view shows a round table and chairs on a tiled floor. Chair geometry is warped and the central arrangement lacks structural clarity. Textures appear flat and oversmoothed with softened edge definitions.
an aerial view of a dining room,DALLE/087-2.png,87,0.6441252907819051,0.662692540121382,0.6611919345533229,4,4,4,0,3,"High-angle view of several dining tables and chairs in a large room. Furniture shapes are malformed and table settings appear as flat, fused textures. Edges are softened and textures show repetitive pseudo-detail patterns."
an aerial view of a dining room,DALLE/087-3.png,87,0.656435824532998,0.627558991901881,0.627506707905824,4,4,4,3,3,An overhead view shows a dining table set with plates and flowers. Chairs are severely warped and table settings lack clear structural definition. Global oversmoothing yields waxy textures and flattened details throughout.
an aerial view of a dining room,DALLE/087-4.png,87,0.578227671683053,0.57486703998398,0.6574797006735309,3,4,4,3,3,"An overhead view shows a long dining table set within a furnished room. The tableware and chairs display significant blurring and distorted, melted structures. Heavy smoothing flattens textures and blurs all edges."
an aerial view of a dining room,Glide/087-1.png,87,0.414602574016891,0.490385224281223,0.5738475603868011,1,3,2,2,3,"A long dining table sits in a wood-paneled room under warm light. The scene is structurally coherent but heavily blurred, hiding object specifics. Extreme softness removes all texture detail and sharpness."
an aerial view of a dining room,Glide/087-2.png,87,0.386940627494087,0.5240136737291841,0.508818541278588,1,3,2,3,3,A soft-focus interior shot depicts a dining area with tables and chairs. The central table and surrounding chairs are structurally vague and poorly resolved. Extreme global blur washes out textures and destroys edge definition.
an aerial view of a dining room,Glide/087-3.png,87,0.379582373382571,0.469591457459297,0.457505672730178,2,2,2,2,2,The image shows a blurred interior dining room with tables and chairs. Subject furniture is recognizable but lacks clear boundaries and structural definition. Heavy global blur creates weak edges and flat textures.
an aerial view of a dining room,Glide/087-4.png,87,0.384418372180556,0.513539197469597,0.4351726608788639,1,2,2,3,2,A low-resolution interior shot depicts a long table and chairs near tall windows. Furniture geometry is roughly maintained but lacks fine structural detail or clarity. Pervasive global blurring flattens textures and removes all edge information.
an aerial view of a dining room,Lafite/087-1.png,87,0.405520994204633,0.406217997247659,0.4644756919711419,2,2,3,2,3,"A fisheye view of a cluttered interior with warped wooden furniture and a table setting. Furniture geometry is heavily distorted, creating an incoherent and confusing spatial arrangement. Softness and oversmoothing obscure fine textures and surface details."
an aerial view of a dining room,Lafite/087-2.png,87,0.434189866141841,0.3968615050235389,0.435954382919937,2,2,3,2,3,A fisheye view of a distorted interior room with warped furniture. The subject shows severe geometric warping and structural fusion making objects illegible. Global textures appear melted and edges lack sharpness throughout the frame.
an aerial view of a dining room,Lafite/087-3.png,87,0.424803244916719,0.426692531391082,0.497762623040074,2,2,1,1,3,"A high-angle view of a warped interior room containing a central table. Room geometry and furniture are severely melted, fused, and lack coherent structure. Surfaces appear waxy and oversmoothed with indistinct object boundaries."
an aerial view of a dining room,Lafite/087-4.png,87,0.341898193273901,0.380175213098205,0.47793155269848,2,2,3,2,3,A distorted dining room interior features a warped table and chairs. Furniture structures are melted and fused into an unrecognizable layout. Surfaces appear waxy with oversmoothed details and unclear edges.
an aerial view of a dining room,stable-diffusion/087-1.png,87,0.550267760810561,0.560154384343074,0.538926887784259,4,4,4,2,3,"A high-angle view shows a round dining table set in a bright room. Table settings and surrounding chairs exhibit severe warping, fusion, and malformed structures. Surfaces look waxy and details are softened throughout."
an aerial view of a dining room,stable-diffusion/087-2.png,87,0.418905716734819,0.436661319986621,0.52186104291839,1,2,2,3,3,"A blurred overhead view shows a dining table with indistinct food platters. Subjects are severely malformed and fused into structurally incoherent, semantically confusing shapes. Heavy global oversmoothing destroys texture clarity and edge definition everywhere."
an aerial view of a dining room,stable-diffusion/087-3.png,87,0.561117783183823,0.555013522586938,0.516760254832615,4,4,3,2,2,"A top-down shot captures a wooden table set with plates and cutlery. Most utensils are severely malformed with fused parts and impossible geometries. Wood grain repeats noticeably and white surfaces exhibit flat, waxy textures."
an aerial view of a dining room,stable-diffusion/087-4.png,87,0.6340855832810179,0.613454320792734,0.6471162631173679,3,3,4,3,3,A top-down view of a formal dining table set with plates and cutlery. Tableware exhibits malformed geometry and illegible decorative text on the central rim. Textures exhibit oversmoothing with softened edges and inconsistent detail.
an aerial view of a dining room,Unidiffuser/087-1.png,87,0.547889720012302,0.565778920418033,0.559638696878796,2,3,4,3,2,An overhead view captures a wooden dining table set in a formal room. Dining chairs appear heavily distorted with melted and unrecognizable shapes. Oversmoothing and weak edge definition create a pervasive lack of clarity.
an aerial view of a dining room,Unidiffuser/087-2.png,87,0.29160444549044,0.339522562156908,0.409859893265735,1,2,2,1,3,A blurry dining room shows a table and chairs under warm light. Furniture shapes are recognizable but appear structurally fused and lack distinct boundaries. Heavy global blur completely obscures texture and edge definition.
an aerial view of a dining room,Unidiffuser/087-3.png,87,0.610584381445826,0.616620228752642,0.546884303533379,4,4,4,3,3,"A formal dining room features a large set table beneath a crystal chandelier. Table settings are cluttered and semantically confusing, while chair geometry shows subtle distortion. Textures appear waxy with softened edges."
an aerial view of a dining room,Unidiffuser/087-4.png,87,0.5804223332049839,0.5514867614419461,0.621759859363072,3,3,3,2,3,"A high-angle view shows a large wooden dining table and chairs in a room. The table surface is severely warped and melted, making chair structures look unstable. Global oversmoothing and waxy textures obscure fine details everywhere."
an aerial photo of a sandy island in the ocean,Controlnet/088-1.png,88,0.638817449765641,0.599793111695726,0.57133797428605,3,2,3,2,2,An aerial photograph captures a sandy beach meeting turquoise ocean waves. A small figure in the surf is structurally ambiguous and poorly defined. Sand textures display repetitive patterns and localized smearing effects.
an aerial photo of a sandy island in the ocean,Controlnet/088-2.png,88,0.597471483926777,0.627021181985305,0.593518744421461,4,4,4,3,3,"An aerial view shows a sandy beach between dark rocks and turquoise water. The landscape structure is stable, but small objects on the sand are visually confusing. Textures exhibit slight waxiness and softened fine-scale details."
an aerial photo of a sandy island in the ocean,Controlnet/088-3.png,88,0.602204277124037,0.603760328188805,0.552018820172694,3,3,3,2,2,"An aerial shot depicts a golden sand beach curving into bright teal ocean water. The shoreline structure is clear, but the central wave eddy appears malformed. Water textures show repetitive patterns and localized waxy smoothing artifacts."
an aerial photo of a sandy island in the ocean,Controlnet/088-4.png,88,0.639561933547933,0.684535949095991,0.671770882904401,4,4,4,2,3,"An aerial view shows a narrow sandbar curving through vibrant ocean waters. The landform is structurally sound, yet minute surface details remain indistinct. Textures exhibit heavy oversmoothing and a lack of micro-detail."
an aerial photo of a sandy island in the ocean,DALLE/088-1.png,88,0.612392518013938,0.590424910342677,0.608897426095103,4,4,3,3,2,"Aerial view of a small vegetated island surrounded by ocean under warm light. The subject is coherent, but the vegetation appears fused and lacks botanical detail. Global textures show slight smoothing and softened edge definition."
an aerial photo of a sandy island in the ocean,DALLE/088-2.png,88,0.606701327572253,0.593596780921227,0.625015699858291,4,4,4,3,3,"An aerial view shows a curved beach surrounded by greenery and water. The beach structure is stable, but the water channel contains a vertical seam. Dense vegetation textures appear smoothed and lack sharp definition."
an aerial photo of a sandy island in the ocean,DALLE/088-3.png,88,0.643012504607426,0.608568925795818,0.6417743995698519,4,4,4,3,3,"An aerial view shows a small rocky sandbar surrounded by turquoise ocean water. The island is recognizable, though its rocky components appear fused and lack distinct boundaries. Ocean textures display noticeable smoothing and pseudo-detail artifacts."
an aerial photo of a sandy island in the ocean,DALLE/088-4.png,88,0.525666794135984,0.5412891583489511,0.532654917268771,3,3,3,3,3,An aerial view depicts a heart-shaped island surrounded by deep ocean waters. The landmass is structurally intact but features semantically confusing surface patterns. Overall image quality suffers from pervasive blurring and flat texture rendering.
an aerial photo of a sandy island in the ocean,Glide/088-1.png,88,0.458296663933568,0.520607121615955,0.452793609877502,2,3,2,3,3,An aerial view shows a curved coastline with turquoise water and sand. The coastal form is recognizable despite lacking any distinct surface details. Heavy global oversmoothing completely flattens textures and softens all edges.
an aerial photo of a sandy island in the ocean,Glide/088-2.png,88,0.336143006745167,0.3580726876894289,0.4265980209408719,1,2,1,1,3,A low-resolution aerial view depicts a white oval landmass in blue water. The central subject exhibits a plausible organic shape with no structural breaks. Extreme blur and lack of texture characterize the whole frame.
an aerial photo of a sandy island in the ocean,Glide/088-3.png,88,0.3785711957954419,0.440211351285211,0.458790578224486,1,1,1,1,1,A soft-focus aerial shot captures a tropical island in blue ocean water. The landmass is structurally indistinct and lacks any recognizable geographic features. Extreme blur and flat textures obscure all surface details.
an aerial photo of a sandy island in the ocean,Glide/088-4.png,88,0.410780809648595,0.4445932149048029,0.469149957013325,2,2,1,2,1,"A blurry aerial view shows a white shape in a blue sea and sky. The subject lacks defined structure with soft, indistinct edges and minimal detail. Severe global blur removes all texture and sharpness."
an aerial photo of a sandy island in the ocean,Lafite/088-1.png,88,0.4630887602017239,0.520055390107409,0.587762031735665,2,2,2,3,1,An aerial view shows a small vegetated island in blue water. The island structure is coherent but lacks sharp coastal definition. Global oversmoothing flattens textures and obscures fine surface details.
an aerial photo of a sandy island in the ocean,Lafite/088-2.png,88,0.4661192399589209,0.515686125609311,0.54451760823152,3,3,2,3,3,An aerial view captures a rocky headland surrounded by blue ocean water. The landmass structure is recognizable but lacks clear geological or vegetative definition. Severe global blur and low-resolution artifacts obscure all fine textural details.
an aerial photo of a sandy island in the ocean,Lafite/088-3.png,88,0.409761820965189,0.5403741001944691,0.554899804657241,2,3,3,2,3,"An aerial view shows a small island surrounded by turquoise water. The subject is structurally coherent but lacks distinct features and sharp boundaries. Widespread blur and flat, synthetic textures dominate the visual field."
an aerial photo of a sandy island in the ocean,Lafite/088-4.png,88,0.4502685553886,0.549028341318513,0.560871074241419,2,3,2,2,2,An aerial photograph depicts a small island surrounded by clear blue water. The landmass is structurally coherent though its features are heavily blurred. Widespread softness and lack of detail characterize the whole image.
an aerial photo of a sandy island in the ocean,stable-diffusion/088-1.png,88,0.604371340827333,0.602276234625705,0.594608614669667,2,2,2,2,3,A high-angle shot depicts a miniature island in a vibrant turquoise sea. The central landform is visually clear but possesses an overly regular oval geometry. Subtle pseudo-details and repetitive textures are visible across the shallow seabed.
an aerial photo of a sandy island in the ocean,stable-diffusion/088-2.png,88,0.656739254742682,0.620592222892771,0.6541115446577641,4,4,4,3,3,An aerial view captures a curved sandbar separating distinct ocean water colors. The landform structure is coherent with natural wave dynamics along the shore. Sea foam textures show subtle repetitive patterns and high clarity.
an aerial photo of a sandy island in the ocean,stable-diffusion/088-3.png,88,0.432696657384734,0.441886119503226,0.48133421207151,2,2,2,2,3,An aerial top-down view of a shallow coastal lagoon with a small boat. The water surface shows repetitive textures and lacks natural geological definition. Overall sharpness is low with pervasive pseudo-detailing across the frame.
an aerial photo of a sandy island in the ocean,stable-diffusion/088-4.png,88,0.6234237117936999,0.6513006785231841,0.567004626546988,3,3,3,3,3,Aerial view of a tropical coastline with dense forest and clear water. The landscape structure is coherent with natural boundaries and plausible geometry. Subtle texture repetition occurs within the dense vegetation.
an aerial photo of a sandy island in the ocean,Unidiffuser/088-1.png,88,0.575960194792698,0.552520725759579,0.635118249485341,2,4,3,3,3,"A high-angle shot depicts a dense forest meeting a curved shoreline and ocean. The landscape structure is stable, though the forest canopy lacks organic textural variation. Global textures show subtle softening and repetitive patterns across the surface."
an aerial photo of a sandy island in the ocean,Unidiffuser/088-2.png,88,0.6887386655030611,0.6395111288112669,0.617308619560702,4,4,4,3,3,"An aerial view captures a tropical island with a sandy beach and ocean. The coastal geometry is stable, but the vegetation lacks organic variety. Water textures show repetitive patterns and softened edges."
an aerial photo of a sandy island in the ocean,Unidiffuser/088-3.png,88,0.564095529205902,0.595374047637829,0.581867023464072,4,4,3,3,3,An aerial shot captures a small vegetated island surrounded by colorful ocean water. The landmass maintains a plausible shape despite lacking detailed surface features. Green textures appear flat and show subtle repetitive patterns throughout.
an aerial photo of a sandy island in the ocean,Unidiffuser/088-4.png,88,0.290003887507593,0.361676196208264,0.348841617629841,2,1,2,1,1,An aerial view shows turquoise water and pale sandbars in bright light. The sandbar shapes are coherent but lack texture and sharp definition. Heavy global oversmoothing results in flat colors and absent fine details.
an aerial view of the Great Wall,Controlnet/089-1.png,89,0.672769373131747,0.686361647479708,0.687323862072712,4,4,4,3,3,Aerial view of the Great Wall winding through a lush mountain landscape. The architectural form is coherent yet displays warped crenellations and repetitive brick patterns. Global rendering shows waxy surface textures and softened fine details throughout.
an aerial view of the Great Wall,Controlnet/089-2.png,89,0.611598763750843,0.5705060487914441,0.559559433526842,4,4,4,2,3,A high-angle view shows the Great Wall crossing an autumn mountain landscape. The wall structure is recognizable but contains repetitive and locally fused masonry. Foliage textures appear overly smooth and lack sharp micro-details.
an aerial view of the Great Wall,Controlnet/089-3.png,89,0.586588791428742,0.586245213612124,0.5789175045823,3,3,3,3,2,An aerial shot captures the Great Wall snaking over golden autumnal mountains. The wall's battlements and towers show inconsistent geometry and slight structural warping. Ground textures display obvious repetitive patterns and excessive color saturation.
an aerial view of the Great Wall,Controlnet/089-4.png,89,0.628773354331157,0.687268846832049,0.6422076370896851,4,4,4,3,2,An aerial shot captures the Great Wall traversing a rugged mountain range. The wall features warped geometry and structurally unstable transitions between peaks. Terrain textures show repetitive patterns and unnatural reddish discoloration on slopes.
an aerial view of the Great Wall,DALLE/089-1.png,89,0.6204564327687919,0.577923009645625,0.6034523861693409,4,4,4,3,3,"Aerial view of the Great Wall across green mountains under a blue sky. The wall's structure is stable, though its edges blur into the terrain. Distant textures exhibit oversmoothing and flattened details."
an aerial view of the Great Wall,DALLE/089-2.png,89,0.532282968069947,0.601539370452127,0.630188730552182,4,4,4,2,3,An aerial view of the Great Wall winding across rugged mountain ridges. The wall structure is coherent but exhibits slight softening along the ridges. Terrain textures appear overly smooth and lack fine-grained detail.
an aerial view of the Great Wall,DALLE/089-3.png,89,0.552382135491016,0.5656056789449341,0.57914064736358,4,4,4,3,3,An aerial shot captures the Great Wall snaking across green mountains and a reservoir. The wall structure is coherent though some segments appear geometrically softened or fused. Distant terrain displays mild oversmoothing and a slightly waxy texture.
an aerial view of the Great Wall,DALLE/089-4.png,89,0.597887635449196,0.564946084828864,0.584384030583031,4,4,4,3,3,"High-angle view shows the Great Wall traversing a rugged green mountain landscape. The wall follows natural contours, but the central tower is a featureless block. Distant terrain displays noticeable oversmoothing and flattened texture details."
an aerial view of the Great Wall,Glide/089-1.png,89,0.320436543903441,0.459774447913661,0.537390046881444,1,3,3,3,3,A hazy long shot shows the Great Wall winding over mountain ridges. The wall structure is semantically readable but lacks any crisp geometric detail. Severe global blur and oversmoothing flatten all textures.
an aerial view of the Great Wall,Glide/089-2.png,89,0.4116263107472789,0.553090654543322,0.565376140471031,2,3,3,3,3,An aerial view depicts a long road traversing hazy mountain peaks. The central subject retains its overall shape despite significant detail loss. Heavy global blurring flattens textures and softens all edges.
an aerial view of the Great Wall,Glide/089-3.png,89,0.402544940561853,0.48280287945291,0.4823153226961729,2,2,2,3,3,An aerial view shows a Great Wall watchtower on a hazy mountain ridge. The subject is recognizable but lacks distinct architectural geometry and edge definition. Heavy global blur and flat textures obscure fine details.
an aerial view of the Great Wall,Glide/089-4.png,89,0.382918873733775,0.554497271342098,0.6015939959693,1,2,1,2,3,A blurred landscape shows the Great Wall snaking across green mountains. The subject's path follows the terrain logically despite lacking sharp architectural details. Heavy global blur flattens textures and obscures all fine edges.
an aerial view of the Great Wall,Lafite/089-1.png,89,0.363715024102255,0.457396876034196,0.4700517112386509,1,1,2,1,2,An aerial view of a large open-pit mine in mountainous terrain. The terrain structure is heavily warped and fused with melted geometric features. Global oversmoothing and melting textures obscure all fine surface details.
an aerial view of the Great Wall,Lafite/089-2.png,89,0.423692261458149,0.410168986177351,0.472849307967705,1,1,1,1,1,An aerial view shows a reddish-roofed settlement on a rugged mountainside. Building structures appear fused with the rocky terrain and lack clear geometric definition. The entire scene exhibits significant oversmoothing and waxy texture throughout.
an aerial view of the Great Wall,Lafite/089-3.png,89,0.4389657106962319,0.477192138724276,0.430252362630087,2,2,2,2,1,An aerial view shows a red-roofed village on a steep mountain slope. Building clusters and road networks exhibit chaotic geometry and structural fusion. Heavy blurring and waxy textures obscure fine details throughout the frame.
an aerial view of the Great Wall,Lafite/089-4.png,89,0.419371114927818,0.388101590424533,0.447863592007862,1,2,3,3,1,An aerial view captures a mountainous village within a rugged valley. Architectural forms are malformed and poorly integrated into the warped terrain. Pervasive blurring and texture melting obscure local surface details.
an aerial view of the Great Wall,stable-diffusion/089-1.png,89,0.6209121816376321,0.637774399009335,0.6105811481603179,4,4,4,2,3,An aerial view of the Great Wall snaking through lush green mountains. The masonry includes malformed tower sections and structurally confused battlements. Textures exhibit a waxy smoothness with minor background blurring.
an aerial view of the Great Wall,stable-diffusion/089-2.png,89,0.681677243080089,0.7077950272604291,0.686039831043948,4,4,2,2,3,A photorealistic aerial view of the Great Wall snaking across green mountains. The subject is recognizable but features distorted watchtower roofs and repetitive masonry. Textures appear waxy with oversmoothed vegetation and softened edge definition.
an aerial view of the Great Wall,stable-diffusion/089-3.png,89,0.615949987761055,0.628482661636747,0.604156815462167,4,4,4,3,3,An aerial view shows the Great Wall snaking across lush green mountains. The architecture is recognizable but features repetitive battlements and simplified stair geometry. Foliage textures appear oversmoothed and lack sharp edge definition.
an aerial view of the Great Wall,stable-diffusion/089-4.png,89,0.377142031473222,0.4477751284965749,0.508356336244796,4,4,4,3,3,An aerial view shows a winding stone wall across grassy mountain slopes. The wall structure is mostly coherent but exhibits localized warping and grounding distortion. Oversmoothed textures and weak edges reduce global detail clarity.
an aerial view of the Great Wall,Unidiffuser/089-1.png,89,0.567160193242553,0.468575468737646,0.499352468842102,3,3,3,1,3,An aerial view shows a large excavated area on a forested mountain ridge. The subject's distorted structure exhibits illogical geometry and unreadable surface details. Textures show subtle waxiness and repetitive patterns on the slopes.
an aerial view of the Great Wall,Unidiffuser/089-2.png,89,0.560524436852143,0.551265560815142,0.537425162349041,3,3,3,3,2,An aerial view shows a winding road on a steep green mountainside. The road and its structures exhibit fused geometry and unclear boundaries. Global textures appear soft with repetitive patterns and weak edge definition.
an aerial view of the Great Wall,Unidiffuser/089-3.png,89,0.401475018777051,0.369000772560874,0.476613087484587,1,2,1,2,3,"A high-angle view shows a winding path across a hilly mountainous landscape. The central path and terrain transitions appear heavily blurred and structurally indistinct. The image exhibits significant global blur, heavy grain, and flattened textures."
an aerial view of the Great Wall,Unidiffuser/089-4.png,89,0.475912808540969,0.508322413880805,0.527741625871156,3,3,4,1,3,An aerial view shows a long wall winding across mountainous terrain in daylight. The wall structure is stable but tiny human figures are indistinct and malformed. Textures show heavy oversmoothing and waxy pseudo-detailing throughout.
A bird gives an apple to a squirrel,Controlnet/090-1.png,90,0.576542142870091,0.5086288148713191,0.505606154652876,3,3,2,3,2,Two photorealistic squirrels hold apples against a soft-focus natural background. The animals are recognizable but possess malformed paws with fused digits. Fur exhibits a slightly waxy finish and localized textural inconsistencies.
A bird gives an apple to a squirrel,Controlnet/090-2.png,90,0.57945931832177,0.4911386122153359,0.398057992912093,3,3,3,2,1,Two photorealistic squirrels face each other near a tree hollow. The left squirrel's fused paw and misshapen fruit impair structural plausibility. Fur and bark textures exhibit a uniform waxy pseudo-detail quality.
A bird gives an apple to a squirrel,Controlnet/090-3.png,90,0.596281177541732,0.519961745179886,0.412033111817808,3,3,3,2,2,"Two squirrels occupy a leafy foreground, one with colorful bird-like plumage. The hybrid subject displays fused feather transitions and anatomically awkward paw grips. Background greenery exhibits flattened textures and repetitive patterns."
A bird gives an apple to a squirrel,Controlnet/090-4.png,90,0.5065583127218349,0.484710654258922,0.439849098721061,2,2,3,2,1,Two squirrels hold red apples in a realistic digital style. The subject structure is stable although the paws are malformed. Fur textures appear waxy with inconsistent lighting.
A bird gives an apple to a squirrel,DALLE/090-1.png,90,0.449795025371295,0.4965134257247879,0.620124980822535,2,3,4,2,3,A painterly image depicts a squirrel and a bird positioned around a red apple. The squirrel's limbs are distorted and the bird lacks defined anatomical form. Heavy blurring and soft textures obscure details across the entire frame.
A bird gives an apple to a squirrel,DALLE/090-2.png,90,0.547429938002018,0.490372439109127,0.37343279412268,4,4,4,3,2,A digital illustration depicts two squirrels and an apple on a branch. The subjects show simplified anatomy with visible distortion in the brown squirrel's head. Textures are flat and edges lack sharp definition across the image.
A bird gives an apple to a squirrel,DALLE/090-3.png,90,0.524761445650681,0.46239664377833,0.4288053076449529,2,3,2,3,1,"A digital illustration shows two squirrels and an apple against a sunset background. The squirrels show malformed faces, warped limbs, and a confusing tail patch. Oversmoothing, flat colors, and illegible text artifacts affect the global perception."
A bird gives an apple to a squirrel,DALLE/090-4.png,90,0.5170147968223511,0.492921177024808,0.509689849048113,3,3,1,1,3,"Two cartoon squirrels share an apple on a branch under a moon. The animals exhibit malformed anatomy with distorted faces and fused limbs. Bold outlines show jagged edges and flat, waxy texture rendering."
A bird gives an apple to a squirrel,Glide/090-1.png,90,0.395907302514558,0.4114104264784199,0.433043801035327,2,2,2,2,3,A blurry close-up shows a green fruit with a bird-like growth on ground. The subject features a structurally distorted fusion of fruit and avian elements. Heavy blur and noise severely reduce overall image clarity.
A bird gives an apple to a squirrel,Glide/090-2.png,90,0.4361551076695519,0.459339407540892,0.443527052625037,2,2,2,3,2,A blurry photo shows a dark bird and a yellow apple on grass. The bird's head and beak area appears fused and structurally indistinct. Heavy global blur and oversmoothing eliminate texture and edge definition.
A bird gives an apple to a squirrel,Glide/090-3.png,90,0.419039137959046,0.435074832305509,0.457939324842366,1,3,2,3,2,A blurry squirrel eats an apple on a grassy lawn in daylight. The subject displays malformed limbs and a severely distorted unreadable face. Severe global blur and softness obscure all fine details.
A bird gives an apple to a squirrel,Glide/090-4.png,90,0.350351606719139,0.382205895325524,0.433312600043174,1,3,2,2,2,A blurry squirrel stands on a grassy lawn near several apples. The subject's anatomy is distorted with fused limbs and a malformed head. Heavy global blur washes out textures and softens all edges.
A bird gives an apple to a squirrel,Lafite/090-1.png,90,0.428290670810532,0.391532039783988,0.4024985076683879,1,3,2,1,1,A close-up depicts a surreal squirrel-bird hybrid against a blurred background. The subject shows severe structural distortion with malformed anatomy and illogical fusion. Heavy oversmoothing creates flat textures and lacks sharp edge definition.
A bird gives an apple to a squirrel,Lafite/090-2.png,90,0.379881117072036,0.378217587613595,0.399750425977601,1,1,1,1,1,A distorted close-up of a squirrel-like creature holding fruit against a blurred background. The subject displays severe anatomical fusion and warping destroying structural legibility. Global oversmoothing and weak edge definition persist.
A bird gives an apple to a squirrel,Lafite/090-3.png,90,0.390007975251762,0.39452211935476,0.412901681821091,3,2,2,1,2,A close-up shows a surreal bird-squirrel hybrid in a blurred setting. The subject is a malformed fusion of a squirrel head and a bird torso. Heavy blur and flat textures obscure details and soften edges.
A bird gives an apple to a squirrel,Lafite/090-4.png,90,0.3957194691652529,0.356842040266802,0.3741020817465479,2,1,1,1,3,A blurred close-up of a distorted animal holding a fruit-like object outdoors. The subject shows severe warping with a malformed head and fused limbs. Heavy blur and waxy textures create a melted appearance.
A bird gives an apple to a squirrel,stable-diffusion/090-1.png,90,0.634675037622735,0.574010271377413,0.428549397199085,4,4,4,3,3,Two squirrels hold apples while facing each other against a soft green background. The subjects display distorted anatomy with human-like hands replacing natural paws. Fur textures appear waxy and lack fine detail.
A bird gives an apple to a squirrel,stable-diffusion/090-2.png,90,0.612962091563206,0.573434198140691,0.548258171323475,3,4,4,3,2,Two squirrels hold red berries near green apples in a photorealistic setting. The right squirrel's face is distorted and the left squirrel's paws are fused. Fur textures show mild oversmoothing and a waxy quality.
A bird gives an apple to a squirrel,stable-diffusion/090-3.png,90,0.5444466924003639,0.459853683155626,0.428407552806693,3,4,3,2,1,Two photorealistic squirrels hold fruit on a blurred forest floor. The primary subject displays malformed blue-tinted paws and anatomically incorrect eyes. Background foliage shows subtle melting and repetitive texture patterns.
A bird gives an apple to a squirrel,stable-diffusion/090-4.png,90,0.4731072964469309,0.4315244678348209,0.439006226105382,2,2,2,2,1,A small bird perches on a branch with berries in a painterly style. The bird is clear but its feet are fused and facial markings distorted. Textures appear waxy and oversmoothed with weak edge definition.
A bird gives an apple to a squirrel,Unidiffuser/090-1.png,90,0.52111140380665,0.484944724127499,0.42473803557398,4,4,4,3,3,Two squirrels interact with a large apple on green grass. The right subject exhibits severe anatomical distortion with fused malformed limbs. Fur textures appear waxy with softened edge definitions.
A bird gives an apple to a squirrel,Unidiffuser/090-2.png,90,0.3747032520869149,0.3740652783140409,0.405253900469639,1,2,1,1,1,"A blurry image shows a bird, a fuzzy shape, and two colorful eggs. The bird's beak and the brown object are structurally indistinct and lack clear anatomy. Heavy oversmoothing removes textures and sharp edges."
A bird gives an apple to a squirrel,Unidiffuser/090-3.png,90,0.583583319621894,0.518794364275276,0.5288251854391229,4,4,4,2,3,A photorealistic close-up shows a bird and rodent sharing an apple. The rodent's face and paws are malformed with fused digits and distorted features. Fur textures appear waxy with softened details and inconsistent sharpness.
A bird gives an apple to a squirrel,Unidiffuser/090-4.png,90,0.54466330578,0.466080969538539,0.42160339360069,4,4,4,2,2,A photorealistic close-up captures a chimeric mammal reaching for a bird-like object near an apple. The creature displays severe anatomical distortion with a mismatched snout and malformed digits. Fur textures show slight smoothing with consistent edge definition.
a car with no windows,Controlnet/092-1.png,92,0.549124005397805,0.459123885357738,0.447029482362613,3,3,3,3,2,A photorealistic brown minivan is positioned against a rough stone wall. The subject displays clear structural distortion with malformed wheels and warped geometry. Surfaces exhibit oversmoothing and repetitive background texture details.
a car with no windows,Controlnet/092-2.png,92,0.536967990352825,0.516628886474496,0.456710482805572,3,3,2,2,2,A dark gray hatchback car is positioned on a city street with modern buildings. The vehicle's body geometry and panel alignment appear structurally stable and clearly recognizable. Background details exhibit soft focus and repetitive texture patterns.
a car with no windows,Controlnet/092-3.png,92,0.634970110963033,0.553530212622495,0.486850051818987,4,4,4,3,2,A dark minivan stands before a classical building in a photorealistic style. The vehicle's front grille and headlights show geometric distortion and semantic confusion. Paint surfaces appear waxy and background architecture lacks coherent detail.
a car with no windows,Controlnet/092-4.png,92,0.444065621248205,0.432912405023758,0.397661120273829,2,3,2,2,2,A silver hatchback car sits on an asphalt road in a digital style. The body is coherent but wheels are malformed and lack plausible geometry. Background textures show softened details and weak edge definition.
a car with no windows,DALLE/092-1.png,92,0.558318597116269,0.552338806466117,0.540109293148865,3,3,3,3,3,A silver sedan sits parked amidst overgrown grass and leafy vegetation. The vehicle exhibits distorted door panels and unnaturally solid black windows. The entire frame lacks fine detail and displays waxy metallic textures.
a car with no windows,DALLE/092-2.png,92,0.437781505409043,0.459647434663095,0.431750893477926,3,3,3,2,2,A close-up shot features a damaged silver car door panel. The door handle is a malformed hollow and the frame geometry is broken. Metallic textures look waxy with softened detail and inconsistent highlights.
a car with no windows,DALLE/092-3.png,92,0.528790984373916,0.546279177043712,0.573809350239416,3,4,2,2,3,A close-up captures the interior dashboard and steering wheel of a white car. The steering wheel and dashboard exhibit severe geometric distortion and semantic confusion. Textures appear waxy with softened edges and flat lighting.
a car with no windows,DALLE/092-4.png,92,0.4698163581789329,0.468774716792897,0.433793257688637,3,3,2,2,1,A front view of a simplified 3D rendered car on a white background. The subject is coherent but features overly basic geometry and blocky components. Surfaces appear smooth and waxy with minimal texture definition.
a car with no windows,Glide/092-1.png,92,0.437514406084041,0.5040075393888199,0.464593522768767,2,3,2,3,2,"A pink station wagon sits before a building with dark windows. The car's main shape is clear, but hubcaps and window reflections are malformed. Heavy smoothing and low-frequency blur dominate the image's perceptual quality."
a car with no windows,Glide/092-2.png,92,0.431466288307319,0.525634696515802,0.417917427026045,2,3,3,3,2,"A low-resolution photo shows a white car from a front three-quarter view. The vehicle structure is recognizable but blurred, obscuring fine mechanical details. Global sharpness is extremely low with pervasive softness and pixelated edges."
a car with no windows,Glide/092-3.png,92,0.475492044884093,0.5136310589983271,0.435259018594896,3,3,3,3,1,A blurry side-view of a pink car before a house and greenery. The car is recognizable but features malformed wheels and lacks sharp panel lines. Heavy global blurring and oversmoothing flatten textures and obscure fine edges.
a car with no windows,Glide/092-4.png,92,0.443069184637375,0.45117686520863,0.436528553659302,2,3,2,2,2,A grayscale image shows a blurry vintage car in a dark setting. The vehicle is recognizable but has malformed headlights and fused wheel areas. Severe blur and flat textures obscure all fine surface details.
a car with no windows,Lafite/092-1.png,92,0.412543078431842,0.419311055263848,0.424749869380933,1,1,1,1,2,A side-profile view of a light blue car in a blurred environment. The subject shows severe structural warping with a fused wheel and melted panels. Heavy blurring and waxy textures eliminate most fine details.
a car with no windows,Lafite/092-2.png,92,0.386075520066358,0.365017240294171,0.4267876776622279,2,2,2,1,2,A side-profile view of a light blue car in a blurry outdoor setting. The vehicle body is severely warped with a torn panel and distorted roof. Heavy blurring and soft textures obscure fine details everywhere.
a car with no windows,Lafite/092-3.png,92,0.36750763414819,0.4003269803707009,0.432642859228792,3,3,2,1,3,A close-up shot features a light blue vintage car outdoors. The vehicle's body panels are severely warped with melted fenders and distorted wheels. Textures appear waxy and over-smoothed with pervasive blurring throughout.
a car with no windows,Lafite/092-4.png,92,0.408477264295988,0.384691501778974,0.414062878118962,2,2,2,1,2,A side-profile of a light blue station wagon before a building. The vehicle's body panels are warped and its wheels are malformed. Heavy global blur and waxy surfaces obscure all fine details.
a car with no windows,stable-diffusion/092-1.png,92,0.52710502266256,0.5545327447981659,0.43132775704997,4,4,4,3,2,"A white hatchback car sits in profile against a brown wall. The vehicle is coherent, yet the rear wheel geometry is clearly malformed. Surfaces appear waxy and the background has a flat, grainy texture."
a car with no windows,stable-diffusion/092-2.png,92,0.502721986494153,0.4451710186778579,0.473445191886027,3,4,3,3,2,"A stylized blue concept car rests on a road beside bare trees. The subject's overly simplified form lacks doors, mirrors, and realistic proportions. Background elements exhibit heavy grain and unnatural monochromatic tonal shifts."
a car with no windows,stable-diffusion/092-3.png,92,0.6248646496661681,0.598513517897483,0.454504562632871,4,4,3,3,2,"A dark minivan sits before a large stone building in daylight. The vehicle body is coherent, but grille and headlight details look distorted. Background textures repeat and surfaces exhibit slight waxy oversmoothing."
a car with no windows,stable-diffusion/092-4.png,92,0.3924160163300609,0.40204895027083,0.395834291926518,1,2,2,1,1,A high-angle photograph of a car half-submerged in a desert floor. The automobile's body is structurally warped and melted into the sand. Fine details are lost to global oversmoothing and indistinct boundaries.
a car with no windows,Unidiffuser/092-1.png,92,0.437440082275604,0.417296413657735,0.412152567572883,2,1,1,1,1,"A close-up shot depicts a blurry white vehicle against a muted background. The subject's structure is severely distorted by extreme blurring, reducing semantic readability. Heavy oversmoothing melts all textures and sharp boundaries."
a car with no windows,Unidiffuser/092-2.png,92,0.496297981454232,0.482503846884883,0.472162303610239,3,3,3,2,2,A close-up shows a vehicle's open window and interior seating in daylight. The seat structure is malformed and crossed by a semantically confusing bar. Blurry details and waxy textures soften edges and surface details.
a car with no windows,Unidiffuser/092-3.png,92,0.4847529214901089,0.470129097163006,0.474543310653273,3,2,2,2,3,A white sedan car is shown in profile against a textured wall. The car features malformed geometry with a fused wheel and empty windows. Heavy blur and flat textures degrade the image.
a car with no windows,Unidiffuser/092-4.png,92,0.4709912386598279,0.448908209120002,0.435706080382986,3,2,2,2,2,A silver car with a distorted body is parked near greenery. The vehicle's structure is severely warped with a melted hood and roof. Visible grain and waxy textures affect surface clarity.
a closet without clothes,Controlnet/093-1.png,93,0.649643325365418,0.572718323131906,0.450694108138899,4,4,4,3,2,"A photorealistic walk-in closet contains clothing, shoes, and white cabinetry under bright light. Subject structure is weakened by malformed shoe shapes and fused hat textures. Surfaces exhibit flat textures and slightly softened details."
a closet without clothes,Controlnet/093-2.png,93,0.554774618097653,0.556519654314664,0.404145384974807,4,4,4,3,1,"A photorealistic image shows a large wooden closet system filled with clothes. The frame is stable, but garments display fused textures and warped shapes. Waxy textures and oversmoothing degrade detail across the scene."
a closet without clothes,Controlnet/093-3.png,93,0.572668077709815,0.54966847507899,0.425911249648722,4,3,2,2,2,A photorealistic view shows a wooden walk-in closet with clothes and shoes. Shoes and garments exhibit significant structural fusion and malformation across the units. Dense regions show repetitive textures and softened edges lowering perceptual realism.
a closet without clothes,Controlnet/093-4.png,93,0.5860338148751191,0.560661181917871,0.32961547628539,4,4,4,3,2,"A large organized wooden wardrobe system displays clothing and storage boxes. The structure is stable, though garment folds and drawer contents lack definition. Textures appear waxy with softened details throughout."
a closet without clothes,DALLE/093-1.png,93,0.662849940508578,0.560231346063363,0.611603237954242,4,4,4,2,3,"A low-angle shot captures a light wooden wardrobe with open interior shelves. Cabinet geometry is plausible, yet handles are malformed and seams appear as dark cracks. Surfaces show flat, waxy textures lacking natural grain detail."
a closet without clothes,DALLE/093-2.png,93,0.511340875197146,0.501200667939588,0.527188556285966,4,4,4,3,3,"A frontal view shows an empty built-in closet with multiple shelves. The shelving structure is recognizable but exhibits inconsistent shadows and warped edges. Global sharpness is low, resulting in flat textures and softened details."
a closet without clothes,DALLE/093-3.png,93,0.528288314687655,0.545104846054598,0.516703718209576,4,4,3,3,3,A low-angle view of white built-in shelving units in a bright room. The shelving structure is warped with illogical perspective and fused vertical elements. Lighting is overexposed with soft edges and flat surface textures.
a closet without clothes,DALLE/093-4.png,93,0.595142503193409,0.661111224124917,0.6422695080544559,4,4,2,3,3,A photorealistic image shows an empty built-in closet with shelves and a rod. The subject structure is stable but has minor geometric flaws at the rod mount. Flat textures and soft edges reduce surface detail clarity.
a closet without clothes,Glide/093-1.png,93,0.3518684484473129,0.384740699424469,0.4368733839969039,1,1,1,1,1,A blurry view shows dark fabric and a partial figure in a room. The central subject is a malformed dark mass lacking coherent structural definition. heavy blurring flattens textures and softens boundaries.
a closet without clothes,Glide/093-2.png,93,0.440999439690818,0.505023423513347,0.5132139599334851,2,1,1,3,3,"A blurry interior view shows a doorway, a dark door, and a partial railing. The railing structure is indistinct and the room's geometry appears softened. Global blur flattens textures and obscures all edges."
a closet without clothes,Glide/093-3.png,93,0.373390079925276,0.452958438006378,0.4337105422394839,1,2,3,1,1,A blurry interior shot captures clothes hanging in a dimly lit closet. The subject's structure is heavily obscured by severe global blurring. Fine details are lost under pervasive softness and low-resolution artifacts.
a closet without clothes,Glide/093-4.png,93,0.410141097223619,0.417300364483159,0.424673364320937,2,2,3,3,1,A blurry view of various clothes hanging inside a wooden closet. The subject is recognizable but lacks clear structural boundaries or detail. Severe global blur and oversmoothing eliminate texture and edge definition.
a closet without clothes,Lafite/093-1.png,93,0.346388940144358,0.386437901876877,0.324466404822669,1,2,2,2,2,"A blurry digital photograph shows an open closet filled with hanging clothes. The subject structure is severely blurred, making individual items indistinct and fused. Global oversmoothing eliminates fine textures and sharp edges throughout the scene."
a closet without clothes,Lafite/093-2.png,93,0.440606540446266,0.395241544406963,0.421358005560079,2,2,3,2,2,"An interior view of a wooden closet with open doors revealing distorted clothing. The central hanging object and right-side garments are heavily fused and structurally incoherent. Surfaces exhibit pervasive oversmoothing, waxy textures, and melted edge definitions."
a closet without clothes,Lafite/093-3.png,93,0.426164839742039,0.439063769196237,0.4006182042732619,2,2,2,2,2,A blurry interior view shows an open closet filled with various items. The closet geometry is warped and the contents are visually confusing. Heavy blur and soft edges obscure fine details.
a closet without clothes,Lafite/093-4.png,93,0.434697639385707,0.448178994409173,0.400827495243901,2,1,2,1,2,A frontal view depicts an open closet containing distorted clothing and shelves. Closet contents are severely malformed into fused shapes with broken geometry. Textures appear waxy and oversmoothed with weak edge definition.
a closet without clothes,stable-diffusion/093-1.png,93,0.4874437049073969,0.44672813572249,0.445065046508304,2,2,2,2,2,A sketch-style image depicts a closet interior with hanging clothes and shelved items. Fused clothing shapes and indistinct shelf items compromise structural plausibility. Heavy oversmoothing causes flat textures and weak edge definition throughout.
a closet without clothes,stable-diffusion/093-2.png,93,0.471785081350616,0.565865216037747,0.422554051794613,3,4,4,3,1,"An open closet displays organized clothing, shoes, and accessories on white shelving. Repetitive shoe patterns show significant malformation, fusion, and loss of anatomical detail. Global oversmoothing flattens textures and softens object boundaries throughout the scene."
a closet without clothes,stable-diffusion/093-3.png,93,0.50988982864927,0.514569958488959,0.3801695338188189,4,4,4,3,1,A photorealistic walk-in closet displays rows of shoes and hanging garments. Shoe racks exhibit severe repetition and structural distortion across many pairs. Surfaces show waxy textures and softened edge details.
a closet without clothes,stable-diffusion/093-4.png,93,0.568859774089554,0.528961300989121,0.385228378644739,3,4,4,3,2,A large white wardrobe system is filled with neatly folded and hanging clothing. The subject structure remains coherent but displays minor inconsistencies in garment folds. Textures appear slightly smoothed and lack sharp micro-details.
a closet without clothes,Unidiffuser/093-1.png,93,0.413383597105814,0.374064343311108,0.416411066881579,2,3,3,1,1,"Open closet shelves show cropped human limbs and bodies in warm lighting.The bodies are heavily fragmented, malformed, and semantically confusing within compartments.Textures appear softened, waxy, and unevenly detailed."
a closet without clothes,Unidiffuser/093-2.png,93,0.494605010292078,0.521550163980538,0.404997922179449,4,4,4,3,1,A frontal view depicts an open wardrobe containing clothes and various shelf items. Shelved objects are severely distorted and garments lack coherent fabric structure. Heavy blur and oversmoothing flatten textures and obscure fine details.
a closet without clothes,Unidiffuser/093-3.png,93,0.3729794186582609,0.4245824656579159,0.476441867500769,2,3,2,3,3,A heavily blurred close-up view of a plain brown interior surface. The subject lacks identifiable features due to extreme global softness and blur. Severe oversmoothing flattens all textures and obscures every edge boundary.
a closet without clothes,Unidiffuser/093-4.png,93,0.329885491315962,0.336348616392576,0.338804229704648,1,1,1,1,1,Heavily blurred vertical orange and white bands fill the tightly cropped frame. The subject is structurally illegible and semantically unreadable from extreme obscuration. Severe global blur eliminates all texture and edge definition.
a plate that has no bananas on it. there is a glass without orange juice next to it.,Controlnet/095-1.png,95,0.519703646300026,0.506260819384506,0.457915651165648,3,4,3,2,2,"A grey plate, banana, and white object sit on a beige cloth. The central white object is structurally malformed with unclear semantic identity. Surfaces show slight oversmoothing and waxy pseudo-detailing across the frame."
a plate that has no bananas on it. there is a glass without orange juice next to it.,Controlnet/095-2.png,95,0.59833045877854,0.478245020949868,0.457581229772695,4,4,3,2,2,A photorealistic close-up shows lemons on a gray plate near a patterned cloth. The central lemon slice is severely malformed with implausible geometry. Textures show subtle graininess and inconsistent fine detail.
a plate that has no bananas on it. there is a glass without orange juice next to it.,Controlnet/095-3.png,95,0.569532652459078,0.61356918211836,0.520626534848839,4,4,4,3,3,"A top-down view of an orange slice, cup, and yellow shapes on a plate. The cup handle is malformed and fused, and yellow objects are semantically unclear. Textures appear flat and waxy with softened edges."
a plate that has no bananas on it. there is a glass without orange juice next to it.,Controlnet/095-4.png,95,0.533231435057802,0.510633418484716,0.471944174759709,4,3,3,2,2,A top-down view shows bananas and a lemon on a ceramic plate. The fruit structures appear fused and lack organic complexity. Textures are overly smooth and edges lack sharp definition.
a plate that has no bananas on it. there is a glass without orange juice next to it.,DALLE/095-1.png,95,0.589725665956446,0.525517072341402,0.3782282335726419,4,4,4,3,2,An overhead view of a banana on a plate beside a juice glass. The banana stem region is slightly fused with the plate surface. Wood textures show heavy smoothing and lack fine local detail.
a plate that has no bananas on it. there is a glass without orange juice next to it.,DALLE/095-2.png,95,0.564128342613087,0.556018388460211,0.40543249691661,3,3,2,3,2,A top-down view shows a banana and juice glass on a patterned plate. The banana features strange markings and the plate rim contains distorted geometric shapes. Global textures appear softened with noticeable blur across all object edges.
a plate that has no bananas on it. there is a glass without orange juice next to it.,DALLE/095-3.png,95,0.659929481162646,0.605435759545138,0.461703276175029,4,4,4,3,1,A banana rests on a plate beside a glass on a textured surface. The subjects are clear but the plate rim displays unnatural fused granular textures. Textures appear waxy with repetitive swirling patterns.
a plate that has no bananas on it. there is a glass without orange juice next to it.,DALLE/095-4.png,95,0.526248261004945,0.501093529747783,0.422159186805371,4,4,4,3,1,A banana sits on a white plate with orange rings on a green surface. The fruit exhibits minor anatomical distortion at the tips but stays structurally coherent. Overall textures appear oversmoothed with softened edge definitions.
a plate that has no bananas on it. there is a glass without orange juice next to it.,Glide/095-1.png,95,0.4416017179402209,0.435314173969946,0.417383914959545,2,3,2,2,2,Two yellow mangoes sit on a white plate against a red background. The mangoes are recognizable but the spoon is severely distorted and fused. Extreme oversmoothing results in flat textures and poorly defined edges.
a plate that has no bananas on it. there is a glass without orange juice next to it.,Glide/095-2.png,95,0.397339224652559,0.439661056612931,0.434410783784239,2,2,2,3,3,A yellow cup of orange liquid sits on a white plate. The subject's form is coherent but lacks clear boundaries and internal detail. Extreme global blur and oversmoothing flatten all textures and obscure edges.
a plate that has no bananas on it. there is a glass without orange juice next to it.,Glide/095-3.png,95,0.3881146953948999,0.393221286728131,0.401610389001994,2,3,2,1,2,A digital image displays a banana and orange on a white plate. The banana forms an unnatural ring and the orange lacks organic detail. Global oversmoothing flattens textures and softens all object boundaries.
a plate that has no bananas on it. there is a glass without orange juice next to it.,Glide/095-4.png,95,0.358965831401297,0.424330589708883,0.432326369985565,4,4,4,3,1,A close-up of a citrus fruit cross-section on a dark background. The subject is semantically clear but its internal anatomy is poorly defined. Severe global blur and oversmoothing flatten all textures and edges.
a plate that has no bananas on it. there is a glass without orange juice next to it.,Lafite/095-1.png,95,0.3906700674307529,0.405971654839622,0.351780793446592,1,1,1,1,1,A photorealistic close-up of a distorted egg yolk inside a clear container. The subject displays fused internal structures and lacks coherent organic geometry. Significant oversmoothing and waxy textures reduce surface detail clarity.
a plate that has no bananas on it. there is a glass without orange juice next to it.,Lafite/095-2.png,95,0.390682698947487,0.323602303204687,0.319224815946462,1,1,1,1,1,"A macro view captures a yellow organic mass in a clear bowl. The subject's internal structure is malformed and semantically ambiguous, lacking coherent geometric logic. Global textures appear waxy and oversmoothed with weak edge definition."
a plate that has no bananas on it. there is a glass without orange juice next to it.,Lafite/095-3.png,95,0.410740746149643,0.385617842452212,0.3771600382169059,1,1,1,1,1,A close-up shows a warped white plate with a blurred orange substance. The subject is structurally malformed with an irregular rim and incoherent contents. Heavy oversmoothing and lack of detail affect the image's overall clarity.
a plate that has no bananas on it. there is a glass without orange juice next to it.,Lafite/095-4.png,95,0.399408650250812,0.384245327619007,0.3408865718916929,1,1,1,1,1,"A soft-focus shot depicts a white dish containing amorphous yellow contents. The subject is structurally incoherent, appearing as a fused and unrecognizable mass. Severe blurring and oversmoothing eliminate texture and edge definition entirely."
a plate that has no bananas on it. there is a glass without orange juice next to it.,stable-diffusion/095-1.png,95,0.616088038453963,0.575700659005163,0.474667969179846,4,4,4,3,2,"A white plate holds a banana and yellow fruit on a blue cloth. The main subject is stable, but the side fruit's structure is slightly distorted. Fabric textures show subtle repetition and softened detail."
a plate that has no bananas on it. there is a glass without orange juice next to it.,stable-diffusion/095-2.png,95,0.400182031219192,0.40287833527307,0.4700334181057179,2,2,2,1,2,"A soft-focus digital painting depicts a distorted table setting with plates and fruit. Tableware and food are heavily warped, fused, and lack clear structural integrity. Severe blurring and waxy textures obscure details and edges."
a plate that has no bananas on it. there is a glass without orange juice next to it.,stable-diffusion/095-3.png,95,0.552376501708538,0.590789803658279,0.362016091781706,4,4,4,3,2,"A top-down view shows a plate with bananas, a strawberry, and juice. Subjects are clear though the strawberry and plate rim show minor warping. Surfaces are smooth with a melting artifact at the image base."
a plate that has no bananas on it. there is a glass without orange juice next to it.,stable-diffusion/095-4.png,95,0.623034448406426,0.630225497172742,0.510569732330295,4,3,3,3,2,A photorealistic still life shows a glass of yellow liquid and yellow objects. Yellow objects appear structurally malformed with fused edges and unreadable printed text. Surfaces exhibit waxy oversmoothing and inconsistent background texture patterns.
a plate that has no bananas on it. there is a glass without orange juice next to it.,Unidiffuser/095-1.png,95,0.576697693762766,0.505887902698426,0.454046949308832,3,4,3,2,1,A photorealistic close-up shows two split bananas on a plate near a drink. The bananas show unnatural shapes and fused textures with confusing dark central slits. Background textures show repetitive noise and softened edges.
a plate that has no bananas on it. there is a glass without orange juice next to it.,Unidiffuser/095-2.png,95,0.496584934875229,0.468020659612456,0.4293206556957439,4,4,4,2,1,An overhead shot features a bowl of orange liquid and a plate of malformed fruit. The yellow fruit exhibits severe structural fusion and unnatural tied shapes. Global textures appear slightly waxy and oversmoothed with softened detail.
a plate that has no bananas on it. there is a glass without orange juice next to it.,Unidiffuser/095-3.png,95,0.3627815553146309,0.402669802737192,0.436484392453118,2,2,2,2,2,A heavily blurred close-up shows a glass and food on a table. The subject's structure is severely distorted by melting and loss of form. Excessive blur removes all discernible texture and edge information.
a plate that has no bananas on it. there is a glass without orange juice next to it.,Unidiffuser/095-4.png,95,0.45350021009553,0.47709728484081,0.418940520528945,3,3,3,3,3,A white plate holds orange slices and yellowish food on a dark table. The food items are recognizable but exhibit slight shape fusion and blurring. Global blur and compression noise significantly reduce texture clarity.
We painted the wall with cracks.,Controlnet/096-1.png,96,0.62515613404244,0.597867739139567,0.5437598700727669,4,4,4,3,3,A close-up shot depicts a cracked interior wall next to a door frame. The wall damage is recognizable but features implausibly thin and flat fissures. The image exhibits global oversmoothing and significantly softened surface textures.
We painted the wall with cracks.,Controlnet/096-2.png,96,0.6464746518566029,0.597621697745356,0.62633704821553,4,4,3,2,3,A man on a ladder repairs a large crack in an interior wall. The subject's hands are malformed with fused fingers contacting the wall surface. Textures and edges show pervasive oversmoothing and blurred detail.
We painted the wall with cracks.,Controlnet/096-3.png,96,0.539918477361645,0.5361601647272211,0.517463665129626,3,4,3,2,3,"A realistic photo shows an interior wall with large, dark, jagged crack patterns. The crack structures lack physical depth and appear as flat, implausible drawings. Edges show mild softness and textures appear somewhat flat."
We painted the wall with cracks.,Controlnet/096-4.png,96,0.654869260317131,0.584149579893715,0.58764349487834,3,4,4,3,3,"Two blonde figures stand before a dark wall with painted white cracks. The left figure exhibits severe anatomical confusion with malformed limbs and fused attire. Surfaces appear overly smooth with muddy, inconsistent texture."
We painted the wall with cracks.,DALLE/096-1.png,96,0.536812600239972,0.534626744814206,0.513596384412544,3,4,3,3,3,"A close-up shows a pale blue painted surface with prominent cracks and peeling. The main crack structure is coherent, while finer fissures show inconsistent depth. Textures appear overly smooth and lack natural micro-grain detail."
We painted the wall with cracks.,DALLE/096-2.png,96,0.61580017166811,0.578991476530132,0.513228524464117,3,3,3,3,2,A close-up shows a light grey wall surface with prominent dark cracks. The crack network is mostly coherent though some intersections appear geometrically artificial. Surface textures look slightly waxy with softened detail and inconsistent grain.
We painted the wall with cracks.,DALLE/096-3.png,96,0.6423277533299501,0.607900220792284,0.616234457895844,4,4,3,3,3,A close-up depicts a cracked and peeling light-colored wall surface. The damaged area is readable but shows unnatural flatness along the fracture lines. Textures exhibit mild oversmoothing and a lack of fine surface grain.
We painted the wall with cracks.,DALLE/096-4.png,96,0.590545968014041,0.612226640190353,0.582186289140666,4,4,2,3,3,"A close-up shot features a vertical crack on a white plastered wall. The main fissure is clear, with a small malformed artifact at the base. Textures show smoothing and lack authentic material grain."
We painted the wall with cracks.,Glide/096-1.png,96,0.409671602007961,0.3891916283386959,0.313471106754312,1,1,1,1,1,The image presents a plain abstract color gradient with no visible subject. No identifiable structures or objects exist to assess for semantic readability. The field is dominated by extreme oversmoothing and a total absence of texture.
We painted the wall with cracks.,Glide/096-2.png,96,0.431651352480212,0.486108942724693,0.355913573455502,2,2,1,2,1,"A close-up view of a plain light-colored wall under soft lighting. The simple planar structure of the wall and corner is structurally stable. The image shows noticeable blur, oversmoothing, and flat textures."
We painted the wall with cracks.,Glide/096-3.png,96,0.481554462280598,0.481731750478933,0.418241266256067,2,3,2,3,2,A blurry interior shot features a plain wall and a doorway. The basic geometric structure of the room remains coherent and readable. Severe blurring eliminates all surface textures and sharp edges.
We painted the wall with cracks.,Glide/096-4.png,96,0.456324683377638,0.4434305495030169,0.382691918793862,2,2,2,2,1,A blurry image shows a plain wall illuminated by warm indoor light. The simple planar subject maintains basic geometric coherence without distortion. Extreme global blur and oversmoothing completely flatten texture and edges.
We painted the wall with cracks.,Lafite/096-1.png,96,0.473174706591875,0.460220213829589,0.507003917497113,2,2,2,2,3,"A blurry photo captures a concrete wall with abstract colorful markings. The markings are malformed and lack any recognizable structural coherence. Global quality suffers from severe blur, grain, and softened edges."
We painted the wall with cracks.,Lafite/096-2.png,96,0.448283371167628,0.478555331931206,0.476978246356153,3,2,2,2,2,"A close-up shows a cracked concrete wall with faint, distorted markings. The wall structure is stable, but the markings are semantically unreadable. Global blur and grainy noise obscure fine details."
We painted the wall with cracks.,Lafite/096-3.png,96,0.439634906125032,0.4900545317006,0.500741520592002,4,4,4,3,3,A close-up view captures a cracked grey wall with colorful paint splatters. The colorful markings are structurally ambiguous and lack distinct boundary clarity. Textures show significant oversmoothing and a pervasive waxy appearance throughout.
We painted the wall with cracks.,Lafite/096-4.png,96,0.422584342624601,0.446029210017629,0.46107677728886,2,3,2,2,3,A close-up shows a weathered concrete wall with peeling paint and graffiti. The wall structure is stable but the markings are incoherent and illegible. Heavy blur and noise obscure fine details and soften edges.
We painted the wall with cracks.,stable-diffusion/096-1.png,96,0.6508095317438329,0.663104158701578,0.628514962100201,3,4,4,3,3,A close-up shows a cracked interior wall beside a white door frame. The wall's jagged fractures show minor geometric inconsistencies but remain semantically readable. Textures show mild noise and softened detail in dark regions.
We painted the wall with cracks.,stable-diffusion/096-2.png,96,0.407001741129341,0.368749486760162,0.385911569266511,3,1,1,2,1,"An abstract image features a tree-like form and white branches on a dark background. The subject is poorly defined and fused with the background, appearing structurally unstable. Heavy oversmoothing and flat textures obscure fine details."
We painted the wall with cracks.,stable-diffusion/096-3.png,96,0.506420024283264,0.528364344491881,0.530534389455637,2,3,3,2,3,A photorealistic interior view features a wall with large white crack-like patterns. The subject exhibits structurally implausible vein-like markings and a poorly defined baseboard. Significant blur and grainy noise degrade the overall perceptual sharpness.
We painted the wall with cracks.,stable-diffusion/096-4.png,96,0.6533539407785609,0.634249211249869,0.6554080148815601,4,4,4,3,3,Two women stand before a cracked wall and an exposed brick section. The figures show distorted anatomy with blurry hands and unnatural body contours. Heavy blur and smeared textures degrade the global perceptual quality.
We painted the wall with cracks.,Unidiffuser/096-1.png,96,0.60817054840951,0.607401944757583,0.5263962956100771,4,4,4,3,2,A close-up view captures a textured wall with prominent dark cracks. The cracks appear as flat overlays lacking realistic depth or material displacement. Surface texture shows uniform graininess and flat lighting across the frame.
We painted the wall with cracks.,Unidiffuser/096-2.png,96,0.403926893279724,0.4534212729455379,0.4849959641492299,3,3,3,3,2,A close-up view shows a blurred wall surface with prominent dark cracks. The crack geometry is coherent but lacks realistic depth and sharp edges. Global oversmoothing creates a waxy appearance and removes all fine texture.
We painted the wall with cracks.,Unidiffuser/096-3.png,96,0.626938694845545,0.6503716463010091,0.599225032180133,4,4,4,3,3,A close-up shows a light surface covered in a dense network of dark cracks. The crack pattern is structurally coherent and readable despite minor line inconsistencies. Surface textures appear smooth and lack fine-grained micro-detail.
We painted the wall with cracks.,Unidiffuser/096-4.png,96,0.63202829281161,0.585974617715136,0.601162793707885,4,4,4,3,3,A close-up view depicts a pale surface with a complex network of dark cracks. The crack structure is largely plausible though it features some illogical intersections. Surface details are minimal and crack boundaries exhibit slight softening.
a kitchen without a refrigerator,Controlnet/097-1.png,97,0.584973155712126,0.526601821491469,0.453068327814747,4,4,4,3,1,A photorealistic kitchen interior displays various stainless steel appliances and white cabinets. The under-counter appliance structure is malformed and contains visually confusing internal items. Surfaces show waxy smoothing and background text is completely illegible.
a kitchen without a refrigerator,Controlnet/097-2.png,97,0.6468764415307681,0.6029568337068469,0.38254549295121,4,4,4,3,2,A realistic modern kitchen interior features wooden cabinetry and stainless steel appliances. Appliance surfaces display semantically confusing reflections and distorted internal details. Metallic textures appear waxy with repetitive pseudo-detailing.
a kitchen without a refrigerator,Controlnet/097-3.png,97,0.606681562512409,0.618761701988463,0.410326656446433,3,4,4,3,2,A modern kitchen interior features a central island and multiple stainless steel appliances. The spatial layout is semantically confusing due to the redundant placement of two refrigerators. Metallic surfaces exhibit subtle pseudo-detailing and slightly waxy textures.
a kitchen without a refrigerator,Controlnet/097-4.png,97,0.6577788744874521,0.702623029788106,0.5403205559027799,4,4,4,3,2,A photorealistic modern kitchen interior with grey cabinets and stainless steel appliances. Subject structure is compromised by misplaced wall fruit and distorted appliance interfaces. Surfaces show waxy oversmoothing and repetitive pseudo-detailing.
a kitchen without a refrigerator,DALLE/097-1.png,97,0.498714211487464,0.487963971581457,0.484611133645686,4,3,3,2,2,A cluttered room corner shows a rusty refrigerator and a malformed appliance. The central machine exhibits severe structural fusion and poor semantic readability. Surfaces exhibit oversmoothing and inconsistent textural details.
a kitchen without a refrigerator,DALLE/097-2.png,97,0.523667374866409,0.4947884267779039,0.455496868210017,4,4,4,3,1,A low-angle view captures tangled cables and boxes against a plain wall. Cable routing lacks physical logic and the box structure is geometrically distorted. Textures appear waxy with softened edges and flat detail.
a kitchen without a refrigerator,DALLE/097-3.png,97,0.496436263998509,0.5597650775623709,0.480205125001674,3,3,2,3,3,A photorealistic interior shows unfinished walls and wooden cabinets above a plastic-covered counter. The cabinet contains a malformed device and the wall texture shows repetitive patterns. Surfaces appear waxy and oversmoothed with inconsistent local lighting.
a kitchen without a refrigerator,DALLE/097-4.png,97,0.603228451754812,0.600381992395844,0.561954389635858,4,4,3,3,3,"A photorealistic kitchen corner contains empty upper cabinets and a small oven. Major structures remain plausible, though internal cabinet geometry lacks logical consistency. Image surfaces exhibit significant oversmoothing and flattened textural details."
a kitchen without a refrigerator,Glide/097-1.png,97,0.3815915035214889,0.40090714913427,0.468027337867631,2,3,3,2,2,A blurry interior shot shows a kitchen counter with wooden cabinets and appliances. The scene is structurally coherent but lacks readable detail due to heavy obscuration. Severe global blur eliminates texture and sharpness across the entire frame.
a kitchen without a refrigerator,Glide/097-2.png,97,0.441688324279185,0.4252541712848199,0.411977165549011,3,3,3,3,2,A blurred interior scene features a red object in a vase by a cabinet. The subject's structure is unrecognizable due to extreme lack of focal clarity. Pervasive softness eliminates all surface texture and sharp details.
a kitchen without a refrigerator,Glide/097-3.png,97,0.416880209287236,0.5141449593538581,0.55835779188544,2,3,2,3,2,"A blurry kitchen interior shows white cabinets, shelves, and a cluttered counter. Objects are recognizable but structurally indistinct and lack clear geometric definition. Severe global blur flattens textures and eliminates all edge definition."
a kitchen without a refrigerator,Glide/097-4.png,97,0.373785309556297,0.506933554919857,0.521106163452443,1,2,3,3,3,A low-fidelity interior view shows wooden kitchen cabinets and white appliances. The subject's spatial layout is plausible but lacks precise geometric definition. Heavy global blur flattens textures and obscures all fine edge details.
a kitchen without a refrigerator,Lafite/097-1.png,97,0.428141809681765,0.43366999959714,0.4377147636458939,2,1,2,2,3,A distorted digital rendering of a modern kitchen interior featuring fruit. The cabinetry and appliances exhibit severe geometric warping and spatial inconsistency. Global oversmoothing and waxy textures obscure fine surface details.
a kitchen without a refrigerator,Lafite/097-2.png,97,0.462522887019528,0.430211169061722,0.475753501269665,2,3,3,1,1,"A heavily blurred digital painting depicts a distorted kitchen interior with appliances. The main subject exhibits severe warping and fusion of cabinet and oven structures. Global oversmoothing eliminates textures and creates waxy, indistinct surface appearances throughout."
a kitchen without a refrigerator,Lafite/097-3.png,97,0.450966573511038,0.480869394827222,0.537523257274282,2,1,1,1,3,"A soft-focus digital rendering depicts a warped kitchen interior with cabinetry. The subject displays severe geometric distortion and fused structures that impair readability. Global oversmoothing results in flat, waxy textures lacking sharp detail."
a kitchen without a refrigerator,Lafite/097-4.png,97,0.422584164993074,0.447113169586744,0.434526659557969,2,2,2,1,1,A soft-focus digital painting depicts a warped kitchen interior with appliances. Subject geometry is severely distorted as appliances and cabinetry fuse into illegible shapes. Oversmoothing and melting edges flatten textures and obscure details.
a kitchen without a refrigerator,stable-diffusion/097-1.png,97,0.471682219742529,0.497693639798022,0.559600757541214,3,2,2,1,3,A photorealistic modern kitchen interior features light wood cabinets and a white island. The subject exhibits distorted appliance geometry and melted cabinet boundaries reducing clarity. Global oversmoothing creates flat textures and softened edges everywhere.
a kitchen without a refrigerator,stable-diffusion/097-2.png,97,0.527903046635429,0.537474431617378,0.44618804915195,4,4,4,3,2,A realistic kitchen interior features white cabinetry and a dark refrigerator. The subject structure is stable with plausible geometry and clear separation. Surfaces exhibit slightly flat textures and subtle repetitive grain patterns.
a kitchen without a refrigerator,stable-diffusion/097-3.png,97,0.590046753495334,0.645562347609874,0.485885374949256,3,3,3,3,2,A photorealistic kitchen interior features dark cabinetry and dual refrigerators. The kitchen layout is semantically confused by the redundant placement of two refrigerators. Surfaces exhibit waxy textures and softened edge definitions throughout the scene.
a kitchen without a refrigerator,stable-diffusion/097-4.png,97,0.559167701792803,0.529345118919489,0.433115990648471,3,3,3,2,1,A modern kitchen interior features a stainless steel refrigerator and wooden cabinetry. The refrigerator and cabinet structures are largely stable but show minor surface inconsistencies. Surfaces exhibit oversmoothing with flat textures and weak fine details.
a kitchen without a refrigerator,Unidiffuser/097-1.png,97,0.556260769452686,0.567244683994403,0.436384791744212,3,3,2,2,1,A photorealistic kitchen scene features a tall stacked refrigerator and white cabinetry. The main appliance stack exhibits warped geometry and illegible surface markings. Textures appear waxy and edges lack sharp definition across the image.
a kitchen without a refrigerator,Unidiffuser/097-2.png,97,0.359777800922896,0.408113900941178,0.394881541572771,1,1,1,1,1,A heavily blurred interior scene contains wooden cabinets and a wall. The subject forms are indistinct and lack readable structural details. Severe global blur flattens all textures and softens every boundary.
a kitchen without a refrigerator,Unidiffuser/097-3.png,97,0.553583755535886,0.534194704632706,0.490125204709009,3,3,3,2,2,A photorealistic kitchen scene features a large refrigerator and wooden cabinetry. Kitchen fixtures and cabinet geometry appear warped with indistinct appliance details. Surfaces exhibit heavy oversmoothing and lack fine textural definition.
a kitchen without a refrigerator,Unidiffuser/097-4.png,97,0.491841854366487,0.493614346483296,0.395090850379635,4,4,4,3,2,A white refrigerator stands in a kitchen with red cabinets and a counter. The appliance features an implausible central screen displaying a distorted and confusing view. Global blur creates flat textures and indistinct object boundaries.
a street without vehicles,Controlnet/098-1.png,98,0.561925696490776,0.534895804001399,0.593433285270698,4,4,4,3,3,"A sunlit, eye-level view of a colorful cobblestone street lined with buildings. Architectural features like windows and balconies show inconsistent scales and illogical placements. Cobblestone patterns are repetitive and surfaces look somewhat waxy."
a street without vehicles,Controlnet/098-2.png,98,0.562003191892261,0.602279555727511,0.603272770988365,3,4,3,3,3,"A photorealistic street scene features trees and storefronts under soft evening light. The street structure is stable, while background foliage appears visually fused. Surfaces exhibit a waxy texture with softened details and blurred edges."
a street without vehicles,Controlnet/098-3.png,98,0.525576182412779,0.447900102499525,0.497506368203383,3,3,2,2,1,A photorealistic eye-level view of a person on a colorful city street. The distant vehicle is heavily distorted and building geometry appears warped. Global blur flattens textures and softens edges.
a street without vehicles,Controlnet/098-4.png,98,0.5663104369555441,0.5424231910126059,0.604763201808155,3,3,3,2,3,A photorealistic eye-level view of a narrow street between tall buildings at dusk. Architecture features fused windows and repetitive patterns while distant people are malformed. Surfaces show waxy textures and inconsistent lighting.
a street without vehicles,DALLE/098-1.png,98,0.637942203966787,0.64174280376021,0.6037576921159851,4,4,4,3,3,"A photorealistic street scene shows a paved road, dense trees, and a blue signpost. Road markings and trees are warped, rendering the sign text semantically illegible. Global textures appear smooth with softened edges and repetitive patterns."
a street without vehicles,DALLE/098-2.png,98,0.6267081817748911,0.606060733245339,0.590129237783062,4,3,3,3,2,A low-angle view depicts a massive concrete overpass above a city road. The subject displays distorted pavement markings and implausible pillar connections. Textures lack sharpness and exhibit a consistent oversmoothing effect.
a street without vehicles,DALLE/098-3.png,98,0.627273362238587,0.657460884289965,0.604719583113344,4,4,4,3,3,A photorealistic street view captures a curved road with trees and lamps. Lamp posts show distorted curvature and background structures appear melted. Textures are overly smooth with noticeable blurring across all surfaces.
a street without vehicles,DALLE/098-4.png,98,0.592008052619864,0.580625787241632,0.59796374569071,4,4,4,3,3,A photorealistic view of a road between a brick building and tall fences. Road markings and fence lines display warped perspective and inconsistent scaling. Distant regions are oversmoothed and textures lack sharp edge definition.
a street without vehicles,Glide/098-1.png,98,0.415234874824119,0.505938926291372,0.40206437945266,2,3,2,2,1,A blurry nighttime street scene features a distorted vehicle in the foreground. The primary vehicle shows severe geometric warping and structurally implausible front-end details. Heavy global blur and noise degrade overall edge definition and clarity.
a street without vehicles,Glide/098-2.png,98,0.3958100744721269,0.521187271276342,0.327808426085282,2,2,2,3,2,A blurred eye-level view of a residential street with parked cars and buildings. Vehicles and architecture lack clear structural definition from pervasive global smoothing. Heavy blur flattens textures and obscures fine details.
a street without vehicles,Glide/098-3.png,98,0.3938349781704229,0.508079053536084,0.540942756788967,1,2,2,3,3,A blurry nighttime scene shows a vehicle on a snowy street near buildings. Extreme motion or focus blur renders the subject's structure unrecognizable and semantically unreadable. Severe global blur and heavy halos dominate the entire image.
a street without vehicles,Glide/098-4.png,98,0.319785044279203,0.382643552293726,0.421343211582887,1,2,1,1,3,A blurry nighttime shot features elongated light streaks on a paved road. Road perspective and light alignment remain spatially logical and readable. Extreme global softness eliminates texture detail and blurs all boundaries.
a street without vehicles,Lafite/098-1.png,98,0.393623424688989,0.421904814992903,0.441401097566322,1,2,2,1,3,"A distorted eye-level view of a coastal town street flanked by buildings. Architectural forms are severely warped with melted windows and broken geometric logic. Extreme oversmoothing eliminates detail and creates flat, waxy surface textures."
a street without vehicles,Lafite/098-2.png,98,0.446932669994926,0.402241231464179,0.5175897097496179,2,2,2,2,3,"A distorted eye-level view of a street flanked by buildings in daylight. Buildings and objects are severely warped, fused, and lack coherent geometry. Extreme blur, oversmoothing, and flat waxy textures dominate the visual field."
a street without vehicles,Lafite/098-3.png,98,0.41155782114043,0.416740278241272,0.4702968595058079,3,3,3,2,3,A blurry eye-level shot shows a narrow street flanked by warped buildings. Building geometry is severely distorted with melted features and inconsistent window placements. Oversmoothing and weak edge definition obscure fine surface details.
a street without vehicles,Lafite/098-4.png,98,0.442528239589608,0.434812116603265,0.415619263306641,2,2,3,2,3,"A distorted urban street scene features warped buildings and parked vehicles under daylight. Building geometries are severely warped and fused, causing significant spatial confusion. Widespread oversmoothing and flat textures reduce perceptual sharpness."
a street without vehicles,stable-diffusion/098-1.png,98,0.58891660853316,0.524129622376084,0.516024544065661,3,3,3,3,3,A photorealistic view of a narrow urban street lined with colorful buildings. Architecture displays malformed frames and illogical attachments that compromise structural plausibility. Cobblestone textures are repetitive and flat while distant details appear oversmoothed.
a street without vehicles,stable-diffusion/098-2.png,98,0.628822462188967,0.620562012717549,0.5435399745549789,4,3,2,2,1,A photorealistic eye-level view of a tree-lined street with distant pedestrians. Distant pedestrians are vague blobs and storefront text is semantically unreadable. Foliage looks waxy and fine details are softened throughout.
a street without vehicles,stable-diffusion/098-3.png,98,0.647675496105954,0.613900230822765,0.616222217235563,4,3,3,3,3,A central-perspective view of a narrow street between detailed historic-style buildings. Facade structures contain malformed window geometries and repetitive pseudo-architectural details. Image-wide oversmoothing flattens textures and softens all high-frequency boundaries.
a street without vehicles,stable-diffusion/098-4.png,98,0.420474893231997,0.456253837208866,0.4513315346995519,1,2,2,3,2,"A top-down view of a distorted urban street intersection with vehicles. Vehicles and infrastructure are malformed, fused, and lack clear geometric structure. Global blurring, smearing, and flat textures dominate the visual field."
a street without vehicles,Unidiffuser/098-1.png,98,0.375917297962074,0.432948497171483,0.375692676543224,1,1,1,1,3,A blurry urban street view contains indistinct buildings and vehicle shapes. Subject structures are fused and semantically unreadable from heavy smoothing. Global oversmoothing flattens textures and dissolves all object boundaries.
a street without vehicles,Unidiffuser/098-2.png,98,0.573080362506149,0.589192317642449,0.428255499760054,3,3,3,1,1,A photorealistic street scene depicts a silver car on a narrow road. The vehicle exhibits severe structural warping and malformed rear panel details. Textures show oversmoothing and weak edge definition.
a street without vehicles,Unidiffuser/098-3.png,98,0.639866259316469,0.575664868781431,0.481080370666974,3,2,2,2,1,A photorealistic eye-level view of a sunlit street flanked by buildings. The street layout contains malformed traffic elements and inconsistent lane marking geometry. Textures appear waxy and distant architectural details are heavily softened.
a street without vehicles,Unidiffuser/098-4.png,98,0.504428545868589,0.439035461212162,0.4116523167111189,4,4,2,2,2,A realistic street scene shows cars and buildings under overcast light. The central vehicle is severely malformed and warped into an unrecognizable fused mass. Distant details lack sharpness and some surfaces appear overly smoothed.
