prompt,image_name,index,Quality,Authenticity,Correspondence,score_1,score_2,score_3,score_4,score_5,generated_answer
a corgi,Controlnet/000-1.png,0,0.601641784272688,0.4724654086896269,0.599858733492637,4,4,3,2,3,A 3D rendered corgi figurine stands on a carpeted floor in profile. The anatomy is stable but the neck collar shows fused textural confusion. Surfaces appear waxy with softened details and repetitive background textures.
a corgi,Controlnet/000-2.png,0,0.547488782945869,0.424822427887229,0.572338260012088,3,3,3,2,3,A 3D-rendered Corgi dog stands on a concrete surface in bright light. Facial features and paws exhibit minor geometric warping and simplified anatomy. Fur appears waxy with repetitive background grain.
a corgi,Controlnet/000-3.png,0,0.493219284850192,0.415136888570317,0.535424148920043,3,4,3,2,1,A stylized corgi figurine stands centrally on a textured grey surface. The subject displays a fused extra limb on its flank and a distorted torso. Heavy grain and soft edges obscure fine surface details.
a corgi,Controlnet/000-4.png,0,0.570137695922788,0.515801608187804,0.602230739812681,4,4,4,3,3,"A photorealistic close-up portrait of a corgi on a carpet. The subject is recognizable, yet its paws and mouth show anatomical inconsistencies. Fur appears waxy and the background contains repetitive texture patterns."
a corgi,DALLE/000-1.png,0,0.698963010426329,0.674662469470443,0.662880370629596,4,3,3,3,3,A photorealistic close-up portrait of a corgi dog indoors. The subject's facial features and harness exhibit subtle anatomical distortions and fusion. Fur textures appear waxy with softened details and background melting artifacts.
a corgi,DALLE/000-2.png,0,0.621103934515632,0.606257237019357,0.656949028810416,4,4,4,3,3,A photorealistic corgi stands centered in a lush garden with shallow depth of field. The canine subject features coherent anatomy and a naturally expressive face. Sharp fur details contrast with the smooth background bokeh.
a corgi,DALLE/000-3.png,0,0.633029793764934,0.621333698516614,0.639382687783885,3,3,2,3,2,A photorealistic close-up portrait of a corgi sitting by a grassy stream. The subject is structurally coherent with a well-defined face and consistent anatomy. Textures and edges show no dominant local artifact.
a corgi,DALLE/000-4.png,0,0.663023031617994,0.695902433929191,0.70820394857775,3,4,3,3,3,A corgi dog peeks from behind a door frame indoors. The subject maintains stable anatomy with clear facial features and natural proportions. Fur textures lack fine detail and the background appears artificially melted.
a corgi,Glide/000-1.png,0,0.384188142476458,0.494165945267182,0.525659481838369,2,3,2,3,3,A close-up shows a dog's face with an open mouth against a dark background. The subject is recognizable but the mouth area appears slightly distorted. Global blurring flattens textures and obscures sharp edges everywhere.
a corgi,Glide/000-2.png,0,0.374449329961749,0.485396888815793,0.501843868646045,3,3,4,3,3,A close-up photorealistic portrait of a dog's face with soft lighting. The canine nose and mouth area is fused with poor structural clarity. Global oversmoothing flattens fur texture and obscures fine edge definition.
a corgi,Glide/000-3.png,0,0.407556092381559,0.459588880952931,0.549009153957545,2,2,2,2,3,A close-up portrait of a corgi dog against a plain background. The subject is structurally stable but lacks detail due to pervasive blurring. Global oversmoothing completely removes fur texture and sharp edge definition.
a corgi,Glide/000-4.png,0,0.439772703225667,0.528685969225672,0.592582928423943,2,3,2,3,3,A close-up view depicts a corgi dog against a blurred green background. The dog's face is structurally plausible but exhibits smeared and indistinct features. Severe global oversmoothing removes all natural texture and edge definition.
a corgi,Lafite/000-1.png,0,0.3399559394834739,0.347772395611889,0.38046184930783,2,2,2,2,3,A close-up digital painting shows a distorted dog-like creature on a paved surface. The subject features a warped face and fused limbs with poor structural coherence. Oversmoothing flattens textures and blurs fine details.
a corgi,Lafite/000-2.png,0,0.332957427138365,0.327053313096475,0.412714708790357,1,2,2,1,3,"A close-up of a distorted puppy sitting on a paved outdoor surface. The subject exhibits severe facial malformations, fused paws, and impossible anatomy. Textures appear waxy and oversmoothed with blurred edges and poor definition."
a corgi,Lafite/000-3.png,0,0.398964905427663,0.385986075422704,0.449419705967248,2,3,2,1,2,A distorted cat-like creature sits on a paved outdoor path in daylight. The subject shows severe facial malformation with fused features and warped anatomy. Heavy blurring and flat textures mask details across the entire image.
a corgi,Lafite/000-4.png,0,0.36567405205141,0.363101381360306,0.378242688063539,1,2,1,1,2,A heavily distorted cat-like creature sits on a paved outdoor surface. The subject exhibits severe facial fusion and warped body geometry. Global blur and waxy melting textures obscure all fine details.
a corgi,stable-diffusion/000-1.png,0,0.6725035862272271,0.664679857550296,0.640895795344628,4,4,3,2,3,A close-up shot of a corgi dog sitting on a gravel surface. The subject's facial features show slight asymmetry and a softened muzzle structure. Fur textures appear waxy while the background exhibits repetitive pseudo-detail patterns.
a corgi,stable-diffusion/000-2.png,0,0.407062519140022,0.457763286347989,0.543278574245623,2,2,2,3,3,A front-facing corgi dog runs toward the viewer on a soft-focus background. The dog's head is clear while its lower body is warped and incomplete. Global blur and oversmoothing significantly reduce image clarity.
a corgi,stable-diffusion/000-3.png,0,0.614899450013953,0.59836714915396,0.6417752116151649,4,4,4,3,3,A photorealistic corgi dog faces forward on a plain textured ground. The subject's anatomy is stable though paws lack distinct digit definition. Fur textures display prominent oversmoothing and a waxy synthetic finish.
a corgi,stable-diffusion/000-4.png,0,0.642967143577087,0.610308397448975,0.646682520220804,4,4,4,3,3,A photorealistic close-up portrait of a corgi sitting on a sandy surface. The subject's anatomy is coherent though facial features show minor unnatural smoothing. Global textures appear waxy and lack fine detail from heavy smoothing.
a corgi,Unidiffuser/000-1.png,0,0.566964650505948,0.528490901094392,0.5402607507895251,3,3,3,2,3,A close-up portrait depicts a corgi's head centered against a dark background. The corgi's anatomy is stable though the nose appears malformed and fur texture is fused. Heavy oversmoothing creates waxy textures and obscures fine details.
a corgi,Unidiffuser/000-2.png,0,0.537653546121748,0.523182577268263,0.5183662157687661,3,4,3,2,3,A photorealistic corgi stands on a textured grey pavement surface. The subject's face is severely distorted and limbs appear malformed. Fur textures display waxy oversmoothing and lack fine detail.
a corgi,Unidiffuser/000-3.png,0,0.3771859891381129,0.435743061950714,0.504956420861143,1,2,2,1,3,A blurry front-facing portrait of a small orange dog on a carpeted floor. The subject's facial features and limbs are structurally unstable and lack clarity. Global oversmoothing flattens textures into waxy surfaces.
a corgi,Unidiffuser/000-4.png,0,0.609718230492863,0.5965232248800789,0.592535064240142,4,4,4,3,3,A photorealistic corgi stands on a green lawn under natural daylight. The canine subject is structurally stable despite subtle paw and facial fusion. Global textures exhibit significant oversmoothing and lack fine fur detail.
a girl,Controlnet/001-1.png,1,0.4951482748284019,0.510021140426968,0.5993955983300691,3,3,3,3,3,A close-up digital portrait depicts a young girl with blonde hair. The facial anatomy is coherent but exhibits subtle skin texture distortions. Global rendering shows waxy surfaces and softened edge definitions.
a girl,Controlnet/001-2.png,1,0.550909090472126,0.598172104122268,0.618362217842691,3,4,4,2,3,A painted portrait shows a young girl wearing a floral headband. The subject's facial structure and hair layout are coherent and natural. Fine details appear waxy and slightly oversmoothed across the image.
a girl,Controlnet/001-3.png,1,0.463058711447997,0.522420434164384,0.562350973493117,3,3,3,3,3,A charcoal sketch portrays a young girl in a white hooded garment. Facial features are clear but exhibit slight asymmetry and fused edges. Textures appear waxy with visible noise and a stray background artifact.
a girl,Controlnet/001-4.png,1,0.495552562972212,0.444525637045953,0.523910365121118,2,3,3,2,2,A painterly portrait shows a girl in a vintage dress against a blurred background. The subject's hands are malformed and facial features exhibit subtle asymmetry. Textures are overly smooth with indistinct background details.
a girl,DALLE/001-1.png,1,0.61467907168112,0.600212599075566,0.6631809592900799,4,4,4,2,3,A close-up portrait shows a woman in a pink dress against a blurred background. Her hand and fingers appear malformed and fused near her chin. Skin textures appear waxy and fine details are overly smoothed.
a girl,DALLE/001-2.png,1,0.6375455122296529,0.6028601670387961,0.616463731328472,3,4,4,3,3,"A close-up portrait shows a girl in a beaded headband against darkness. Facial features are recognizable, but the eyes show asymmetry and misaligned gazes. Skin texture is overly smoothed and waxy with soft edges."
a girl,DALLE/001-3.png,1,0.553945730317288,0.586987078198188,0.556168481835113,4,4,4,3,3,A close-up shows a young girl in a vibrant purple fur coat. Facial structure exhibits a clear distortion near the nostril area. Fur textures show repetitive patterns and mild oversmoothing.
a girl,DALLE/001-4.png,1,0.690613883601261,0.6740699725297761,0.65320492021801,3,4,3,3,3,A photorealistic close-up portrait shows a young girl with long hair on a warm background. Face structure is coherent despite slight eye misalignment and soft ear geometry. Skin appears waxy and hair details are overly smoothed.
a girl,Glide/001-1.png,1,0.374826315992645,0.373717576628482,0.338131432917462,2,2,2,1,1,"A close-up captures a white and grey cat on a wooden surface. The subject exhibits asymmetrical eyes and structurally vague, malformed front paws. Global oversmoothing severely degrades texture detail and edge clarity."
a girl,Glide/001-2.png,1,0.340567688887177,0.391993789042428,0.320262286413119,3,3,2,3,1,A centered portrait of a white fluffy dog wearing a pink bow. The subject's face and body lack defined structure due to extreme softness. Severe global blur and oversmoothing flatten all textures and edges.
a girl,Glide/001-3.png,1,0.373928306371299,0.428527041394693,0.324438016081821,2,3,2,3,1,A close-up photograph of a yellow flower against a blurred background. The floral subject is structurally coherent but lacks distinct petal boundaries. Severe global blur and oversmoothing obscure all fine textural details.
a girl,Glide/001-4.png,1,0.319613492235792,0.321957070487867,0.323853899771226,1,1,1,1,1,A frontal close-up of a white animal's face on a white background. The subject is recognizable but lacks distinct anatomical features or sharp contours. Severe global blur flattens textures and destroys edge definition.
a girl,Lafite/001-1.png,1,0.4954610780011579,0.453857750904383,0.58874662083608,2,2,2,2,3,A digital painting style close-up portrait shows a young girl in a dark garment. The face is mostly coherent though the eyes look unnatural and shoulders are malformed. Textures appear waxy with softened local details.
a girl,Lafite/001-2.png,1,0.430562811626721,0.460468353976031,0.560249559256977,2,3,3,2,3,A digital painting style close-up portrait of a young girl against a dark background. Facial features exhibit asymmetry while the shoulder and arm regions appear malformed. Heavy oversmoothing produces waxy textures and indistinct edges across the image.
a girl,Lafite/001-3.png,1,0.459691883768347,0.437342599424058,0.562471053564154,2,2,2,2,3,A close-up digital portrait of a young girl in a sequined dress. The subject has misaligned eyes and a malformed shoulder with fused clothing edges. Oversmoothing creates waxy textures and globally softened details.
a girl,Lafite/001-4.png,1,0.402538223809315,0.3767419080381959,0.537064897233706,2,3,2,2,3,A painterly close-up portrait shows a young girl against a dark background. The subject exhibits unnatural eye alignment and malformed shoulder anatomy with blurry limbs. Global textures appear waxy and oversmoothed with inconsistent pseudo-details.
a girl,stable-diffusion/001-1.png,1,0.586443452144554,0.560158936164468,0.5835725708524739,4,4,4,2,3,"A young girl in a purple dress stands in a grassy park. Her face is slightly unnatural, and the dress shows severe structural distortion. Low sharpness creates softened textures and indistinct background details."
a girl,stable-diffusion/001-2.png,1,0.407365609947523,0.446900583195591,0.488191609417457,2,2,2,2,3,A sketch-style drawing shows a woman in a white dress against a plain background. Facial features are indistinct and the hand appears malformed and fused. Oversmoothing creates flat textures and poorly defined edges.
a girl,stable-diffusion/001-3.png,1,0.548696766535274,0.517730331256385,0.5820585926709689,4,4,4,3,3,A painterly close-up portrait of a young girl on a neutral background. Facial structure is stable despite slight eye misalignment and an unnatural hair parting. Skin appears waxy with softened edges and flat background texture.
a girl,stable-diffusion/001-4.png,1,0.5332929279252361,0.489209354047839,0.550594692980741,3,3,3,3,3,"A centered oil-style portrait of a young girl against a neutral background. The subject's face is stable, though hair contains malformed knots and unnatural eyes. Skin texture appears waxy and oversmoothed throughout."
a girl,Unidiffuser/001-1.png,1,0.338361609322132,0.339073440450229,0.4440321481385719,1,2,2,1,3,A heavily blurred digital illustration depicts a standing figure against a warm background. Extreme blur renders the subject's anatomy and facial features completely illegible. Severe oversmoothing removes all texture and edge definition.
a girl,Unidiffuser/001-2.png,1,0.470997414029799,0.43210893448408,0.532956371335396,2,2,2,1,3,"A centered portrait of an anime girl in a purple dress against a plain wall. The face is clear, but the hand near the cheek is fused and malformed. Blurring softens edges and yields flat, waxy skin."
a girl,Unidiffuser/001-3.png,1,0.6489146013973691,0.6048001810991159,0.687375365521065,3,3,3,3,3,Close-up portrait of a young child with large blue eyes against a dark background. Facial structure is coherent but exhibits unnatural proportions and waxy skin texture. Global oversmoothing reduces natural skin detail and creates a plastic-like surface finish.
a girl,Unidiffuser/001-4.png,1,0.552766727437304,0.510632026263712,0.577557019730927,4,4,4,2,3,A digital portrait shows a young girl with red hair against a blue background. The subject's anatomy is mostly coherent but features stylized eyes and rigid hair. Textures show oversmoothing and a waxy plastic appearance.
a boat,Controlnet/002-1.png,2,0.627552969711588,0.607043711452261,0.618887164433873,4,4,4,2,3,A blue wooden boat floats on green water near a rocky shoreline. The subject's internal structure is distorted and background elements appear melted. Surfaces exhibit waxy textures and inconsistent lighting throughout the scene.
a boat,Controlnet/002-2.png,2,0.568533607157898,0.584300867942055,0.616148124010154,3,4,3,3,3,"A watercolor painting shows a motorboat on water near a colorful shoreline. The boat is stable, but cabin windows are fused and bow text is illegible. Background foliage is blurry and water shows repetitive tiling."
a boat,Controlnet/002-3.png,2,0.620392654734845,0.5432731689513389,0.550657502207864,4,3,3,2,2,A stylized digital painting depicts two boats against a rocky shoreline. The boat hulls have warped geometry and fused structural components. Background textures show repetition and edges appear softened by style.
a boat,Controlnet/002-4.png,2,0.552178076690845,0.54065766812471,0.5453767101206339,4,4,4,3,3,A stylized motorboat floats on turquoise water before a rocky embankment. The vessel's cabin and deck components appear geometrically warped and partially fused. Heavy painterly textures create flat surfaces and obscure fine edge definition.
a boat,DALLE/002-1.png,2,0.584728490140319,0.567974576039201,0.6233274139387209,4,4,4,2,3,A frontal view shows a blue boat with a flag in shallow water. The boat's interior is severely malformed with fused and illogical parts. Textures appear waxy and lack sharp fine detail everywhere.
a boat,DALLE/002-2.png,2,0.54961360038021,0.575113371111676,0.606929727559218,4,4,4,3,3,"A weathered wooden boat rests on a sandy beach near calm water. The boat's internal structure is malformed, and its base fuses with the sand. Textures appear oversmoothed, and the background shows horizontal smearing."
a boat,DALLE/002-3.png,2,0.59732705747281,0.586555407279936,0.595113490196972,3,4,3,3,3,A weathered wooden canoe rests in shallow water near dried plant stalks. Internal boat panels show warped geometry while stalks are heavily fused. Global oversmoothing produces waxy surfaces and obscures fine details.
a boat,DALLE/002-4.png,2,0.593121622200642,0.561951760316963,0.568734346944858,4,4,4,3,3,A weathered blue and yellow boat rests on a muddy shoreline near water. The hull and internal frame show minor geometric warping and localized structural confusion. Details lack sharpness while background textures show subtle repetition patterns.
a boat,Glide/002-1.png,2,0.38080314969416,0.436726904538589,0.459620292297107,1,2,2,2,3,A blurry monochrome image shows a silhouetted sailboat on water under clouds. The vessel's hull and mast form a structurally vague and poorly defined shape. Severe global blurring removes all fine texture and sharpness.
a boat,Glide/002-2.png,2,0.42666102600515,0.503103975137878,0.5281721073072351,1,2,1,3,3,A small dark boat floats on a calm sea under a bright hazy sky. The distant subject is recognizable but lacks clear structural features. Global blur flattens all textures and softens edges.
a boat,Glide/002-3.png,2,0.416431992990684,0.480758751385253,0.583391665083948,2,3,2,2,3,A small painted boat rests on calm water beneath a clear sky. The subject's hull geometry is malformed and lacks distinct internal components. Heavy global oversmoothing and low resolution soften all visible edges.
a boat,Glide/002-4.png,2,0.459664382417824,0.557331391109492,0.625880564296691,2,3,2,3,3,"A blurred red boat floats on calm water under a pale sky. The hull is stable, but deck structures appear fused and lack detail. Global blur flattens textures and softens all visible edges."
a boat,Lafite/002-1.png,2,0.390272474686411,0.431158455337127,0.531423462163394,2,2,1,2,3,A painterly sailboat floats on calm water near a wooded shoreline. The boat's structure is heavily distorted by fused cabins and warped geometry. Textures appear waxy and globally blurred with weak edge definition.
a boat,Lafite/002-2.png,2,0.4347429386639689,0.510536088434971,0.5069782591111011,2,2,2,2,3,A painted-style boat floats on water near a hilly shore. The vessel exhibits severe structural warping with multiple fused hull sections. Surfaces appear waxy with softened details and blurred edges.
a boat,Lafite/002-3.png,2,0.483678915993381,0.440204868657865,0.560545950422206,2,2,2,2,3,A painterly sailboat floats on calm water near green hills. The hull is warped with an implausible geometric structure. Surfaces appear waxy and lack fine textural detail.
a boat,Lafite/002-4.png,2,0.4230233566293669,0.446791850310612,0.550732301194121,2,4,4,3,3,"A distorted white boat floats on water near green hills. The subject exhibits severe structural warping and an elongated, malformed hull. The image suffers from heavy blur, flat textures, and waxy surface artifacts."
a boat,stable-diffusion/002-1.png,2,0.59525730974656,0.530868422619782,0.590074942560831,4,4,4,3,3,"A white motorboat on calm water near a wooded shoreline. The vessel is structurally stable, but hull text and cabin details are distorted. Surfaces show mild oversmoothing and background textures lack definition."
a boat,stable-diffusion/002-2.png,2,0.4272290416991209,0.417983013323803,0.5499559753758669,3,2,3,3,3,A painterly scene depicts a boat near abstract architectural forms. The subject exhibits severe structural distortion and loss of coherence. Heavy smoothing creates waxy textures and blurs all boundaries.
a boat,stable-diffusion/002-3.png,2,0.6028574406685501,0.622241172783495,0.64120964948091,4,4,4,3,2,A white motorboat rests beside a jagged rock formation in daylight. The boat's upper cabin exhibits warped geometry and indistinct window framing. Surfaces show oversmoothing and a lack of sharp micro-texture detail.
a boat,stable-diffusion/002-4.png,2,0.57447311687741,0.558345629194018,0.547732519668928,2,2,3,3,3,"An impressionistic painting depicts a sailboat near a lighthouse on calm waters. The boat's rigging is indistinct and the lighthouse lacks architectural clarity. Heavy oversmoothing creates flat textures and soft, melting edges throughout."
a boat,Unidiffuser/002-1.png,2,0.638074641089041,0.5140821099013401,0.600552936082012,4,4,4,3,3,"A photorealistic view shows a white motorboat on blue water near a grassy hill. The boat is clear, but stern fittings appear fused and imprecise. Oversmoothing creates waxy textures and softens edge definitions."
a boat,Unidiffuser/002-2.png,2,0.322456236535162,0.341211725664144,0.457315097674738,1,2,1,3,3,"A heavily blurred motorboat sits on turquoise water near a wooded shoreline. The vessel’s structure is smeared and fused, rendering its components geometrically unclear. Extreme global oversmoothing completely flattens texture and softens all edges."
a boat,Unidiffuser/002-3.png,2,0.653479505424297,0.669894147427843,0.630730405013301,4,4,4,3,3,A blue and white boat approaches a shoreline with trees and houses. The hull is warped at the bow with illegible text on the flank. Sharpness is poor with significant noise and flattened textures.
a boat,Unidiffuser/002-4.png,2,0.5853143126767101,0.5930726626474879,0.618646802294993,3,4,4,3,3,"A small white boat with an orange roof moves across blue water. The vessel displays malformed railings, distorted windows, and an unstable structure. Surfaces exhibit waxy textures and softened edge definitions."
a bench,Controlnet/003-1.png,3,0.5780978847453521,0.5568434789264289,0.601518901434689,4,4,4,3,3,A wooden bench sits outdoors against a wall and dense foliage. The subject structure is stable with only minor joinery simplification. Ground textures exhibit repetitive noise and lack fine physical detail.
a bench,Controlnet/003-2.png,3,0.6351300152924,0.6453699363951,0.646949282530349,4,4,3,3,3,A photorealistic close-up shows a dark wooden park bench on a paved surface. The subject is clear but features repetitive grain and distorted support structures. Textures appear waxy and lack natural micro-detail definition.
a bench,Controlnet/003-3.png,3,0.630093104761341,0.587354976514049,0.5676308174493809,3,3,3,3,3,"A wooden bench sits in a garden next to a glass wall. The bench structure is plausible, though the legs appear oddly fused. Textures appear flat and exhibit repetitive artificial patterns."
a bench,Controlnet/003-4.png,3,0.575017129367044,0.592485521100945,0.651748015436623,4,4,4,3,3,"A wooden park bench sits on a grassy lawn in daylight. The bench is clearly rendered, but its base appears fused and unnatural. Blurry textures and soft edges affect the ground and support areas."
a bench,DALLE/003-1.png,3,0.620748282688808,0.602139549876201,0.651146959384597,4,4,4,3,3,A photorealistic park bench sits on a lawn under dense green foliage. The subject displays fused backrest slats and warped leg structural details. Textures appear flat and the background exhibits significant oversmoothing.
a bench,DALLE/003-2.png,3,0.607871429066143,0.563591545260679,0.607243321639351,4,4,4,3,3,"A dark wooden bench sits on a lawn in a bright garden. The subject is stable, though the right side exhibits minor geometric warping. Repetitive shadows and flattened textures degrade global perceptual quality."
a bench,DALLE/003-3.png,3,0.57895297102425,0.529034789471401,0.546708213383478,4,4,3,3,3,A wooden park bench sits before dense green foliage in bright daylight. The bench exhibits malformed leg supports and fused armrest connection points. Pervasive softness blurs textures and weakens edge definition everywhere.
a bench,DALLE/003-4.png,3,0.710586122943497,0.6408141839582829,0.697520006405038,4,4,4,2,3,A photorealistic image features a metal and wood park bench in a garden setting. The subject displays warped metal armrests and structurally implausible leg connections. Background foliage appears heavily oversmoothed with softened edge definition.
a bench,Glide/003-1.png,3,0.466275552712141,0.5758138604329079,0.621891733892986,1,2,3,2,3,A blurry image shows a wooden slatted bench against green foliage. The bench subject is structurally coherent but lacks fine geometric clarity. Severe global blur and smoothing flatten all textures and edges.
a bench,Glide/003-2.png,3,0.393840082530947,0.490631428305375,0.580700928651495,2,2,2,2,3,A blurry wooden bench sits centered against a rough stone wall. The bench's structure is recognizable yet compromised by significant blurring. Global oversmoothing flattens all textures and removes fine details.
a bench,Glide/003-3.png,3,0.412673728409993,0.451531766088348,0.52529546733773,2,3,2,2,3,A grainy monochrome image shows a wooden bench in an outdoor setting. The bench is recognizable but has softened geometry and indistinct leg structures. Heavy blur and noise obscure fine textures and surface details.
a bench,Glide/003-4.png,3,0.478894828251657,0.508921796202373,0.494277133292321,3,3,3,3,3,A blurry wooden bench sits in a lush green garden. The bench's legs exhibit structural distortion with fused and nonsensical wooden extensions. Severe oversmoothing removes all fine texture and edge definition.
a bench,Lafite/003-1.png,3,0.404906625855338,0.434613130003761,0.491717783649463,2,1,1,1,3,A warped wooden bench with a woven backrest sits in a garden. The seat structure is horizontally smeared and geometrically unstable. Severe motion-like blur and waxy textures dominate the visual field.
a bench,Lafite/003-2.png,3,0.403256931822858,0.370266861720226,0.409816624259664,2,4,4,2,3,A heavily warped wooden bench sits on a grassy outdoor lawn. The subject displays severe structural fusion and nonsensical geometric repetition. Heavy blur and flat textures dominate the image.
a bench,Lafite/003-3.png,3,0.400980675171279,0.38026720716872,0.524480559184195,1,2,2,2,3,A distorted wooden bench with mesh sits on a lawn before greenery. The furniture's structure is malformed with fused layers and broken geometry. Global blur and oversmoothing weaken texture and edge definition.
a bench,Lafite/003-4.png,3,0.356276788212102,0.349934746444914,0.423225933544927,1,2,2,1,3,A distorted wooden bench sits outdoors amidst green foliage and soft light. The subject exhibits severe geometric warping with fused slats and melting supports. Textures appear waxy and oversmoothed with poor edge definition.
a bench,stable-diffusion/003-1.png,3,0.647005261532245,0.614969085867321,0.6545821142642779,3,4,2,3,3,"A black slatted park bench rests on pavement beside a large tree. The subject features distorted anatomy with thick, fused armrests and warped legs. Surfaces show waxy smoothing and weak edge definition."
a bench,stable-diffusion/003-2.png,3,0.534694742056385,0.565799220924023,0.5681975682609159,4,4,4,3,3,A wooden park bench sits on a paved sidewalk from a low angle. The bench structure is coherent with plausible geometry and clear separation. Surfaces show mild oversmoothing and weak fine texture details.
a bench,stable-diffusion/003-3.png,3,0.5903208275181681,0.653254658154768,0.640809547475554,4,4,4,3,3,A photorealistic green park bench sits before a dense hedge on a path. The bench's ornamental legs show significant fusion and distorted scrollwork. Textures are softened with repetitive background foliage patterns.
a bench,stable-diffusion/003-4.png,3,0.400729207164083,0.4014821451250679,0.523136575729109,1,2,1,1,3,A soft-focus digital sketch depicts a wooden park bench on a sidewalk. The bench's geometry is coherent but lacks precise edge definition and local detail. Heavy global blur and flat textures dominate the composition.
a bench,Unidiffuser/003-1.png,3,0.4860448465875119,0.537484241018913,0.560858484996896,4,4,4,2,3,A distorted red wooden bench leans against a wall on a sidewalk. The subject exhibits severe structural warping and fused components that defy physical logic. Surfaces appear waxy with inconsistent lighting and repetitive background textures.
a bench,Unidiffuser/003-2.png,3,0.62608334197485,0.597686358255186,0.5701646865818379,3,3,3,3,3,A blue park bench sits on a path before a lawn and building. The form remains stable despite softened edges and slightly indistinct leg geometry. Flat textures show inconsistent lighting and blurred details.
a bench,Unidiffuser/003-3.png,3,0.410052407486439,0.403739290915395,0.55415712291442,2,2,3,2,3,A soft-focus image shows a wooden park bench in a green outdoor setting. The bench structure is severely warped and lacks stable geometry or clear boundaries. Global oversmoothing removes all fine texture and edge definition.
a bench,Unidiffuser/003-4.png,3,0.529034040650929,0.5192574462266569,0.493250355781699,4,4,4,3,3,A wooden park bench sits on a path before a grassy hill. The bench is recognizable though its lower structure appears malformed and indistinct. Global blur and waxy textures reduce visible detail throughout the frame.
a flower,Controlnet/004-1.png,4,0.508187628141381,0.519663538355115,0.6388498754037201,4,4,3,2,3,A close-up watercolor-style image depicts a central pink flower against a blurred background. The flower displays unnatural petal veins and a structurally ambiguous center. Global textures show excessive smoothing with softened edges and flat color areas.
a flower,Controlnet/004-2.png,4,0.564460527005463,0.536704495039963,0.598177773614216,3,3,3,3,3,A large purple daisy-like flower dominates a densely packed floral scene. The primary bloom has slightly distorted petal bases and a generic center. Background regions exhibit repetitive patterning and oversmoothed surface textures.
a flower,Controlnet/004-3.png,4,0.424975422893048,0.453904660999111,0.4230593016961469,2,3,3,3,2,A close-up impressionistic painting shows yellow flowers against a vibrant abstract background. Floral subjects are recognizable despite inconsistent petal shapes and minor structural fusion. Background areas exhibit color smearing and lack fine textural definition.
a flower,Controlnet/004-4.png,4,0.6411583173821129,0.6481993130345489,0.658213653250173,4,4,4,3,3,A close-up captures a white daisy with a yellow center against a blurred background. The central disc is malformed with fused fragments and inconsistent petal geometry. Textures exhibit mild oversmoothing and softened edge definitions across the frame.
a flower,DALLE/004-1.png,4,0.661969070356774,0.6809619177770431,0.69035904308308,4,4,4,3,3,A photorealistic macro view captures a pink flower with a yellow center. The subject is structurally stable although some petal bases show slight fusion. Smooth textures and softened edges suggest mild global oversmoothing.
a flower,DALLE/004-2.png,4,0.64641650675167,0.588976284900652,0.599229212245884,3,4,2,3,3,A photorealistic macro shot captures a yellow flower with droplets against a soft background. The subject is coherent though some petal margins show minor fusion and distortion. Surfaces show waxy textures and pseudo-detailed water droplets.
a flower,DALLE/004-3.png,4,0.5364391516638399,0.586034473450457,0.561257457828344,2,2,2,3,3,A close-up view shows an orange flower against a blurred green background. The floral structure is coherent though the inner stamens appear slightly fused. Pervasive softness from shallow depth of field limits visible detail.
a flower,DALLE/004-4.png,4,0.515857213669454,0.5565973144562509,0.568051006256269,4,4,4,3,3,A macro photograph captures a red flower bud against a blurred green background. The central bud features unnaturally fused petals with distorted and crowded geometry. Waxy textures and soft focus reduce global detail clarity.
a flower,Glide/004-1.png,4,0.470354456476996,0.4560760651894739,0.5651635731478499,2,3,2,3,3,"A close-up shows a blue flower with an orange center on a blurred green background. The flower is coherent despite minor petal irregularities and simplified detail. Global softness blurs edges and creates flat, waxy textures."
a flower,Glide/004-2.png,4,0.441988862229649,0.505899151704702,0.600589596567358,2,2,2,3,3,A close-up view captures a yellow and white lily against a dark backdrop. The flower's center contains distorted and fused dark structures that lack clarity. Global oversmoothing significantly reduces detail and flattens surface textures.
a flower,Glide/004-3.png,4,0.424435217378284,0.497751508605488,0.5698353914708469,2,2,2,3,3,A close-up shot features a yellow lily against a blurred green background. The floral structure is recognizable although the central region appears heavily malformed. Heavy global oversmoothing degrades edge clarity and detail.
a flower,Glide/004-4.png,4,0.4106712123815479,0.549461771931649,0.5638693261573711,4,4,4,3,3,A macro shot displays a white striped flower against a blurred green backdrop. The flower is well-formed except for a fused and indistinct central region. Heavy global blur reduces edge definition and texture clarity.
a flower,Lafite/004-1.png,4,0.48995207747042,0.4766194442100079,0.5857118000671511,4,4,4,2,3,A close-up view captures a large pale flower with green foliage. The floral subject displays a distorted central core and softened petal geometry. Heavy global blur and waxy textures obscure details.
a flower,Lafite/004-2.png,4,0.416463503488782,0.437182310516217,0.546193496499032,2,3,2,3,3,A close-up shows a large pale flower with a red center on dark leaves. The bloom displays malformed petal geometry and a structurally ambiguous core. Widespread oversmoothing and blur soften all textures and boundaries.
a flower,Lafite/004-3.png,4,0.524651181002261,0.579950614394533,0.587870168345936,2,3,2,3,3,A close-up depicts a white flower with a pink center on dark leaves. The flower has fused petals and a structurally ambiguous central core. Heavy blur and waxy smoothing obscure fine detail.
a flower,Lafite/004-4.png,4,0.446457787087245,0.4890938268568179,0.559638301734646,2,2,2,3,3,A close-up shows a pale flower with a red center against dark foliage. The subject exhibits malformed petals and a fused center structure. Global oversmoothing and edge melting obscure fine details.
a flower,stable-diffusion/004-1.png,4,0.6587970867979659,0.681139820764643,0.670471856001383,4,4,4,3,3,"A close-up captures a vibrant pink daisy against a soft green background. The floral anatomy is plausible, though the central disc is visually confused. Petal surfaces display a waxy, oversmoothed texture lacking micro-detail."
a flower,stable-diffusion/004-2.png,4,0.570967701494341,0.569769070154641,0.539378095959292,3,3,3,3,2,Four pink flowers with yellow centers grow from green stems in a garden. Floral structures show fused petals and malformed centers lacking botanical clarity. Surfaces appear waxy and oversmoothed with inconsistent background texture.
a flower,stable-diffusion/004-3.png,4,0.432372084786937,0.436170319226617,0.429494001268869,2,2,2,3,2,A close-up shows a dense cluster of small white flowers and green foliage. Individual flower structures are softened and lack clear petal definition or botanical precision. Heavy oversmoothing eliminates all fine textural detail.
a flower,stable-diffusion/004-4.png,4,0.630330526582432,0.626231579103538,0.627294764279288,3,3,3,2,3,A photorealistic close-up shows a light blue flower against a green background. The floral subject has a malformed center and inconsistent petal shapes. Textures appear waxy and the background lacks fine detail definition.
a flower,Unidiffuser/004-1.png,4,0.614406283909396,0.626763214862118,0.592478696971826,4,4,2,3,3,"A close-up shot features a pink five-petaled flower against a blurred green background. The floral structure is stable, but the central stamen lacks fine definition. Petal textures appear slightly waxy and over-smoothed."
a flower,Unidiffuser/004-2.png,4,0.517248917170781,0.517422009208143,0.509153268513774,4,4,4,2,3,"A macro view shows two red butterfly-like forms on variegated petals. The red subjects display fused, warped structures without clear anatomical logic. Surfaces show slight waxiness and softened edge definition."
a flower,Unidiffuser/004-3.png,4,0.362828973667453,0.434305694173808,0.539597108266653,2,2,2,2,3,A close-up of a vibrant pink flower against a blurred green background. The central bloom is structurally coherent but heavily distorted by global blur. Widespread softening eliminates texture and renders all boundaries indistinct.
a flower,Unidiffuser/004-4.png,4,0.632373676317754,0.680010995228981,0.656916714396894,4,4,3,3,3,A close-up shows a vibrant pink flower on large green leaves. The floral anatomy exhibits subtle distortions at the petal bases and center. Petal textures appear slightly waxy with softened fine details.
a green pepper,Controlnet/005-1.png,5,0.633697363266338,0.624544275737969,0.6041178050915019,4,4,4,3,3,"A photorealistic green bell pepper is centered on a brown background. The subject structure is coherent, though the stem base looks slightly fused. Textures exhibit a waxy smoothness with subtle pseudo-detailing throughout."
a green pepper,Controlnet/005-2.png,5,0.662051779857002,0.611996499694486,0.631499454677814,3,4,3,3,3,"A photorealistic close-up captures a green bell pepper on a wooden surface. The pepper shape is coherent, although the stem base appears slightly malformed. Wooden background texture lacks sharpness and shows repetitive patterning."
a green pepper,Controlnet/005-3.png,5,0.545987032814797,0.485954939704979,0.49546848720908,3,3,3,2,2,"A photorealistic close-up depicts three green bell peppers on a plain background. The sliced pepper displays malformed anatomy and lacks realistic internal details. Surfaces show a waxy, oversmooth texture with softened edge definition."
a green pepper,Controlnet/005-4.png,5,0.567010960006201,0.564329044188629,0.607323079015979,4,4,4,3,3,A photorealistic close-up features a green and red bell pepper on a green surface. The subject maintains a stable form with subtle irregularities in its contour. Foreground textures show repetitive patterns and the background lacks edge clarity.
a green pepper,DALLE/005-1.png,5,0.6655894901428571,0.6660484327397469,0.6637769787415929,4,4,3,3,3,A photorealistic close-up shows a wet green bell pepper on a white background. The subject is clear but the stem junction appears structurally fused. Textures appear waxy with repetitive pseudo-details and softened fine detail.
a green pepper,DALLE/005-2.png,5,0.646225378850247,0.644210529195163,0.609392035467896,4,4,4,3,3,A photorealistic green bell pepper rests on a plain white background. The subject is clear but shows a distorted stem and irregular surface topology. Textures appear waxy with softened edges and flat surface detail.
a green pepper,DALLE/005-3.png,5,0.577567213065623,0.563659709441226,0.629342407423975,3,3,2,3,3,A photorealistic green bell pepper sits on a plain white background. The subject shows a malformed structure with unnatural lobe fusion and a distorted stem. Textures appear waxy with softened edges and inconsistent surface highlights.
a green pepper,DALLE/005-4.png,5,0.587742668691565,0.582724473672427,0.6129184231055941,4,4,3,3,3,"A photorealistic green bell pepper is centered on a white background. The vegetable maintains a plausible shape, though the calyx shows slight fusion. Surface texture appears waxy with global oversmoothing."
a green pepper,Glide/005-1.png,5,0.4263408430768109,0.514650966498657,0.6116949816256451,2,2,2,2,3,A blurry green bell pepper occupies the center of a white frame. The subject exhibits severe melting distortion and lacks coherent lobe geometry. Intense global blur and oversmoothing destroy all surface texture details.
a green pepper,Glide/005-2.png,5,0.417678828492349,0.516187771131422,0.554515366134777,3,3,2,2,3,A centered digital rendering of a green bell pepper on a black background. The pepper's shape is coherent but the stem junction is heavily blurred. Global oversmoothing creates waxy textures and lacks sharp definition.
a green pepper,Glide/005-3.png,5,0.415214407147185,0.507475728923074,0.619938845504598,1,3,2,2,3,A close-up shot displays a green bell pepper against a blurred background. The subject's upper anatomy is distorted with fused lobes and a hollow center. Extreme blurring causes waxy textures and a loss of micro-detail.
a green pepper,Glide/005-4.png,5,0.477352585596442,0.5370902017218451,0.582063668998444,1,3,2,3,3,A centered close-up shows a green bell pepper on a wooden surface. The subject is recognizable but has a fused and indistinct stem region. Heavy blur and waxy textures eliminate all fine surface details.
a green pepper,Lafite/005-1.png,5,0.360414893047781,0.360882207781694,0.366925116796301,2,2,2,2,3,A close-up shows a smooth green organic object against a blurred background. The subject is a coherent but ambiguous organic form with minimal detail. Waxy textures and softened edges dominate the global perceptual quality.
a green pepper,Lafite/005-2.png,5,0.3991510538839909,0.4192835590506329,0.404532827896611,2,3,2,3,3,"A macro view captures a green, distorted ear-like object against a plain background. The subject displays a malformed and fused structure lacking clear anatomical definition. Global textures are waxy and show significant oversmoothing."
a green pepper,Lafite/005-3.png,5,0.384692917210631,0.401363095890403,0.406838209951687,1,1,1,2,1,A close-up presents a distorted green organic mass on a plain surface. The subject exhibits severe structural warping with fused and semantically ambiguous features. Heavy blur and low-resolution noise obscure fine details throughout.
a green pepper,Lafite/005-4.png,5,0.442027988643349,0.346758956891287,0.44831141300606,3,3,1,2,2,A macro view captures a green organic object with a central cavity on a blurred surface. The subject is structurally stable but semantically vague due to its undefined internal anatomy. Waxy textures and pervasive oversmoothing reduce clarity.
a green pepper,stable-diffusion/005-1.png,5,0.682506389373853,0.663389763680105,0.690083671897481,4,4,4,3,3,A photorealistic green bell pepper is centered on a purple background. The vegetable's form is stable but the stem junction shows minor distortion. Glossy surfaces appear waxy and the background lacks organic texture variation.
a green pepper,stable-diffusion/005-2.png,5,0.646897814376142,0.618301729007003,0.6695191782284919,4,4,3,2,3,A photorealistic close-up shows a single green bell pepper on a wooden surface. The vegetable exhibits a coherent organic shape with a naturally attached stem. Textures and edges show no dominant local artifact.
a green pepper,stable-diffusion/005-3.png,5,0.50276397329405,0.529073755208217,0.533884189430776,3,3,3,2,3,A green bell pepper rests on a granular surface in a close-up view. The subject is recognizable despite unnatural skin spotting and a distorted upper stem. Textures show repetitive patterns and lack fine detail clarity.
a green pepper,stable-diffusion/005-4.png,5,0.602501279059301,0.5637415944295681,0.5698493857679651,3,4,4,3,2,A photorealistic close-up shows a green bell pepper on brown soil under sunlight. The pepper's structure is stable though the stem junction appears slightly fused. Surfaces display a waxy texture and repetitive soil patterns.
a green pepper,Unidiffuser/005-1.png,5,0.410396538986112,0.463516244020511,0.449564456257006,2,2,2,2,2,A close-up shot displays a green fruit against a soft-focus background. The subject is readable but shows a malformed stem and waxy surface. Global oversmoothing eliminates texture detail and softens all edges.
a green pepper,Unidiffuser/005-2.png,5,0.700941513918273,0.653364021551457,0.7188116285448839,4,4,4,3,3,A close-up view shows a green bell pepper on a noisy background. The vegetable is recognizable yet possesses a thick and malformed stem base. Harsh lighting creates waxy textures and flattens surface detail.
a green pepper,Unidiffuser/005-3.png,5,0.571252797782928,0.544449002357046,0.619848963431634,2,2,2,2,3,"A centered green pepper on a gray textured background in a realistic style. The subject is structurally intact, though the stem region is slightly malformed. Visuals display waxy surface smoothing and a monotonous grainy background."
a green pepper,Unidiffuser/005-4.png,5,0.52999321358469,0.533648860281443,0.594024469499058,3,4,2,3,3,A photorealistic close-up shows a green bell pepper on an orange surface. The subject is structurally coherent and semantically clear with stable geometry. Textures appear waxy and the background displays a repetitive grainy pattern.
a book cover,Controlnet/006-1.png,6,0.601024120048294,0.543699856313797,0.57866129299966,4,4,4,3,3,A stylized poster displays a central glowing lens in a decorative frame. The lens structure is coherent while the text remains semantically garbled. Details exhibit slight softness and smooth texture rendering.
a book cover,Controlnet/006-2.png,6,0.5415904870246611,0.512404013898234,0.514551791110353,3,3,2,2,3,"A close-up view displays two hardcover books on a neutral background. The subject features illegible cover patterns and distorted, inconsistent spine typography. Surface textures appear uniformly smooth with a slight waxy perceptual quality."
a book cover,Controlnet/006-3.png,6,0.4875615890393729,0.506170896544628,0.515428809671475,2,3,2,2,3,A centered portrait of a man inside a decorative painted border. The subject's face is heavily blurred with fused and indistinct features. Global oversmoothing eliminates most fine texture and edge definition.
a book cover,Controlnet/006-4.png,6,0.6407953887835179,0.5731346742350749,0.6279404044829939,3,3,3,2,3,A central landscape image is framed by distorted text on a grey background. The subject features illegible typography and a disjointed collage of mismatched scenic elements. Textures show mild smoothing and repetitive background patterns.
a book cover,DALLE/006-1.png,6,0.579512564919931,0.5238080261453559,0.516666721494521,4,4,2,3,3,A closed black notebook rests on a white background in a high-angle shot. The subject's rectangular shape is structurally stable and semantically clear. Large dark areas show noticeable oversmoothing and flat texture.
a book cover,DALLE/006-2.png,6,0.576882752682538,0.566672829954316,0.56252788052931,3,4,2,3,3,A black textured notebook is centered against a plain white background. The subject's geometric form and spine definition remain structurally coherent and readable. Surfaces show slight textural flatness and minimal noise.
a book cover,DALLE/006-3.png,6,0.609128976535291,0.596435745474288,0.5949918607976801,3,3,3,3,3,A white photo album rests on a dark gray surface at an angle. The spine binding is malformed with fused plastic and illegible pseudo-text. Waxy surfaces and soft edges obscure fine texture details.
a book cover,DALLE/006-4.png,6,0.53052292407358,0.545085199527358,0.437938464707604,3,3,3,2,2,"A photorealistic close-up captures an open book with fanned pages on a dark background. The subject structure is stable, though the central binding shows minor fusion. Page textures show subtle waxiness and softened details."
a book cover,Glide/006-1.png,6,0.377996667246715,0.423845787851254,0.529115965539108,3,3,2,2,3,A close-up shows centered text on a white page with side perforations. The text string is structurally stable but semantically illegible and lacks meaning. Details are soft and the paper surface appears smooth.
a book cover,Glide/006-2.png,6,0.427119877957314,0.480267782189991,0.5050501124611,1,3,1,1,2,"A centered digital graphic displays the text KNETAIN on a white background. The primary black text is legible and structurally stable, whereas the red text is illegible. Faint background discoloration and slight edge softening are present."
a book cover,Glide/006-3.png,6,0.425503547907702,0.43319930214649,0.483252901110051,3,3,3,3,3,A centered view shows a book cover with colored blocks and text. The text characters are structurally broken and semantically meaningless. Pervasive blur significantly degrades overall image sharpness and detail.
a book cover,Glide/006-4.png,6,0.430997703245299,0.457021986627701,0.525905614283345,2,1,2,3,3,A blurry document displays illegible text and a purple graphic on white. The text is semantically meaningless and the graphic shape is malformed. Global blur obscures details and softens all edges.
a book cover,Lafite/006-1.png,6,0.456811166048169,0.535798756459457,0.55004727435265,4,4,4,3,3,A stylized digital portrait of a figure on an orange graphic background. The face is warped and the torso fuses into a malformed shape. Heavy blurring and smeared textures obscure fine details everywhere.
a book cover,Lafite/006-2.png,6,0.428615641819638,0.443955507144106,0.461598080072553,3,3,2,2,3,A distorted human figure on an orange stylized poster with text elements. The subject's structure is severely warped with fused and unrecognizable body parts. Global textures show heavy smoothing and illegible pseudo-text artifacts.
a book cover,Lafite/006-3.png,6,0.507598343292069,0.5237796698164501,0.526068500530274,3,3,2,2,3,A distorted abstract face-like form sits on an orange background with illegible text. The central subject is structurally incoherent and semantically unreadable due to severe warping. Global textures appear waxy and smeared with repetitive background patterns.
a book cover,Lafite/006-4.png,6,0.528583827507843,0.559909795637343,0.605877089770327,2,3,2,3,3,A distorted figure on an orange poster features illegible text and high contrast. The central subject shows severe anatomical warping and semantic blending with background shapes. Global oversmoothing and waxy textures obscure fine details.
a book cover,stable-diffusion/006-1.png,6,0.5744866733219429,0.587171807769288,0.593393566777501,3,3,2,2,3,A stylized graphic poster features a central circle and illegible text within a colored frame. The text and ornamental symbols are structurally broken and lack semantic coherence. Details show significant softening and a lack of sharp definition globally.
a book cover,stable-diffusion/006-2.png,6,0.603593358342559,0.520791948449705,0.5031518350231731,3,3,3,3,2,A grid of colorful graphic book covers displays varied typography and abstract designs. Most text is illegible pseudo-characters with distorted letterforms and inconsistent spacing. Textures appear slightly waxy with minor inconsistencies in surface detail.
a book cover,stable-diffusion/006-3.png,6,0.406628831216518,0.447152128074458,0.4438730796557639,4,4,4,3,2,An abstract composition features overlapping colorful textures and indistinct organic forms. Subject structure is lost as forms fuse into a semantically unreadable field. Textures show heavy pseudo-detailing with softened edges and color bleeding.
a book cover,stable-diffusion/006-4.png,6,0.637368504457132,0.603615226654009,0.6135163774230891,3,3,3,2,3,A centered landscape photograph on a grey background features surrounding text. The surrounding text is severely garbled and semantically unreadable. Landscape details show softness with inconsistent texture and weak edge definition.
a book cover,Unidiffuser/006-1.png,6,0.455470300274351,0.436422405550782,0.5350673489500241,3,3,3,3,3,A stylized poster displays Cyrillic text above a colorful rural landscape illustration. The text contains semantically meaningless characters while the landscape structure stays coherent. Background textures exhibit slight graininess and softened fine detail definition.
a book cover,Unidiffuser/006-2.png,6,0.554485086173671,0.537930405325662,0.496234724415214,3,3,2,3,2,A monochromatic page displays stylized Cyrillic text inside a simple border. Most characters are structurally distorted and semantically illegible due to malformed strokes. Textures exhibit noticeable graininess and softened edge definitions throughout the frame.
a book cover,Unidiffuser/006-3.png,6,0.380635234627995,0.481689234833405,0.498431261929596,1,1,1,3,3,A soft-focus book cover shows blurred human figures on a blue background. Central figures are structurally indistinct and semantically unreadable from extreme fusion. Heavy oversmoothing and pervasive grainy noise dominate the visual field.
a book cover,Unidiffuser/006-4.png,6,0.554030467141289,0.538146612404816,0.5493633488713909,3,3,4,3,3,"A vertical view of a book cover with gold ornaments and Cyrillic text. The subject features illegible text and a heavily blurred, unrecognizable human portrait. Excessive smoothing hides details and gold regions display repetitive pseudo-detail."
a kitchen,Controlnet/007-1.png,7,0.580079697901009,0.5880173243924101,0.593412675224962,4,4,4,3,3,A photorealistic image depicts a modern kitchen with white cabinets and a central island. The kitchen island displays distorted countertop edges and implausible material transitions. Surfaces exhibit waxy pseudo-details and inconsistent texture patterns.
a kitchen,Controlnet/007-2.png,7,0.6913100137126059,0.716288440158609,0.697938235769024,4,4,3,3,3,"A photorealistic view depicts a corner kitchen with wooden cabinetry and appliances. Cabinet structure is stable, yet the leftmost appliance is malformed and unreadable. Surfaces show waxy textures and softened detail with repetitive grain."
a kitchen,Controlnet/007-3.png,7,0.547111398183599,0.529286723025597,0.5271688232256789,4,4,4,3,3,"A photorealistic kitchen interior shows grey cabinets, a stainless steel fridge, and a curved countertop. Cabinet door structures are malformed, and objects on the counter are semantically illegible. Textures appear waxy and lack sharp detail definition."
a kitchen,Controlnet/007-4.png,7,0.627721479104577,0.568226304272865,0.636808683981844,4,4,4,3,3,"A photorealistic interior shows a modern kitchen with an island and wooden stools. The kitchen structure is stable, but the foreground stool legs appear slightly fused. Background regions show softness while textures exhibit subtle repetitive patterns."
a kitchen,DALLE/007-1.png,7,0.619844372604875,0.661542845295089,0.590751073015168,4,4,4,3,3,"A bright kitchen scene features a stovetop, kettle, and glass cloche. Subject structure is flawed with illegible text and distorted internal reflections. Surfaces exhibit a waxy appearance with softened edges and background blur."
a kitchen,DALLE/007-2.png,7,0.571071090095821,0.559480369299069,0.616124048092411,4,4,4,3,3,A stainless steel pot rests on an induction cooktop in a kitchen. The subject exhibits minor handle fusion and distorted reflective surfaces. Global textures are flat with noticeable oversmoothing and weak detail.
a kitchen,DALLE/007-3.png,7,0.601732566951391,0.63221742509639,0.618593391400862,3,3,3,2,3,A photorealistic close-up depicts a kitchen stove and white cabinetry. Stove components and hanging cookware show malformed geometry and inconsistent knobs. Countertop surfaces display waxy textures and softened detail definition.
a kitchen,DALLE/007-4.png,7,0.613358312688699,0.617079221447008,0.618328391936253,4,4,4,3,3,"A modern kitchen interior features white cabinets, a black counter, and orange walls. Upper cabinets show malformed slab geometry and the range hood lacks support. Surfaces appear waxy and oversmoothed with flat textures."
a kitchen,Glide/007-1.png,7,0.4163012466276219,0.483243842385428,0.558268141600507,1,3,3,3,3,A blurry interior shows a large metallic arch over a kitchen counter. The central subject is structurally stable but lacks clear semantic definition. Heavy global oversmoothing flattens textures and obscures details.
a kitchen,Glide/007-2.png,7,0.386187667750982,0.472275045126696,0.462008073314205,3,3,3,3,2,A blurry interior shot shows a white door and shelving unit with indistinct items. The room layout is plausible but shelf contents lack clear structural form. Severe blur and oversmoothing flatten textures and soften boundaries.
a kitchen,Glide/007-3.png,7,0.398557190232771,0.509975203938933,0.5648463508749461,1,2,3,3,3,A blurry image depicts a kitchen interior with cabinets and appliances. The scene's layout is coherent despite the absence of sharp structural lines. Heavy global blur obscures all fine textural details.
a kitchen,Glide/007-4.png,7,0.4234785435933479,0.504803700681821,0.507664181848429,2,2,2,3,3,A blurry indoor shot centers on a white chest of drawers near a window. The main subject is structurally coherent but semantically obscured by pervasive softness. Extreme global blur flattens textures and eliminates fine edge definition entirely.
a kitchen,Lafite/007-1.png,7,0.40681608004423,0.4618448182896659,0.518434839289881,3,3,4,2,3,A distorted digital painting of a kitchen interior with warped cabinetry and counters. Subject structure is severely malformed as cabinet geometry melts and fuses with surfaces. Oversmoothing flattens textures while lighting remains inconsistent.
a kitchen,Lafite/007-2.png,7,0.45418191965137,0.520143862461266,0.531705959635585,3,3,4,2,3,"A blurry painting depicts a modern kitchen with dark cabinets and an orange chair. Cabinetry is warped and repetitive, while the central object appears malformed and fused. Oversmoothing creates waxy textures and inconsistent lighting."
a kitchen,Lafite/007-3.png,7,0.443981305568642,0.531176804809137,0.5935118940161019,2,2,2,2,3,A painterly digital image of a warped kitchen interior under warm light. Cabinetry and counters show extreme geometric distortion and structural melting. Heavy smoothing flattens textures and obscures fine details globally.
a kitchen,Lafite/007-4.png,7,0.454661723339454,0.487128297672268,0.549037346785455,2,3,2,2,3,A painterly digital artwork depicts a warmly lit kitchen interior with dark cabinetry. Central furniture and cabinetry show significant warping and lack geometric stability. Heavy oversmoothing flattens textures and blurs all object edges.
a kitchen,stable-diffusion/007-1.png,7,0.6011693856139729,0.544533424500065,0.576192163027176,3,3,4,2,3,"A bright modern kitchen features white cabinetry and a central granite island. Cabinet panels show minor geometric inconsistencies while appliances appear slightly fused. Large surfaces exhibit flat, waxy textures with softened edge definitions."
a kitchen,stable-diffusion/007-2.png,7,0.6014673874652889,0.593895955061851,0.572619314827745,4,4,4,3,3,A realistic digital photo depicts a kitchen interior with wooden cabinets and appliances. Cabinetry structure remains coherent despite minor geometric inconsistencies in panel alignment. Wood textures appear somewhat flat and repetitive across the surfaces.
a kitchen,stable-diffusion/007-3.png,7,0.3854826526624439,0.382626289582467,0.393855725052641,1,1,2,1,3,"A blurry digital painting depicts a distorted bedroom interior with a bed and door. The subject's geometry is warped and fused, making the spatial layout incoherent. Extreme global blur and waxy textures obscure all fine details."
a kitchen,stable-diffusion/007-4.png,7,0.572992463382088,0.594454761383489,0.6541316286810709,4,4,4,3,3,A photorealistic interior shot displays a modern kitchen with beige cabinetry. Cabinet handles and appliance geometry exhibit minor misalignments and repetitive tiling. Surfaces appear waxy with flat textures and softened edge definitions.
a kitchen,Unidiffuser/007-1.png,7,0.650444916631673,0.6584143918268811,0.640721567607384,4,4,4,3,3,"A realistic kitchen interior shows a sink, cabinetry, and various appliances. Lower cabinet doors display unnatural curvature and structurally implausible handles. Overall softness flattens textures and weakens fine edge definition."
a kitchen,Unidiffuser/007-2.png,7,0.268543531546935,0.340793296982725,0.377285254358806,1,2,2,2,2,A heavily blurred interior scene shows kitchen cabinetry and a counter. Extreme softness makes the subject's structure and layout completely illegible. Severe global blur destroys all texture and edge definition.
a kitchen,Unidiffuser/007-3.png,7,0.547100995647265,0.5460763005964889,0.602586008794476,2,3,3,2,3,"A blurry shot captures a kitchen with white cabinets and a distorted foreground mass. The room layout is coherent, while the foreground subject is structurally broken and illegible. Severe global blur obscures all surface details."
a kitchen,Unidiffuser/007-4.png,7,0.5554201595706441,0.583448807247003,0.619934415864198,3,3,3,3,3,"A low-fidelity image depicts a cluttered domestic kitchen with wooden cabinets. Appliances and storage contents are severely malformed, fused, and visually confusing. Heavy blur and waxy textures obscure fine details."
a fall landscape,Controlnet/008-1.png,8,0.552782632566083,0.492153504846858,0.536798012839209,2,2,3,2,3,A vibrant digital painting depicts a misty autumn forest with colorful trees. Tree structures are generally coherent while foliage lacks fine textural definition. Textures show pervasive oversmoothing and soft color boundaries.
a fall landscape,Controlnet/008-2.png,8,0.443809152511826,0.3862279106276349,0.541174338731469,3,3,3,2,3,A vibrant digital painting depicts a riverbank with golden grass and red autumn trees. Background foliage lacks clear structural definition and botanical plausibility. Painterly smoothing flattens textures and softens all edges.
a fall landscape,Controlnet/008-3.png,8,0.565183772854556,0.5505797765601941,0.544978753652604,3,4,3,3,3,A vibrant digital painting depicts a colorful autumn forest under a pink sky. Tree branches show minor fusion while the landscape layout remains largely stable. Background textures exhibit repetitive tiling and generalized softening.
a fall landscape,Controlnet/008-4.png,8,0.533441611479049,0.541159259839089,0.6228290633583601,4,3,4,3,3,"A digital painting portrays a colorful autumn forest landscape under bright light. Landscape elements are stable, though a tiny foreground object is illegible. Global textures show pervasive oversmoothing and lack sharp local detail."
a fall landscape,DALLE/008-1.png,8,0.579350842851183,0.595851801275443,0.6461753688026041,3,3,3,3,3,"A bright autumn landscape features colorful trees overhanging a calm lake shore. Tree forms are vague, and the shoreline boundary shows structural ambiguity. Water surfaces display melting textures and pseudo-details lacking physical coherence."
a fall landscape,DALLE/008-2.png,8,0.5518635059709289,0.5594048532097919,0.587680367262688,4,4,3,3,3,A photorealistic landscape shows a red-leafed tree in a grassy field under a blue sky. The central tree is coherent despite a cluttered multi-trunk base. Foreground textures show repetitive patterns and unnatural color splotches.
a fall landscape,DALLE/008-3.png,8,0.667873003189392,0.6636557207036929,0.6800749481386861,3,4,4,3,3,A photorealistic landscape shows a stone bridge over a river in autumn woods. The bridge is structurally stable while the dense foliage shows indistinct branching. Textures show mild oversmoothing and pseudo-detailed water surfaces.
a fall landscape,DALLE/008-4.png,8,0.64086558620136,0.642249729919723,0.6606173166801029,4,4,4,3,3,"A photorealistic autumn forest borders a calm lake under soft diffused lighting. Tree structures are largely coherent, though some branch connections appear slightly fused. Noticeable oversmoothing flattens textures and blurs fine edges."
a fall landscape,Glide/008-1.png,8,0.405037945544749,0.506320153206263,0.626235075403317,2,2,2,2,3,A blurred landscape displays colorful autumn trees reflected in still water. The treeline structure is coherent but suffers from a complete lack of detail. Severe global oversmoothing eliminates all natural textures and sharp boundaries.
a fall landscape,Glide/008-2.png,8,0.395516377248956,0.499599204592543,0.522435498068257,2,2,2,2,3,"A blurry autumn landscape features a small tree against a forested hillside. The subject lacks defined branches, appearing as soft color masses without clear structure. Extreme global blur flattens textures and obscures all boundaries."
a fall landscape,Glide/008-3.png,8,0.455075909741509,0.505629541732718,0.637719866739466,2,2,3,3,3,A soft-focus photograph depicts a dense grove of yellow autumn trees. Tree silhouettes and foliage masses appear structurally coherent despite low resolution. Heavy blurring flattens textures and eliminates all discernible fine details.
a fall landscape,Glide/008-4.png,8,0.375489964720753,0.5053619846064791,0.555740577948145,2,2,3,3,3,A dreamy autumn forest path is framed by vertical tree trunks and foliage. The scene is semantically readable but lacks distinct forms for trees and leaves. Oversmoothing eliminates all fine textures and sharp contour definitions.
a fall landscape,Lafite/008-1.png,8,0.478043267474437,0.61921300161957,0.606399195070629,2,3,3,3,3,"A digital painting depicts a dense autumn forest on a rolling hillside. Foliage is rendered as fused, malformed blobs rather than distinct organic shapes. Extreme softness and a uniform waxy texture degrade global perceptual clarity."
a fall landscape,Lafite/008-2.png,8,0.534381670510963,0.500331715808318,0.527358777665035,3,3,2,3,3,A painting depicts an autumn forest bordering a pond under a cloudy sky. Tree foliage displays melting distortion and lacks coherent botanical structure or clear definition. Textures are waxy and oversmoothed with inconsistent edge sharpness.
a fall landscape,Lafite/008-3.png,8,0.45456056150982,0.565850711871301,0.583838419549654,2,2,2,3,3,A painterly landscape: autumn trees on a hill under a cloudy sky. The subject is recognizable but lacks fine detail and clear separation. Global textures appear soft and waxy with blurred edges and low contrast.
a fall landscape,Lafite/008-4.png,8,0.4829781159950059,0.552126666323108,0.597204318881619,3,4,4,3,3,"An impressionistic painting depicts an autumn forest and pond under a cloudy sky. Tree structures are amorphous blobs lacking botanical definition, making the landscape layout visually confusing. Oversmoothing flattens textures and removes fine edge details."
a fall landscape,stable-diffusion/008-1.png,8,0.614447924447355,0.601853454757296,0.6289065842545419,4,4,4,3,3,"A painterly image shows a colorful autumn forest landscape with varied foliage. The main trees are structurally stable, but background regions lack semantic clarity. Global textures exhibit heavy smoothing and repetitive tiling artifacts throughout the frame."
a fall landscape,stable-diffusion/008-2.png,8,0.389766330121424,0.45992883551789,0.477144454881009,1,2,2,2,3,A soft-focus painterly forest depicts vertical trunks and orange autumnal foliage. Tree forms are reduced to abstract color blobs with fused and structureless canopies. Global oversmoothing eliminates texture and edge definition.
a fall landscape,stable-diffusion/008-3.png,8,0.523242522319306,0.5185905538671229,0.551168362518822,3,3,3,3,3,A vibrant impressionistic painting depicts an autumn forest on rolling hills. The central tree and surrounding foliage maintain coherent forms despite simplified geometry. The image exhibits a pervasive grainy texture and repetitive background patterns.
a fall landscape,stable-diffusion/008-4.png,8,0.55837352112779,0.575189319935888,0.575950900366465,2,2,2,3,3,A vibrant painting depicts an autumn forest hillside above a grassy meadow. Background trees show repetitive forms while the landscape structure remains generally stable. Textures appear waxy with softened edges throughout the image.
a fall landscape,Unidiffuser/008-1.png,8,0.5804774427602,0.584257328015655,0.596653838940127,4,4,4,3,3,A painterly scene captures a dense hillside forest with vibrant autumn colors. Foliage clusters appear fused and lack distinct structural boundaries or botanical logic. Heavy textural smoothing and color bleeding degrade local edge clarity.
a fall landscape,Unidiffuser/008-2.png,8,0.663774970844767,0.645737157199694,0.620969391497221,4,4,4,3,3,"A vibrant autumn forest overlooks a dark, reflective body of water. Tree structures appear somewhat fused with indistinct boundaries and messy foliage density. Textures show subtle smearing and waxy surface qualities."
a fall landscape,Unidiffuser/008-3.png,8,0.3171671360182579,0.32346753516471,0.376611292747057,1,1,1,1,1,"A blurred landscape shows an orange mass beside a green field under a bright sky. The abstract forms lack coherent geometry, making the scene semantically ambiguous. Heavy global blur and grain obscure fine details."
a fall landscape,Unidiffuser/008-4.png,8,0.599737182547306,0.5677762914922,0.655339053812008,4,4,4,3,3,"A dense cluster of golden autumn trees fills a bright outdoor landscape frame. The tree canopy lacks distinct structure and shows repetitive, smeared foliage patterns. Foreground details are noisy while mid-ground textures appear flat and oversmoothed."
a photo of san francisco's golden gate bridge,Controlnet/009-1.png,9,0.599461545760215,0.55141657708255,0.598405143547275,4,3,4,3,3,A high-contrast stylized image of the Golden Gate Bridge over water. The bridge structure shows warped geometry and vertically smeared cable details. Surrounding textures display heavy motion-smearing and artificial high-contrast glow.
a photo of san francisco's golden gate bridge,Controlnet/009-2.png,9,0.577324607021072,0.5729579701336189,0.603609277756436,3,3,2,3,3,A low-angle view captures the Golden Gate Bridge at sunset over water. The tower has malformed vertical slits and deck lighting is smeared. Foreground textures appear waxy and the water surface is overly smooth.
a photo of san francisco's golden gate bridge,Controlnet/009-3.png,9,0.501005702788998,0.465104701308858,0.4870571541004,3,3,2,2,3,"A stylized low-angle view captures the Golden Gate Bridge under dramatic clouds. The tower and deck show vertical banding and repetitive, distorted structural elements. Harsh halos and grainy pseudo-textures dominate the entire image surface."
a photo of san francisco's golden gate bridge,Controlnet/009-4.png,9,0.581315664108901,0.536714620643358,0.6042580121893529,4,4,4,3,3,"A vibrant, stylized close-up of the Golden Gate Bridge tower at sunset. The tower contains a floating geometric anomaly and lacks architectural precision. Oversaturation creates waxy textures and artificial lighting glares."
a photo of san francisco's golden gate bridge,DALLE/009-1.png,9,0.560454900890933,0.564380690005537,0.5545465083919779,4,4,4,3,3,A photorealistic view of the Golden Gate Bridge spanning a body of water. The subject is structurally readable but features fused cables and distorted tower shapes. Global textures display oversmoothing and a waxy quality with softened details.
a photo of san francisco's golden gate bridge,DALLE/009-2.png,9,0.616175875231453,0.642445034280171,0.686481626403058,3,3,3,2,3,A photorealistic view shows the Golden Gate Bridge spanning a bay. The bridge structure is heavily distorted with malformed towers and fused cables. Distant terrain appears oversmoothed with weak texture.
a photo of san francisco's golden gate bridge,DALLE/009-3.png,9,0.673357913190175,0.658355955263349,0.641548310109625,4,4,4,3,3,"A photorealistic view captures the Golden Gate Bridge spanning a bay. The bridge features malformed cables, a garbled deck, and warped tower joints. Background hills show oversmoothing and lack fine detail."
a photo of san francisco's golden gate bridge,DALLE/009-4.png,9,0.7090656001328141,0.634855844407511,0.6348433914497901,4,4,4,3,3,Low-angle view of the Golden Gate Bridge spanning water under a blue sky. The bridge has stable geometry with clear towers and consistent cables. Mild texture smoothing appears while edges stay consistent.
a photo of san francisco's golden gate bridge,Glide/009-1.png,9,0.371347662018332,0.41793573929673,0.449387221164915,1,3,3,1,3,A blurry side view of a Golden Gate Bridge tower over water. The vertical tower is clear while the horizontal deck structure is distorted. Heavy blur masks all fine textures and edge definitions.
a photo of san francisco's golden gate bridge,Glide/009-2.png,9,0.410627270653531,0.5158935729942971,0.543657235736078,2,2,2,3,3,A blurry image shows the Golden Gate Bridge over water under a cloudy sky. The bridge maintains its shape but lacks sharp structural definition and clarity. Severe global blur and oversmoothing suppress all surface texture and detail.
a photo of san francisco's golden gate bridge,Glide/009-3.png,9,0.433339860181872,0.501609788465794,0.547526116215441,2,3,2,3,3,The Golden Gate Bridge appears blurry over water under a clear sky. The main tower structure remains geometrically stable despite extreme softness. Heavy global blur flattens textures and softens all edge boundaries.
a photo of san francisco's golden gate bridge,Glide/009-4.png,9,0.388514428759032,0.553213447607558,0.523146459842186,2,2,2,3,3,A distant view of the Golden Gate Bridge over water and sky. The bridge structure is coherent but significantly obscured by heavy blurring. Extreme global softness and blur degrade all textures and edge sharpness.
a photo of san francisco's golden gate bridge,Lafite/009-1.png,9,0.326653169572998,0.402309653921295,0.4364255376694509,3,3,3,2,3,A wide view captures a red suspension bridge over water and cloudy sky. The bridge structure is severely distorted with malformed towers and broken cable lines. Global textures are noisy and edges lack sharpness across the frame.
a photo of san francisco's golden gate bridge,Lafite/009-2.png,9,0.4421798588077,0.503015800935102,0.5172781437160809,1,3,2,2,3,A wide-angle view depicts a large red suspension bridge over water. The subject features severely malformed towers and structurally broken bridge geometry. Significant blur and soft textures reduce overall clarity.
a photo of san francisco's golden gate bridge,Lafite/009-3.png,9,0.371410323527912,0.440293481581066,0.454499568086587,2,2,3,1,3,A wide view depicts a large red bridge over a bay. The bridge structure is severely malformed with warped towers and deck. Heavy oversmoothing flattens textures and obscures fine background details.
a photo of san francisco's golden gate bridge,Lafite/009-4.png,9,0.428799962430596,0.451920210241479,0.479868247289046,3,4,3,2,3,A digital painting shows a large red structure in a hilly landscape. The central subject shows significant structural fusion and geometric confusion in its towers. Textures are waxy and oversmoothed with softened edge definitions.
a photo of san francisco's golden gate bridge,stable-diffusion/009-1.png,9,0.38163832974435,0.402025740931207,0.4713391593254439,2,2,2,1,2,A high-angle view shows a red suspension bridge shrouded in thick fog. The bridge deck is warped and vertical cables lack clear anchors. Oversmoothing flattens textures and blurs boundaries into the haze.
a photo of san francisco's golden gate bridge,stable-diffusion/009-2.png,9,0.635747810584519,0.640991447809856,0.613820950999363,3,4,4,3,3,A high-angle view shows a red suspension bridge over blue water and green hills. The bridge tower has a malformed top and an awkward structural base. Textures appear waxy and oversmoothed with soft edges.
a photo of san francisco's golden gate bridge,stable-diffusion/009-3.png,9,0.632003771500316,0.5949598917939111,0.6406024640823711,3,3,3,3,3,A low-angle view shows a red suspension bridge spanning a bay in bright sunlight. The bridge structure is stable but displays softened details and indistinct deck traffic. Oversmoothed textures and unnatural color bleeding affect the water surface.
a photo of san francisco's golden gate bridge,stable-diffusion/009-4.png,9,0.654122559608341,0.592314825667146,0.587727035053778,4,4,4,3,3,A low-angle view shows the Golden Gate Bridge tower over a bright bay. The bridge structure features a distorted cable system with a floating rectangular frame. Textures appear waxy and lack sharp detail definition.
a photo of san francisco's golden gate bridge,Unidiffuser/009-1.png,9,0.543900442977774,0.538720554217835,0.572004177579721,2,3,3,3,3,A low-angle shot features a vibrant orange bridge tower against a blue sky. The bridge structure is readable but displays softened geometry and fused base details. Textures appear waxy with pervasive oversmoothing blurring fine edges.
a photo of san francisco's golden gate bridge,Unidiffuser/009-2.png,9,0.538906879728031,0.630089643074183,0.6583600489927529,4,4,4,3,3,A stylized view of the Golden Gate Bridge over a bay with a grassy hill. The bridge structure is recognizable but exhibits significant warping and geometric inconsistency. Heavy blurring and smoothing reduce detail and edge definition.
a photo of san francisco's golden gate bridge,Unidiffuser/009-3.png,9,0.4227110682544059,0.476029986494341,0.530911346953154,2,2,2,2,3,A red suspension bridge spans a misty bay toward hazy hills. The bridge structure shows severe smearing and duplication of the right tower. Heavy blurring and waxy textures obscure details.
a photo of san francisco's golden gate bridge,Unidiffuser/009-4.png,9,0.532339072510252,0.537970245799767,0.541689299954226,3,3,2,2,3,A large red suspension bridge spans a bay from a grassy hillside. The bridge's tower and cable geometry show minor irregularities and softened details. Textures appear slightly smoothed with inconsistent detail density in the landscape.
A giraffe walking through a green grass covered field,Controlnet/010-1.png,10,0.566176123938069,0.461301097446177,0.539783206207276,4,4,4,2,3,A side-profile view of a giraffe standing in a sunlit grassy field. The giraffe shows severe anatomical warping including an elongated neck and malformed legs. Fur textures appear flat and lack sharp definition.
A giraffe walking through a green grass covered field,Controlnet/010-2.png,10,0.608215440883366,0.5993971011439,0.571775954113865,3,4,4,3,3,A digital painting depicts a giraffe standing in a grassy field. The subject has a malformed head with extra protrusions and spindly legs. Soft focus and flat textures reduce overall perceptual sharpness.
A giraffe walking through a green grass covered field,Controlnet/010-3.png,10,0.464995746064107,0.452831968067441,0.50332247449327,4,4,4,3,3,A watercolor painting depicts a giraffe standing in a grassy field. The giraffe's anatomy is distorted with malformed and fused lower limbs. Global textures appear flat with softened edge definition.
A giraffe walking through a green grass covered field,Controlnet/010-4.png,10,0.463544713161393,0.405899501065823,0.392629267923354,1,1,1,1,2,A close-up frontal view shows a giraffe head against a blurred green background. The subject displays significant facial distortion with a malformed nasal structure and eyes. Surface textures exhibit oversmoothing and unnatural color variations.
A giraffe walking through a green grass covered field,DALLE/010-1.png,10,0.640241867437846,0.579223247299053,0.668689417366569,3,4,4,2,3,A realistically rendered giraffe runs across a sunny grassy hillside. The subject exhibits severe anatomical distortion including malformed limbs and an unnatural neck. Textures appear waxy while background details show subtle repetitive patterns.
A giraffe walking through a green grass covered field,DALLE/010-2.png,10,0.5316684902197479,0.537410629314239,0.53099224010283,4,4,4,2,3,A photorealistic giraffe stands in a grassy field under a bright sky. The subject exhibits noticeable anatomical distortion in its head and limb joints. Textures appear slightly smoothed with inconsistent background detail definition.
A giraffe walking through a green grass covered field,DALLE/010-3.png,10,0.664909018134502,0.65836975670027,0.648660650066153,4,4,4,3,2,A realistic photo shows a giraffe walking in a grassy field with mountains. The giraffe's anatomy and pose are structurally coherent and clearly recognizable. Background textures show subtle oversmoothing and minor repetitive patterns.
A giraffe walking through a green grass covered field,DALLE/010-4.png,10,0.593435948525297,0.532777961480965,0.605986713220256,2,3,3,3,3,A giraffe stands in a lush green savanna field under bright daylight. The animal displays severe anatomical distortion with malformed limbs and a warped torso. Textures appear waxy and lack fine detail.
A giraffe walking through a green grass covered field,Glide/010-1.png,10,0.427167728160194,0.474910598277415,0.465286142160656,1,2,2,2,2,A close-up shows the lower body of a giraffe in a field. The subject's legs are severely distorted with fused and warped anatomy. Heavy blurring and softness degrade the overall image clarity.
A giraffe walking through a green grass covered field,Glide/010-2.png,10,0.4519942776958129,0.495244392669199,0.496625807680505,2,3,3,2,3,A blurry close-up shows a distorted giraffe in a green field. The subject exhibits severe anatomical failure with misplaced limbs and a warped head. Global blur flattens all texture and edge detail.
A giraffe walking through a green grass covered field,Glide/010-3.png,10,0.44680775590171,0.574048812240108,0.537939310342014,2,2,2,2,3,A cropped giraffe stands in a bright green field under daylight. The giraffe's anatomy is structurally unstable with an elongated neck and thin legs. Severe global blur and oversmoothing flatten textures and soften all boundaries.
A giraffe walking through a green grass covered field,Glide/010-4.png,10,0.419634959481645,0.488157278564985,0.46964066922388,3,4,3,3,3,A headless giraffe stands in a bright grassy field with trees. The subject features severely distorted anatomy with multiple malformed and fused legs. Heavy global blurring and softness obscure all fine surface details.
A giraffe walking through a green grass covered field,Lafite/010-1.png,10,0.3843175926568309,0.397093310129252,0.380350997139711,3,2,2,2,3,A partially visible giraffe stands in a grassy field under natural daylight. The subject lacks a coherent head and exhibits severe anatomical malformation. Global textures are flat and edges show significant softening throughout.
A giraffe walking through a green grass covered field,Lafite/010-2.png,10,0.370638309343177,0.356886311827004,0.446013967740232,2,2,2,2,2,"A distorted giraffe appears in a grassy field with trees behind it. The subject's anatomy is heavily warped and lacks a recognizable head or neck. Significant blur, noise, and a watermark obscure fine details."
A giraffe walking through a green grass covered field,Lafite/010-3.png,10,0.392109475276607,0.35434414228322,0.422392125670362,2,2,2,2,3,A distorted giraffe stands in a grassy field under daylight. The subject exhibits severe structural warping and lacks anatomical coherence. Global blur and flat textures reduce overall visual clarity.
A giraffe walking through a green grass covered field,Lafite/010-4.png,10,0.35361108147051,0.411489506484896,0.430389732174249,2,2,2,2,3,"A heavily distorted giraffe stands in a grassy field before trees. The subject's anatomy is severely warped into a fused, bulbous shape lacking any structural coherence. Global textures appear flat and edges are softened by significant oversmoothing."
A giraffe walking through a green grass covered field,stable-diffusion/010-1.png,10,0.606537245983207,0.5222136356002011,0.580278131875598,4,4,4,2,3,A side-profile view of a giraffe standing in a green grassy field. The subject features an unnaturally elongated neck and distorted foreleg proportions. Textures show mild oversmoothing and soft edge definition.
A giraffe walking through a green grass covered field,stable-diffusion/010-2.png,10,0.5824779701977161,0.583988306807376,0.582508079504392,3,3,4,2,3,"A full-body giraffe stands in a grassy field before dense trees. The subject shows malformed facial features and unnaturally thin, stiff limbs. Surfaces appear smooth with softened edges and background texture melting."
A giraffe walking through a green grass covered field,stable-diffusion/010-3.png,10,0.578614933216363,0.549870823209556,0.5790399598299331,3,3,3,3,3,A photorealistic side-profile of a giraffe standing in a green field. The subject is clear but suffers from malformed limbs and distorted hooves. Grass textures show subtle oversmoothing and repetitive patterns throughout the scene.
A giraffe walking through a green grass covered field,stable-diffusion/010-4.png,10,0.359676911809889,0.371506176804614,0.38029674778319,2,2,2,2,2,A distorted giraffe stands in a hazy field with its head cropped. The subject features severe anatomical malformation with a fused elongated neck and indistinct limbs. Heavy global blur and oversmoothing flatten textures and obscure boundaries.
A giraffe walking through a green grass covered field,Unidiffuser/010-1.png,10,0.5373879082494549,0.561643406959476,0.608360352800914,3,3,2,2,3,"A side-profile view of a giraffe standing in a grassy field. The subject is structurally stable, although the neck is elongated and the head is cropped. Fur textures appear slightly synthetic and background details exhibit oversmoothing."
A giraffe walking through a green grass covered field,Unidiffuser/010-2.png,10,0.600160344652134,0.555999283510391,0.61295799457261,4,4,3,2,3,A vertically cropped giraffe stands in a green field under daylight. The giraffe's anatomy is distorted with malformed legs and inconsistent limb thickness. Fur patterns and background grass exhibit slight oversmoothing and pseudo-detailing.
A giraffe walking through a green grass covered field,Unidiffuser/010-3.png,10,0.405823354978923,0.494515438297972,0.522131494079586,1,2,2,1,3,A giraffe stands in a saturated green field with a painterly style. The subject is recognizable but suffers from blurred limbs and weak structural definition. Global blur and repetitive pseudo-detail textures dominate the perceptual quality.
A giraffe walking through a green grass covered field,Unidiffuser/010-4.png,10,0.58480427273141,0.512394272454752,0.5644097246921941,4,4,4,2,3,A photorealistic giraffe stands in a grassy field before a dense forest. The giraffe exhibits subtle anatomical distortions including an elongated neck and thin limbs. Background textures appear repetitive and lack fine natural detail.
a woman with long hair,Controlnet/011-1.png,11,0.51065161081328,0.484359370858809,0.548365101836693,3,3,2,2,2,A photorealistic close-up portrait features a woman with long brown hair. The central subject is structurally stable though a malformed face appears in the background. Global textures show significant oversmoothing with softened edge definition.
a woman with long hair,Controlnet/011-2.png,11,0.6267969910906259,0.532784266842777,0.6563014593910169,4,4,3,2,3,"A photorealistic portrait of a blonde woman against a dark background. The subject is recognizable, but hand anatomy appears fused and malformed. Skin textures look waxy with softened edges and low local contrast."
a woman with long hair,Controlnet/011-3.png,11,0.542738544802921,0.503819886903293,0.564822702282944,2,2,2,1,3,"A photorealistic close-up portrait features a woman with long straight hair. The face exhibits a distorted nose piercing and heavy, semantically confusing eye makeup. Skin and hair textures appear waxy with softened edge definition throughout."
a woman with long hair,Controlnet/011-4.png,11,0.605628398364933,0.519180910386755,0.622165582605422,3,3,2,2,3,"A rear view depicts a woman with long, streaked hair. Hair contains a dark fused patch, and the shoulder structure is malformed. Textures exhibit soft edges, waxy surfaces, and repetitive fabric details."
a woman with long hair,DALLE/011-1.png,11,0.519183910439337,0.552924086974744,0.572518146599896,3,3,3,2,3,"A photorealistic close-up portrait of a woman against a blurred green background. The subject's facial structure is clear, but ear geometry is slightly distorted. Skin texture appears uniformly waxy and lacks natural micro-detail definition."
a woman with long hair,DALLE/011-2.png,11,0.600109243907575,0.633357296221557,0.607847906750683,4,4,4,3,3,"A photorealistic portrait shows a woman with long dark hair against a neutral backdrop. The subject's anatomy is coherent, though the hand lacks natural articulation. Skin and hair textures exhibit a pervasive waxy oversmoothing."
a woman with long hair,DALLE/011-3.png,11,0.640236238058412,0.61284882382383,0.6417119302685219,4,4,4,2,3,"A photorealistic portrait of a smiling woman posing outdoors in daylight. The subject is stable, but the hand holding hair is visibly distorted. Global textures exhibit heavy oversmoothing and a uniform waxy appearance."
a woman with long hair,DALLE/011-4.png,11,0.597140576370609,0.567024470250511,0.582977774250085,3,4,3,2,3,"A photorealistic close-up portrait shows a smiling woman with long dark hair. The face is clear, but fingers exhibit fusion and unnatural joint geometry. Skin textures appear overly smoothed with a distinct waxy quality."
a woman with long hair,Glide/011-1.png,11,0.414110568501047,0.39103321260539,0.364810219909684,2,3,2,1,1,"A macro shot features a dark insect with long pink fuzzy appendages against a blurred background. Subject anatomy is distorted, showing fused textures and unclear body transitions. Heavy blurring and flat pseudo-detailing obscure fine edges globally."
a woman with long hair,Glide/011-2.png,11,0.362815881689243,0.39034814816261,0.368681000983096,1,2,2,1,1,A tight macro view captures a patch of white fur against darkness. The fur subject is readable but shows fused central highlights and weak strand separation. Heavy global blur and oversmoothing degrade fine textural details.
a woman with long hair,Glide/011-3.png,11,0.311407130784979,0.334098220944225,0.308662273264771,1,1,1,1,1,"A grayscale close-up shows a dark, flowing, and abstract textured surface. The subject lacks clear structure, appearing as an incoherent mass of blurred lines. Severe global blur eliminates all fine details and edge clarity."
a woman with long hair,Glide/011-4.png,11,0.383127383449159,0.368047318925175,0.350946046988009,1,1,1,1,1,A minimalist line drawing depicts an abstract organic shape on a white background. The subject's simple curved structure is stable but has a smudged center. Global oversmoothing and weak edge definition affect the image.
a woman with long hair,Lafite/011-1.png,11,0.380799168324202,0.3886983413624,0.572040308117629,2,2,2,2,3,A digital oil painting depicts a woman with long wavy hair against a blurred background. The subject's face is distorted with misaligned eyes and warped skin features. Global textures appear waxy and lack fine edge definition.
a woman with long hair,Lafite/011-2.png,11,0.484297692994556,0.431178366188317,0.5548614054444571,3,2,2,1,2,"A digital painting style close-up portrait of a woman with voluminous hair. Facial features are stable, but the hair volume and neck are structurally distorted. Textures show waxy oversmoothing and lack sharp edge definition."
a woman with long hair,Lafite/011-3.png,11,0.436755276149517,0.436067554645887,0.576605254285299,2,3,2,2,3,A close-up portrait shows a woman with long dark hair in a painterly style. The facial structure is recognizable but exhibits slight asymmetry and softened features. Global oversmoothing creates waxy textures and a lack of fine detail throughout.
a woman with long hair,Lafite/011-4.png,11,0.389411226943887,0.439893529663491,0.495131548678664,3,3,3,2,3,"A digital painting depicts a close-up of a woman with long brown hair. The face shows eye distortion and unnaturally fused, thick hair strands. Surfaces appear waxy and oversmoothed with inconsistent fine details."
a woman with long hair,stable-diffusion/011-1.png,11,0.517915270638741,0.47801594679986,0.6253436222215251,4,4,4,2,3,"A close-up portrait shows a woman with long brown hair against a green background. The subject's facial structure is mostly stable, though the eyes show minor asymmetry. Skin and hair textures appear slightly waxy with softened fine details."
a woman with long hair,stable-diffusion/011-2.png,11,0.571133615677278,0.527775233022035,0.597326517069826,4,4,3,3,3,A photorealistic close-up portrait features a woman with long brown hair. Hand anatomy is severely malformed with fused and distorted fingers. Skin textures appear waxy and over-smoothed throughout the image.
a woman with long hair,stable-diffusion/011-3.png,11,0.448546444193083,0.462097174313231,0.487807108806368,3,4,3,2,3,A soft-focus portrait shows a woman with long hair against a plain wall. The subject's facial features are structurally ambiguous and lack clear definition. Extreme smoothing results in flat textures and lost edge detail.
a woman with long hair,stable-diffusion/011-4.png,11,0.611396311974552,0.59350958588077,0.623695992676369,4,4,4,2,3,"Photorealistic side-profile portrait of a woman with long hair on a plain background. The subject's profile is coherent, yet the upper braid appears structurally fused. Skin is overly smoothed and waxy with repetitive pseudo-detailing."
a woman with long hair,Unidiffuser/011-1.png,11,0.586461499326524,0.549940690361706,0.653334018547512,4,4,4,2,3,"A photorealistic close-up portrait of a woman with long straight hair. Facial features are mostly coherent, though the hair exhibits unnatural vertical banding. Minor skin waxiness and repetitive pseudo-details affect textural realism."
a woman with long hair,Unidiffuser/011-2.png,11,0.584638214780437,0.549630172849913,0.623792249053037,4,4,3,2,3,A close-up profile of a woman with long brown hair on white. The face is coherent but hair structure consists of repetitive and unnatural patterns. Skin is oversmoothed and hair textures appear waxy and artificial.
a woman with long hair,Unidiffuser/011-3.png,11,0.288523334254648,0.291562215469716,0.38675487307702,1,2,1,1,3,"A heavily blurred red figure centers on a plain light background. The subject lacks any discernible structure, appearing as an indistinct colored mass. Severe blur obscures all texture and edge details."
a woman with long hair,Unidiffuser/011-4.png,11,0.506563474773279,0.4744669985575689,0.545228070730906,3,3,3,3,3,"A realistic close-up portrait of a woman with long brown hair. Facial anatomy is largely coherent though eyes appear slightly misaligned. Skin displays a characteristic waxy, oversmoothed texture throughout."
A red bus is driving on the road,Controlnet/012-1.png,12,0.566793517414523,0.529758109890697,0.590573449100103,3,3,3,2,3,A red double-decker bus sits on a blue road near golden mountains. The subject is structurally clear but displays unreadable gibberish text on panels. Mountain textures appear as repetitive noise without resolved surface details.
A red bus is driving on the road,Controlnet/012-2.png,12,0.6101813552618099,0.514189950664033,0.625591892525835,3,3,3,2,3,A red double-decker bus is parked beneath a dramatic golden sky. The subject displays distorted window geometry and illegible destination signage. Red surfaces show flat waxy textures with softened edge definition.
A red bus is driving on the road,Controlnet/012-3.png,12,0.524647058902712,0.488509885232876,0.4412074527435969,2,2,2,3,1,A stylized painting depicts a black double-decker bus on a roadside. The vehicle is recognizable but contains illegible text and distorted front details. Heavy grainy texture obscures fine details throughout the image.
A red bus is driving on the road,Controlnet/012-4.png,12,0.5982778001906081,0.512351984622292,0.626033465210836,4,4,3,2,3,A red double-decker bus is positioned on a road near rocky terrain. The vehicle structure is coherent but features illegible text on its panels. Global textures appear slightly waxy with soft detail throughout the scene.
A red bus is driving on the road,DALLE/012-1.png,12,0.535154648149347,0.52373840609046,0.627478419749022,4,3,2,3,3,A photorealistic red bus travels a road beneath a bright blue sky. The subject exhibits warped cabin geometry and visually confusing window regions. Heavy motion blur and flat textures obscure fine details.
A red bus is driving on the road,DALLE/012-2.png,12,0.574091853415964,0.614593464295741,0.625181314006986,4,4,4,2,3,A red double-decker bus moves on a road under a bridge. The bus shows warped window geometry and a distorted front fascia. Heavy motion blur softens details and obscures texture everywhere.
A red bus is driving on the road,DALLE/012-3.png,12,0.590072317194115,0.563844898238302,0.565608376430477,3,3,3,3,3,A red and white bus travels on a road beside buildings in daylight. The vehicle displays distorted window contents and malformed geometry around the rear wheel. Sharpness is low with softened details and flat surface textures.
A red bus is driving on the road,DALLE/012-4.png,12,0.540548432220372,0.5351480320195889,0.579890191612247,3,3,2,3,3,A photorealistic red bus travels along a paved road under an overcast sky. The vehicle's front end and wheels exhibit significant smearing and malformed geometry. Heavy background blur accompanies flattened textures and softened edge definition.
A red bus is driving on the road,Glide/012-1.png,12,0.414183658548989,0.520651636729329,0.58364497877801,3,3,3,2,3,A red bus travels on a road with trees in the background. The vehicle's structure is coherent but lacks any discernible fine detail. Extreme blur flattens textures and softens every edge in the scene.
A red bus is driving on the road,Glide/012-2.png,12,0.44544648727685,0.535941138640801,0.542477648752532,2,3,2,3,3,A blurry photorealistic side view of a red bus on a road. The subject displays warped geometry with fused doors and a malformed front. Significant global blur and oversmoothing obscure all fine textural details.
A red bus is driving on the road,Glide/012-3.png,12,0.460502359268083,0.6144264560745011,0.6107669801164289,2,3,3,3,3,"A red double-decker bus on a tree-lined road under bright daylight. The bus shape is coherent, but details and text are illegible and smoothed. Severe global blur flattens textures and softens edges."
A red bus is driving on the road,Glide/012-4.png,12,0.45940254428925,0.5189579192978591,0.587386098104743,2,3,3,3,3,A photorealistic red bus is parked outdoors under an overcast sky. The vehicle shows warped geometry and illegible text on its front surface. Heavy global blur and oversmoothing flatten textures and soften all edges.
A red bus is driving on the road,Lafite/012-1.png,12,0.482657717083323,0.470786394201726,0.562760847127202,2,2,1,1,2,A distorted red vehicle sits on a road under a pale sky. The subject is severely malformed with fused parts and illogical geometry. Extreme blur and oversmoothing obscure all fine details.
A red bus is driving on the road,Lafite/012-2.png,12,0.412259754777725,0.435029584657174,0.489940468071685,2,2,3,2,2,A malformed red vehicle rests on a paved surface outdoors. The subject displays extreme geometric distortion and fused window regions. Pervasive blurring and softened contours obscure all fine details.
A red bus is driving on the road,Lafite/012-3.png,12,0.377014576257084,0.386256092473107,0.3916261693202459,2,2,2,1,3,A distorted red vehicle rests on a road beneath overhead wires. The vehicle structure is heavily warped with fused panels and broken geometry. Global oversmoothing and flat textures eliminate most natural surface detail.
A red bus is driving on the road,Lafite/012-4.png,12,0.389313404374958,0.389660911526102,0.410851959586984,1,1,2,1,3,A distorted red bus sits on a road beneath a clear sky. The vehicle's form is heavily warped with fused components and broken geometry. Severe global blur and softness mask all textural details.
A red bus is driving on the road,stable-diffusion/012-1.png,12,0.61739679600713,0.602659324006189,0.569638944608968,4,4,4,3,3,A red double-decker bus is centered on a road against a leafy background. The subject displays malformed window frames and semantically broken destination text. Heavy blur and waxy textures reduce global detail clarity.
A red bus is driving on the road,stable-diffusion/012-2.png,12,0.613039033093565,0.603805982837982,0.591348363287732,4,4,4,3,3,"A red double-decker bus is shown from a low angle against a bright sky. The vehicle is coherent, but text and window details are illegibly distorted. Surfaces show subtle oversmoothing and background lacks fine texture."
A red bus is driving on the road,stable-diffusion/012-3.png,12,0.35032342306242,0.3658008083905549,0.4308438908414029,1,1,1,1,2,A high-angle view captures red cars on a road with painted markings. The vehicle subjects are heavily smeared and lack discernible geometric structure. Global motion blur flattens textures and erases all edge definition.
A red bus is driving on the road,stable-diffusion/012-4.png,12,0.705224795627758,0.626873647637128,0.67262086075042,4,4,4,3,3,"A red double-decker bus travels a road framed by green hills. The subject's form is clear, but text and window details are semantically broken. Textures appear slightly smoothed with subtle background pattern repetition."
A red bus is driving on the road,Unidiffuser/012-1.png,12,0.590472578372515,0.5724443352770799,0.571845520919387,2,3,3,3,3,A photorealistic red bus drives on a road surrounded by dense trees. The subject is clear but has illegible side graphics and a warped bumper. Textures appear waxy and background details lack sharpness.
A red bus is driving on the road,Unidiffuser/012-2.png,12,0.388481264678532,0.456254361202716,0.531295701120559,1,2,2,2,2,A red bus moves along a road with a blurred tree background. The subject's overall shape is clear but details are lost to smearing. Pervasive directional blur removes fine textures and sharp contour definitions.
A red bus is driving on the road,Unidiffuser/012-3.png,12,0.48740528775043,0.520062536576098,0.635229297626902,3,3,3,2,3,A red bus travels a road with a blurred green background. The subject maintains general shape but exhibits distorted windows and illegible text. Heavy motion blur and smooth textures degrade global edge sharpness.
A red bus is driving on the road,Unidiffuser/012-4.png,12,0.511817359891688,0.4752766554750859,0.508583485357388,4,4,4,2,3,A red bus sits on a road near trees and a small house. The vehicle displays illegible text and has a distorted front fascia region. Background textures show slight oversmoothing and weak detail.
a teddy bear on a skateboard,Controlnet/013-1.png,13,0.6812995415544699,0.608409024477514,0.629860901312577,4,4,4,3,3,A photorealistic teddy bear sits on a skateboard in a blurred setting. The subject exhibits distorted paw anatomy and a malformed skateboard with a fused tail. Fur textures appear waxy and the background lacks definition.
a teddy bear on a skateboard,Controlnet/013-2.png,13,0.573453421021242,0.535380884014146,0.552970141452822,3,4,4,2,3,A photorealistic teddy bear stands on a skateboard against a plain background. The subject's lower limbs appear fused and lack clear anatomical definition. Fur textures show a slightly waxy and oversmoothed quality.
a teddy bear on a skateboard,Controlnet/013-3.png,13,0.472002405612955,0.5026506521381721,0.4841483984225129,3,3,2,2,2,"A photorealistic close-up captures a teddy bear on a skateboard outdoors. The subject is structurally stable, but the skateboard wheel glows unnaturally. Fur textures appear waxy, and the ground surface contains scattered dark specks."
a teddy bear on a skateboard,Controlnet/013-4.png,13,0.636126768866646,0.595394714174571,0.553947245647021,4,4,4,2,3,A brown teddy bear with a red scarf sits on a blue skateboard. The bear is coherent but the skateboard trucks are distorted and incomplete. Fur details look soft and the background exhibits a uniform noisy texture.
a teddy bear on a skateboard,DALLE/013-1.png,13,0.530025357270667,0.530444767807317,0.56803114568042,3,3,3,3,2,A black and white teddy bear stands on a skateboard against a plain background. The subject shows minor facial distortion and unnatural limb proportions but remains coherent. Textures show softness and noise with weak edges.
a teddy bear on a skateboard,DALLE/013-2.png,13,0.583934124525347,0.629468356414224,0.5962748410729639,4,4,4,3,3,A brown teddy bear in a shirt sits on a skateboard against a white background. The subject's facial features are malformed and the clothing lacks structural volume. Wheels show softened geometry and fur appears slightly waxy.
a teddy bear on a skateboard,DALLE/013-3.png,13,0.5090410316086821,0.543532907314093,0.556795300729782,3,3,3,2,2,A plush teddy bear sits on a skateboard against a white background. The subject displays malformed facial features and structurally ambiguous limb definitions. Significant oversmoothing and soft focus degrade texture and edge definition.
a teddy bear on a skateboard,DALLE/013-4.png,13,0.543558976374844,0.5296166439035099,0.58587156902795,4,4,3,3,3,A brown teddy bear in a red shirt stands on a skateboard on a white background. The bear exhibits facial distortion near the snout and ambiguous limb anatomy. Textures appear waxy and oversmoothed with softened edges.
a teddy bear on a skateboard,Glide/013-1.png,13,0.398469004090554,0.418631615697998,0.4059147554608819,2,2,2,2,2,"A blurry brown teddy bear sits against a plain light background. The subject displays severe anatomical distortion with an elongated torso and malformed limbs. Image lacks sharpness, featuring waxy textures and heavily softened edges."
a teddy bear on a skateboard,Glide/013-2.png,13,0.394801499690641,0.436292175622118,0.394640414551491,1,2,1,1,3,A blurry digital rendering of a teddy bear on a plain gray background. The subject shows simplified anatomy with malformed features and poorly defined limbs. Heavy global blur and oversmoothing eliminate texture and edge detail.
a teddy bear on a skateboard,Glide/013-3.png,13,0.400221419695634,0.401170660603113,0.398651377757407,1,2,2,1,2,A dark purple teddy bear sits centered on a plain white background. The subject shows facial distortion with a malformed snout and fused features. Severe global blur washes out all surface textures and edges.
a teddy bear on a skateboard,Glide/013-4.png,13,0.406895845942396,0.526782424622046,0.440421179416305,2,2,2,3,1,A close-up shows a brown teddy bear against a blurred indoor background. The subject is recognizable but suffers from malformed limbs and a featureless face. Heavy smoothing and loss of detail dominate the entire frame.
a teddy bear on a skateboard,Lafite/013-1.png,13,0.395590134800978,0.388422743243233,0.389817382909825,3,3,3,1,2,A photorealistic teddy bear stands on a wooden deck outdoors. The subject displays severe anatomical distortion with detached and floating limbs. Fur textures appear waxy and background elements lack sharp definition.
a teddy bear on a skateboard,Lafite/013-2.png,13,0.417681448558236,0.416955608690376,0.462340553824145,2,3,3,2,2,A photorealistic teddy bear stands on a wooden surface outdoors. The subject displays severe anatomical distortion with malformed limbs and fused parts. Soft focus and a large watermark degrade the visual quality.
a teddy bear on a skateboard,Lafite/013-3.png,13,0.400141902286147,0.398491187992537,0.408556633438662,2,2,2,1,2,"A distorted teddy bear in clothing sits outdoors against a green background. The subject shows severe structural fusion, malformed limbs, and a detached paw. Textures are waxy and softened with inconsistent lighting throughout."
a teddy bear on a skateboard,Lafite/013-4.png,13,0.400177664586463,0.387064907557511,0.451324201380872,2,3,2,1,1,A distorted teddy bear stands on a skateboard on a wooden deck. The subject's anatomy is severely malformed with fused limbs and broken geometry. Heavy oversmoothing and edge melting degrade overall texture clarity.
a teddy bear on a skateboard,stable-diffusion/013-1.png,13,0.601468691351483,0.576869511846804,0.6344198460628729,4,4,4,3,3,"A teddy bear rides a skateboard in an outdoor park setting. The subject's structure is stable, though its paws appear slightly flattened against the deck. Fur textures exhibit subtle waxiness while the background shows significant melting."
a teddy bear on a skateboard,stable-diffusion/013-2.png,13,0.677215747700669,0.632753714494277,0.636704254886965,3,3,3,3,2,A photorealistic brown teddy bear stands on a skateboard outdoors. A red rectangular object is unnaturally fused to the bear's torso. Fur textures appear slightly waxy with softened fine detail definition.
a teddy bear on a skateboard,stable-diffusion/013-3.png,13,0.6318241402584119,0.59606749635995,0.5851448260118289,4,4,4,3,2,A brown teddy bear sits on a skateboard in a sunlit outdoor setting. The subject is stable though limb articulation appears simplified and fused. Fur textures show pervasive oversmoothing and a waxy surface quality.
a teddy bear on a skateboard,stable-diffusion/013-4.png,13,0.344794555519347,0.398459328164783,0.419874809566888,2,2,2,2,3,A stylized brown bear stands on skis against a plain background. The subject lacks clear anatomical definition with a featureless face. Global oversmoothing and edge softness obscure fine texture details.
a teddy bear on a skateboard,Unidiffuser/013-1.png,13,0.409147933345822,0.402839459518735,0.481621723541463,2,2,1,1,3,A heavily blurred teddy bear sits on a skateboard against a blue background. The subject's anatomy is fused and warped by intense motion-like smearing. Global detail is lost to severe oversmoothing and edge dissolution.
a teddy bear on a skateboard,Unidiffuser/013-2.png,13,0.545216797404308,0.53796648300191,0.468751382248847,4,4,4,3,2,A photorealistic brown teddy bear sits on a bike on pavement. The subject's paws appear malformed where they grip the handlebars. Fur textures look waxy and the background contains significant noise.
a teddy bear on a skateboard,Unidiffuser/013-3.png,13,0.5899162171539181,0.570801476630633,0.564109396460018,2,3,2,3,2,A brown teddy bear sits on a skateboard against a blue background. The bear's torso has a navel-like indentation and its paws look unnatural. Fur appears waxy and the background shows a coarse grain.
a teddy bear on a skateboard,Unidiffuser/013-4.png,13,0.557243811904205,0.517664980494443,0.442506771682477,4,4,4,3,2,"A photorealistic teddy bear sits on a toy vehicle before a blue wall. The bear exhibits fused limb anatomy and distorted, melting textures on its paws. Fur surfaces appear waxy with inconsistent local detail and soft boundaries."
a pumpkin with a candle in it,Controlnet/014-1.png,14,0.6019248532631051,0.589347900106023,0.45194371416279,4,4,4,3,2,A photorealistic close-up depicts a pumpkin set against a wooden plank background. The pumpkin stem appears fused while the body ribs lack symmetry. Textures show waxy smoothing with indistinct wood grain and softened details.
a pumpkin with a candle in it,Controlnet/014-2.png,14,0.575989499297169,0.5684024055432321,0.5585476531137971,4,4,4,3,2,A glowing carved pumpkin sits centered before a dry straw background. The pumpkin structure is stable while the stem appears semantically inconsistent. Background textures show subtle repetition and lack sharp local detail.
a pumpkin with a candle in it,Controlnet/014-3.png,14,0.67148759755049,0.656212672908962,0.5850231902083469,4,4,4,3,3,A carved jack-o'-lantern sits on dry straw under warm lighting. The pumpkin's mouth features malformed fused teeth and a jagged outline. Skin textures look waxy and the background shows heavy grain.
a pumpkin with a candle in it,Controlnet/014-4.png,14,0.602513199887799,0.565244193397229,0.605134774485961,3,4,3,3,2,"A glowing carved pumpkin sits among leaves on a dark surface. The facial features display malformed geometry, especially the nose and irregular teeth. Textures appear waxy and carved edges lack sharp physical definition."
a pumpkin with a candle in it,DALLE/014-1.png,14,0.503212786303704,0.523106029974398,0.499211118445578,2,3,2,3,2,A close-up view shows a glowing carved pumpkin in darkness. The pumpkin has a malformed fused stem and an irregular top rim. Waxy textures and soft focus obscure fine details.
a pumpkin with a candle in it,DALLE/014-2.png,14,0.532909466048704,0.449625093722055,0.419632997837343,4,4,4,2,2,A close-up shows a stylized orange pumpkin and a glassy crystal on black. The pumpkin's anatomy is malformed with overly rounded ribs and a distorted stem. Surfaces appear waxy and oversmooth with weak texture.
a pumpkin with a candle in it,DALLE/014-3.png,14,0.62556723287033,0.629117328164301,0.433277865303951,4,4,4,3,1,A photorealistic close-up shows a pumpkin and a lit candle in a textured glass holder. The pumpkin structure is stable despite minor warping in its segments and stem. Surfaces appear waxy and the glass texture contains repetitive pseudo-details.
a pumpkin with a candle in it,DALLE/014-4.png,14,0.508513357407487,0.529642555643492,0.43931482519721,3,4,2,3,2,"A large orange pumpkin sits beside a glowing candle in a dark setting. The pumpkin structure is stable, though the stem shows minor morphological fusion. Textures appear uniformly waxy and lack sharp detail."
a pumpkin with a candle in it,Glide/014-1.png,14,0.478403655667509,0.523843394367196,0.539228607663232,2,3,2,3,3,A blurry digital image shows a glowing jack-o'-lantern on a dark background. The subject's facial features are asymmetrical and distorted with poorly defined shapes. Heavy global blurring removes all texture and edge definition.
a pumpkin with a candle in it,Glide/014-2.png,14,0.4304400758256709,0.519952730977658,0.503899271650657,3,3,3,3,3,A glowing orange jack-o'-lantern is centered against a dark background. The subject's facial features are indistinct and the stem region shows structural fusion. Heavy blurring and waxy textures obscure fine details across the entire frame.
a pumpkin with a candle in it,Glide/014-3.png,14,0.455113121497599,0.494024567281226,0.539709218511504,3,3,2,3,2,A glowing jack-o'-lantern face is centered against a dark background. The facial features show asymmetry and malformed teeth with poor definition. Heavy blur and soft edges obscure all fine surface details.
a pumpkin with a candle in it,Glide/014-4.png,14,0.502022204146125,0.49696793265029,0.584824442285821,4,4,4,3,3,A glowing jack-o'-lantern is centered within a dark frame. The pumpkin's facial features are recognizable but appear warped and indistinct. Heavy oversmoothing flattens textures and obscures all fine details.
a pumpkin with a candle in it,Lafite/014-1.png,14,0.42503759871984,0.43782310001154,0.398489412647179,4,3,3,3,3,A glowing orange sphere sits in a dark setting with indistinct limbs above. The subject features a distorted shape with fused upper parts and messy details. Heavy blur and softened edges lower overall clarity.
a pumpkin with a candle in it,Lafite/014-2.png,14,0.399656343814458,0.391184292337418,0.423643689793481,1,1,1,1,1,"A glowing orange organic orb sits in a dark, low-light environment. The subject's internal structure is distorted and lacks recognizable semantic features. Pervasive softness and waxy textures reduce the image's overall perceptual sharpness."
a pumpkin with a candle in it,Lafite/014-3.png,14,0.430866897573667,0.424603554040583,0.431899284831841,1,2,2,1,2,A glowing orange gourd-like object rests in a dimly lit setting. The subject exhibits a warped and visually confusing internal carved region. Severe blurring and waxy textures dominate the global visual field.
a pumpkin with a candle in it,Lafite/014-4.png,14,0.374152603984184,0.416095826084835,0.39776033106042,2,2,1,1,2,"A glowing orange spherical object sits in a dark, indistinct setting. The subject's facial features are severely warped and lack coherent anatomical structure. Heavy blurring and waxy textures degrade overall clarity and edge definition."
a pumpkin with a candle in it,stable-diffusion/014-1.png,14,0.619555917189476,0.656935720302683,0.443304557159336,4,4,4,3,2,An orange pumpkin rests on a wooden surface with vertical plank walls. The subject is structurally stable despite a slightly fused stem base. Background wood shows melting grain patterns and global oversmoothing is evident.
a pumpkin with a candle in it,stable-diffusion/014-2.png,14,0.57833960839798,0.562419330011818,0.556593518816128,4,4,3,3,2,A glowing jack-o'-lantern sits next to a small pumpkin on a table. The primary subject exhibits a malformed and structurally incoherent facial carving design. Surfaces show waxy textures and inconsistent local lighting details.
a pumpkin with a candle in it,stable-diffusion/014-3.png,14,0.6415733897317879,0.5995010513429451,0.519252455071068,4,4,4,3,2,A carved orange pumpkin sits on straw in an outdoor yard. The subject shows a malformed and semantically confusing lower facial carving. Surfaces show subtle waxy smoothing and inconsistent background texture detail.
a pumpkin with a candle in it,stable-diffusion/014-4.png,14,0.402083395172327,0.345858357967839,0.396816900251874,2,2,2,2,1,A glowing orange pumpkin-headed figure occupies a blurred outdoor setting. The subject's facial features are malformed and lack any readable structural definition. Extreme blur and flat textures obscure all fine details globally.
a pumpkin with a candle in it,Unidiffuser/014-1.png,14,0.6241923336966191,0.582996928482001,0.600153909630524,3,3,3,2,1,A lit candle inside a small pumpkin holder sits before a large pumpkin. The subject's segmented form is recognizable but features unnaturally fused boundaries. Background surfaces show repetitive grain and weak organic texture variation.
a pumpkin with a candle in it,Unidiffuser/014-2.png,14,0.409162247916498,0.447062430025576,0.458200171631766,1,2,1,3,3,"A centered glowing red object with a small flame sits in darkness. The subject lacks defined geometry and appears as a soft, indistinct luminous mass. Severe blur and oversmoothing flatten all visual detail."
a pumpkin with a candle in it,Unidiffuser/014-3.png,14,0.590565211059119,0.56091993760875,0.4698054310112269,3,3,2,3,2,A photorealistic still life shows a large orange pumpkin beside a lit candle. The pumpkin displays vertical surface smudging and a structurally simplified stem. Surfaces show repetitive texture patterns and softened fine detail.
a pumpkin with a candle in it,Unidiffuser/014-4.png,14,0.574624873622941,0.551093613503287,0.505004627134664,3,3,3,3,3,A photorealistic still life depicts an orange pumpkin next to two glowing candles. The subjects are structurally coherent despite minor fusion at the candle bases. Surfaces exhibit mild waxiness and softened detail definition.
A bowl of Chicken Pho,Controlnet/015-1.png,15,0.575326926849508,0.598074476416163,0.54531325351229,3,3,3,2,2,A top-down shot captures a bowl of chicken noodle soup with garnishes. Chicken slices show structural fragmentation and fusion with the surrounding noodles. Surfaces display waxy textures and softened boundaries between ingredients.
A bowl of Chicken Pho,Controlnet/015-2.png,15,0.610402250782548,0.644769653117409,0.572976912288998,4,4,4,3,3,An overhead view depicts a bowl of chicken pho with fresh garnishes. The chicken components exhibit significant structural fusion and malformed biological geometry. Textures across the scene appear artificially smooth with flattened micro-details.
A bowl of Chicken Pho,Controlnet/015-3.png,15,0.600520888559604,0.657142817451325,0.578870719721167,4,4,4,3,1,A high-angle close-up captures a bowl of noodle soup with fresh garnishes. Meat slices and a red pepper show clear shape distortion and fusion. Ceramic surfaces reveal faint repetitive texturing and waxy smoothing.
A bowl of Chicken Pho,Controlnet/015-4.png,15,0.613981600151597,0.550892180248968,0.568821698629858,4,4,4,3,3,A top-down shot captures a bowl of noodle soup with fresh garnishes. Ingredients are clear but exhibit minor structural fusion and unnatural edge transitions. Surfaces show mild waxiness and inconsistent local lighting details.
A bowl of Chicken Pho,DALLE/015-1.png,15,0.6477856385267929,0.647932667297777,0.6019966821749559,4,4,4,3,2,"An overhead view shows a bowl of chicken noodle soup with garnish. Noodles appear fused and malformed while chicken slices show waxy, unnatural geometry. Textures are oversmoothed with weak edge definition."
A bowl of Chicken Pho,DALLE/015-2.png,15,0.542138874488158,0.5593462203108011,0.548331221705081,4,4,4,3,3,A close-up view shows a white bowl of chicken noodle soup with toppings. Sliced chicken pieces exhibit distorted shapes and unnatural fusion with the green onion garnish. Waxy textures and softened details diminish the visual clarity.
A bowl of Chicken Pho,DALLE/015-3.png,15,0.576936390902698,0.550717825889873,0.5960971750581731,4,4,4,3,3,A close-up shows a bowl of chicken soup with green onions. Chicken slices and garnishes exhibit unnatural shapes and lack physical weight. Textures appear waxy and edges show inconsistent definition throughout the image.
A bowl of Chicken Pho,DALLE/015-4.png,15,0.609427426545604,0.63990190466491,0.602177538324841,4,4,4,3,2,"A close-up view captures a white bowl of chicken pho on a wooden surface. Chicken slices display unnatural fibrous textures and fused edges in the broth. Overall textures appear waxy and soft, lacking fine edge definition."
A bowl of Chicken Pho,Glide/015-1.png,15,0.377094126920374,0.487802730875339,0.4831016870807769,1,2,2,3,3,"A close-up shot features a bowl of soup containing meatballs and herbs. Severe blurring distorts the subject, making ingredient boundaries and textures unclear. Widespread softness flattens details and reduces edge definition."
A bowl of Chicken Pho,Glide/015-2.png,15,0.456615829904041,0.476190683696756,0.517545493875805,2,3,3,3,3,A close-up view shows a white patterned bowl containing green soup. The leafy topping lacks coherent structure and appears as melted green masses. Pervasive blurring and waxy surfaces degrade overall image clarity.
A bowl of Chicken Pho,Glide/015-3.png,15,0.360329108757142,0.486695526836506,0.466156304274653,1,3,3,2,2,A blurry image shows a white bowl of noodle soup and green herbs. The subject is recognizable but lacks distinct structural detail for its components. Severe global blur flattens textures and softens boundaries.
A bowl of Chicken Pho,Glide/015-4.png,15,0.371704886115769,0.5218044877668919,0.519122428838124,2,3,4,3,3,"A blurry close-up captures a white bowl of soup on a wooden surface. Ingredients appear as a distorted, fused mass lacking clear internal geometry. Extreme oversmoothing removes texture and edge definition across the scene."
A bowl of Chicken Pho,Lafite/015-1.png,15,0.396697041173335,0.389356475036036,0.442953993338427,2,3,4,2,3,"Overhead shot of a bowl of vegetables on a table in a painterly style. The subject's structure is fused and malformed, lacking clear component definition. Global oversmoothing creates waxy textures and blurs all fine details."
A bowl of Chicken Pho,Lafite/015-2.png,15,0.352955930327317,0.362366068397484,0.419101301345335,2,3,3,1,3,A blurry overhead view shows a bowl of noodles with a watermark. The food ingredients are completely melted together without discernible structure. Severe global blur and softness eliminate all fine texture and edges.
A bowl of Chicken Pho,Lafite/015-3.png,15,0.413643222139777,0.390511117581147,0.455595129916343,3,2,3,2,2,A blurry close-up captures a white bowl containing indistinct food ingredients. The subject's structure is severely malformed with fused and unreadable organic textures. Heavy global blur and waxy smoothing destroy all surface detail.
A bowl of Chicken Pho,Lafite/015-4.png,15,0.421526323794615,0.401569871674098,0.4647055166733549,3,3,3,2,3,A painterly close-up shows a white bowl filled with sliced vegetables on a surface. The food contents are fused into structurally incoherent masses lacking clear definition. Textures are waxy and oversmoothed with weak edge definition.
A bowl of Chicken Pho,stable-diffusion/015-1.png,15,0.4392017890643099,0.443183444779234,0.513238192194886,3,3,3,3,3,A close-up shot presents a bowl of chicken noodle soup with herbs. Ingredients are semantically clear but show waxy textures and soft organic boundaries. Extreme global blur and oversmoothing obscure all fine surface details.
A bowl of Chicken Pho,stable-diffusion/015-2.png,15,0.623798424890212,0.56528579567388,0.560981126392686,3,3,3,3,3,A top-down view displays a bowl of noodle soup with herbs and lime. The meat and noodles show unnatural shapes and fused structural inconsistencies. Surfaces exhibit waxy oversmoothing with weakened fine details.
A bowl of Chicken Pho,stable-diffusion/015-3.png,15,0.579853353450309,0.579642503248592,0.5353635290405451,3,4,4,3,3,A top-down view shows a bowl of chicken noodle soup on wood. The chicken pieces are malformed and fused with unclear fibrous structure. Surfaces exhibit waxy textures and softened edge definition throughout.
A bowl of Chicken Pho,stable-diffusion/015-4.png,15,0.583554558992737,0.553614524260296,0.557646383001032,3,4,3,2,2,A close-up shot captures a photorealistic bowl of pho with fresh toppings. The food subject is structurally coherent and easily recognizable as a complete meal. Subtle oversmoothing affects the broth while leaf textures appear artificially repetitive.
A bowl of Chicken Pho,Unidiffuser/015-1.png,15,0.5492954483249219,0.543699244902901,0.51868708134219,4,4,4,2,3,A close-up shot features a bowl of red soup with meat and lime. The meat components appear structurally fused and lack clear anatomical definition. Textures appear waxy with softened edges and minor detail loss.
A bowl of Chicken Pho,Unidiffuser/015-2.png,15,0.605387730485096,0.589749009347376,0.57039540312153,2,3,3,2,2,"A close-up shot shows a bowl of soup with shredded meat and herbs. Soup ingredients appear malformed and fused with inconsistent geometry and unnatural textures. The image exhibits heavy oversmoothing, waxy textures, and blurred background details."
A bowl of Chicken Pho,Unidiffuser/015-3.png,15,0.354445557017323,0.341535304891631,0.34590580891112,1,1,2,1,2,A close-up view captures a heavily blurred bowl of colorful food. The food components are malformed and fused into an indistinct colorful mass. Extreme oversmoothing and blur obscure all surface textures and boundaries.
A bowl of Chicken Pho,Unidiffuser/015-4.png,15,0.585559023904741,0.5650788602850461,0.526081947723202,4,4,4,3,3,"A top-down view shows a bowl of noodle soup with herbs and lime. The ingredients appear cluttered and fused, lacking clear separation between components. It shows softness, flat textures, and inconsistent lighting."
A heart made of chocolate,Controlnet/016-1.png,16,0.622177764015495,0.5675662423511451,0.5567138839378241,4,4,4,3,3,"A heart shape of many small textured seeds on a plain gray background. The subject structure is stable, though individual components show minor morphological inconsistencies. Textures reveal repetitive patterns and pseudo-detailing throughout the dense assembly."
A heart made of chocolate,Controlnet/016-2.png,16,0.602448301657695,0.609886329673785,0.560604647716866,4,4,4,3,3,"An overhead view captures a heart-shaped arrangement of assorted candies on a dark surface. The subject is structurally coherent, but several pieces feature illegible symbols and fused boundaries. Surfaces show slight waxiness and repetitive micro-patterns."
A heart made of chocolate,Controlnet/016-3.png,16,0.647237639443223,0.618432992016436,0.610732246951607,4,4,3,3,2,A heart-shaped box of assorted chocolates and a layered pastry sit on a neutral surface. Recognizable chocolates display illegible pseudo-text and structurally malformed decorative icing patterns. Surfaces exhibit subtle oversmoothing and weak fine-grained texture.
A heart made of chocolate,Controlnet/016-4.png,16,0.585584856772401,0.620153463731548,0.622192198954549,4,4,3,3,3,A top-down view features a heart-shaped chocolate dessert on a plain background. The subject is clear while scattered toppings show minor malformations and fusion. Textures exhibit waxy oversmoothing and lack natural surface micro-detail.
A heart made of chocolate,DALLE/016-1.png,16,0.547425139422742,0.5450744258818829,0.552238619208936,3,3,2,3,3,A centered heart-shaped chocolate on a white background under soft lighting. The subject maintains coherent geometry and high semantic readability without distortion. Surfaces show subtle waxy smoothing and faint pseudo-detail artifacts on the chocolate.
A heart made of chocolate,DALLE/016-2.png,16,0.533307708872313,0.542038224186262,0.504320401460838,4,4,4,3,3,Glossy brown liquid forms the text I love on a white surface. The liquid strokes are structurally coherent and semantically readable as symbols. Textures and edges show no dominant local artifact.
A heart made of chocolate,DALLE/016-3.png,16,0.575403467078694,0.602569024008508,0.542645273146884,3,3,3,3,2,A photorealistic heart-shaped chocolate rests on a white background under soft lighting. The subject's inner cavity shows a fused geometric anomaly and messy textural detail. Surfaces display grainy pseudo-detail and softened edge transitions.
A heart made of chocolate,DALLE/016-4.png,16,0.549770767244127,0.5774272645669251,0.571118931413379,4,4,4,3,3,A heart-shaped chocolate and two round pieces sit on a light wooden surface. Subject forms are coherent and structurally stable with high semantic readability. Background texture shows slight repetition and soft shadow edge definition.
A heart made of chocolate,Glide/016-1.png,16,0.3924153346919199,0.417339222763939,0.410931624582083,2,2,2,2,1,A centered red textured heart shape on a plain white background. Internal text-like patterns are severely distorted and semantically illegible within the shape. Global softness and melted edge boundaries reduce overall image clarity.
A heart made of chocolate,Glide/016-2.png,16,0.439974364943837,0.494202339841123,0.447393297665097,1,2,2,2,2,A 3D-rendered heart-shaped object contains a dark geometric center on a white background. The subject is clear but exhibits unnatural internal geometry and fused layering. Waxy surfaces and softened edges reduce overall definition.
A heart made of chocolate,Glide/016-3.png,16,0.433514663765412,0.530746669707496,0.549058954795367,2,3,2,2,3,A close-up shows a glossy heart-shaped chocolate on a white background. Malformed ribbon-like textures on the top surface reduce semantic readability. Heavy global blur and softness obscure fine details and soften edges.
A heart made of chocolate,Glide/016-4.png,16,0.459582696370223,0.534558112092713,0.549600508735378,2,3,2,2,3,A close-up of a red and brown heart-shaped object on a light background. The subject is structurally coherent and clearly recognizable as a heart shape. Heavy global blurring softens edges and flattens surface texture details.
A heart made of chocolate,Lafite/016-1.png,16,0.5078853195420701,0.497338929449041,0.531535643054892,3,3,3,3,3,A centered close-up features a textured heart-shaped object on a dark background. The subject's internal structure lacks physical coherence due to inconsistent material transitions. Heavy pseudo-detail textures and softened edges reduce perceptual clarity.
A heart made of chocolate,Lafite/016-2.png,16,0.548900948900709,0.491936008158762,0.540717520353858,3,3,3,3,3,A close-up shows a textured heart-shaped object on a dark background. The central region exhibits malformed internal geometry and excessive visual noise. Soft focus and waxy textures reduce global perceptual clarity.
A heart made of chocolate,Lafite/016-3.png,16,0.430226424503945,0.478600308515639,0.519102344409591,4,4,4,3,3,"A close-up view captures a textured heart-shaped object on a dark surface. The subject is coherent yet marred by confusing textures and a malformed inner mark. Heavy blur, noise, and muddy textures obscure fine details."
A heart made of chocolate,Lafite/016-4.png,16,0.479261037326765,0.499927611350492,0.497905301416992,3,3,2,3,3,"A close-up captures a rough-textured heart-shaped object against a dark backdrop. The subject's geometry is stable while its surface details appear visually confusing. Prominent grain, waxy textures, and softened boundaries reduce fine detail definition."
A heart made of chocolate,stable-diffusion/016-1.png,16,0.628560773357057,0.645485625990773,0.634613363843346,4,4,4,3,3,A heart-shaped box of chocolates sits on a red striped cloth. Individual chocolates are well-formed yet some decorative patterns are semantically unclear. Global textures look waxy and edges lack sharp definition.
A heart made of chocolate,stable-diffusion/016-2.png,16,0.372008874972985,0.400943999288141,0.467181599882541,3,2,3,3,2,"A dense close-up of numerous small heart-shaped objects in brown and white. Many hearts are fused or malformed within the crowded, overlapping arrangement. Surfaces show softened edges and a pervasive waxy texture."
A heart made of chocolate,stable-diffusion/016-3.png,16,0.671201443132867,0.662598183818556,0.645673554010165,4,4,4,3,3,A heart-shaped chocolate box and a single heart on a plain surface. Decorations appear as malformed scribbles and illegible pseudo-text on the chocolates. Surfaces show a waxy texture with noticeable global softness.
A heart made of chocolate,stable-diffusion/016-4.png,16,0.5612335678132689,0.566793541941312,0.5761137249381,4,4,4,3,3,"A top-down shot features a heart-shaped chocolate dessert with assorted candy toppings. The main shape is coherent, though individual chocolate bits exhibit distorted logos. Surfaces show waxy textures and softened fine detail."
A heart made of chocolate,Unidiffuser/016-1.png,16,0.4062215762685779,0.4066408747750549,0.401940162013463,2,3,2,2,2,A centered red heart shape rests on a soft-focus background. The subject is symmetric and geometrically sound with smooth contours. Extreme blur flattens texture and obscures all fine details.
A heart made of chocolate,Unidiffuser/016-2.png,16,0.559157846453161,0.593456109772553,0.590393318757206,3,3,2,2,3,A centered heart-shaped chocolate features a complex geometric pattern on a plain background. The subject's surface geometry is warped and fused into a structurally implausible lattice. Textures show waxy surfaces and inconsistent shadow depth.
A heart made of chocolate,Unidiffuser/016-3.png,16,0.542053037287231,0.523144287511573,0.560586613121245,3,3,2,3,3,"A close-up shot shows a glossy heart-shaped chocolate on cocoa powder. Internal contents appear as indistinct, malformed shapes lacking clear semantic definition. Background textures show repetitive patterns while surfaces exhibit slight waxy smoothing."
A heart made of chocolate,Unidiffuser/016-4.png,16,0.488826895599156,0.462162404405341,0.477749406640267,3,3,2,3,3,A heart-shaped arrangement of artificial fingernails sits on a dark textured surface. Individual nails are recognizable but exhibit minor geometric inconsistencies and simplified tip details. Surfaces appear slightly waxy with softened edges and flat background texture.
a coffee table with a magazine on it,Controlnet/017-1.png,17,0.67766271218715,0.626087905220975,0.612905243893121,4,3,4,3,2,"A photorealistic living room shows a coffee table with flowers and magazines. The subject is structurally sound, but printed media contains illegible pseudo-text. Fine textures appear slightly softened and lack sharp local definition."
a coffee table with a magazine on it,Controlnet/017-2.png,17,0.6118345054969521,0.545878573958408,0.5375326183236541,3,3,2,2,3,"A photorealistic image shows a coffee table with magazines in a living room. The table structure is coherent, but magazine covers display illegible pseudo-text. Metal surfaces appear waxy and fine details are softened."
a coffee table with a magazine on it,Controlnet/017-3.png,17,0.6037998385073471,0.574614246250515,0.573730213264269,4,4,4,3,2,A white coffee table holds open magazines in a modern living room. Magazine layouts contain distorted pseudo-text and semantically unreadable image fragments. Textures show subtle oversmoothing and softened edge definition.
a coffee table with a magazine on it,Controlnet/017-4.png,17,0.634817927747315,0.6082270825395389,0.584952692262997,3,3,3,1,3,"A modern wooden coffee table with magazines sits before a grey sofa. The central table structure is coherent, while magazine stacks show geometric warping. Textures show subtle repetition and softened edge definition."
a coffee table with a magazine on it,DALLE/017-1.png,17,0.585556542602781,0.589324761732383,0.5398702639683239,4,4,4,3,3,A photorealistic high-angle shot shows a book and vase on a table. The book's cover text is illegible gibberish while dried plants lack structural definition. Global oversmoothing reduces texture sharpness across the scene.
a coffee table with a magazine on it,DALLE/017-2.png,17,0.542873367136905,0.558381910678842,0.576210795769763,3,3,2,3,3,A photorealistic high-angle shot captures an open magazine on a wooden table. The open magazine displays distorted page contents and illegible pseudo-text blocks. Textures appear waxy and background details are overly smoothed.
a coffee table with a magazine on it,DALLE/017-3.png,17,0.6624551221135521,0.6831375553616159,0.695264711703544,4,4,4,2,3,"A photorealistic magazine rests on a white marble table with a gold rim. The magazine features illegible text and fused, unrecognizable photographic content. Distant surfaces show heavy blur and loss of fine detail."
a coffee table with a magazine on it,DALLE/017-4.png,17,0.455865791128535,0.538113077125222,0.575950252869073,3,3,3,3,3,A photorealistic high-angle shot captures a magazine on a glass table. The printed text on the subject is illegible and structurally broken. Global textures appear slightly waxy with softened fine details.
a coffee table with a magazine on it,Glide/017-1.png,17,0.397656777190398,0.450896480153704,0.467675124685857,2,2,2,2,3,A blurry digital image shows a table and chair against an orange background. Furniture forms are clear but tabletop items remain semantically illegible and distorted. Heavy global oversmoothing removes all texture detail and sharp edge definitions.
a coffee table with a magazine on it,Glide/017-2.png,17,0.39190248298701,0.473445487877917,0.4344773327024059,2,2,2,2,2,A blurry photograph captures a wooden table with papers in a room. The table structure is coherent despite extreme blurring of surface items. Global oversmoothing eliminates texture and renders all boundaries indistinctly soft.
a coffee table with a magazine on it,Glide/017-3.png,17,0.373550759359804,0.423727530009705,0.407350615011507,3,3,2,3,2,A partially cropped white cup sits atop a warped wooden table surface. The wood grain structure is incoherent featuring smeared and overlapping texture lines. Image-wide blur significantly reduces detail clarity and edge definition.
a coffee table with a magazine on it,Glide/017-4.png,17,0.431402464775593,0.497004118817321,0.4628163105817039,4,4,3,2,3,A low wooden coffee table on a plain white background in 3D style. The table geometry is simple but features indistinct leg connections and melted boundaries. Global sharpness is poor with flat textures and softened edges.
a coffee table with a magazine on it,Lafite/017-1.png,17,0.397385827338291,0.396419401439145,0.382409060721124,3,2,3,2,1,"A close-up of a heavily distorted wooden object in warm indoor lighting. The subject structure is malformed and fused, lacking any clear geometric logic. Extreme global blur and oversmoothing obscure all textural details."
a coffee table with a magazine on it,Lafite/017-2.png,17,0.4403807343864699,0.425074767175587,0.46129124655339,2,2,2,2,2,"A blurred, distorted hybrid object sits in a dimly lit interior. The subject's structure is severely malformed with fused and warped components. Global blur and waxy textures obscure all fine surface details."
a coffee table with a magazine on it,Lafite/017-3.png,17,0.453198634591564,0.41141982604614,0.439398816961561,1,1,2,1,1,A distorted wooden object sits in a softly lit indoor setting. The subject's anatomy is severely warped with fused and broken geometric components. Extreme blur and oversmoothing eliminate all fine details and sharp edges.
a coffee table with a magazine on it,Lafite/017-4.png,17,0.427078744991064,0.443745962982336,0.443659125449759,3,2,3,1,1,A distorted piece of furniture sits on a wooden floor indoors. The subject exhibits severe geometric warping and fused structural components. Global oversmoothing produces waxy textures and blurred edges everywhere.
a coffee table with a magazine on it,stable-diffusion/017-1.png,17,0.671652055749973,0.606234883842549,0.594744947052722,4,4,4,3,3,A photorealistic living room scene shows a coffee table with flowers and magazines. Magazine text is illegible and flower petals show subtle fusion distortions. Background elements appear softened with slightly repetitive texture patterns.
a coffee table with a magazine on it,stable-diffusion/017-2.png,17,0.39644688043427,0.434051581180476,0.5145274184764029,1,3,2,2,3,A warped wooden coffee table holds a plant and books near a sofa. The table structure is malformed with fused items and unstable geometry. Global blur flattens textures and obscures object boundaries.
a coffee table with a magazine on it,stable-diffusion/017-3.png,17,0.604098213364384,0.607205777448678,0.547995504012198,4,4,4,3,3,"A wooden coffee table with magazines sits in a living room setting. The table frame is intact, while the reading materials are severely distorted. Pervasive softness and pseudo-details degrade the overall perceptual realism."
a coffee table with a magazine on it,stable-diffusion/017-4.png,17,0.577973203685985,0.5608621542469799,0.556095696593549,3,3,3,3,2,"A wooden coffee table filled with magazines sits before a beige sofa. The furniture structure is mostly coherent, but printed text is illegible. Image details show noticeable softening and flattened surface textures."
a coffee table with a magazine on it,Unidiffuser/017-1.png,17,0.5570931741594299,0.564172079479438,0.564048755963462,4,4,4,3,3,"A wooden coffee table with magazines sits on a carpeted floor. The tabletop contains a geometrically impossible slot, and text is illegible. Background textures are flat with softened edge definitions."
a coffee table with a magazine on it,Unidiffuser/017-2.png,17,0.573403263541161,0.530185852587553,0.509047213951463,4,4,4,2,2,A high-angle shot features a wooden coffee table with magazines and a teacup. Magazine covers display unreadable gibberish text and warped photographic elements. Lower shelf is blurred and textures appear overly smooth.
a coffee table with a magazine on it,Unidiffuser/017-3.png,17,0.433750676681993,0.452392548856083,0.458594628523595,2,2,2,2,3,A blurry close-up shows a round glass table near an orange sofa. Surface objects are warped into a structurally incoherent and unreadable mass. Heavy motion-like blur and edge smearing eliminate all fine surface texture.
a coffee table with a magazine on it,Unidiffuser/017-4.png,17,0.573924096928987,0.535639005899608,0.487164069150763,4,4,3,2,3,A black storage box sits on a rug near a blue sofa. The subject features illegible text and structurally warped side compartments. Global textures exhibit mild oversmoothing and repetitive fiber patterns.
Sunset over the sea,Controlnet/018-1.png,18,0.6462212529022879,0.564038800368169,0.619329256911129,3,4,4,3,3,A centered photorealistic sunset features a glowing sun over a calm ocean. The solar disc and reflection maintain stable geometry and semantic clarity. Subtle repetitive textures and softened details affect the water surface.
Sunset over the sea,Controlnet/018-2.png,18,0.509163646771356,0.4804806267732669,0.537040283951323,2,2,3,3,3,A digital painting depicts a vibrant sunset over a calm ocean beach. The seascape composition is structurally stable with clear semantic readability. Textures show consistent painterly strokes without dominant local artifacts.
Sunset over the sea,Controlnet/018-3.png,18,0.576338574958021,0.557908172499854,0.622575637546515,2,2,2,3,3,A watercolor painting depicts a sunset over an ocean and sandy beach. The subject is recognizable despite some distorted light streaks on the water. Textures show mild oversmoothing and lack of sharp edge definition.
Sunset over the sea,Controlnet/018-4.png,18,0.526389854824852,0.485681235702578,0.567794289181662,2,2,2,2,3,An abstract painting shows vibrant horizontal bands of sunset colors. The layered color structure remains coherent without visible geometric errors. Smooth textures display minor oversmoothing in fine detail regions.
Sunset over the sea,DALLE/018-1.png,18,0.611199459672821,0.6386645959239501,0.637283417879269,3,3,3,3,3,"A photorealistic sunset over a rippling ocean with warm orange lighting. The sun is stable, but foreground wave structures appear visually fused. Water textures display mild smoothing and repetitive pseudo-detail patterns."
Sunset over the sea,DALLE/018-2.png,18,0.671944934745141,0.636681625605546,0.678176665002168,4,4,4,3,3,A photorealistic sunset scene features a glowing sun over mountains and water. Sun and cloud formations show minor distortions but remain structurally stable. Water textures show repetitive patterns and some edges appear overly smoothed.
Sunset over the sea,DALLE/018-3.png,18,0.588041497096308,0.555732471791924,0.5995894662764311,4,4,4,2,3,"A photorealistic sunset shows a glowing sun over a calm ocean horizon. The subject structure is stable, though the solar disk appears slightly malformed. Significant oversmoothing and flat textures diminish the water's natural surface detail."
Sunset over the sea,DALLE/018-4.png,18,0.581108163545705,0.5552551513531899,0.510366970897374,4,4,4,3,2,"A photorealistic sunset shows a bright sun behind dark mountain silhouettes. The subject structure is stable, though the sun core appears softened. Global textures exhibit noticeable oversmoothing and weak edge definition."
Sunset over the sea,Glide/018-1.png,18,0.494703602133127,0.5898308405446879,0.609626528702262,3,3,3,3,3,A blurred sunset over a dark flat horizon under an orange sky. The central sun and horizon line remain structurally coherent despite heavy blurring. Extreme global oversmoothing removes all fine details and edge definition.
Sunset over the sea,Glide/018-2.png,18,0.467297616218813,0.557880808417631,0.5749725908004301,4,4,4,3,3,A blurry sunset scene displays a bright sun reflecting on water. The sun and its reflection maintain basic geometric coherence despite blurring. Heavy global smoothing eliminates all fine texture and sharp edge definition.
Sunset over the sea,Glide/018-3.png,18,0.479897412734147,0.554722016418879,0.632166866237416,2,3,3,3,3,A soft-focus photograph captures a glowing sunset over a dark ocean. The central sun and its reflection remain structurally stable and semantically clear. Heavy global blur masks all fine surface details.
Sunset over the sea,Glide/018-4.png,18,0.4694660808483379,0.575826826262148,0.541528497400966,3,2,2,3,3,A blurry sunset photograph shows a bright sun over a dark ocean. The sun and horizon structure remain geometrically coherent despite extreme blurriness. Severe global blur and oversmoothing flatten textures and soften all edges.
Sunset over the sea,Lafite/018-1.png,18,0.458102314055257,0.5316932238394511,0.582677705176344,2,3,3,3,3,"A photorealistic sunset over a calm ocean horizon under warm lighting. The scene structure is stable, though the water surface lacks clear texture. Significant global blur and oversmoothing reduce detail across the entire frame."
Sunset over the sea,Lafite/018-2.png,18,0.561244849635452,0.612340544258451,0.659339987893113,2,3,2,3,3,A blurry sunset over a calm ocean with warm orange tones. The sun's structure is coherent but lacks crisp geometric definition. Heavy oversmoothing and weak texture detail affect the entire image.
Sunset over the sea,Lafite/018-3.png,18,0.491419095869234,0.520191190756758,0.562357215788722,2,3,2,3,3,A photorealistic sunset over a calm ocean under a warm orange sky. The ocean surface displays repetitive ripple patterns with softened structural definition. Global textures appear waxy and lack sharp edge definition everywhere.
Sunset over the sea,Lafite/018-4.png,18,0.500453359532714,0.6448994592926449,0.660375756007488,2,3,3,3,3,A blurry sunset over a calm ocean with warm orange tones. The horizon and sun are recognizable but lack sharp definition. Water textures appear repetitive and edges are heavily softened.
Sunset over the sea,stable-diffusion/018-1.png,18,0.7076743054693599,0.6853145513974781,0.669833667657455,4,4,4,3,3,A photorealistic sunset displays a glowing sun over a calm ocean horizon. The sun's reflection appears as a rigid vertical pillar lacking fluidity. Widespread oversmoothing flattens textures across the entire water surface and sky.
Sunset over the sea,stable-diffusion/018-2.png,18,0.6444139881403881,0.61416175526927,0.66074117163865,4,4,4,3,3,"A photorealistic sunset over a calm ocean features vibrant colors and a centered sun. The horizon and sun reflection are structurally coherent, ensuring clear semantic readability. Distant water shows slight oversmoothing and flattened texture details."
Sunset over the sea,stable-diffusion/018-3.png,18,0.387282351936753,0.402337777690387,0.4069976805308,2,2,2,1,2,A hazy digital painting shows a tree on a shore at dusk. The subject is an indistinct silhouette lacking any internal structural detail. Widespread blurring flattens textures and obscures edges.
Sunset over the sea,stable-diffusion/018-4.png,18,0.599551271462235,0.55466929617002,0.602903263795617,3,3,3,3,3,"A centered photorealistic sunset over a calm ocean under a vibrant sky. The sun is coherent, while the sea surface lacks natural complexity. Heavy oversmoothing flattens textures and softens fine details."
Sunset over the sea,Unidiffuser/018-1.png,18,0.498862836873808,0.508065365578486,0.559553793647586,2,2,2,3,3,"An abstract blurred landscape features a vibrant sky over a granular surface. The subject's structure is indistinct, with a repetitive and semantically unclear texture. Significant global blur obscures details while creating artificial surface patterns."
Sunset over the sea,Unidiffuser/018-2.png,18,0.565175224913374,0.554017595359184,0.499791767405515,3,3,3,3,2,A sunset sky features layered horizontal clouds in warm orange tones. Cloud structures are recognizable but suffer from significant blurring and smearing. The image exhibits pervasive softness and noticeable digital noise throughout.
Sunset over the sea,Unidiffuser/018-3.png,18,0.58707427938303,0.5854976129188271,0.559806400281659,3,3,3,3,3,A vibrant sunset scene depicts ocean waves beneath a dark horizon line. The horizon interface lacks natural gradient and wave forms are overly smoothed. Textures appear waxy with repetitive patterns in the water surface.
Sunset over the sea,Unidiffuser/018-4.png,18,0.7169939636902041,0.6283261308985341,0.706188032814955,4,3,4,3,3,A photorealistic sunset over a calm ocean horizon under warm orange light. The ocean surface features repetitive horizontal ripples and lacks coherent wave geometry. Fine details appear smoothed and textures show repetitive patterns throughout.
a grandmother reading a book to her grandson and granddaughter,Controlnet/021-1.png,21,0.4903229136739619,0.4345524579184679,0.405449983346535,2,3,3,2,1,"A digital painting shows two elderly women reading a book outdoors. The main subject's hands and facial features are malformed with fused fingers. Global oversmoothing creates flat, waxy textures lacking fine detail."
a grandmother reading a book to her grandson and granddaughter,Controlnet/021-2.png,21,0.5357495661202649,0.477249602839529,0.468439696111898,2,2,2,1,2,Two elderly women and a child sit together reading a book indoors. Human anatomy shows severe distortion in hands and facial regions. Global textures lack definition with noticeable waxiness and blurring.
a grandmother reading a book to her grandson and granddaughter,Controlnet/021-3.png,21,0.467329954056687,0.4169662496253499,0.401383309992552,3,3,3,2,2,A photorealistic image shows an elderly woman and two children viewing a book. The dark-haired child displays severe facial distortion and malformed hand anatomy. Skin appears waxy and edges show noticeable softening.
a grandmother reading a book to her grandson and granddaughter,Controlnet/021-4.png,21,0.53472893640423,0.4733142949997709,0.458977577213721,3,4,4,2,2,Two elderly women and a boy sit on a sofa reading picture books. Hands are severely malformed with fused fingers while facial features show distortion. Skin textures appear waxy and background details lack sharp definition.
a grandmother reading a book to her grandson and granddaughter,DALLE/021-1.png,21,0.607582548063682,0.541173286659182,0.530953859053719,3,3,3,2,2,An elderly woman and two children read a book on a couch. Facial features and hand anatomy exhibit subtle distortion and lack clarity. Skin appears waxy and details are softened by heavy smoothing.
a grandmother reading a book to her grandson and granddaughter,DALLE/021-2.png,21,0.6475579439485151,0.577285314517608,0.6543467017019551,4,4,3,2,3,A photorealistic portrait depicts an older woman and two children viewing a book. The hands interacting with the book are severely distorted and anatomically broken. Skin surfaces show a waxy quality with softened micro-textures.
a grandmother reading a book to her grandson and granddaughter,DALLE/021-3.png,21,0.579771253200301,0.596244253202045,0.620071316985266,4,4,4,3,3,"A photorealistic image shows an older woman and two children reading a book. Subjects are structurally stable, though facial features and hands show flaws. Textures appear waxy and oversmoothed with soft edges and flat surfaces."
a grandmother reading a book to her grandson and granddaughter,DALLE/021-4.png,21,0.572682568762458,0.5984487279437181,0.600242804219063,3,3,3,2,3,"An elderly woman and two children sit on a sofa reading a book. Subjects' hands are severely malformed and fused, and faces show subtle distortion. Textures appear waxy and details are softened across the image."
a grandmother reading a book to her grandson and granddaughter,Glide/021-1.png,21,0.330507440214053,0.40082057605444,0.362863159860107,2,2,2,3,1,An open notebook displays handwritten text and a faint pink mark on lined paper. The script is illegible with characters lacking clear structural form. Heavy blur and low resolution flatten textures.
a grandmother reading a book to her grandson and granddaughter,Glide/021-2.png,21,0.334570194087178,0.434284387387453,0.348219763451573,1,2,1,3,1,A blurry overhead view captures an open book on a neutral background. The text areas are filled with illegible pseudo-characters that lack semantic sense. Significant blur and softening obscure all fine textures and edges.
a grandmother reading a book to her grandson and granddaughter,Glide/021-3.png,21,0.430516701509731,0.488537344862006,0.41226548673081,2,1,2,3,1,"A close-up shows an open book with pages of illegible text. The book's geometry is plausible, yet all textual content is semantically void. Extreme blur and softness eliminate all fine texture detail."
a grandmother reading a book to her grandson and granddaughter,Glide/021-4.png,21,0.34607607234716,0.355566687966551,0.359754681686441,1,2,1,1,1,A close-up shows handwritten cursive text on aged open journal pages. The script lines are coherent but suffer from severe loss of legibility. Global softness and blur obscure all fine details across the frame.
a grandmother reading a book to her grandson and granddaughter,Lafite/021-1.png,21,0.326307420248977,0.311979482237797,0.398397507279411,3,2,2,1,2,"A close-up shows an elderly woman and a young girl viewing a book. Subjects exhibit severe facial warping, fused hands, and malformed features hindering readability. Heavy oversmoothing, blurry textures, and intrusive text overlays degrade quality."
a grandmother reading a book to her grandson and granddaughter,Lafite/021-2.png,21,0.36353662987198,0.325795494052146,0.339716418936226,2,2,1,1,1,Two young girls look down at an open book in a close-up shot. Faces and hands exhibit severe melting distortion and malformed anatomical structures. Heavy oversmoothing results in waxy textures and blurred edges everywhere.
a grandmother reading a book to her grandson and granddaughter,Lafite/021-3.png,21,0.33236006871959,0.284179392186096,0.369857640416345,1,2,1,1,3,"A close-up shows an elderly woman and a child looking at a book. Subjects display severe facial warping and structurally implausible, fused hand anatomy. Oversmoothing and ghosted text overlays degrade perceptual quality."
a grandmother reading a book to her grandson and granddaughter,Lafite/021-4.png,21,0.396519208908376,0.33306446922504,0.390824766751962,1,1,2,1,1,An elderly woman and a young girl sit closely together indoors. The subjects' faces and hands exhibit severe warping and anatomical fusion. Heavy blur and waxy skin textures affect the entire frame.
a grandmother reading a book to her grandson and granddaughter,stable-diffusion/021-1.png,21,0.543776517763355,0.538357862799478,0.4305012343512689,3,3,3,1,2,A photorealistic close-up shows an elderly woman and a young boy reading outdoors. Hand anatomy is malformed and book text is semantically illegible. Skin textures appear waxy and edges lack sharp definition.
a grandmother reading a book to her grandson and granddaughter,stable-diffusion/021-2.png,21,0.607594359201249,0.4929469125997219,0.534878045621979,3,4,4,2,3,Two elderly women and a child read a book while sitting outdoors. Subjects are clear but feature a malformed hand and a prominent mustache. Waxy skin textures and softened details reduce the overall perceptual fidelity.
a grandmother reading a book to her grandson and granddaughter,stable-diffusion/021-3.png,21,0.443686096941139,0.396168487302166,0.4404801452084719,2,2,2,2,3,A soft-focus painting depicts three seated figures on a wooden porch. The subjects show severe facial malformations and structurally ambiguous limbs. Extreme oversmoothing eliminates texture and softens every edge boundary.
a grandmother reading a book to her grandson and granddaughter,stable-diffusion/021-4.png,21,0.517828341110132,0.514906177567762,0.4655128145425509,3,3,3,1,1,Two women and a boy sit on a yellow couch reading books indoors. Subjects are recognizable but hands exhibit unnatural fusion and finger malformation. Skin textures appear waxy and background details are softly blurred.
a grandmother reading a book to her grandson and granddaughter,Unidiffuser/021-1.png,21,0.5014607947663781,0.466925702266203,0.429022490307179,3,3,3,2,2,A medium shot shows two women and a baby reading a book. The baby's face and the adults' hands display severe anatomical distortion. Textures appear waxy and oversmoothed with inconsistent lighting and weak edges.
a grandmother reading a book to her grandson and granddaughter,Unidiffuser/021-2.png,21,0.461208404709132,0.483110990410967,0.4692859570021,3,3,3,2,2,Two elderly women and a child sit together reading books in a realistic style. The subjects exhibit malformed facial features and distorted hand anatomy. Global oversmoothing creates waxy textures and softened details throughout the image.
a grandmother reading a book to her grandson and granddaughter,Unidiffuser/021-3.png,21,0.347810880949979,0.418719904390112,0.417583004966074,1,2,2,2,2,A blurry photograph shows a woman holding a device while others look on. Faces and hands show severe melting distortion obscuring natural anatomy. Heavy blurring flattens all textures and destroys edge clarity.
a grandmother reading a book to her grandson and granddaughter,Unidiffuser/021-4.png,21,0.417895044774227,0.439840626782861,0.426891283068224,2,3,2,2,1,Three women and a baby gather around an open book indoors. Facial features and hands exhibit significant blurring and anatomical distortion. Global oversmoothing and weak edge definition reduce overall detail clarity.
a blue semi-truck and its trailer jumping over a row of motorcycles. there are metal ramps on either side of the motorcycles.,Controlnet/022-1.png,22,0.6125655771310501,0.56023094957888,0.522810885806247,2,2,2,2,2,A blue semi-truck and a smaller truck are on a road. The primary subject shows coherent form but features distorted wheel geometry. Surfaces appear waxy with softened details and blurry textures.
a blue semi-truck and its trailer jumping over a row of motorcycles. there are metal ramps on either side of the motorcycles.,Controlnet/022-2.png,22,0.6172239799169099,0.522791689144543,0.505063963142577,4,3,3,2,2,A high-angle shot depicts multiple trucks on a sunlit highway. The central blue truck displays severe structural distortion and impossible anatomy. Global textures exhibit waxiness and softened edge clarity.
a blue semi-truck and its trailer jumping over a row of motorcycles. there are metal ramps on either side of the motorcycles.,Controlnet/022-3.png,22,0.487594298660916,0.392101811344997,0.3900933853163609,2,3,2,1,1,Surreal blue trucks and motorcycles occupy a sunlit mountain road scene. Vehicle structures are severely malformed with fused organic and mechanical components. Surfaces exhibit waxy textures and softened background detail definition.
a blue semi-truck and its trailer jumping over a row of motorcycles. there are metal ramps on either side of the motorcycles.,Controlnet/022-4.png,22,0.5811156598909379,0.495746833730239,0.458849625764383,4,4,4,3,3,Multiple semi-trucks travel on a wide highway beneath a cloudy sky. Background vehicles exhibit extreme structural distortion and fused cab components. Surfaces possess a waxy appearance with flat textures and soft edges.
a blue semi-truck and its trailer jumping over a row of motorcycles. there are metal ramps on either side of the motorcycles.,DALLE/022-1.png,22,0.552063827860167,0.5055175666004179,0.472619604654257,4,4,3,3,2,A blue truck and motorcycles rest on a flatbed trailer outdoors. The vehicle structures are heavily malformed with fused parts and broken geometry. Global rendering shows pervasive softness and lack of sharp textural detail.
a blue semi-truck and its trailer jumping over a row of motorcycles. there are metal ramps on either side of the motorcycles.,DALLE/022-2.png,22,0.545481612565515,0.496510802525404,0.507239675087326,4,4,3,2,2,A blue truck transports malformed robotic motorcycles up an outdoor ramp. The subjects show severe structural distortion with fused bodies and extra wheels. Background surfaces display flat textures and softened edge definitions.
a blue semi-truck and its trailer jumping over a row of motorcycles. there are metal ramps on either side of the motorcycles.,DALLE/022-3.png,22,0.523430384566554,0.5121802376326979,0.500657672379332,4,4,4,2,1,A blue semi-truck and a small car sit on a ramp in a lot. The vehicles display severe geometric warping and structurally impossible proportions. Surfaces look waxy with soft edges and inconsistent lighting details.
a blue semi-truck and its trailer jumping over a row of motorcycles. there are metal ramps on either side of the motorcycles.,DALLE/022-4.png,22,0.542593181311639,0.540504932703199,0.527338642928619,3,2,3,1,2,A blue motorcycle jumps over a large blue truck in a sunny lot. The motorcycle and background vehicles exhibit warped geometry and melted structures. Global textures appear flat and fine details are noticeably softened.
a blue semi-truck and its trailer jumping over a row of motorcycles. there are metal ramps on either side of the motorcycles.,Glide/022-1.png,22,0.406300779862716,0.4321419334444299,0.430182132683748,2,3,3,3,1,A blue pickup truck sits on a flatbed trailer in daylight. The truck's front end is malformed and its body structure is warped. The entire image suffers from significant blur and low-resolution texture.
a blue semi-truck and its trailer jumping over a row of motorcycles. there are metal ramps on either side of the motorcycles.,Glide/022-2.png,22,0.348137089441341,0.426986199668815,0.384213162908592,2,3,3,2,2,A distorted blue motorcycle sits on a paved lot near a white van. The subject shows severe malformation with fused parts and inconsistent geometry. Heavy blur and oversmoothing obscure fine details across the frame.
a blue semi-truck and its trailer jumping over a row of motorcycles. there are metal ramps on either side of the motorcycles.,Glide/022-3.png,22,0.458035373658327,0.463329982400588,0.43997374410808,2,3,3,2,2,A blurry photograph captures a blue semi-truck on an asphalt road. The vehicle's body is heavily warped and fused into the background. Significant global blur and softness eliminate most fine textural details.
a blue semi-truck and its trailer jumping over a row of motorcycles. there are metal ramps on either side of the motorcycles.,Glide/022-4.png,22,0.35301973511457,0.445172675264752,0.402777317864178,3,3,3,3,1,A blurry outdoor image captures a blue truck and a flatbed trailer. The vehicle structures are severely warped with distorted wheels and melted contours. Heavy global blur eliminates all discernible texture details.
a blue semi-truck and its trailer jumping over a row of motorcycles. there are metal ramps on either side of the motorcycles.,Lafite/022-1.png,22,0.416212602797589,0.427087070370235,0.436319039261441,2,2,2,2,3,Multiple blue semi-trucks sit in an outdoor lot under a bright sky. The vehicle structures are heavily fused and malformed with distorted wheels and cabs. Textures appear waxy and oversmoothed with weak edge definition.
a blue semi-truck and its trailer jumping over a row of motorcycles. there are metal ramps on either side of the motorcycles.,Lafite/022-2.png,22,0.3361971173088979,0.389168015607843,0.416054678298899,1,1,1,1,1,"A distorted digital image shows blue trucks parked outdoors under a clear sky. The vehicle forms are heavily fused and warped, lacking semantic readability. Global textures are waxy and melted with pervasive blur."
a blue semi-truck and its trailer jumping over a row of motorcycles. there are metal ramps on either side of the motorcycles.,Lafite/022-3.png,22,0.379210226427822,0.420019225156622,0.427906667970258,1,1,2,1,1,A distorted blue semi-truck sits on a road under a clear sky. The vehicle's body and wheels are severely fused and warped into unrecognizable shapes. Surfaces appear waxy with inconsistent lighting and softened edges.
a blue semi-truck and its trailer jumping over a row of motorcycles. there are metal ramps on either side of the motorcycles.,Lafite/022-4.png,22,0.404998843443882,0.446053454921936,0.47506499436124,1,2,1,1,2,"A cluster of blue, distorted vehicle-like forms sits under a bright sky. The subjects exhibit severe structural fusion and lack recognizable geometric coherence. Global oversmoothing and flat textures obscure fine details across the frame."
a blue semi-truck and its trailer jumping over a row of motorcycles. there are metal ramps on either side of the motorcycles.,stable-diffusion/022-1.png,22,0.457041184102072,0.4554549606279749,0.3928591582279639,4,4,3,2,2,Two semi-trucks travel on a road lined with green leafy trees. The white truck's front grille is malformed and its structure is incoherent. Heavy blur obscures details and flattens surface textures.
a blue semi-truck and its trailer jumping over a row of motorcycles. there are metal ramps on either side of the motorcycles.,stable-diffusion/022-2.png,22,0.5243672329002981,0.4475496340662859,0.4575500566586549,3,4,4,1,1,"Multiple blue trucks and trailers occupy a road surrounded by trees. Subject vehicles exhibit severe structural distortion, including fused bodies and misplaced wheels. Global textures appear flat with noticeable oversmoothing and weak detail."
a blue semi-truck and its trailer jumping over a row of motorcycles. there are metal ramps on either side of the motorcycles.,stable-diffusion/022-3.png,22,0.4011566045349329,0.419205718665262,0.394963216285509,1,2,2,2,2,A high-angle view shows rows of blue-tarped vehicles in an outdoor lot. The vehicles exhibit severe structural fusion and lack recognizable mechanical details. Global textures are overly smooth and waxy with poorly defined edges.
a blue semi-truck and its trailer jumping over a row of motorcycles. there are metal ramps on either side of the motorcycles.,stable-diffusion/022-4.png,22,0.608135810562276,0.619388871935027,0.493102345170919,3,3,3,2,1,A blue semi-truck leads a convoy on a sunlit asphalt highway. The primary subject exhibits stable structure with minor grille definition loss. Image surfaces show waxy smoothing and heavily crushed shadow detail.
a blue semi-truck and its trailer jumping over a row of motorcycles. there are metal ramps on either side of the motorcycles.,Unidiffuser/022-1.png,22,0.511008856938164,0.525286221504339,0.470292641898455,2,2,2,2,1,A photorealistic outdoor scene features a blue truck and motorcycles on a trailer. The subject exhibits severe structural fusion and malformed vehicle geometry. Surfaces appear waxy with pseudo-details and softened edges.
a blue semi-truck and its trailer jumping over a row of motorcycles. there are metal ramps on either side of the motorcycles.,Unidiffuser/022-2.png,22,0.619011603330203,0.563481603079912,0.54628644046274,4,4,4,1,2,A blue truck with a ramp sits beside a warped motorcycle on asphalt. The motorcycle's structure is severely malformed and fused with the ramp. Global blur and unclear boundaries affect the entire scene.
a blue semi-truck and its trailer jumping over a row of motorcycles. there are metal ramps on either side of the motorcycles.,Unidiffuser/022-3.png,22,0.51338156932374,0.510380669775056,0.445273632691234,3,4,2,2,2,A blue semi-truck and flatbed trailer rest on a roadside by a grassy field. The vehicle displays significant structural distortion including a malformed grille and warped geometry. Blue surfaces appear waxy while background details are softly blurred.
a blue semi-truck and its trailer jumping over a row of motorcycles. there are metal ramps on either side of the motorcycles.,Unidiffuser/022-4.png,22,0.4084557421202139,0.403652803358367,0.421708950379421,2,2,2,2,2,A distorted figure in blue rides a large blue vehicle outdoors. The subject is malformed with fused limbs and an unrecognizable face. Heavy oversmoothing flattens textures and blurs all edges.
a propaganda poster depicting a cat dressed as french emperor napoleon holding a piece of cheese,Controlnet/023-1.png,23,0.599037856524429,0.524410239085658,0.605893780946264,3,2,2,2,3,An anthropomorphic cat in a military uniform stands by a tin and a block. The subject is structurally sound but contains nonsensical facial markings and illegible text. Vintage textures show softened details and repetitive patterns.
a propaganda poster depicting a cat dressed as french emperor napoleon holding a piece of cheese,Controlnet/023-2.png,23,0.551337683271795,0.471302777752352,0.454269437063949,3,3,2,1,1,A painted portrait of a uniformed man holding a white cat and cake. Hand anatomy is malformed and the contact between subjects lacks physical plausibility. Surfaces exhibit waxy textures and softened fine details throughout.
a propaganda poster depicting a cat dressed as french emperor napoleon holding a piece of cheese,Controlnet/023-3.png,23,0.581256036288135,0.49612915130306,0.5217194379604659,3,4,2,3,2,"A stylized poster depicts a tabby cat beside a goblet containing cheese. The cat's facial features are malformed, and the text is illegible. Fur textures appear over-smoothed and lack fine structural detail."
a propaganda poster depicting a cat dressed as french emperor napoleon holding a piece of cheese,Controlnet/023-4.png,23,0.586054822025294,0.470835787045135,0.4172422919209579,3,3,2,2,1,A digital portrait shows a uniformed man holding a cat against a plain background. The cat's face is structurally warped and the hand anatomy is malformed. Textures show pervasive waxiness and oversmoothing with softened edges.
a propaganda poster depicting a cat dressed as french emperor napoleon holding a piece of cheese,DALLE/023-1.png,23,0.54431182145287,0.525338411447121,0.584356190356485,2,3,2,2,2,A stylized cat in a military uniform holds cheese against a plain background. The subject's hands and face show clear malformation and anatomical distortion. Bottom text is illegible and textures appear slightly waxy.
a propaganda poster depicting a cat dressed as french emperor napoleon holding a piece of cheese,DALLE/023-2.png,23,0.626381883802045,0.541759980066822,0.658655018369121,4,4,4,3,3,"A cat in a military uniform holds cheese and a sword in a vintage poster style. The subject is recognizable, but the hands are slightly malformed at object contact points. Lighting is inconsistent and some textures appear flat."
a propaganda poster depicting a cat dressed as french emperor napoleon holding a piece of cheese,DALLE/023-3.png,23,0.441501728616665,0.445026322260584,0.493175341820461,4,4,4,3,3,"A vintage poster displays an anthropomorphic cat in military attire against a yellow backdrop. The subject is clear but contains illegible text and irregular uniform ornamentation. Surfaces show a flat, painterly texture with softened fine details."
a propaganda poster depicting a cat dressed as french emperor napoleon holding a piece of cheese,DALLE/023-4.png,23,0.557506927045367,0.526971389295922,0.522125801346146,4,4,4,3,3,A cat in a tricorn hat holds a biscuit in a vintage poster style. The subject is structurally stable despite simplified paw anatomy and unreadable text. Textures appear smooth with visible noise along the right border.
a propaganda poster depicting a cat dressed as french emperor napoleon holding a piece of cheese,Glide/023-1.png,23,0.377503131430634,0.434670138980222,0.4297755381823179,1,2,1,1,1,A stylized black cat sits within a circular red frame on a pink background. The subject's facial features are severely distorted into an illegible fused mass. Background textures show repetitive patterns and edges lack definition.
a propaganda poster depicting a cat dressed as french emperor napoleon holding a piece of cheese,Glide/023-2.png,23,0.339588884389114,0.378891383152925,0.402078636211384,1,1,2,2,2,A blurry stylized poster displays a black dog silhouette and illegible text. The central silhouette is coherent while surrounding elements are structurally ambiguous. Severe oversmoothing flattens texture and destroys edge definition.
a propaganda poster depicting a cat dressed as french emperor napoleon holding a piece of cheese,Glide/023-3.png,23,0.399832660226446,0.437784594925648,0.397283586733417,2,2,2,2,2,"A distorted cat-like figure stands on a large block of pale butter. The subject displays severe anatomical malformation and a fused, unreadable facial area. Flat textures and illegible pseudo-text accompany softened global edge definition."
a propaganda poster depicting a cat dressed as french emperor napoleon holding a piece of cheese,Glide/023-4.png,23,0.3839996468294759,0.3922855670746339,0.392110716560708,1,1,1,1,1,A malformed brown animal figure and a cup sit on a yellow marbled background. The subject displays extreme anatomical distortion and lacks structural coherence. Global textures appear waxy with pervasive softening of fine edges.
a propaganda poster depicting a cat dressed as french emperor napoleon holding a piece of cheese,Lafite/023-1.png,23,0.3587178795996369,0.403191478728836,0.426265906664186,3,3,2,2,3,A painterly portrait of a distorted cat-like figure in a cowboy hat. The subject's anatomy is severely warped with fused limbs and multiple faces. Textures appear waxy and edges show significant softening and aliasing.
a propaganda poster depicting a cat dressed as french emperor napoleon holding a piece of cheese,Lafite/023-2.png,23,0.395938760285501,0.388528363636042,0.3812375411609799,1,2,2,1,1,A painterly image shows two distorted cat-like figures against a textured background. The main subject exhibits severe facial fusion and malformed anatomical structures. Waxy textures and softened edges accompany a prominent visual watermark.
a propaganda poster depicting a cat dressed as french emperor napoleon holding a piece of cheese,Lafite/023-3.png,23,0.442397401806892,0.401536299677917,0.433642210935182,1,2,1,2,2,A distorted oil-painted style portrait of an anthropomorphic cat in a hat. The subject's anatomy is severely malformed with fused facial features and warped body geometry. Global oversmoothing creates flat waxy textures and blurred edge definitions.
a propaganda poster depicting a cat dressed as french emperor napoleon holding a piece of cheese,Lafite/023-4.png,23,0.395555000251293,0.4079338713449509,0.43486779867914,3,2,3,1,2,An anthropomorphic cat figure stands against a textured blue background. The subject shows severe anatomical fusion and facial malformation with broken limb geometry. Textures appear waxy and grainy with softened edge definitions.
a propaganda poster depicting a cat dressed as french emperor napoleon holding a piece of cheese,stable-diffusion/023-1.png,23,0.5655374506509829,0.545135189448794,0.571272688660356,4,4,4,3,3,A stylized poster shows an upright black cat in a suit holding a yellow object. The figure is stable though hands and garment folds show minor simplification. Flat textures and unreadable text appear at the bottom.
a propaganda poster depicting a cat dressed as french emperor napoleon holding a piece of cheese,stable-diffusion/023-2.png,23,0.592009298143937,0.516312866792913,0.578045461344666,4,4,4,3,3,An anthropomorphic cat in dress holds a biscuit against a plain background. The subject has a coherent structure with clear facial features and logical clothing folds. Surfaces show a slightly flat texture with minimal visible noise.
a propaganda poster depicting a cat dressed as french emperor napoleon holding a piece of cheese,stable-diffusion/023-3.png,23,0.4704464293870329,0.487211809679289,0.479923630563612,3,4,4,2,2,"A vintage poster depicts a cat, a vase, and cheese on a red surface. The cat has malformed eyes and facial structure, and the text is illegible. Textures appear waxy and edges lack crispness."
a propaganda poster depicting a cat dressed as french emperor napoleon holding a piece of cheese,stable-diffusion/023-4.png,23,0.509889123945483,0.530017390812633,0.55077557724637,3,3,3,2,2,A stylized anthropomorphic cat stands in a painterly alleyway scene. The subject's body structure is heavily warped with malformed proportions and fused limbs. Global textures appear waxy and oversmoothed with indistinct background boundaries.
a propaganda poster depicting a cat dressed as french emperor napoleon holding a piece of cheese,Unidiffuser/023-1.png,23,0.536948908767015,0.549370035926634,0.578808273512375,3,4,4,2,2,A vintage-style poster depicts an anthropomorphic cat in uniform holding cheese. The subject displays facial distortion and malformed paws alongside illegible text. Textures appear flat with softened edge definition.
a propaganda poster depicting a cat dressed as french emperor napoleon holding a piece of cheese,Unidiffuser/023-2.png,23,0.4833409366418509,0.431344608361166,0.440348417380395,3,3,3,1,1,A stylized cat in a red fez holds a staff on blue. The subject maintains a coherent cartoon structure with minor limb ambiguity. Illegible pseudo-text and heavy grain affect the surface quality.
a propaganda poster depicting a cat dressed as french emperor napoleon holding a piece of cheese,Unidiffuser/023-3.png,23,0.525357766383503,0.529760153524485,0.563446325130178,3,3,3,2,3,"A vintage-style poster features an anthropomorphic cat in a costume holding cheese. The cat's facial structure is stable, but its hands and paws are visibly malformed. Surfaces exhibit a slightly waxy texture with softened fine details."
a propaganda poster depicting a cat dressed as french emperor napoleon holding a piece of cheese,Unidiffuser/023-4.png,23,0.441436635738196,0.436206508640631,0.456789352648017,1,2,2,1,2,"A stylized painting shows an anthropomorphic cat figure in a red shirt and yellow vest. The subject's anatomy is severely malformed with indistinct limbs and fused hands. Heavy blur, oversmoothing, and unreadable pseudo-text affect clarity."
a pineapple with one beer to its left and two beers on its right,Controlnet/025-1.png,25,0.515529790651314,0.532309040787131,0.4293241059263269,4,4,3,2,1,A studio shot features two beer mugs and three pineapples on wood. The foreground pineapple slice shows severe structural distortion and confusing internal texture. Textures show repetitive pseudo-details and softened edge definitions.
a pineapple with one beer to its left and two beers on its right,Controlnet/025-2.png,25,0.6356659769463,0.538181872329685,0.483428841804294,4,4,4,2,2,Two beer glasses sit on a textured wooden surface in soft light. The central glass exhibits a malformed base and an ambiguous internal object. Textures appear flat and edges lack sharp definition.
a pineapple with one beer to its left and two beers on its right,Controlnet/025-3.png,25,0.550406629209276,0.531632753285447,0.488176883214551,4,4,4,3,2,"A large pineapple sits on a beach in a stylized digital painting. The fruit's skin exhibits repetitive, non-botanical geometric patterns across its surface. Textures and edges show no dominant local artifact."
a pineapple with one beer to its left and two beers on its right,Controlnet/025-4.png,25,0.620618567915986,0.5895845975937231,0.532575438842981,4,4,4,3,2,"A photorealistic scene displays a pineapple, beer bottle, and glasses on a table. Subject structure is stable, but label text is unreadable and foam has a fused green rim. Surfaces show mild waxiness and repetitive textures."
a pineapple with one beer to its left and two beers on its right,DALLE/025-1.png,25,0.612730454378837,0.554141292310539,0.444815911197965,3,3,3,3,2,"A frothy beer mug sits before three pineapples on a white background. The subjects are structurally stable, but the beer contains distorted internal patterns. Fruit textures show repetitive scaling and a slightly waxy surface finish."
a pineapple with one beer to its left and two beers on its right,DALLE/025-2.png,25,0.519767340454609,0.498893452140628,0.464244884427671,3,4,4,3,2,Two pineapples and a glass mug with a plant sit against a dark background. Pineapple skins show malformed textures and the mug's contents are semantically confusing. Surfaces appear waxy with softened edges and inconsistent lighting.
a pineapple with one beer to its left and two beers on its right,DALLE/025-3.png,25,0.634581827747869,0.610076417168127,0.545181238372024,4,4,4,3,2,A centered pineapple stands between two beer glasses on a black background. The pineapple's skin shows severe melting and structurally incoherent texture patterns. Waxy surfaces and softened edges degrade overall perceptual quality.
a pineapple with one beer to its left and two beers on its right,DALLE/025-4.png,25,0.592720182795739,0.607658983612788,0.518947748473785,4,4,4,3,2,"A centered pineapple sits between two beer glasses on a white background. The pineapple structure is stable, while the glass emblems display semantic illegibility. Surfaces show mild waxiness and overly uniform repetitive micro-textures."
a pineapple with one beer to its left and two beers on its right,Glide/025-1.png,25,0.394411921058054,0.4716358915376449,0.4126964250748,2,3,3,2,1,A close-up view captures a beer bottle and a glass of beer. The label displays illegible text and a structurally distorted cartoon mascot. Extreme global blur and softness wash out all surface textures.
a pineapple with one beer to its left and two beers on its right,Glide/025-2.png,25,0.39071552788291,0.427447009563408,0.400238883906065,2,3,2,2,2,A blurry close-up shows a glass of amber liquid and a green bottle. The bottle label contains illegible text while the glass rim lacks definition. Heavy global blur flattens textures and obscures fine details.
a pineapple with one beer to its left and two beers on its right,Glide/025-3.png,25,0.413982070311795,0.50013942269829,0.4355028617123859,2,3,2,3,1,"Two glasses of amber beer sit on a white surface under warm light. The subject is recognizable but exhibits indistinct, softened geometry at the rims. Extreme blur eliminates texture and renders all boundaries unclear."
a pineapple with one beer to its left and two beers on its right,Glide/025-4.png,25,0.432012476910649,0.505365763952705,0.420564128172286,4,4,4,3,1,A blurry image shows a glass of dark beer and a brown bottle. The subjects are structurally coherent but lack any sharp edges or surface detail. Heavy global blur flattens all visible textures.
a pineapple with one beer to its left and two beers on its right,Lafite/025-1.png,25,0.412198603314523,0.416733944737823,0.398109208815548,3,2,2,2,1,Two distorted pineapple-shaped objects sit on a surface against a plain wall. The subjects exhibit warped anatomy and structurally implausible leaf attachments. Textures appear repetitive and waxy with softened edge definition throughout.
a pineapple with one beer to its left and two beers on its right,Lafite/025-2.png,25,0.4540046750223589,0.441355512919073,0.448090563821551,2,2,2,1,1,Two yellow pineapple-like objects rest in containers against a blurred background. Subjects exhibit severe geometric distortion and malformed surface structures with fused parts. Repetitive pseudo-detail textures dominate while edges remain soft and indistinct.
a pineapple with one beer to its left and two beers on its right,Lafite/025-3.png,25,0.432730858714769,0.403090172441187,0.4061751416555709,1,1,2,1,1,Two yellow pineapple-like objects are positioned against a simple background. The right object is significantly malformed and semantically unreadable as a subject. Global oversmoothing obscures fine textural details.
a pineapple with one beer to its left and two beers on its right,Lafite/025-4.png,25,0.415138983948161,0.353573107460084,0.363598296748347,2,3,2,2,2,Two distorted yellow-green organic forms sit on a pale surface. The subjects display malformed geometry and semantically confusing fused structures. Heavy global blur and softened edges reduce perceptual detail clarity.
a pineapple with one beer to its left and two beers on its right,stable-diffusion/025-1.png,25,0.3763662743964749,0.360217795017872,0.409038771756065,1,1,3,1,1,A split view displays pineapples and yellow fruit on a dark textured surface. The left pineapple is coherent while the right region is malformed and fused. Heavy blurring and melting degrade the right half.
a pineapple with one beer to its left and two beers on its right,stable-diffusion/025-2.png,25,0.580364870920332,0.571391806421511,0.493708367226423,4,4,4,3,2,A photorealistic image shows a beer glass and green bottles on wood. Labels contain illegible text and the bottle necks show slight fusion. Surfaces appear somewhat waxy while background details lack sharp definition.
a pineapple with one beer to its left and two beers on its right,stable-diffusion/025-3.png,25,0.541215285114941,0.497855119721031,0.485844480814497,3,3,2,2,2,"A beer bottle, glass, and small pineapple sit on a wooden deck. The subject features illegible label text and a structurally malformed pineapple. Wood textures show repetition and edges lack sharp definition."
a pineapple with one beer to its left and two beers on its right,stable-diffusion/025-4.png,25,0.634374926666145,0.61808360497466,0.597463490668525,4,4,4,3,2,A photorealistic still life shows a pineapple and beer on a wooden table. The subject structure is stable but the bottle label contains semantically distorted text. Textures exhibit subtle pseudo-details and slight surface waxiness.
a pineapple with one beer to its left and two beers on its right,Unidiffuser/025-1.png,25,0.558517208982919,0.635734342890102,0.528685670914487,2,2,3,3,2,"A close-up shot displays a pineapple, a beer bottle, and a glass. Main subjects are clear, though text on labels is illegible and nonsensical. Pineapple skin shows repetitive tiling while surfaces appear slightly waxy."
a pineapple with one beer to its left and two beers on its right,Unidiffuser/025-2.png,25,0.4086669242159629,0.456941587667198,0.461684685398363,1,2,2,3,2,A soft-focus painting depicts a pineapple between two glasses of yellow liquid. The pineapple's skin features an unnatural woven geometric pattern instead of organic segments. Extreme global blur and waxy oversmoothing eliminate all fine details and sharp edges.
a pineapple with one beer to its left and two beers on its right,Unidiffuser/025-3.png,25,0.527113204854778,0.513520876329959,0.464189857089257,3,3,2,2,2,A pineapple rests near a pineapple-themed bottle and a glass of dark liquid. The bottle label displays illegible text and a malformed animal graphic. Global textures appear flat and lack sharp micro-detail definition.
a pineapple with one beer to its left and two beers on its right,Unidiffuser/025-4.png,25,0.51465909538491,0.54215810127413,0.517752822774599,4,4,4,3,2,A dark beer bottle and two glasses of beer flank a small pineapple. Text on the glassware and bottle label is illegible and visually distorted. Surfaces display waxy textures and softened edge definitions.
"An anime illustration of Sydney Opera House sitting next to Eiffel tower, under a blue night sky of roiling energy, exploding yellow stars, and radiating swirls of blu",Controlnet/029-1.png,29,0.617993527558391,0.595243282533679,0.562921327196812,4,4,4,3,2,A stylized illustration shows the Sydney Opera House against a vibrant starry sky. The architecture features illegible text-like patterns and inconsistent shell geometry. Sky textures exhibit smearing and flat color fills.
"An anime illustration of Sydney Opera House sitting next to Eiffel tower, under a blue night sky of roiling energy, exploding yellow stars, and radiating swirls of blu",Controlnet/029-2.png,29,0.557444764534037,0.528735014748025,0.544323410449858,3,4,3,2,2,A vibrant digital painting features the Sydney Opera House beneath a large stylized arch. The opera house is recognizable but its geometry is simplified and spatially crowded. Heavy speckling and softened contours degrade local texture clarity.
"An anime illustration of Sydney Opera House sitting next to Eiffel tower, under a blue night sky of roiling energy, exploding yellow stars, and radiating swirls of blu",Controlnet/029-3.png,29,0.582184368372002,0.5380856764885931,0.582823988908644,4,4,4,3,2,A stylized digital painting depicts a curved building under giant stars. The subject architecture exhibits distorted grid lines and warped shell geometry. Surfaces show softened details and repetitive sparkling background textures.
"An anime illustration of Sydney Opera House sitting next to Eiffel tower, under a blue night sky of roiling energy, exploding yellow stars, and radiating swirls of blu",Controlnet/029-4.png,29,0.498822467040383,0.4207319610069159,0.478163557113671,3,4,4,3,2,A digital painting shows the Sydney Harbour Bridge and Opera House under a starry sky. The bridge's internal structure is malformed and the opera house shells are distorted. Oversmoothing and flat textures soften details globally.
"An anime illustration of Sydney Opera House sitting next to Eiffel tower, under a blue night sky of roiling energy, exploding yellow stars, and radiating swirls of blu",DALLE/029-1.png,29,0.555115362108433,0.528885874802532,0.552575077376778,4,4,4,3,3,A digital painting features the Eiffel Tower and Sydney Opera House in a swirling style. Both landmarks are structurally coherent but placed in an impossible geographic arrangement. Heavy impasto textures appear somewhat flat and lack sharp micro-detail definition.
"An anime illustration of Sydney Opera House sitting next to Eiffel tower, under a blue night sky of roiling energy, exploding yellow stars, and radiating swirls of blu",DALLE/029-2.png,29,0.581005287114601,0.574701199892649,0.6356706719167741,3,3,3,3,3,A vibrant painting depicts the Eiffel Tower and Sydney Opera House under a swirling sky. The subjects are recognizable but show simplified geometry and distorted forms. Sharp outlines define flat textures and repetitive swirling patterns.
"An anime illustration of Sydney Opera House sitting next to Eiffel tower, under a blue night sky of roiling energy, exploding yellow stars, and radiating swirls of blu",DALLE/029-3.png,29,0.520252176411669,0.489465766375291,0.527025213773003,4,4,4,3,3,"A digital painting depicts the Eiffel Tower and Sydney Opera House amid swirls. Landmarks are recognizable but feature simplified, flat geometry and bold outlines. Edges appear jagged and textures lack natural fine detail."
"An anime illustration of Sydney Opera House sitting next to Eiffel tower, under a blue night sky of roiling energy, exploding yellow stars, and radiating swirls of blu",DALLE/029-4.png,29,0.5667756360884141,0.557215603690379,0.57992377079925,3,3,2,3,3,"A stylized painting shows the Eiffel Tower and Opera House under a swirling sky. The landmark silhouettes are clearly recognizable and maintain structurally stable, coherent forms. Heavy brushstrokes provide texture while some areas exhibit flat color fills."
"An anime illustration of Sydney Opera House sitting next to Eiffel tower, under a blue night sky of roiling energy, exploding yellow stars, and radiating swirls of blu",Glide/029-1.png,29,0.374902710934829,0.405392711506479,0.43792144577324,3,3,2,3,2,"A stylized digital painting of the Sydney Opera House under a dark starry sky. The subject's sails are recognizable but simplified and heavily cropped in the frame. Heavy blur, flat textures, and geometric artifacts degrade clarity."
"An anime illustration of Sydney Opera House sitting next to Eiffel tower, under a blue night sky of roiling energy, exploding yellow stars, and radiating swirls of blu",Glide/029-2.png,29,0.398754350469264,0.437379892350032,0.472008401198749,2,3,2,3,2,A blurry digital painting depicts the Sydney Opera House against a night sky. The building's structure is recognizable but appears warped and lacks clear definition. Global blur flattens textures and obscures most fine details and edges.
"An anime illustration of Sydney Opera House sitting next to Eiffel tower, under a blue night sky of roiling energy, exploding yellow stars, and radiating swirls of blu",Glide/029-3.png,29,0.4575773827689749,0.458497647771295,0.51053223631005,2,3,2,3,2,A stylized illustration shows the Sydney Opera House under a starry night sky. The subject is recognizable but features simplified geometry and lacks fine detail. Global oversmoothing and flat textures degrade image clarity.
"An anime illustration of Sydney Opera House sitting next to Eiffel tower, under a blue night sky of roiling energy, exploding yellow stars, and radiating swirls of blu",Glide/029-4.png,29,0.447967063290794,0.481222287206198,0.478691369632221,2,2,2,2,1,A stylized digital painting shows the Sydney Opera House under a dark blue sky. The subject structure is coherent but features simplified geometry and flattened proportions. Oversmoothing causes flat textures and weak edge definition across the frame.
"An anime illustration of Sydney Opera House sitting next to Eiffel tower, under a blue night sky of roiling energy, exploding yellow stars, and radiating swirls of blu",Lafite/029-1.png,29,0.364037742318995,0.386612068960009,0.436085563102716,2,2,2,2,3,A glowing tower dominates a stylized night scene with warped golden foreground structures. Warped foreground shapes lack clear geometry while the central spire remains identifiable. Heavy smoothing and weak edge clarity dominate textures.
"An anime illustration of Sydney Opera House sitting next to Eiffel tower, under a blue night sky of roiling energy, exploding yellow stars, and radiating swirls of blu",Lafite/029-2.png,29,0.440645554531578,0.4051155122895289,0.429836254700214,2,2,2,2,2,"A digital painting shows a glowing spire against a starry sky with abstract foregrounds. The central spire and foreground shapes are heavily warped, lacking structural stability. Extreme oversmoothing and edge melting degrade global texture."
"An anime illustration of Sydney Opera House sitting next to Eiffel tower, under a blue night sky of roiling energy, exploding yellow stars, and radiating swirls of blu",Lafite/029-3.png,29,0.388941225494261,0.405661584897071,0.484578639847024,3,2,3,3,2,An abstract digital painting features a warped tower under a starry night sky. The central subject is structurally unstable with fused geometry and melted boundaries. Textures show heavy oversmoothing and a pervasive waxy appearance.
"An anime illustration of Sydney Opera House sitting next to Eiffel tower, under a blue night sky of roiling energy, exploding yellow stars, and radiating swirls of blu",Lafite/029-4.png,29,0.468868042598352,0.472107785417993,0.523923443104565,2,3,2,2,2,An abstract digital painting shows a glowing spire over a warped golden landscape. The central structure and foreground shapes are severely distorted and lack geometric coherence. Pervasive smearing and waxy textures degrade global clarity.
"An anime illustration of Sydney Opera House sitting next to Eiffel tower, under a blue night sky of roiling energy, exploding yellow stars, and radiating swirls of blu",stable-diffusion/029-1.png,29,0.611527390995981,0.537052558514036,0.529506029258922,4,4,4,3,3,A stylized graphic illustration depicts the Sydney Opera House under a vibrant night sky. The subject is recognizable but exhibits warped geometry and simplified architectural forms. Grainy textures and flat color fills dominate the high-contrast composition.
"An anime illustration of Sydney Opera House sitting next to Eiffel tower, under a blue night sky of roiling energy, exploding yellow stars, and radiating swirls of blu",stable-diffusion/029-2.png,29,0.527599399528105,0.535557684382315,0.525673457123167,1,1,1,1,1,A stylized painting shows a glowing pyramid beneath a radiant starburst sky. The central structure exhibits warped geometry and fused boundaries with the landscape. Textures are grainy with softened edges and indistinct surface details.
"An anime illustration of Sydney Opera House sitting next to Eiffel tower, under a blue night sky of roiling energy, exploding yellow stars, and radiating swirls of blu",stable-diffusion/029-3.png,29,0.554573193781732,0.542842068512318,0.486953621002958,2,4,4,3,2,A stylized vector illustration depicts the Sydney Opera House under a starry sky. The iconic shells are coherent but exhibit inconsistent internal grid line density. Outlines show minor irregularities and textures lack fine-grained detail.
"An anime illustration of Sydney Opera House sitting next to Eiffel tower, under a blue night sky of roiling energy, exploding yellow stars, and radiating swirls of blu",stable-diffusion/029-4.png,29,0.4691686161526949,0.394072445349904,0.428318287678174,3,3,2,3,2,A vibrant illustration features the Sydney Harbour Bridge and Opera House at night. The bridge's steel lattice displays warped geometry and inconsistent member spacing. Heavy grain noise and flat textures degrade global visual fidelity.
"An anime illustration of Sydney Opera House sitting next to Eiffel tower, under a blue night sky of roiling energy, exploding yellow stars, and radiating swirls of blu",Unidiffuser/029-1.png,29,0.510339821164099,0.47482221658315,0.494203900404753,3,4,3,3,2,A stylized painting shows a large abstract structure before purple mountains. The main subject's geometry is coherent despite its abstract and fused appearance. Flat textures and repetitive patterns limit natural surface detail.
"An anime illustration of Sydney Opera House sitting next to Eiffel tower, under a blue night sky of roiling energy, exploding yellow stars, and radiating swirls of blu",Unidiffuser/029-2.png,29,0.569503087981383,0.55773479873279,0.60399293812241,4,4,4,3,2,A stylized illustration shows the Sydney Opera House under a starry night sky. The subject is simplified and lacks architectural detail or realistic perspective. Surfaces appear flat with repetitive textures and minor corner noise.
"An anime illustration of Sydney Opera House sitting next to Eiffel tower, under a blue night sky of roiling energy, exploding yellow stars, and radiating swirls of blu",Unidiffuser/029-3.png,29,0.445358495573351,0.4543689451544639,0.433153469857619,1,1,2,2,1,"A surreal digital painting features a glowing red arch over dark water and fiery orbs. The arch lacks structural logic and fuses with an indistinct, melting background. Global textures show heavy oversmoothing, color bleeding, and inconsistent pseudo-detail."
"An anime illustration of Sydney Opera House sitting next to Eiffel tower, under a blue night sky of roiling energy, exploding yellow stars, and radiating swirls of blu",Unidiffuser/029-4.png,29,0.551312021724751,0.495994556041296,0.553220843483061,4,4,2,2,2,A cartoon illustration shows a stylized opera house and tower under a starry sky. The structures are clear but show simplified geometry and a fused base. Thick outlines separate flat color areas with negligible fine detail.
a dolphin in an astronaut suit on saturn,Controlnet/030-1.png,30,0.563020125293904,0.52501841884802,0.478640454172612,4,4,4,2,3,A stylized plush astronaut floats in space near planetary rings. The subject's helmet contains confusing internal shapes and lacks clear facial features. Suit textures appear waxy while background rings show motion smearing artifacts.
a dolphin in an astronaut suit on saturn,Controlnet/030-2.png,30,0.488301902900123,0.422296259398404,0.387877402285339,2,3,2,1,1,A sleek metallic spacecraft floats before the banded rings of a planet. The vessel's fused wing-fins lack clear geometric separation from the central hull. Surfaces show waxy smoothness and subtle background texture repetition.
a dolphin in an astronaut suit on saturn,Controlnet/030-3.png,30,0.516760801823415,0.432517860031668,0.447439311733691,4,3,3,3,2,A photorealistic astronaut in a spacesuit hovers above a planetary curve. The subject is structurally stable but features malformed chest-mounted hardware. Fabric textures show mild oversmoothing and pseudo-detail in the background.
a dolphin in an astronaut suit on saturn,Controlnet/030-4.png,30,0.533171156019316,0.492707931106692,0.466849945452413,3,4,2,3,3,A close-up shows an astronaut in a spacesuit against planetary rings. The chest-mounted device is malformed and the visor reflection is unreadable. Suit textures appear waxy and ring details lack sharp definition.
a dolphin in an astronaut suit on saturn,DALLE/030-1.png,30,0.576457291510708,0.528025518879049,0.57312077036493,3,3,2,2,3,"A cartoon dolphin in a spacesuit surfs on a planetary ring in space. The subject's hands are malformed into fused blobs, reducing semantic readability. Surfaces exhibit flat textures with inconsistent local shading patterns."
a dolphin in an astronaut suit on saturn,DALLE/030-2.png,30,0.524401999403472,0.4458518557764679,0.515752663870467,3,3,2,3,2,A cartoon robot floats before a ringed basketball-like planet in space. The subject features a malformed body with indistinct and fused appendages. Bold outlines and flat colors show minimal noise.
a dolphin in an astronaut suit on saturn,DALLE/030-3.png,30,0.559371532703001,0.481888647074299,0.4967921736899239,4,4,4,3,2,A cartoon astronaut surfs on a planetary ring against a white background. The figure is readable but shows simplified anatomy and fused hand details. Outlines exhibit subtle wobbles and inconsistent stroke widths.
a dolphin in an astronaut suit on saturn,DALLE/030-4.png,30,0.574469092023853,0.455740531761744,0.566361155127681,4,4,3,3,3,A cartoon dolphin in a spacesuit floats near a ringed planet. The subject displays simplified yet structurally stable anatomy with clear separation. Global textures remain flat and lack fine surface detail.
a dolphin in an astronaut suit on saturn,Glide/030-1.png,30,0.4392311384288049,0.414321675671095,0.3894612216790989,3,3,2,2,2,"A dark, multi-finned creature swims through bright blue rippling water. The subject exhibits severe anatomical distortion with fused and misplaced fins. Heavy oversmoothing blurs edges and flattens textures across the scene."
a dolphin in an astronaut suit on saturn,Glide/030-2.png,30,0.373236332652491,0.410503357228993,0.412488296438149,1,2,2,3,1,A blurry digital rendering depicts a dolphin-like creature in blue water. The subject retains a basic coherent form despite significant detail loss. Global blur and oversmoothing severely degrade edge clarity.
a dolphin in an astronaut suit on saturn,Glide/030-3.png,30,0.443078863778229,0.482130124335228,0.428392822093423,2,2,2,2,2,A stylized blue dolphin swims through a gradient underwater scene. The dolphin's anatomy is mostly stable despite some malformed snout and fin regions. Global oversmoothing creates flat textures and poorly defined boundaries.
a dolphin in an astronaut suit on saturn,Glide/030-4.png,30,0.424580755734367,0.4722339494603,0.396048281198671,4,3,4,3,2,A large shark swims vertically through a deep blue underwater scene. The subject is structurally simple but lacks clear anatomical features or definition. Extreme oversmoothing eliminates texture and renders edges into indistinct soft gradients.
a dolphin in an astronaut suit on saturn,Lafite/030-1.png,30,0.4332384729946429,0.391005989362788,0.4256083405447179,2,2,2,2,2,A distorted metallic organic shape floats in a deep blue space with lines. The subject exhibits severe structural warping and fused geometry obscuring clarity. Surfaces exhibit waxy textures and softened detail with inconsistent edges.
a dolphin in an astronaut suit on saturn,Lafite/030-2.png,30,0.402910457429428,0.369178382501355,0.4023447894374349,3,1,3,2,2,A distorted humanoid-fish creature floats against a dark blue starry background. The subject shows severe malformation with fused limbs and a warped torso. Surfaces appear waxy and background details show repetitive texture patterns.
a dolphin in an astronaut suit on saturn,Lafite/030-3.png,30,0.414673670671466,0.4211564154255039,0.424645841418755,2,1,1,1,1,A distorted multi-eyed abstract form floats in a starry blue void. The subject displays severe structural warping and fused organic features. Surfaces exhibit waxy pseudo-details and inconsistent edge clarity.
a dolphin in an astronaut suit on saturn,Lafite/030-4.png,30,0.377721860645208,0.347820060817564,0.322735433229447,1,2,2,1,1,A distorted translucent creature floats against a starry blue background. The subject exhibits severely malformed anatomy with fused features and warped structure. Surfaces appear waxy with inconsistent lighting and softened details.
a dolphin in an astronaut suit on saturn,stable-diffusion/030-1.png,30,0.560812353687383,0.5572427953585499,0.516263049186814,2,3,3,2,2,A stylized baby astronaut floats in space near planetary rings. The subject's limbs and suit details appear simplified and softly fused. Textures exhibit noticeable smoothing and a waxy surface quality.
a dolphin in an astronaut suit on saturn,stable-diffusion/030-2.png,30,0.4044433859157099,0.413954677712887,0.390038900944095,3,1,1,1,1,A distorted astronaut figure floats within a swirling abstract background. The subject's anatomy is fused and lacks structural legibility. Heavy smearing and repetitive patterns degrade global texture quality.
a dolphin in an astronaut suit on saturn,stable-diffusion/030-3.png,30,0.596642785340293,0.524582010593834,0.480625575603152,3,3,3,3,2,A photorealistic astronaut in a white suit floats above a planetary curve. The subject features malformed limb connections and lacks distinct mechanical hardware definition. Textures exhibit oversmoothing and lack high-frequency natural surface variation.
a dolphin in an astronaut suit on saturn,stable-diffusion/030-4.png,30,0.509942567894948,0.556958372936344,0.470267925526951,2,3,3,2,2,A close-up shows an astronaut in a white suit against planetary rings. The helmet visor contains a warped reflection and suit details are illegible. Global blurring and flattened textures reduce perceptual clarity.
a dolphin in an astronaut suit on saturn,Unidiffuser/030-1.png,30,0.501968259029715,0.4815787916895809,0.432686324169479,3,3,3,2,1,A spacesuited astronaut and a metallic dolphin appear in a cosmic scene. The astronaut's pose is distorted with stiff joints and a malformed hand. Surfaces show a waxy smoothness against a grainy background texture.
a dolphin in an astronaut suit on saturn,Unidiffuser/030-2.png,30,0.544965669579611,0.426160873688152,0.404770650156705,3,3,3,3,3,"A cropped astronaut stands near a giant whale-like shape in a blue sky. The helmet contains a distorted smiley face, and subjects lack fine anatomy. Surfaces show waxy textures and soft edge definition throughout the frame."
a dolphin in an astronaut suit on saturn,Unidiffuser/030-3.png,30,0.463313798428868,0.445161084921567,0.414018551814827,3,4,1,1,2,"A close-up of a glossy, stylized orca head against a blue background. The subject shows a stable structure but features a semantically confusing orange protrusion. Surfaces appear overly smooth with flattened textural detail."
a dolphin in an astronaut suit on saturn,Unidiffuser/030-4.png,30,0.453058332851922,0.422104023068063,0.389968927157275,2,1,1,1,1,A close-up digital image shows a dolphin-like figure in a blue abstract space. The subject's anatomy is heavily warped and fused with the surrounding background. Global blurring and soft edges obscure fine details.
a large white yacht in a calm bay on a sunny day,Controlnet/032-1.png,32,0.572918157716446,0.590858181559627,0.58204082869983,4,4,4,3,3,A white yacht sits at a wooden dock under a colorful sunset. The vessel's upper deck geometry is vague with simplified mechanical details. Surfaces appear waxy with flat textures and repetitive background patterns.
a large white yacht in a calm bay on a sunny day,Controlnet/032-2.png,32,0.579784050604027,0.593614648251834,0.603484404217054,3,4,3,2,3,A white luxury yacht rests in a scenic coastal bay. The yacht is identifiable but its bow structure appears distorted and unnaturally fused. Distant vegetation shows repetitive patterns and lacks high-frequency textural detail.
a large white yacht in a calm bay on a sunny day,Controlnet/032-3.png,32,0.586360006221821,0.571094006640891,0.576861652195407,3,4,4,3,3,"A digital painting shows a large white yacht on water near mountains. The yacht structure is coherent, although some deck details are slightly simplified. Background textures exhibit mild oversmoothing and softened edge definition."
a large white yacht in a calm bay on a sunny day,Controlnet/032-4.png,32,0.575999616410256,0.573328743442255,0.57809172812312,4,4,4,3,2,A digital painting shows a white sailboat on calm water near a rocky coast. Sailboat structure is coherent and recognizable despite the stylized look. Global textures appear overly smooth and waxy with softened edges.
a large white yacht in a calm bay on a sunny day,DALLE/032-1.png,32,0.644292270082632,0.6331311417125121,0.660978630094908,4,4,4,3,2,"A large white yacht sits on calm water before a rocky cliff. The vessel displays significant structural distortion in its masts, rigging, and windows. Surfaces exhibit a waxy smoothness with inconsistent fine detail rendering."
a large white yacht in a calm bay on a sunny day,DALLE/032-2.png,32,0.52028952780774,0.501081640508014,0.5675520005738101,2,3,2,2,3,Two women stand near a white sailboat at a sunny marina. Subjects show distorted facial features and malformed hand anatomy with messy rigging. Global oversmoothing results in flat textures and waxy skin surfaces.
a large white yacht in a calm bay on a sunny day,DALLE/032-3.png,32,0.6918749564016851,0.641456896741892,0.658589551665868,4,4,4,3,3,A photorealistic image shows a large white yacht docked near a green hill. The yacht is recognizable but features distorted window geometry and warped paneling. Distant textures appear flat and repetitive with softened details.
a large white yacht in a calm bay on a sunny day,DALLE/032-4.png,32,0.491246347459594,0.429505689312774,0.5276720838254669,4,4,4,2,3,A woman stands on a dock by a sailboat in a bright marina. The subject's face is distorted and the boat rigging is tangled and structurally broken. Textures show waxy smoothing and edges lack crisp definition.
a large white yacht in a calm bay on a sunny day,Glide/032-1.png,32,0.397640700864909,0.456276146951002,0.498191902644357,3,2,3,3,3,A distant sailboat sits on a calm blue sea under a bright sky. The small subject is recognizable but lacks fine structural detail. Heavy global blur and softness wash out all texture and detail.
a large white yacht in a calm bay on a sunny day,Glide/032-2.png,32,0.447474431755044,0.576615082744294,0.639203473665484,2,3,2,3,3,"A large white yacht floats on a blue ocean under a clear sky. The vessel's structure is blurred, fusing windows and details into indistinct shapes. Global oversmoothing removes fine textures and sharp edge definitions."
a large white yacht in a calm bay on a sunny day,Glide/032-3.png,32,0.4015849856588239,0.452102133555277,0.512162296579893,4,4,4,3,2,A large modern yacht sits on an open sea under a clear sky. The ship's superstructure is malformed with fused and structurally confusing elements. Heavy blur and soft edges reduce detail throughout the scene.
a large white yacht in a calm bay on a sunny day,Glide/032-4.png,32,0.42160412291767,0.478568469926199,0.485666677984555,1,3,2,2,3,A large white yacht floats on calm water under a clear sky. The ship's superstructure shows distorted geometry and fused mechanical components. Severe global blur and oversmoothing eliminate fine texture and edge definition.
a large white yacht in a calm bay on a sunny day,Lafite/032-1.png,32,0.393474579929226,0.380451223360337,0.496944885505364,1,2,1,2,3,A blurry white ferry sits on calm water beneath a pale blue sky. The vessel's structure is recognizable but severely softened by pervasive global blurring. Edges are indistinct and textures appear flat across the whole frame.
a large white yacht in a calm bay on a sunny day,Lafite/032-2.png,32,0.443433535259102,0.5129432665592479,0.538829619234837,2,2,2,2,3,A white catamaran floats on blue water under a hazy sky with a text watermark. The subject is structurally plausible but lacks sharpness and fine geometric coherence. Severe global oversmoothing eliminates fine textures and edges.
a large white yacht in a calm bay on a sunny day,Lafite/032-3.png,32,0.455772513541414,0.469307896162434,0.5825647402644649,2,2,2,2,2,A white yacht travels across a calm blue sea under a bright sky. The ship's structure is heavily distorted with fused parts and unclear geometry. Widespread oversmoothing flattens textures and blurs all boundaries.
a large white yacht in a calm bay on a sunny day,Lafite/032-4.png,32,0.395672611748545,0.425282085109567,0.517470168133115,4,4,4,3,3,A white ferry travels across a blue sea under a bright sky. The vessel structure is coherent but heavily blurred with softened details. Global sharpness is very poor with flat textures and heavy smoothing.
a large white yacht in a calm bay on a sunny day,stable-diffusion/032-1.png,32,0.678972990220014,0.613922495909416,0.6525936528952561,4,4,4,3,3,A white yacht floats on turquoise water before a steep green hillside. The vessel exhibits malformed window geometry and illogical deck equipment placement. Water textures appear overly smooth while background foliage lacks fine detail.
a large white yacht in a calm bay on a sunny day,stable-diffusion/032-2.png,32,0.400117301343098,0.445007151502696,0.444452566211834,1,1,2,1,3,White yachts occupy a harbor foreground against a residential hillside. Multiple vessels appear fused with malformed hulls and unclear separation. Background architecture shows severe oversmoothing and melted texture patterns.
a large white yacht in a calm bay on a sunny day,stable-diffusion/032-3.png,32,0.621661757853491,0.618590980113083,0.676999134974954,3,3,2,2,2,"A large white yacht floats on calm water near a green rocky shore. The yacht's structure is stable, though some window lines appear slightly warped. Subtle smoothing affects water textures and background details."
a large white yacht in a calm bay on a sunny day,stable-diffusion/032-4.png,32,0.5676441882181981,0.5877685133332821,0.559491965763768,4,4,4,3,3,A photorealistic white yacht sails near a steep green mountainside. The yacht exhibits structural distortions in its mast and window geometry. Textures appear slightly waxy with overly smooth details.
a large white yacht in a calm bay on a sunny day,Unidiffuser/032-1.png,32,0.5146437051813489,0.552561799656215,0.5960738143479319,3,3,3,3,3,A large white luxury yacht floats on water under a sunset sky. The vessel's structure is clear but features malformed windows and unreadable markings. Textures appear waxy and oversmoothed with softened edge definitions.
a large white yacht in a calm bay on a sunny day,Unidiffuser/032-2.png,32,0.58513430774327,0.617784525873485,0.6477576071661789,3,4,4,3,3,A large white luxury yacht floats on calm water under a blue sky. The subject features warped deck geometry and fused window patterns on its hull. Surfaces appear waxy with softened edges and visible digital noise.
a large white yacht in a calm bay on a sunny day,Unidiffuser/032-3.png,32,0.3802076247530259,0.461462202403429,0.450141263324263,2,3,2,2,3,A white ship moves across blue water near a dark shore. The subject's structure is heavily distorted by intense horizontal blur. Extreme softness and subtle grain affect the overall perceptual quality.
a large white yacht in a calm bay on a sunny day,Unidiffuser/032-4.png,32,0.601624298689131,0.632808465691095,0.652825148447029,4,4,4,3,3,A large white yacht floats on calm water before a lush green hill. The vessel's multi-deck structure is coherent and semantically clear despite minor railing simplification. Hull textures appear slightly flat with minimal surface detail.
purple lego dollhouse with a pool and a swing,Controlnet/033-1.png,33,0.545826066710188,0.581411237068553,0.538319840258343,4,4,4,3,3,"A vibrant pink toy-style house sits by a pool in a field. The house features malformed windows and abstract, unrecognizable yellow decorative elements. Surfaces show flat waxy textures and softened edges."
purple lego dollhouse with a pool and a swing,Controlnet/033-2.png,33,0.559986079527799,0.597533907219552,0.5861000396571999,4,4,3,2,2,A colorful miniature house with a pool sits on sandy ground from above. The house structure is plausible despite malformed roof details and blurry patio furniture. Image textures show heavy pixelation and inconsistent local sharpness.
purple lego dollhouse with a pool and a swing,Controlnet/033-3.png,33,0.459790741231168,0.487141990685743,0.445885623544747,3,3,3,3,2,A colorful block-built toy house sits on a surface in bright light. The building's geometry is warped with fused parts and inconsistent connections. Heavy blur and color bleeding obscure surface textures.
purple lego dollhouse with a pool and a swing,Controlnet/033-4.png,33,0.537863799448256,0.515497048802469,0.60993613674554,4,4,4,3,3,A vibrant multi-level toy house stands on a lawn against a blurred backdrop. The subject shows severe architectural distortion with floating parts and broken geometric logic. Textures appear waxy and lack sharp edge definition across the image.
purple lego dollhouse with a pool and a swing,DALLE/033-1.png,33,0.558035892880248,0.5501103071692109,0.635607498585554,4,4,4,3,3,A toy swing set sits on a purple baseplate near a house. The subject is structurally stable but lacks fine geometric definition. Global blur and waxy textures obscure fine surface details.
purple lego dollhouse with a pool and a swing,DALLE/033-2.png,33,0.5245312437012101,0.498787414493355,0.468597279135483,3,3,3,3,3,A close-up of a vibrant purple toy house with a swing set. The swing structure is malformed with fused parts and inconsistent geometry. Textures appear flat and waxy with unnatural dark surface patterns.
purple lego dollhouse with a pool and a swing,DALLE/033-3.png,33,0.558920548309906,0.531471490510254,0.5308938507884811,4,4,4,2,3,"A close-up view of a purple toy house with a pool and a figure. The tiny figure is malformed and the swing shows fused geometric parts. Edges are softened and surfaces exhibit flat, waxy textures."
purple lego dollhouse with a pool and a swing,DALLE/033-4.png,33,0.545420387790714,0.504104103398748,0.509169347355958,4,4,4,3,3,A close-up shows a purple block dollhouse with a tree on a blue base. Malformed window frames and fused walls lack geometric consistency. Surfaces appear waxy with inconsistent lighting and soft edges.
purple lego dollhouse with a pool and a swing,Glide/033-1.png,33,0.440249978075665,0.432705038301695,0.417988784954057,2,3,1,2,2,"A blurry 3D model of a structure sits on a purple background. Severe blurring obscures the subject's internal geometry, making structural details illegible. Global oversmoothing completely removes fine texture and sharp edges."
purple lego dollhouse with a pool and a swing,Glide/033-2.png,33,0.416438678817697,0.4370258044920019,0.507613704173677,2,3,2,2,2,A blurry 3D render shows a purple toy frame with figures on white. The subject exhibits malformed geometry with fused joints and unrecognizable parts. Global oversmoothing and low resolution degrade texture and edge definition.
purple lego dollhouse with a pool and a swing,Glide/033-3.png,33,0.377124685717068,0.381297458377116,0.494001611247346,1,1,1,2,3,A blurry 3D-style police station sits on a blue surface against a purple wall. The building architecture is malformed with illegible text and misaligned components. Global oversmoothing obscures details and softens edge definition.
purple lego dollhouse with a pool and a swing,Glide/033-4.png,33,0.4040779684154409,0.483479754588326,0.448782556340578,1,2,2,2,2,A distorted purple 3D house model is displayed on a white background. The subject shows severe structural warping and semantically unreadable surface details. Global artifacts include significant blurring and harsh edge aliasing.
purple lego dollhouse with a pool and a swing,Lafite/033-1.png,33,0.358039472779335,0.429764068453913,0.44596405625946,1,1,1,2,1,A purple inflatable bounce house sits in a bright backyard. The subject's geometry is severely warped with fused and melted structural parts. Global blur and heavy color bleeding obscure all fine details.
purple lego dollhouse with a pool and a swing,Lafite/033-2.png,33,0.388303002166985,0.398245749434604,0.43045640864527,1,1,1,2,2,A surreal purple boat floats on bright water near green foliage. The subject shows severe geometric fusion and malformed components lacking clear definition. Heavy oversmoothing and color bleeding obscure fine details.
purple lego dollhouse with a pool and a swing,Lafite/033-3.png,33,0.405908478136903,0.41335775868512,0.439283781044514,2,3,3,3,2,A painterly image displays a purple houseboat on a blue water surface. The subject suffers from significant geometric distortion and fused architectural elements. Global oversmoothing results in waxy textures and indistinct boundaries throughout.
purple lego dollhouse with a pool and a swing,Lafite/033-4.png,33,0.42017135227471,0.476093307831209,0.473530797036317,2,3,4,3,3,A vibrant purple houseboat floats on blue water near green trees. The vessel's architecture is severely malformed with fused levels and broken geometry. Oversmoothing flattens textures while edges remain poorly defined throughout the scene.
purple lego dollhouse with a pool and a swing,stable-diffusion/033-1.png,33,0.5482121044767,0.552296071419804,0.588161355982887,4,4,4,3,3,A vibrant purple toy house stands beside a blue pool on green grass. The house is structurally sound while the small figures are heavily malformed and fused. Surfaces show minor oversmoothing and inconsistent lighting on the plastic textures.
purple lego dollhouse with a pool and a swing,stable-diffusion/033-2.png,33,0.526704813837355,0.569108074374976,0.550062858538904,4,3,3,3,2,An aerial view shows a purple toy house and pool on a lawn. The subject is readable but contains malformed roof details and fused figures. Surfaces show repetitive textures and softened edges.
purple lego dollhouse with a pool and a swing,stable-diffusion/033-3.png,33,0.588132491193001,0.546837292321097,0.559134672025861,3,4,4,3,2,"A purple toy block house sits on a wooden floor near a blue pool. The building's architecture is warped with malformed stairs and inconsistent block geometry. Surfaces exhibit oversmoothing, waxy textures, and unclear boundary definitions."
purple lego dollhouse with a pool and a swing,stable-diffusion/033-4.png,33,0.5068086186163849,0.498873781626669,0.517348994826192,2,2,2,1,2,A high-angle view shows a colorful multi-level toy house on a lawn. The house structure is severely warped with fused walls and illogical layout. Global textures appear waxy with softened edges and inconsistent boundaries.
purple lego dollhouse with a pool and a swing,Unidiffuser/033-1.png,33,0.266272850651459,0.332419091172192,0.439637053275574,2,2,2,2,3,"A blurry, colorful digital painting shows a purple building and a garden. The subject's architecture is severely smeared, making specific features semantically unreadable. Global oversmoothing destroys all texture and edge definition."
purple lego dollhouse with a pool and a swing,Unidiffuser/033-2.png,33,0.480138278708686,0.483824908193103,0.480719025737651,3,3,3,3,2,A vibrant purple plastic toy house sits against a solid green background. The dollhouse exhibits warped frames and fused railings lacking geometric logic. Heavy grain and softened edges degrade surface clarity.
purple lego dollhouse with a pool and a swing,Unidiffuser/033-3.png,33,0.547843924734557,0.554457342243482,0.576902784129874,4,4,4,2,3,"A purple toy dollhouse stands on a lawn before a green hedge. The subject shows warped geometry, disconnected components, and malformed figures. Textures appear flat while lighting remains globally inconsistent."
purple lego dollhouse with a pool and a swing,Unidiffuser/033-4.png,33,0.484675081123492,0.492198563684369,0.435912207136106,2,3,3,2,1,A vibrant purple toy house sits on a white background in 3D style. The architecture features distorted geometry with fused balconies and messy window frames. Repetitive waxy textures and softened edges degrade visual fidelity.
a small garden with an apple tree behind it,Controlnet/034-1.png,34,0.523692989187366,0.465780513520217,0.511334136789243,3,3,3,1,2,"A photorealistic garden scene shows fruit trees and two apples on green grass. The left foreground apple is fused and malformed, lacking clear organic structure. Background surfaces exhibit melting textures and softened edge definitions."
a small garden with an apple tree behind it,Controlnet/034-2.png,34,0.4938318676214729,0.48021945256204,0.50331056107578,3,4,4,2,3,A vibrant painting shows a fruit-laden tree in a dense garden setting. The central tree has dense foliage with slightly awkward fruit placements. Heavy smoothing produces waxy textures and softened edges throughout the image.
a small garden with an apple tree behind it,Controlnet/034-3.png,34,0.469110882124752,0.4925789065652129,0.55691475378505,3,3,3,1,3,"A miniature fruit tree stands in a vibrant garden scene with a chair. The subject exhibits unnatural fruit density and structurally unstable branch attachments. Global textures show oversmoothing, waxy surfaces, and background melting effects."
a small garden with an apple tree behind it,Controlnet/034-4.png,34,0.512618497169624,0.487078123783612,0.522679857602407,3,3,3,2,2,A potted garden tree bears dense clusters of bright red fruit-like objects. The subject exhibits unnatural fruit density and floating attachments lacking stems. Oversaturated colors and background textures display subtle repetitive smoothing effects.
a small garden with an apple tree behind it,DALLE/034-1.png,34,0.542743295118904,0.538090099859707,0.448474006971498,4,4,4,3,1,"A photorealistic shot captures a fruit tree in a green garden landscape. The tree's canopy consists of malformed, fused foliage without clear leaf structures. Significant oversmoothing and blur degrade the entire image's textural fidelity."
a small garden with an apple tree behind it,DALLE/034-2.png,34,0.615670368784068,0.6540671331645611,0.608949668790844,4,4,4,3,2,A photorealistic image features a leafy tree with flowers in a garden. The plant structure is distorted with fused leaves and messy branches. Severe oversmoothing flattens textures and weakens edge definition throughout.
a small garden with an apple tree behind it,DALLE/034-3.png,34,0.558058320358209,0.573238877354034,0.4712410933829,3,3,3,3,2,A large leafy tree stands in a garden with a red fence. The subject's canopy lacks coherent branch structure and distinct leaf definition. Global textures show pervasive oversmoothing and repetitive pseudo-detail artifacts.
a small garden with an apple tree behind it,DALLE/034-4.png,34,0.563080836684805,0.5381640339666179,0.510293866337096,4,4,4,3,2,A photorealistic image shows a young apple tree in a garden setting. The tree anatomy is plausible but the red fruits appear malformed. Background details show oversmoothing and textures lack fine-grained definition.
a small garden with an apple tree behind it,Glide/034-1.png,34,0.3803819539489489,0.37261446088233,0.398329821908566,2,3,3,3,3,"A low-resolution photo captures a garden with trees and a grassy lawn. The vegetation lacks coherent structure, merging into indistinct green masses without detail. Heavy oversmoothing removes texture clarity and blurs all object boundaries."
a small garden with an apple tree behind it,Glide/034-2.png,34,0.359072770190152,0.446421069203456,0.445505559291434,1,2,2,2,3,A blurred garden scene contains a tree and a small foreground object. The foreground subject is severely malformed and lacks any coherent structural detail. Heavy global blur eliminates most texture and edge definition.
a small garden with an apple tree behind it,Glide/034-3.png,34,0.366338821868198,0.443582084219018,0.409416525867396,1,1,3,3,1,A heavily blurred outdoor garden scene features dense green foliage and a lawn. The landscape structure is coherent but lacks clear object definition or detail. Heavy global blur and softness suppress all texture and edge definition.
a small garden with an apple tree behind it,Glide/034-4.png,34,0.342704042845273,0.423458347628509,0.406733251150898,1,2,2,3,2,A blurry garden scene shows a green lawn with bushes and a fence. Severe defocus makes the vegetation and ground objects semantically vague. Global oversmoothing flattens textures and eliminates all visible edge definition.
a small garden with an apple tree behind it,Lafite/034-1.png,34,0.397090948767158,0.424267924712687,0.439282527618357,2,2,3,2,2,A digital painting of a flowering tree and a wooden stump in a garden. The wooden base is severely malformed and the foliage lacks definition. Heavy oversmoothing and flat textures obscure fine details.
a small garden with an apple tree behind it,Lafite/034-2.png,34,0.401500985600264,0.469222159178354,0.468223369205707,1,2,2,2,3,A potted apple tree stands in a sunlit outdoor garden scene. The plant's branches and container exhibit severe warping and visual fusion. Heavy oversmoothing flattens textures and obscures fine details globally.
a small garden with an apple tree behind it,Lafite/034-3.png,34,0.35820031323432,0.434458087382225,0.481832492197832,1,2,2,1,3,A garden scene contains a large leafy tree and potted plants in daylight. Subjects show severe structural smearing that blurs foliage and object geometry. Global oversmoothing flattens textures and dissolves fine edge definitions.
a small garden with an apple tree behind it,Lafite/034-4.png,34,0.435253642214971,0.497067652968871,0.485529466917514,2,2,3,2,2,A painterly garden scene features a large tree and a fruit-filled cart. The cart's structure is indistinct and its wheels lack clear definition. Global oversmoothing flattens textures and obscures fine details.
a small garden with an apple tree behind it,stable-diffusion/034-1.png,34,0.5089821465647311,0.54924985726187,0.5576254488474109,3,3,3,3,3,"A photorealistic image shows a small apple tree heavily laden with red fruit. Tree anatomy is plausible, but the excessive fruit load is semantically unrealistic. Distant foliage shows repetitive patterns and softened texture."
a small garden with an apple tree behind it,stable-diffusion/034-2.png,34,0.359693413942415,0.371183921454695,0.434248943523988,1,2,2,1,1,"A soft-focus painting depicts a fruit-laden tree and a purple orb outdoors. The tree lacks clear branches and features repetitive, amorphous fruit clusters. Global oversmoothing causes flat textures and a total loss of fine detail."
a small garden with an apple tree behind it,stable-diffusion/034-3.png,34,0.484951516582549,0.478750528855307,0.478220794568385,3,3,3,2,2,A realistic photo shows a garden apple tree densely covered in fruit. The subject is clear but has unnatural fruit density and cluster fusion. Background textures show subtle repetition and oversmoothing.
a small garden with an apple tree behind it,stable-diffusion/034-4.png,34,0.559221253788935,0.552776934505347,0.546956956142813,4,3,3,2,2,"A photorealistic garden scene features a central tree in a red-gravel bed. The tree exhibits a dense, tangled branch structure with malformed limbs. Background hedges and ground surfaces display prominent, unnatural texture repetition."
a small garden with an apple tree behind it,Unidiffuser/034-1.png,34,0.456317735122548,0.541567547013981,0.499639542768643,4,4,4,3,3,"A photorealistic garden scene features a small tree and colorful ground ornaments. The tree is structurally stable, but the ornaments are malformed and unreadable. Textures show repetitive tiling and significant local blurring."
a small garden with an apple tree behind it,Unidiffuser/034-2.png,34,0.507471011719784,0.53570913111667,0.473110642197018,3,4,3,2,3,"A garden scene features a flowering tree, a lawn, and a dense hedge. A malformed animal figure and an ambiguous object appear in the background. Oversaturated colors and repetitive textures lower the image's naturalistic quality."
a small garden with an apple tree behind it,Unidiffuser/034-3.png,34,0.3599936548806479,0.43414748777073,0.402115153083023,1,2,1,3,1,A heavily blurred outdoor scene features a central tree on a green lawn. Subject structure is obscured by significant blur and lacks any discernible fine detail. Global perception is dominated by severe blur and pervasive grainy noise.
a small garden with an apple tree behind it,Unidiffuser/034-4.png,34,0.5594727106815001,0.6213610282870841,0.558705726881977,3,3,3,3,3,"A bright garden scene features a large tree, potted plants, and gravel. Background objects are malformed and the tree trunk lacks a natural base. Repetitive gravel textures and an unnaturally sharp grass edge appear."
a bloody mary cocktail next to a napkin,Controlnet/035-1.png,35,0.566623560658653,0.591909159468734,0.511672913614109,4,3,3,3,2,"A photorealistic close-up depicts a red cocktail with complex garnishes on a surface. Garnish structure is chaotic and semantically ambiguous, featuring fused elements and poor spatial layout. Textures appear waxy and oversmoothed with blurred backgrounds."
a bloody mary cocktail next to a napkin,Controlnet/035-2.png,35,0.607824953717275,0.598279205807292,0.545696327843892,4,4,4,3,3,A centered shot depicts a red cocktail with a tomato garnish on wood. The salt rim is malformed and the internal ice lacks coherent structure. Softness flattens textures and blurs the boundaries of all objects.
a bloody mary cocktail next to a napkin,Controlnet/035-3.png,35,0.56740913834819,0.545572736245731,0.531315799635809,2,3,3,2,2,A photorealistic close-up shows a red cocktail with garnishes against a blurred wall. Garnish components are structurally malformed and lack plausible botanical separation. Liquid surfaces appear waxy with softened edge definitions.
a bloody mary cocktail next to a napkin,Controlnet/035-4.png,35,0.5634335894296629,0.576162078274893,0.551899573162684,3,3,3,2,2,A top-down view of a salted-rim cocktail with a lime on fabric. The lime garnish and stirrer show unnatural geometry and poor object contact. Fabric textures repeat and the rim shows grainy pseudo-details.
a bloody mary cocktail next to a napkin,DALLE/035-1.png,35,0.597345859901908,0.58330500357268,0.567845368316338,4,4,4,3,3,A close-up shot features a glass of red liquid on a patterned table. The glass is structurally stable while the background text is semantically unreadable. Fine details show slight oversmoothing and softened edge definition.
a bloody mary cocktail next to a napkin,DALLE/035-2.png,35,0.65101857967386,0.646545671405872,0.608994620432344,4,4,4,3,3,"A close-up shows a red drink in a glass on a table with a napkin. The subject is clear, but the ice and garnish appear malformed and lack sharpness. Global textures show noticeable blur and repetitive patterns."
a bloody mary cocktail next to a napkin,DALLE/035-3.png,35,0.561492953843877,0.536377551821925,0.536073630353523,4,4,4,3,3,A top-down view depicts a Bloody Mary cocktail on a striped napkin. The drink exhibits malformed ice geometry and a distorted central garnish shape. Global blur softens edges and flattens surface textures.
a bloody mary cocktail next to a napkin,DALLE/035-4.png,35,0.545916303707775,0.572361957717967,0.550451259971674,4,4,4,3,2,"A close-up shows a glass of red liquid with a straw on a napkin. The glass structure is stable, though the internal ice appears slightly fused. Heavy smoothing creates flat textures and softened edges throughout the scene."
a bloody mary cocktail next to a napkin,Glide/035-1.png,35,0.435281258955221,0.5209777232074579,0.5630887953929,3,3,2,3,3,A close-up view captures a glass of red liquid with a straw. The subject's top area shows a malformed garnish and distorted surface details. Heavy blurring and flat textures degrade the global visual quality.
a bloody mary cocktail next to a napkin,Glide/035-2.png,35,0.444275032674693,0.4366323685956,0.410633243121392,2,3,2,2,2,A close-up view captures a blurred orange drink in a red glass. The glass rim displays slight warping while the subject stays recognizable. Severe blurring flattens textures and softens every visible edge.
a bloody mary cocktail next to a napkin,Glide/035-3.png,35,0.380914398437418,0.431393851932661,0.4168729862080439,1,2,2,2,2,A blurry shot of a red beverage in a glass on a table. The drink shows unnatural color blobs and the straw has illegible text. Heavy blurring flattens textures and erases fine edge definition.
a bloody mary cocktail next to a napkin,Glide/035-4.png,35,0.397914632221241,0.473478796686254,0.410148451967229,2,2,2,3,2,A close-up shot features a glass of iced beverage with a straw. Internal components like ice and fruit appear structurally ambiguous and lack volume. Heavy oversmoothing washes out textures and softens all visible edges.
a bloody mary cocktail next to a napkin,Lafite/035-1.png,35,0.39378263601463,0.421972609699385,0.436581568842828,1,1,1,1,1,A close-up of a distorted red organic form against a blurred background. The subject exhibits severe structural malformation with fused boundaries and melted geometry. Heavy global blur creates waxy textures and softened edges.
a bloody mary cocktail next to a napkin,Lafite/035-2.png,35,0.375724164712815,0.369786333893484,0.376227933040324,1,1,2,1,1,A close-up shows a distorted red and white organic object against a blurred background. The subject's anatomy is severely malformed with fused regions and broken geometry. Heavy blur and waxy textures characterize the global distortion.
a bloody mary cocktail next to a napkin,Lafite/035-3.png,35,0.387645039748367,0.358017544873397,0.357881242576997,2,2,3,2,1,A close-up shows a distorted red organic object against a blurred background. The subject exhibits severe structural melting and lacks clear geometric definition. Heavy global blur and waxy textures eliminate fine surface details.
a bloody mary cocktail next to a napkin,Lafite/035-4.png,35,0.381893053800362,0.3411856741722989,0.397055418756349,1,2,1,2,1,A close-up shows a red organic object inside a white translucent container. The subject's form is severely warped and lacks recognizable structural integrity. Global blur and color bleeding obscure all fine details and textures.
a bloody mary cocktail next to a napkin,stable-diffusion/035-1.png,35,0.3735244780888579,0.386650364000495,0.427670581668915,2,2,3,3,2,A top-down view shows several colorful drinks on a textured table. The main glass is recognizable but features a warped rim and abstract garnishes. Global oversmoothing creates waxy textures and softened edges throughout the scene.
a bloody mary cocktail next to a napkin,stable-diffusion/035-2.png,35,0.51198979222529,0.509638652247125,0.478249774570181,4,4,4,3,2,"A close-up shows a Bloody Mary cocktail with various garnishes. The drink's structure is mostly stable, though the garnish placement feels rigid. The entire image suffers from significant blur and overly smooth textures."
a bloody mary cocktail next to a napkin,stable-diffusion/035-3.png,35,0.5843452215160849,0.528834165136144,0.537923559439232,4,4,4,3,3,"A photorealistic close-up shows a Bloody Mary with garnishes on a dark surface. The glass is coherent, but garnishes show fusion and slight shape malformations. Surfaces appear waxy with flat texture details."
a bloody mary cocktail next to a napkin,stable-diffusion/035-4.png,35,0.558112945740483,0.539936803447665,0.499210907086072,3,3,3,2,2,A close-up photograph depicts a garnished Bloody Mary on a checkered tablecloth. The salted rim and vegetable garnish show significant fusion and geometric warping. Surfaces display waxy smoothing and inconsistent edge definition.
a bloody mary cocktail next to a napkin,Unidiffuser/035-1.png,35,0.518875415213003,0.49939536882193,0.493790062700505,4,4,3,3,2,"A close-up shows a tall glass of red cocktail with green garnishes. The garnishes are structurally malformed and exhibit confusing, non-plant-like textures. Liquid surfaces exhibit a waxy, oversmoothed appearance."
a bloody mary cocktail next to a napkin,Unidiffuser/035-2.png,35,0.357801987335405,0.357844534069494,0.349607962674991,1,1,1,1,1,A close-up shows a blurry orange drink with a garnish on a blue surface. The subject's structure is unrecognizable and lacks any defined geometric form. Extreme global blur flattens all textures and eliminates edge definition.
a bloody mary cocktail next to a napkin,Unidiffuser/035-3.png,35,0.509717386791281,0.454884078906639,0.437285224635174,4,4,4,3,2,A close-up shows a glass of red liquid with garnish on a napkin. The glass rim has unnatural textures and the garnish appears fused to the liquid. Surfaces exhibit waxy smoothing and lack sharp textural definition.
a bloody mary cocktail next to a napkin,Unidiffuser/035-4.png,35,0.48011324088032,0.458968906836494,0.504334747429986,2,3,3,3,3,"A close-up shot features a tall glass of red fruit drink with a leaf garnish. The beverage structure is coherent, though the metal stirrer shows a malformed hook shape. Liquid surfaces exhibit slight oversmoothing and waxy texture artifacts."
a kids' book cover with an illustration of white dog driving a red pickup truck,Controlnet/036-1.png,36,0.582455230412018,0.503179811669241,0.530100081336481,3,4,3,3,2,A cartoon illustration shows a red truck with a dog on its roof in a field. The vehicle displays simplified geometry and the background text is illegible. Textures are flat and edges lack sharp definition.
a kids' book cover with an illustration of white dog driving a red pickup truck,Controlnet/036-2.png,36,0.493521018920701,0.447473000537861,0.441157123453096,2,2,2,2,1,A cartoon illustration shows a girl on a white truck with a dog. The subject displays distorted facial anatomy and unstable vehicle structure. Flat textures and a jarring red shadow reduce perceptual coherence.
a kids' book cover with an illustration of white dog driving a red pickup truck,Controlnet/036-3.png,36,0.4812466508474219,0.403419309366252,0.432800452524847,3,3,3,3,2,A cartoon man and a white dog sit in a red pickup truck. The human figure exhibits malformed limbs and fused hand structures. Textures appear flat with inconsistent shading and soft edge definition.
a kids' book cover with an illustration of white dog driving a red pickup truck,Controlnet/036-4.png,36,0.473188037751684,0.41721132102216,0.502287489249008,3,3,3,2,3,A cartoon illustration depicts three dogs sitting in a red pickup truck. The subjects are recognizable but include illegible text and distorted facial features. Textures appear waxy with soft edges and flattened detail.
a kids' book cover with an illustration of white dog driving a red pickup truck,DALLE/036-1.png,36,0.570579199024998,0.467488597556851,0.47926215335568,4,4,4,3,2,"A digital illustration shows a red truck, a white dog, and large red text. The dog's anatomy is simplified and the text contains a nonsensical word. Flat textures and digital brushstrokes dominate the background surfaces."
a kids' book cover with an illustration of white dog driving a red pickup truck,DALLE/036-2.png,36,0.551960041924512,0.520238320572427,0.605098983109995,4,4,4,3,3,A cartoon illustration shows a red truck and two dogs under a sign. The dog inside the window exhibits a malformed head with fused ears. Background elements display oversmoothing and lack sharp edge definition.
a kids' book cover with an illustration of white dog driving a red pickup truck,DALLE/036-3.png,36,0.592550710913771,0.6007185850665779,0.5852179680019399,3,3,3,3,3,A cartoon dog in a red truck sits below garbled text. The vehicle and animal are structurally sound while the typography is unreadable. Rendering features flat color fills and slightly softened edge definitions.
a kids' book cover with an illustration of white dog driving a red pickup truck,DALLE/036-4.png,36,0.57018796117745,0.572637539327815,0.521205266925547,3,4,3,3,2,A digital illustration features a red pickup truck and a white dog under text. Subjects are clear but show malformed dog anatomy and meaningless text. Global textures appear flat and waxy with softened definition.
a kids' book cover with an illustration of white dog driving a red pickup truck,Glide/036-1.png,36,0.465432309092379,0.492916328012991,0.447185500840341,2,3,2,2,2,A red graphic silhouette depicts a vehicle front on a white background. The vehicle structure is malformed with jagged contours and unreadable symbolic markings. Flat color fills show significant aliasing and lack any textural detail.
a kids' book cover with an illustration of white dog driving a red pickup truck,Glide/036-2.png,36,0.375918080965542,0.454478395822318,0.431809210889404,2,3,2,3,2,"A simple drawing depicts a red truck carrying an abstract white structure. The truck body is stable, while the upper load and wheels appear malformed. Outlines show aliasing and the image lacks sharp detail."
a kids' book cover with an illustration of white dog driving a red pickup truck,Glide/036-3.png,36,0.3945179678156549,0.4197805796642129,0.424570160537751,2,3,3,2,2,A crudely sketched red truck sits on a white background with symbols. The vehicle structure is distorted with fused components and blob-like wheels. Edges are jagged and textures lack any fine-grained surface detail.
a kids' book cover with an illustration of white dog driving a red pickup truck,Glide/036-4.png,36,0.469716968447292,0.493490392637204,0.473569442231731,2,2,2,2,2,A side-profile digital illustration of a red pickup truck on a white background. The truck body is severely distorted with malformed protrusions and warped geometry. Jagged edges and flat textures degrade the visual fidelity.
a kids' book cover with an illustration of white dog driving a red pickup truck,Lafite/036-1.png,36,0.3884252406626959,0.427578494421315,0.503441927790652,2,2,2,1,2,A digital painting shows a dog in a red car against a cloudy sky. The vehicle structure is heavily distorted with malformed and fused wheel components. Heavy oversmoothing and flat textures obscure fine details.
a kids' book cover with an illustration of white dog driving a red pickup truck,Lafite/036-2.png,36,0.354566999561872,0.355685259960606,0.3826146909120029,2,2,2,1,2,A digital painting shows a malformed dog in a red vehicle outdoors. The dog's face is warped; vehicle wheels are fused and broken. Textures are flat and waxy with softened edges and odd lighting.
a kids' book cover with an illustration of white dog driving a red pickup truck,Lafite/036-3.png,36,0.417816581605,0.365835835140401,0.453824065501449,2,2,2,1,3,"A painterly illustration depicts a malformed dog seated within a distorted red vehicle. The subject's anatomy and car geometry are heavily warped, reducing semantic readability. Textures show extreme oversmoothing and waxy melting."
a kids' book cover with an illustration of white dog driving a red pickup truck,Lafite/036-4.png,36,0.391262436574162,0.408281423249743,0.487927945491873,2,2,2,1,3,"A soft-focus painting depicts a puppy inside a red vehicle under clouds. The puppy's body fuses with the malformed vehicle structure, harming readability. Oversmoothing and melting edges flatten textures and blur global boundaries."
a kids' book cover with an illustration of white dog driving a red pickup truck,stable-diffusion/036-1.png,36,0.490208871005822,0.511685227877673,0.514803041729289,3,3,3,3,2,A red cartoon pickup truck carries a dog under a bright sky. Vehicle geometry is simplified while the upper text remains semantically illegible. Flat textures and inconsistent edge definitions characterize the rendering.
a kids' book cover with an illustration of white dog driving a red pickup truck,stable-diffusion/036-2.png,36,0.385552978447336,0.40347463213286,0.449827774365654,2,3,2,1,1,"A red cartoon truck sits in a field near a barn and silo. The vehicle shows warped geometry, malformed panels, and illegible bottom text. Global oversmoothing flattens textures and blurs scene boundaries."
a kids' book cover with an illustration of white dog driving a red pickup truck,stable-diffusion/036-3.png,36,0.508779457026782,0.507962929520817,0.555641952699889,4,4,4,3,2,A cartoon illustration features a red pickup truck on a green hillside. The vehicle structure is coherent while the text contains semantic errors. Global textures appear slightly grainy with flat color fills.
a kids' book cover with an illustration of white dog driving a red pickup truck,stable-diffusion/036-4.png,36,0.585757708207533,0.513577061215828,0.492878122547756,3,4,4,2,2,A cartoon red pickup truck carries three dogs against a colorful landscape. The dogs exhibit malformed facial features and inconsistent head-to-body proportions. The illustration uses flat colors and lacks fine textural detail.
a kids' book cover with an illustration of white dog driving a red pickup truck,Unidiffuser/036-1.png,36,0.394981352267467,0.423170188118469,0.529359338323533,1,2,3,1,2,"A painterly scene shows a white creature on a red vehicle before a building. The subject's anatomy fuses with the vehicle, creating a structurally ambiguous figure. Heavy global blur and oversmoothing obscure fine textures and edges."
a kids' book cover with an illustration of white dog driving a red pickup truck,Unidiffuser/036-2.png,36,0.522457971846198,0.446936079684378,0.518631142010484,4,4,4,2,3,A stylized white dog peers from a red car against a blue sky. The canine subject shows significant snout elongation and fused ear anatomy. Bold colors and flat shading characterize the overall graphic style.
a kids' book cover with an illustration of white dog driving a red pickup truck,Unidiffuser/036-3.png,36,0.4347998104301689,0.412390925575384,0.5243785236022149,3,3,2,1,3,A cartoon dog sits on a red car against a stylized landscape. The dog's face and car geometry show minor structural simplification and warping. Flat textures exhibit subtle noise and softened edge definition throughout.
a kids' book cover with an illustration of white dog driving a red pickup truck,Unidiffuser/036-4.png,36,0.538751518797702,0.461173427776658,0.507946035201789,4,3,3,2,2,"A cartoon illustration depicts a red pickup truck carrying stylized animals. Animal anatomy is simplified and fused, and all text is illegible. The image displays flat textures and inconsistent edge definitions."
A bare kitchen has wood cabinets and white appliances,Controlnet/037-1.png,37,0.5722943653035371,0.623077584304488,0.570972978333405,4,4,4,2,2,A photorealistic kitchen interior features wooden cabinets and stainless steel appliances. Cabinet layouts contain warped panels and the microwave lacks a proper frame. Textures appear waxy with repetitive grain and softened fine details.
A bare kitchen has wood cabinets and white appliances,Controlnet/037-2.png,37,0.541716786025994,0.533778842690814,0.576723015151532,3,3,3,2,3,"A photorealistic modern kitchen features white cabinetry and appliances under wooden ceiling beams. Refrigerator handles are malformed and fused, while cabinet hardware shows inconsistent alignment. Wood textures exhibit subtle smearing and lack fine-grained natural detail."
A bare kitchen has wood cabinets and white appliances,Controlnet/037-3.png,37,0.615528890366553,0.658893976961222,0.5744506790524541,4,3,3,3,3,A realistic digital image shows a kitchen with wooden cabinets and red appliances. The subject exhibits warped cabinet geometry and malformed control panels. Textures appear flat with unclear boundaries between surfaces.
A bare kitchen has wood cabinets and white appliances,Controlnet/037-4.png,37,0.561990522800369,0.594035013551657,0.565586299377564,4,4,4,3,2,"A photorealistic kitchen features light cabinetry, granite counters, and stainless appliances. The layout is stable, but the oven shows gibberish text and a malformed stove. Surfaces exhibit waxy smoothing and repetitive texture patterns."
A bare kitchen has wood cabinets and white appliances,DALLE/037-1.png,37,0.554516073898447,0.580979019305526,0.565170762691274,4,4,3,3,3,"A photorealistic kitchen interior centers on a white stove beneath wooden cabinets. The stove and cabinetry exhibit malformed knobs, fused structures, and illogical layout. Surfaces show subtle oversmoothing and weak edge definition."
A bare kitchen has wood cabinets and white appliances,DALLE/037-2.png,37,0.7066112423281371,0.678259785340356,0.610001473826034,4,4,4,3,3,A realistic kitchen interior features wooden cabinets and white appliances. Appliance geometry and cabinet alignments show minor local warping and fusion. Textures appear slightly repetitive with softened edge definitions.
A bare kitchen has wood cabinets and white appliances,DALLE/037-3.png,37,0.621435761163794,0.633737033046788,0.676952583513969,4,4,4,3,3,A realistic digital photo shows a white kitchen with cabinets and appliances. Cabinet hardware and panel alignments show minor structural inconsistencies. Surfaces exhibit flat textures and softened edge definition.
A bare kitchen has wood cabinets and white appliances,DALLE/037-4.png,37,0.683351799673478,0.672994364403049,0.661789939081592,4,4,4,3,3,A photorealistic kitchen interior features wooden cabinetry and white appliances under bright lighting. Appliance controls and cabinet edges appear blurred and lack clear structural definition. Global oversmoothing flattens textures and weakens edge sharpness across the scene.
A bare kitchen has wood cabinets and white appliances,Glide/037-1.png,37,0.417334440324956,0.510050773794284,0.5166931767985811,1,2,2,3,2,A blurry interior shows a kitchen with wooden cabinets and a white island. The kitchen structure is coherent though small objects are illegible from blur. Severe global blur flattens textures and softens all edges.
A bare kitchen has wood cabinets and white appliances,Glide/037-2.png,37,0.385413752988824,0.469346494045253,0.5040946670833439,2,3,2,1,3,A blurred interior view shows white kitchen cabinets and a countertop. Kitchen structures are recognizable but lack clear edges due to heavy smearing. Global oversmoothing eliminates texture and sharpness throughout the entire frame.
A bare kitchen has wood cabinets and white appliances,Glide/037-3.png,37,0.40378177975212,0.471233942338253,0.497083491159091,2,2,3,3,2,A blurry interior view of a wooden kitchen with cabinets and a window. The cabinet structure is coherent but lacks distinct component separation. Global blurring severely flattens textures and softens all edges.
A bare kitchen has wood cabinets and white appliances,Glide/037-4.png,37,0.419258832066014,0.442693717717612,0.450204219819378,4,4,4,3,1,A blurry shot shows a white kitchen with a central stainless steel stove. The kitchen structure is recognizable despite severe loss of edge definition and detail. Global oversmoothing flattens textures into indistinct shapes.
A bare kitchen has wood cabinets and white appliances,Lafite/037-1.png,37,0.418473592971036,0.491957432519477,0.5324048471524759,2,3,3,2,3,"A bright, minimalist kitchen interior features warped cabinetry and a malformed central island. The subject's geometry is distorted with fused panels and visually confusing object placement. Surfaces exhibit heavy oversmoothing and flat, waxy textures throughout."
A bare kitchen has wood cabinets and white appliances,Lafite/037-2.png,37,0.38608232128718,0.444457098677366,0.486769095399564,3,3,2,2,2,"An overexposed, high-key interior view of a modern white kitchen scene. Cabinetry and appliance structures are severely blurred, warped, and lack clear separation. Global oversmoothing flattens textures and washes out details."
A bare kitchen has wood cabinets and white appliances,Lafite/037-3.png,37,0.481676600702448,0.467938401107366,0.4910673304359509,2,2,3,2,3,"A bright, white-toned kitchen interior features a central island and built-in appliances. The kitchen's structural geometry is severely warped with fused cabinetry and melted surfaces. Global oversmoothing creates waxy textures and unclear object boundaries."
A bare kitchen has wood cabinets and white appliances,Lafite/037-4.png,37,0.429305471663963,0.448434793714978,0.494122206594812,1,3,3,3,1,A blurry modern kitchen interior features warped cabinetry and indistinct appliances. The kitchen structure is severely malformed with fused objects and broken perspective. Global oversmoothing creates flat textures and melted boundaries.
A bare kitchen has wood cabinets and white appliances,stable-diffusion/037-1.png,37,0.646926571232723,0.597156166974336,0.601060396505106,4,4,4,3,2,"A photorealistic kitchen interior shows dark wooden cabinets and stainless steel appliances. The subject is structurally stable, though appliance details appear slightly blurred or fused. Textures lack natural variation and edges show inconsistent local sharpness."
A bare kitchen has wood cabinets and white appliances,stable-diffusion/037-2.png,37,0.616126958885173,0.58749853037825,0.585799692663162,3,3,3,2,2,A photorealistic kitchen displays white cabinetry and a stainless steel refrigerator under a wooden beam. Cabinet hardware and appliance edges show subtle misalignments and local geometric distortions. Surfaces display waxy textures and softened edges with repetitive detail.
A bare kitchen has wood cabinets and white appliances,stable-diffusion/037-3.png,37,0.417057275741205,0.495660667683099,0.52224455678348,2,3,3,2,3,"A blurry kitchen interior features wooden cabinets and pendant lights under soft lighting. The subject lacks sharp definition as heavy blurring warps the cabinet geometry and obscures details. Global oversmoothing eliminates texture and creates waxy, indistinct surfaces throughout."
A bare kitchen has wood cabinets and white appliances,stable-diffusion/037-4.png,37,0.6062578945289591,0.570759504087587,0.555605237132305,3,3,2,3,3,A realistic kitchen scene features wooden cabinets and stainless steel appliances. The central stove and cabinetry are structurally coherent despite minor handle distortions. Global textures appear oversmoothed with softened edge definitions across the frame.
A bare kitchen has wood cabinets and white appliances,Unidiffuser/037-1.png,37,0.429560083359257,0.576525218273691,0.5747854177588,3,3,3,3,3,A blurry kitchen interior features wooden cabinets and white appliances. Cabinet structures are warped with indistinct hardware and softened appliance edges. Global oversmoothing creates waxy textures and undefined boundaries throughout the scene.
A bare kitchen has wood cabinets and white appliances,Unidiffuser/037-2.png,37,0.539703846943732,0.567255866569155,0.54119878644166,3,3,3,3,3,A photorealistic kitchen scene displays wooden cabinetry and duplicated appliances. The subject is structurally stable overall despite illogical appliance duplication and malformed handles. Global textures exhibit mild oversmoothing and lack fine-grained natural detail.
A bare kitchen has wood cabinets and white appliances,Unidiffuser/037-3.png,37,0.281442341874107,0.346568392008472,0.414273913984153,1,2,2,2,3,A heavily blurred indoor scene features indistinct wooden cabinetry and walls. The subject is structurally illegible because extreme blur obscures all geometric forms. Global oversmoothing removes every visible texture and sharp boundary.
A bare kitchen has wood cabinets and white appliances,Unidiffuser/037-4.png,37,0.532968371465408,0.554838922590306,0.551588813156205,3,3,3,2,3,A realistic kitchen interior features white cabinets and wooden countertops. The kitchen structure is coherent despite minor appliance framing inconsistencies. Surfaces exhibit repetitive textures and softened fine details.
a fall landscape with a small cottage next to a lake,Controlnet/038-1.png,38,0.4942958799468659,0.412779893092071,0.543714871234223,3,3,3,3,3,A small thatched cottage stands near a lake reflecting colorful autumn trees. The house is recognizable but has simplified geometry and lacks sharp definition. Global textures appear oversmoothed with softened edges and low-frequency detail.
a fall landscape with a small cottage next to a lake,Controlnet/038-2.png,38,0.634731127870701,0.6291208724589901,0.651894860555561,3,3,3,2,2,A stone cottage rests by a lake amid vibrant autumn forest. The house structure is recognizable but features distorted windows and amorphous plants. Heavy artistic filtering creates flat textures and unnaturally saturated color zones.
a fall landscape with a small cottage next to a lake,Controlnet/038-3.png,38,0.600130927877672,0.552431669382762,0.6029584015974531,3,4,3,3,3,A small wooden house sits by a lake surrounded by autumn trees. The house structure is coherent despite some simplified window details. Textures appear waxy with noticeable oversmoothing in the background foliage.
a fall landscape with a small cottage next to a lake,Controlnet/038-4.png,38,0.60449892456381,0.553084821750745,0.576798971760909,4,4,4,2,3,"A wooden shed sits by a reflective lake amidst vibrant autumn foliage. The shed is structurally stable, though nearby tree branches appear densely fused. Oversaturated colors and softened textures reduce overall edge clarity and detail."
a fall landscape with a small cottage next to a lake,DALLE/038-1.png,38,0.53858071479905,0.575501675382074,0.578610578706122,3,4,3,3,3,"A photorealistic landscape captures a lakeside cabin surrounded by vibrant autumn forests. The scene is structurally stable, though the dense foliage appears as fused masses. Widespread softness and flat textures reduce visual fidelity."
a fall landscape with a small cottage next to a lake,DALLE/038-2.png,38,0.56562860806615,0.60926029814438,0.6274650624960469,3,3,4,3,3,A photorealistic landscape shows a red lakeside shelter framed by autumn trees. The central structure displays simplified geometry and indistinct internal framing. Dense foliage shows oversmoothing and reduced texture clarity.
a fall landscape with a small cottage next to a lake,DALLE/038-3.png,38,0.629822100360979,0.624394728992239,0.6411908919661811,3,3,4,2,3,"A photorealistic autumn landscape features a lake, forest, and a small building. The building geometry is vague and the reed bed forms a fused mass. Distant textures are oversmoothed and reflections show vertical artifacts."
a fall landscape with a small cottage next to a lake,DALLE/038-4.png,38,0.625429497369878,0.6557607743344831,0.675873504439804,4,4,4,3,2,A photorealistic view shows a white house nestled in autumn woods beside a lake. The house structure is stable but features softened architectural details and blurry window regions. Textures and edges show no dominant local artifact.
a fall landscape with a small cottage next to a lake,Glide/038-1.png,38,0.45433815374316,0.4628135964055569,0.500294600366998,2,3,2,3,3,A low-resolution photorealistic scene depicts a wooden house near a reflective pond. The house structure remains largely intact despite indistinct window and roofline regions. Severe global blurring flattens textures and dissolves fine edge definitions.
a fall landscape with a small cottage next to a lake,Glide/038-2.png,38,0.428273880598737,0.476999812769223,0.4883373189880929,2,3,3,3,3,A blurry landscape depicts a cabin among autumn foliage near a lake. The cabin and trees lack distinct forms and readable structural details. Extreme global oversmoothing results in flat textures and lost edge clarity.
a fall landscape with a small cottage next to a lake,Glide/038-3.png,38,0.4385271694962109,0.495696521308716,0.5123961472873649,2,4,4,3,1,A blurred autumn landscape features colorful trees reflected in a calm lake. Tree shapes and reflections remain structurally coherent despite significant visual softening. Global oversmoothing severely degrades texture clarity and edge sharpness.
a fall landscape with a small cottage next to a lake,Glide/038-4.png,38,0.440233611266964,0.541340774023737,0.551909655721296,2,2,2,3,2,A blurry autumn forest borders a calm body of water under bright light. Tree forms and shoreline geometry are obscured by heavy spatial blurring. Global oversmoothing eliminates fine textures and sharp edges everywhere.
a fall landscape with a small cottage next to a lake,Lafite/038-1.png,38,0.363726845835014,0.418289395719974,0.519540803031462,2,2,2,2,3,A stylized landscape image features a house by a lake with wooded hills. The subject is structurally stable but lacks detail and appears slightly melted. Textures exhibit pervasive oversmoothing and weak edge definition.
a fall landscape with a small cottage next to a lake,Lafite/038-2.png,38,0.421410853983913,0.50824534322284,0.611453000986076,2,3,3,3,3,A photorealistic landscape depicts a house within autumn foliage beside a lake. The building is structurally unstable while the dense trees lack organic clarity. Global textures appear waxy and oversmoothed with significantly softened edges.
a fall landscape with a small cottage next to a lake,Lafite/038-3.png,38,0.460813485742787,0.477060611356379,0.466320432918455,2,2,2,3,3,A warped houseboat sits on a lake surrounded by autumn forests. The subject shows severe structural distortion with fused and melted details. Heavy global blur and flat textures obscure fine details.
a fall landscape with a small cottage next to a lake,Lafite/038-4.png,38,0.386480452493235,0.456074365554867,0.51775665890526,3,3,3,3,3,A soft-focus landscape features a lakeside house beneath colorful autumn mountains. The building and trees appear as indistinct shapes lacking sharp structural definition. Oversmoothing flattens textures and erases fine details everywhere.
a fall landscape with a small cottage next to a lake,stable-diffusion/038-1.png,38,0.589375351012612,0.6037916459086891,0.622518020908472,3,3,3,3,3,A photorealistic landscape shows a thatched cottage by a lake in an autumn forest. The cottage is stable but features a vague malformed shape on its right. Foliage textures appear waxy with subtle oversmoothing.
a fall landscape with a small cottage next to a lake,stable-diffusion/038-2.png,38,0.6731949033575959,0.68109568512149,0.6658738757364471,4,4,4,3,2,A stone house stands by a lake within a vibrant autumn forest. The subject is structurally coherent yet suffers from repetitive textures and window warping. Foliage exhibits noticeable oversmoothing and lacks crisp local detail.
a fall landscape with a small cottage next to a lake,stable-diffusion/038-3.png,38,0.4723124368172069,0.44766087711471,0.483452352970862,2,3,2,3,2,A soft-focus painting depicts a small white house in an autumn forest. The house structure remains coherent despite simplified window frames and indistinct steps. Global oversmoothing creates waxy textures and softened edges across the entire scene.
a fall landscape with a small cottage next to a lake,stable-diffusion/038-4.png,38,0.69208407431031,0.666948285736468,0.7150084177779089,3,4,4,3,3,"A vibrant photorealistic landscape depicts a red boathouse beside a tranquil lake. The boathouse is structurally stable, but nearby vegetation lacks botanical definition. Foreground ground-cover textures exhibit a prominent repetitive tiling pattern."
a fall landscape with a small cottage next to a lake,Unidiffuser/038-1.png,38,0.284261174415734,0.295800719733822,0.283858278749881,1,1,1,1,1,"A heavily blurred abstract landscape features a golden field beneath a bright sky. The subject lacks recognizable structure, appearing as an indistinct color wash. Extreme blur and coarse grain obscure fine details and boundaries."
a fall landscape with a small cottage next to a lake,Unidiffuser/038-2.png,38,0.547467620540999,0.55562271541979,0.58712770501346,4,4,4,3,3,A photorealistic landscape depicts a wooden cabin within an autumn forest setting. The cabin displays severely malformed windows and indistinct architectural boundaries. Foliage and grass textures exhibit noticeable repetition and a waxy finish.
a fall landscape with a small cottage next to a lake,Unidiffuser/038-3.png,38,0.573076886044268,0.579392077819408,0.612981845534349,3,3,4,3,3,A photorealistic image depicts a cabin by a lake in an autumn forest. The cabin's architecture is recognizable despite warped porch railings and window frames. Foreground grass exhibits flat textures and overly saturated tones.
a fall landscape with a small cottage next to a lake,Unidiffuser/038-4.png,38,0.485907967283842,0.5578634102624109,0.513669096812945,3,3,3,2,3,A scenic autumn view features a lakeside shed framed by orange foliage. The shed structure is recognizable but lacks sharp architectural detail. Textures appear somewhat waxy and repetitive across the landscape.
a teddy bear on a skateboard in times square,Controlnet/039-1.png,39,0.58205350154262,0.517480072658782,0.592226650020001,4,4,4,3,3,A teddy bear on a skateboard stands in a crowded urban square. The subject has simplified limb geometry and a malformed neck ribbon. Background areas show significant melting blur and waxy surface textures.
a teddy bear on a skateboard in times square,Controlnet/039-2.png,39,0.538811588295819,0.512937872120835,0.477704348296774,4,3,4,2,3,A photorealistic teddy bear rides a skateboard through a busy urban plaza. The subject displays malformed paws and an illegible logo on its torso. Background crowds appear melted and textures exhibit a waxy quality.
a teddy bear on a skateboard in times square,Controlnet/039-3.png,39,0.602400052844378,0.627181743597446,0.618405909477041,4,4,4,3,3,A large teddy bear rides a skateboard down a crowded city street. The central bear subject is well-formed though its paws appear slightly fused. Background elements suffer from heavy blurring and significant anatomical melting.
a teddy bear on a skateboard in times square,Controlnet/039-4.png,39,0.63209112278406,0.559239291315084,0.602762844901568,4,4,4,3,3,"A large photorealistic teddy bear sits on a skateboard in a busy city street. The subject’s legs are fused with oversized wheels, causing severe anatomical distortion. Background blur and waxy textures degrade visual fidelity."
a teddy bear on a skateboard in times square,DALLE/039-1.png,39,0.577393676884953,0.532951950720385,0.597218542031252,3,3,4,2,3,"a brown teddy bear rides a skateboard on a crosswalk. The bear exhibits distorted facial features and fused, structurally unstable lower limbs. Lighting appears inconsistent with waxy, flat, over-smoothed textures."
a teddy bear on a skateboard in times square,DALLE/039-2.png,39,0.581131032997676,0.5616343736385709,0.634116553588857,3,3,3,2,3,"A teddy bear rests on a skateboard in a blurred city scene. The bear’s face is simplified, and the skateboard wheels appear malformed. Fur textures show smoothing, and background details lack sharp edge definition."
a teddy bear on a skateboard in times square,DALLE/039-3.png,39,0.605710005474667,0.612900772454066,0.606683994296829,4,4,4,3,3,A large teddy bear rides a skateboard on a busy city street. The subject displays stable structure with minor inconsistencies in limb attachment. Background elements exhibit significant blur while textures remain relatively sharp.
a teddy bear on a skateboard in times square,DALLE/039-4.png,39,0.5388976611623,0.47417037033525,0.551338692211203,2,3,4,2,3,A teddy bear rides a skateboard on a busy city street with glowing billboards. The bear's facial features are indistinct and its limbs appear simplified and stiff. Heavy background blur and softened textures reduce clarity.
a teddy bear on a skateboard in times square,Glide/039-1.png,39,0.453150185527052,0.478592877254706,0.4099710589012499,2,3,2,1,1,A heavily blurred teddy bear is centered on a plain background. The subject's limbs are distorted into undefined rounded masses lacking plausible anatomy. Severe oversmoothing eliminates texture and blurs all boundaries.
a teddy bear on a skateboard in times square,Glide/039-2.png,39,0.372813802131111,0.4114239386579559,0.412730814910238,1,2,2,2,1,"A centered, blurry shot of a teddy bear on an orange backdrop. The subject's facial features and chest pattern are simplified and lack detail. Heavy global blur obscures fine textures and boundaries."
a teddy bear on a skateboard in times square,Glide/039-3.png,39,0.440718468942131,0.55030258015355,0.439422407323393,3,3,3,3,2,A blurry close-up shows a white teddy bear holding distorted objects in darkness. The bear's facial features are simplified while the held items appear fused and illegible. Oversmoothing flattens textures and obscures fine details.
a teddy bear on a skateboard in times square,Glide/039-4.png,39,0.3939321837716539,0.448101650336609,0.427384267211662,2,2,2,2,1,"A close-up image shows a yellow teddy bear against a dark background. The bear's face is simplified and the chest patch is semantically confusing. Heavy blur, low resolution, and waxy textures degrade image fidelity."
a teddy bear on a skateboard in times square,Lafite/039-1.png,39,0.366050339730495,0.388944099668981,0.394886662364149,1,2,2,1,2,A large furry otter-like mascot stands on a blurred city sidewalk. The subject's anatomy is malformed with warped limbs and a poorly defined face. Heavy global blur and smoothing degrade visual clarity.
a teddy bear on a skateboard in times square,Lafite/039-2.png,39,0.418124032487716,0.36794132073476,0.399018712447794,2,2,3,1,2,A large furry bipedal creature stands in a blurred urban street setting. The subject displays malformed limb anatomy and structurally ambiguous paw regions. Heavy global blur and background melting obscure fine details.
a teddy bear on a skateboard in times square,Lafite/039-3.png,39,0.409551378915992,0.435023946245588,0.423455613642252,1,2,3,1,2,"A distorted upright furry creature stands on a blurred urban street. The subject's anatomy is severely warped with fused limbs and malformed paws. Global blur, background melting, and waxy textures degrade visual fidelity."
a teddy bear on a skateboard in times square,Lafite/039-4.png,39,0.34441563690837,0.295744733702651,0.332489777454962,2,2,2,1,2,A blurry photorealistic image depicts a malformed teddy bear on a city street. The subject displays distorted anatomy with fused limbs and indistinct facial features. Heavy blur and background melting obscure fine details.
a teddy bear on a skateboard in times square,stable-diffusion/039-1.png,39,0.56502301842275,0.528381316733484,0.5688757847528421,4,4,4,3,3,A large teddy bear rides a skateboard through a crowded city square. The central subject is structurally stable and semantically clear despite slightly uniform fur textures. Background figures suffer from significant blurring and loss of fine detail.
a teddy bear on a skateboard in times square,stable-diffusion/039-2.png,39,0.5774474044089201,0.551023922203616,0.586978023664412,4,4,4,2,3,A digital image shows a teddy bear on a skateboard in a city square. The subject is structurally coherent despite some fusion in the paw anatomy. Background areas show heavy oversmoothing and melted architectural details.
a teddy bear on a skateboard in times square,stable-diffusion/039-3.png,39,0.646273886077111,0.655189991958817,0.6172598437579331,3,3,3,3,3,"A large teddy bear on a skateboard sits in a busy city square. The subject is structurally clear, though its limbs lack fine anatomical definition. Background regions display heavy blur and indistinct repetitive textures."
a teddy bear on a skateboard in times square,stable-diffusion/039-4.png,39,0.399417275186446,0.415762327099614,0.48175773409551,2,3,3,2,3,A large teddy bear rides a skateboard through a busy city intersection. The bear's anatomy is malformed with fused limbs and indistinct features. Oversmoothing creates waxy textures and melted background details.
a teddy bear on a skateboard in times square,Unidiffuser/039-1.png,39,0.563489466944425,0.593548166067026,0.6029226740192299,3,4,4,3,3,A large teddy bear stands on a skateboard in a busy city square. The subject is recognizable but its paws appear fused to the board. Background details exhibit noticeable melting and oversmoothing.
a teddy bear on a skateboard in times square,Unidiffuser/039-2.png,39,0.37923749866769,0.430979775849191,0.527324433777445,2,3,3,2,3,A blurry pink bear figure skateboards down a neon-lit city street at night. Subject anatomy is indistinct with limbs appearing fused under heavy softening. Global blur obscures details and flattens texture.
a teddy bear on a skateboard in times square,Unidiffuser/039-3.png,39,0.527196431840432,0.5550910749003279,0.534936305862916,3,3,4,3,2,A large teddy bear in blue rides a hoverboard on a city street. The subject's limbs show minor anatomical warping and unclear joint definitions. Background textures are oversmoothed and lack fine edge definition.
a teddy bear on a skateboard in times square,Unidiffuser/039-4.png,39,0.4731956145186259,0.469939163500479,0.453686713391286,2,3,2,2,3,"A plush teddy bear sits in a neon-lit urban environment at night. The toy's form is stable, though its lower limbs show minor fusion. Image lacks sharpness, featuring soft textures and smeared background details."
A blue colored dog,Controlnet/040-1.png,40,0.609086544430249,0.594177677444231,0.631965350390825,4,4,4,2,3,A digital painting presents a blue dog in a close-up view. The dog's face and paws display significant anatomical distortions. Waxy fur textures show soft edges and flat detail.
A blue colored dog,Controlnet/040-2.png,40,0.518203499385933,0.498320575688384,0.594418520629822,4,4,4,3,3,A blue and white dog stands on green turf against a grey wall. The subject is structurally stable despite minor facial and paw distortions. Fur textures show mild waxiness and lack sharp edge definition.
A blue colored dog,Controlnet/040-3.png,40,0.490004643945937,0.4405636718865069,0.509787774266785,4,4,4,3,3,A stylized digital painting features a blue dog in a frontal portrait view. The dog’s head is coherent but its lower body is severely distorted. Global textures exhibit heavy oversmoothing and a waxy plastic appearance.
A blue colored dog,Controlnet/040-4.png,40,0.590174342638466,0.546577442417722,0.46142068134329,4,4,4,3,3,A digital painting depicts a dog with blue markings on a neutral background. The canine subject retains coherent anatomy and clear facial features under stylized coloration. Fur textures show subtle smoothing and pseudo-detailing.
A blue colored dog,DALLE/040-1.png,40,0.667523628822744,0.6268694759211499,0.503605193137004,4,4,4,3,2,"A close-up shows a black and tan dog with a collar on a lawn. The dog's head is stable, but the collar hardware is slightly malformed. Fur textures appear globally oversmoothed and lack detail."
A blue colored dog,DALLE/040-2.png,40,0.5961630883354,0.6299326720465079,0.48213048281973,4,4,3,2,2,A close-up portrait depicts a black dog wearing a blue collar outside. The subject is structurally stable despite some unnatural detail within the open mouth. Dark fur exhibits slight texture oversmoothing.
A blue colored dog,DALLE/040-3.png,40,0.5401708767986301,0.551268831735451,0.416300845670287,3,3,3,3,1,A white box with rolls and a color bar sits on a surface. The object displays distorted geometry and illegible pseudo-text logos at the base. Surfaces show waxy textures and softened edge definitions throughout.
A blue colored dog,DALLE/040-4.png,40,0.5669428057681111,0.620608161156401,0.419913475098158,3,4,4,3,2,A close-up view shows a black dog with a blue collar outdoors. The dog's face and collar show subtle structural distortions and fusion. Fur textures appear waxy with softened edges and low local detail.
A blue colored dog,Glide/040-1.png,40,0.4358328812912189,0.408849216261731,0.6443503735276169,2,3,2,2,3,"A close-up portrait features a blue dog wearing a collar tag outdoors. The canine facial structure remains coherent despite slightly mismatched eye alignment. Fur surfaces exhibit a waxy, oversmoothed appearance lacking fine textural detail."
A blue colored dog,Glide/040-2.png,40,0.419850781268012,0.4708788657153179,0.512610554741054,2,3,3,3,2,A close-up digital portrait shows a dog's face against a plain background. The canine subject is readable but exhibits minor anatomical ambiguity in the muzzle. Global softness and weak detail preservation dominate the visual field.
A blue colored dog,Glide/040-3.png,40,0.509793448124865,0.556221776155563,0.5445358682132531,2,3,3,3,3,A close-up portrait depicts a black dog with a pink collar outdoors. The dog's head is clear but the muzzle area is distorted and melted. Heavy blurring and oversmoothing flatten textures throughout the image.
A blue colored dog,Glide/040-4.png,40,0.391277596096131,0.47046457628007,0.397178662619305,3,3,2,2,1,A close-up portrait depicts a dark-furred dog against a soft-focus background. The canine subject remains recognizable despite significant blur and uneven eye clarity. Oversmoothing flattens fur textures and softens all boundaries.
A blue colored dog,Lafite/040-1.png,40,0.328038868800486,0.340195330810577,0.435054819613765,2,2,2,2,2,"A blue dog is depicted in a soft, painterly digital art style. The canine subject exhibits a severely malformed and fused facial structure. Global oversmoothing and waxy textures obscure all fine details and edges."
A blue colored dog,Lafite/040-2.png,40,0.446304253645726,0.430500481755934,0.478889579188845,4,4,3,2,3,A stylized blue dog occupies the center of a soft-focus portrait. The canine face is structurally distorted with smeared and indistinct features. Heavy smoothing flattens textures and blurs all boundaries.
A blue colored dog,Lafite/040-3.png,40,0.352902271530505,0.390711137052488,0.451646937750597,3,2,2,2,2,A blue dog sits centered against a blurred wooden fence background. The subject exhibits severe anatomical distortion with a malformed head and fused features. Heavy blur creates waxy textures with no fine detail.
A blue colored dog,Lafite/040-4.png,40,0.3536267736906899,0.421470759843673,0.432974419612831,1,2,2,2,3,A stylized blue dog sits centered before a blurred wooden fence. The subject exhibits severe facial distortion and lacks anatomical coherence. Global oversmoothing produces flat textures and indistinct boundary definitions.
A blue colored dog,stable-diffusion/040-1.png,40,0.630818378644009,0.535374111031789,0.571561365468793,4,4,3,3,3,A digital painting shows a blue and yellow dog's head on a plain background. The canine subject maintains a coherent facial structure with clear semantic readability. Fur textures appear smooth with softened fine detail definition.
A blue colored dog,stable-diffusion/040-2.png,40,0.647456146115369,0.6467066235173501,0.625044836658292,4,4,3,3,3,A photorealistic blue dog stands on a grey pavement in daylight. The canine subject shows minor paw malformations but remains largely recognizable. Fur textures appear waxy and fine details are softened.
A blue colored dog,stable-diffusion/040-3.png,40,0.564172641693215,0.474884864747237,0.454688230402078,4,4,4,3,2,A close-up digital painting shows a fluffy dog against a blue background. The canine subject displays a stable anatomy with well-defined facial features. Fur textures exhibit significant oversmoothing and a waxy surface appearance.
A blue colored dog,stable-diffusion/040-4.png,40,0.537616917743195,0.536155815303427,0.559322361942632,4,4,4,2,3,A photorealistic close-up of a blue dog against a plain background. The subject displays mismatched eye colors and illegible markings on its collar. Surface textures show excessive smoothing and a waxy appearance.
A blue colored dog,Unidiffuser/040-1.png,40,0.571580579003684,0.54165351799005,0.589177758549037,4,4,4,2,3,A blue puppy sits on a lawn under natural light. Canine anatomy is largely intact despite inconsistent eye detailing. Blue fur texture is flat and lacks micro-detail definition.
A blue colored dog,Unidiffuser/040-2.png,40,0.33839933271412,0.345857321660914,0.374132803696565,3,2,2,1,3,A heavily blurred blue animal-like figure stands on a neutral ground. The subject's structure is obscured by significant smearing and lacks anatomical clarity. Extreme global blur and softened edges dominate the visual field.
A blue colored dog,Unidiffuser/040-3.png,40,0.5890260778752741,0.5728955943456571,0.650321397125047,4,4,2,3,3,A blue dog sits on a textured surface before a wooden fence. The subject has a stable pose but displays simplified anatomy and fused paws. Textures appear uniformly flat and waxy.
A blue colored dog,Unidiffuser/040-4.png,40,0.526045383386734,0.481865045664196,0.58275604456764,3,3,2,3,3,A blue dog sits on a dirt path adjacent to green grass. The animal features malformed hindquarters with distorted limb geometry and fused anatomy. Fur surfaces appear overly smooth with soft edges and background noise.
A photo of an astronaut riding a horse in the forest.,Controlnet/041-1.png,41,0.6662786739850981,0.6513783777904171,0.666779274219619,4,4,4,3,3,An astronaut in a full suit rides a horse through a forest. The horse's leg joints and harness straps appear structurally warped and indistinct. Background foliage repeats and textures appear softened.
A photo of an astronaut riding a horse in the forest.,Controlnet/041-2.png,41,0.572398694597068,0.5331621989751499,0.599486863940964,4,3,4,2,3,"An astronaut rides a horse through a misty, sunlit forest landscape. The rider's limbs and torso exhibit significant anatomical distortion and fusion. Textures appear waxy and edges lack crisp definition across the frame."
A photo of an astronaut riding a horse in the forest.,Controlnet/041-3.png,41,0.540870465330867,0.582382227948035,0.606241941745453,4,4,4,3,3,A suited astronaut rides a white horse through a misty forest landscape. The subjects are structurally stable despite minor anatomical awkwardness in the pose. Image-wide oversmoothing leads to flattened textures and softened boundary definition.
A photo of an astronaut riding a horse in the forest.,Controlnet/041-4.png,41,0.5391027236635,0.496582917042779,0.564377353362714,4,4,4,3,3,"An astronaut in a white suit rides a brown horse through a forest. The subject features distorted horse legs, a malformed face, and a fused red object. Waxy textures and softened details reduce clarity."
A photo of an astronaut riding a horse in the forest.,DALLE/041-1.png,41,0.6817362142269511,0.641970730500163,0.688907098897099,4,4,4,3,3,A photorealistic scene depicts an astronaut riding a horse through a forest. The astronaut's fused hands and the horse's distorted muzzle impair semantic clarity. Surfaces appear overly smooth and background foliage lacks high-frequency detail.
A photo of an astronaut riding a horse in the forest.,DALLE/041-2.png,41,0.549753022245623,0.534380052643964,0.580575788740514,3,4,4,3,3,"An astronaut in a spacesuit rides a horse within a wooded environment. Subject structure is mostly intact, but the horse's rear shows anatomical inconsistencies. Rendering quality is diminished by overall softness and blurred edges."
A photo of an astronaut riding a horse in the forest.,DALLE/041-3.png,41,0.584778205786868,0.522486021824997,0.571785130451103,4,4,4,3,3,"An astronaut-suited rider sits on a white horse in a forest. The subjects are coherent, though the rider's gloved hands appear slightly fused. Global textures exhibit heavy oversmoothing and a distinct waxy appearance."
A photo of an astronaut riding a horse in the forest.,DALLE/041-4.png,41,0.633826119793529,0.625922034398898,0.6524937184882781,4,4,4,3,3,An astronaut in a purple suit rides a horse through a forest. The subject is clear but the horse's limbs and tail appear structurally warped. Surfaces show waxy smoothing and background details lack sharp definition.
A photo of an astronaut riding a horse in the forest.,Glide/041-1.png,41,0.394035027337707,0.417695975700966,0.4231920353940729,1,2,2,2,2,A blurred quadruped stands in a grassy field before a forest. The subject's form is recognizable but lacks clear anatomical definition. Extreme global blur and oversmoothing eliminate texture and fine detail.
A photo of an astronaut riding a horse in the forest.,Glide/041-2.png,41,0.392798495912437,0.415881515982297,0.372788733214704,2,2,3,2,2,"A close-up captures a dark horse's head against a blurred woodland background. The subject exhibits severe facial distortion with a malformed muzzle and undefined eyes. Significant blurring yields soft edges and flattened, waxy surface details."
A photo of an astronaut riding a horse in the forest.,Glide/041-3.png,41,0.354717808210725,0.422719783205139,0.429437577763918,2,2,2,2,3,A blurry close-up depicts a brown horse grazing in a grassy field. The subject's anatomy is recognizable but the legs appear distorted and fused. Severe global blur and softness obscure all fine surface textures.
A photo of an astronaut riding a horse in the forest.,Glide/041-4.png,41,0.344807609694939,0.400355799620766,0.3333154397176039,2,3,2,1,1,A brown horse grazes within a lush forest environment. The animal's form is coherent despite some blurred limb articulation. Heavy global softness reduces texture clarity across the frame.
A photo of an astronaut riding a horse in the forest.,Lafite/041-1.png,41,0.399318697778317,0.389480455678421,0.4173607416722369,1,1,2,1,3,A knight in blue armor rides a brown horse through a sunlit forest. The subject exhibits severe anatomical warping with fused limbs and a distorted torso. Heavy smearing and waxy textures degrade the overall edge definition and clarity.
A photo of an astronaut riding a horse in the forest.,Lafite/041-2.png,41,0.386509146813574,0.410605387562577,0.405987594399513,1,2,2,1,3,A distorted photograph depicts a rider on a horse within a forest. The central figure displays severe anatomical warping and fused limb structures. Heavy blur and smeared textures degrade global clarity.
A photo of an astronaut riding a horse in the forest.,Lafite/041-3.png,41,0.3297015963055439,0.316001796056721,0.327154331830719,2,1,1,1,1,A distorted astronaut figure rides a horse in a dense forest. The subject exhibits severe anatomical fusion between the rider and animal. Waxy textures and heavy blurring mask local surface details.
A photo of an astronaut riding a horse in the forest.,Lafite/041-4.png,41,0.3889375226539309,0.423189609933507,0.4448679207528569,2,2,3,2,2,A figure in blue armor rides a horse within a wooded landscape. The subject shows extreme structural distortion with fused and melted body parts. Pervasive blur and flat textures eliminate most fine visual details.
A photo of an astronaut riding a horse in the forest.,stable-diffusion/041-1.png,41,0.575696902861241,0.56219475713899,0.6036525944214121,3,3,3,2,3,An astronaut rides a horse on a path through a green forest. The horse's limbs are malformed and the rider's gear lacks structural integrity. Textures appear waxy and background details are softened by smoothing.
A photo of an astronaut riding a horse in the forest.,stable-diffusion/041-2.png,41,0.585696955530906,0.61314634575487,0.6357843324938259,3,3,3,2,3,An astronaut rides a horse through a dense green forest setting. The horse's front legs show anatomical distortion and the rider's hands are fused. Background foliage shows repetitive textures and oversmoothing.
A photo of an astronaut riding a horse in the forest.,stable-diffusion/041-3.png,41,0.445514406215265,0.430601419006525,0.44520849314261,3,2,3,2,3,A soft digital painting shows a rider on a horse in a forest. The horse anatomy is malformed with fused parts and indistinct limbs. Oversmoothing creates waxy textures and lacks sharp details.
A photo of an astronaut riding a horse in the forest.,stable-diffusion/041-4.png,41,0.584614249941717,0.5900713858323919,0.63545093838927,2,4,4,3,3,An astronaut in a spacesuit rides a horse through a dense forest. The horse's anatomy is mostly stable but shows minor distortion in the limbs. Textures across the scene appear somewhat flat and lack fine micro-detail.
A photo of an astronaut riding a horse in the forest.,Unidiffuser/041-1.png,41,0.6528459646316701,0.561145862473062,0.603546663288994,4,4,4,2,3,A person in a white spacesuit rides a horse through a forest. The horse's head and neck are severely malformed with duplicated features. Background textures show repetition and edges lack consistent sharpness.
A photo of an astronaut riding a horse in the forest.,Unidiffuser/041-2.png,41,0.492480242335706,0.457942428699084,0.486668032016939,2,3,3,3,3,"An armored knight rides a horse through a misty, towering forest. The horse and rider suffer from malformed heads and indistinct limb geometry. Oversmoothing leads to flat textures and repetitive background foliage patterns."
A photo of an astronaut riding a horse in the forest.,Unidiffuser/041-3.png,41,0.578042186056529,0.531780156922287,0.540093793246981,4,4,4,2,3,A person in a white suit rides a brown horse through a forest. The horse's limbs are malformed and the rider is fused to the saddle. Background textures show repetition and edges lack sharp definition.
A photo of an astronaut riding a horse in the forest.,Unidiffuser/041-4.png,41,0.3978056947548989,0.509694645443995,0.463687526832105,4,4,4,3,3,A soft-focus image depicts a rider on a horse in a forest. The subject shows structural instability with fused limbs and a malformed head. Global oversmoothing and heavy blur wash out all texture.
A bicycle on top of a boat,Controlnet/042-1.png,42,0.533596771732704,0.496648577083943,0.452624829824921,3,3,3,2,2,A surreal bicycle-boat hybrid floats in a sunlit lake near a wooded shore. The subject structure is distorted by the illogical fusion of bike and boat parts. Textures appear waxy and edges lack definition.
A bicycle on top of a boat,Controlnet/042-2.png,42,0.577327933816361,0.506840267659713,0.5498413930459329,3,3,2,3,2,"Two bicycles sit on a white surface by a lake under a bright sky. Bicycle frames and wheels are severely malformed, fused, and lack coherent geometry. Surfaces show mild oversmoothing and inconsistent fine detail."
A bicycle on top of a boat,Controlnet/042-3.png,42,0.527808056758282,0.45702568573937,0.475964620144615,4,4,4,3,1,A distorted blue bicycle rests on a wooden boat deck beside a yacht. The bicycle's frame and front wheel are severely warped and structurally incoherent. Fine details appear softened with slightly inconsistent lighting across the scene.
A bicycle on top of a boat,Controlnet/042-4.png,42,0.561377645711181,0.520380596081224,0.4989136416849319,4,4,4,2,3,"A photorealistic image depicts a bicycle on a wooden dock by water. The subject shows malformed wheels, a distorted frame, and fused components. Distant textures are oversmoothed and fine details appear softened."
A bicycle on top of a boat,DALLE/042-1.png,42,0.604964206938289,0.5240621766376939,0.607520370799882,4,4,4,2,3,A high-angle view shows a vintage bicycle on a small wooden boat. The bicycle frame is structurally warped and unnaturally fused to the deck surface. Background water textures appear overly smooth with inconsistent shadow details.
A bicycle on top of a boat,DALLE/042-2.png,42,0.627590864247941,0.589410984447237,0.6124168937784841,3,3,3,1,3,A low-angle shot features a distorted bicycle against a clear blue sky. The bicycle's frame and drivetrain are fused into a structurally incoherent mass. Mechanical regions show messy pseudo-details amidst otherwise stable surface rendering.
A bicycle on top of a boat,DALLE/042-3.png,42,0.649449948464244,0.5942847121647941,0.638051984791137,4,4,4,2,3,A photorealistic image features a bicycle on the roof of a boat. The bicycle structure is heavily distorted with tangled wires and warped geometry. Textures show noticeable smoothing and softened edge definition.
A bicycle on top of a boat,DALLE/042-4.png,42,0.54040771012674,0.503722855026136,0.507704380886437,4,4,4,3,1,A photorealistic image depicts a distorted bicycle on a dock by the water. The bicycle's frame and wheels are severely warped with illogical geometry. Overall details are soft and textures lack local crispness.
A bicycle on top of a boat,Glide/042-1.png,42,0.3860278900604409,0.4296464545221989,0.34171412515192,2,2,2,3,1,A close-up shows a dark circular wheel-like object against a blurred background. The subject's internal structure is recognizable but lacks sharp mechanical definition. Heavy blur and softness flatten visible surface textures.
A bicycle on top of a boat,Glide/042-2.png,42,0.406840951223063,0.429950281249437,0.404496977393353,2,3,2,2,2,A miniature bicycle rests on a glossy blue surface in soft focus. The subject exhibits significant structural distortion with malformed frames and messy spokes. Extreme blurring and oversmoothing destroy texture clarity and edge sharpness.
A bicycle on top of a boat,Glide/042-3.png,42,0.406515707503196,0.464192175735659,0.4629591674259209,1,3,2,2,2,A monochrome image shows a bicycle leaning against a wall outdoors. The bicycle's frame and wheels exhibit noticeable geometric distortion and structural instability. Global blurring obscures fine textures and edge definitions.
A bicycle on top of a boat,Glide/042-4.png,42,0.399909413860856,0.448758158193611,0.400331047670251,1,4,1,1,1,A blurred photo shows a bicycle and a bar against a bright background. The bicycle's front section is stable but lacks clear geometric edges. Heavy blur and overexposure flatten all visible textures.
A bicycle on top of a boat,Lafite/042-1.png,42,0.365356835847604,0.38175527949227,0.378209062922028,2,3,3,2,1,A surreal hybrid vehicle floats on calm water under a bright sky. The subject is a severely distorted and fused structure of mechanical parts. Oversmoothing and weak edge definition reduce detail clarity.
A bicycle on top of a boat,Lafite/042-2.png,42,0.40982734947553,0.424091932669564,0.433450531963891,2,2,2,1,2,A surreal multi-wheeled vehicle floats over a lake under a clear sky. The central subject is severely distorted with fused wheels and broken geometry. Softened details and flat textures indicate low global sharpness.
A bicycle on top of a boat,Lafite/042-3.png,42,0.3987197025665889,0.452179305027014,0.414408205274531,2,2,2,2,2,A surreal boat-like assembly floats on water under a clear sky. The subject structure is severely malformed with fused parts and warped geometry. Global blur and softened details reduce edge definition.
A bicycle on top of a boat,Lafite/042-4.png,42,0.427535170888318,0.445538031758524,0.456865282247386,3,3,3,2,2,A malformed bicycle-like object floats on calm water under a clear sky. The subject displays severe structural warping with fused and broken geometric parts. Global oversmoothing and soft edges reduce texture clarity.
A bicycle on top of a boat,stable-diffusion/042-1.png,42,0.579079274601851,0.516734565403695,0.448637701703898,3,3,3,1,1,A photorealistic image shows a bicycle fused with a pedal boat on a lake. The subject structure is distorted by the illogical fusion of frame and hull. Background foliage is repetitive and the wheel exhibits melting artifacts.
A bicycle on top of a boat,stable-diffusion/042-2.png,42,0.433399098449135,0.458438930638628,0.419712691153755,3,3,3,2,2,A distorted bicycle stands before a harbor with blurred boats. The subject exhibits severe structural warping with fused and duplicated wheels. Global blur and background melting obscure fine details.
A bicycle on top of a boat,stable-diffusion/042-3.png,42,0.550751095117989,0.547387713195246,0.5429787999175231,3,3,3,3,3,A photorealistic shot features a white bicycle on a boat against a green lake. The bicycle's front wheel is malformed with fused spokes and broken geometric logic. Distant trees show significant oversmoothing and repetitive texture patterns.
A bicycle on top of a boat,stable-diffusion/042-4.png,42,0.608940460362161,0.575264279356768,0.5896545906233149,3,4,3,3,3,A red bicycle stands on a white boat deck under a blue sky. The bicycle structure is coherent though the drivetrain shows local fusion. Surfaces exhibit waxy textures and softened edges with flattened details.
A bicycle on top of a boat,Unidiffuser/042-1.png,42,0.532043315162802,0.485424268253659,0.499727475255921,4,4,4,2,3,A distorted bicycle is mounted on a white boat deck over blue water. The subject structure is severely malformed with warped tubes and fused mechanical parts. Metallic textures appear flat with softened detail and inconsistent reflections.
A bicycle on top of a boat,Unidiffuser/042-2.png,42,0.341244833194552,0.3505824388403299,0.427443107811561,1,1,2,1,2,"A distorted bicycle stands by a body of water under a clear sky. The bicycle frame and wheels are severely warped, fused, and geometrically broken. Global blur and oversmoothing eliminate fine details."
A bicycle on top of a boat,Unidiffuser/042-3.png,42,0.594547704858549,0.561242377764651,0.55264155062367,4,4,4,3,3,A warped black bicycle stands before docked boats on turquoise water. The bicycle frame and wheels exhibit severe geometric distortion and structural fusion. Surfaces appear waxy with softened edges and repetitive water textures.
A bicycle on top of a boat,Unidiffuser/042-4.png,42,0.5566823367219019,0.524222779269106,0.600455695850446,4,4,4,2,3,A photorealistic image shows a bicycle on a boat bow in a harbor. The bicycle's front wheel spokes are malformed into a tangled mesh with warped geometry. Spokes show waxy pseudo-details and edges lack crispness.
a sword slicing through a loaf of bread,Controlnet/043-1.png,43,0.516015457937212,0.513833927434848,0.466121746802883,3,3,2,2,2,A grayscale gloved hand holds a knife over a colorful bread loaf. The hand displays fused fingers and an unnatural gripping pose. Surfaces appear waxy and lack sharp micro-detail.
a sword slicing through a loaf of bread,Controlnet/043-2.png,43,0.582599849048388,0.5023149403020539,0.5341118449265521,4,4,3,2,3,"A photorealistic close-up shows a loaf of bread on a wooden board. The bread's top surface features a malformed, fused metallic texture lacking semantic coherence. Surfaces exhibit subtle pseudo-detailing and inconsistent material rendering."
a sword slicing through a loaf of bread,Controlnet/043-3.png,43,0.611041572674611,0.540752802717656,0.5477095131053801,3,3,3,2,3,A photorealistic image of bread and an ornate knife on a grey surface. The knife handle is malformed with fused shapes and the blade has unnatural patterns. Textures appear waxy with softened details and inconsistent reflections.
a sword slicing through a loaf of bread,Controlnet/043-4.png,43,0.566107062660467,0.51392154520083,0.5562615550630801,4,4,4,3,2,A close-up photograph displays sliced bread loaves and knives on a surface. The knives are structurally distorted and illogically fused within the bread. Surfaces exhibit waxy textures and poorly defined object edges.
a sword slicing through a loaf of bread,DALLE/043-1.png,43,0.554881609682329,0.534892971376034,0.506759503866,4,4,4,2,3,A digital illustration shows a sword embedded in a loaf of bread. The subject structure is distorted by unnatural spikes and a malformed interior. Textures are flat and edges show inconsistent line definition.
a sword slicing through a loaf of bread,DALLE/043-2.png,43,0.5500554938815561,0.4526645648776239,0.5839868680721699,4,4,2,2,3,A cartoon-style image depicts a sword stabbed into a slice of bread. The sword hilt and ribbon exhibit warped geometry and malformed shapes. Flat textures are marred by inconsistent blade markings.
a sword slicing through a loaf of bread,DALLE/043-3.png,43,0.580097692230323,0.527162533264857,0.524229480694314,3,3,3,2,1,A cartoon sword and a loaf of bread rest on a white background. The sword exhibits structural distortion with a malformed hilt and split blade. Outlines show subtle aliasing while flat textures remain uniform.
a sword slicing through a loaf of bread,DALLE/043-4.png,43,0.544195066910235,0.537047612783753,0.641743157796481,3,4,2,3,2,A minimalist vector illustration shows a sword piercing a slice of bread. The subject is structurally coherent and semantically clear within its stylized design. Clean edges and flat textures show no dominant local artifact.
a sword slicing through a loaf of bread,Glide/043-1.png,43,0.3775271092772099,0.451367715990687,0.391485330655821,1,1,2,3,1,A blurry close-up captures a slice of porous bread or cheese. The subject is recognizable but contains unnaturally sharp and geometric internal inclusions. Heavy global blur and oversmoothing eliminate fine surface textures.
a sword slicing through a loaf of bread,Glide/043-2.png,43,0.3610671821453159,0.414001589911358,0.387360918825605,1,1,1,2,2,A blurry close-up photograph captures a loaf of bread in warm light. The subject's shape is structurally coherent but lacks readable surface detail. Severe global blur flattens all textures and edges.
a sword slicing through a loaf of bread,Glide/043-3.png,43,0.364528784981037,0.443075156900595,0.4214412479792059,1,2,2,2,1,A close-up view shows several slices of a golden-brown loaf of bread. The subject displays structurally distorted boundaries and a melted crumb texture. Global quality is marred by heavy blur and waxy surfaces.
a sword slicing through a loaf of bread,Glide/043-4.png,43,0.3852552767676869,0.447637239664149,0.402005080222893,2,2,2,2,1,A close-up shows a sliced pretzel-like bread roll on a light surface. The subject contains a semantically distorted interior filled with tangled noodle-like strands. The image exhibits noticeable global blur and softened texture details.
a sword slicing through a loaf of bread,Lafite/043-1.png,43,0.409301592312133,0.394097089089568,0.371613678932557,2,2,2,2,1,A close-up shows a hand holding bread on a white surface. The bread's structure is warped with an unnatural protrusion and fused hand boundaries. Blur and waxy textures obscure frame details.
a sword slicing through a loaf of bread,Lafite/043-2.png,43,0.4312861141626289,0.3876666375806419,0.354553280594395,3,3,2,3,2,A close-up shows a distorted piece of cooked meat on a surface. The meat's anatomy is warped with fused layers and indistinct boundaries. Significant blur and waxy surfaces reduce overall clarity and detail.
a sword slicing through a loaf of bread,Lafite/043-3.png,43,0.360194539385115,0.35226391091673,0.369768952342613,2,2,2,3,2,A close-up shot features a piece of toasted bread on a surface. The subject's form is structurally unstable with fused parts and warped edges. Heavy global blur and softness eliminate fine textural definition.
a sword slicing through a loaf of bread,Lafite/043-4.png,43,0.448792349346407,0.443429965327065,0.417548423344761,2,2,2,1,1,A distorted plucked bird rests on a white cloth in warm light. The subject displays severe anatomical fusion and malformed limb geometry. Significant blur and soft edges degrade global perceptual sharpness.
a sword slicing through a loaf of bread,stable-diffusion/043-1.png,43,0.565703456289108,0.541580953452019,0.600611050572876,4,4,4,2,2,A close-up shows a hand holding a knife over a loaf of bread. The bread's structure is unnaturally smooth and lacks realistic surface definition. Textures exhibit heavy oversmoothing and a pervasive waxy plastic quality.
a sword slicing through a loaf of bread,stable-diffusion/043-2.png,43,0.561991462070207,0.509797827380771,0.549711368339289,4,3,2,3,3,"A sliced loaf of bread and a knife sit on a wooden board. The bread crumb lacks porosity and exhibits a malformed, waxy solid structure. Surfaces exhibit overly smooth flat textures and weak detail."
a sword slicing through a loaf of bread,stable-diffusion/043-3.png,43,0.551160808815902,0.5868852218970251,0.52028877685396,3,3,3,3,2,"A close-up captures a sliced loaf of bread on a wooden board. The knife lacks realistic contact depth, and the handle contains illegible pseudo-text. Surfaces display subtle waxiness and repetitive background textures."
a sword slicing through a loaf of bread,stable-diffusion/043-4.png,43,0.467314910258606,0.441972965494859,0.372111846961142,2,1,2,1,1,A digital painting depicts a fantasy sword against a smoky brown background. The hilt has fused organic shapes and the blade contains a distorted figure. Background textures show oversmoothing and lack fine edge definition.
a sword slicing through a loaf of bread,Unidiffuser/043-1.png,43,0.676146329630393,0.664634847099378,0.562611825877928,3,3,3,3,2,A photorealistic close-up captures a slice of bread and knife on wood. The bread exhibits implausible geometry with a solid interior and oversized crust. Textures appear waxy and oversmoothed with softened definitions.
a sword slicing through a loaf of bread,Unidiffuser/043-2.png,43,0.487902384776176,0.469698146700543,0.5030732545239051,4,4,4,2,3,"A photorealistic close-up shows a silver fish and a slice of cake. The fish exhibits a distorted, blade-like anatomy with malformed fins. Surfaces show mild waxiness and softened edge definition."
a sword slicing through a loaf of bread,Unidiffuser/043-3.png,43,0.407373378359571,0.409168345388575,0.385988701260993,2,2,2,2,1,A blurry image shows a paintbrush and orange objects on a white surface. The brush bristles are smeared and the objects lack clear structural boundaries. Heavy motion blur and soft focus eliminate all fine details.
a sword slicing through a loaf of bread,Unidiffuser/043-4.png,43,0.473850593665452,0.430325403094403,0.391953157373069,3,3,3,1,2,A close-up shows a slice of cake and a black tool on a grey surface. The cake is stable but the black tool's shape and contact are warped. Textures show repetitive patterns and edges lack clarity.
an orange wearing a cowboy hat,Controlnet/044-1.png,44,0.502087697472491,0.46806101348412,0.446523409237298,3,4,2,2,2,A stylized digital painting shows a close-up of a cowboy hat. The subject is structurally stable though the band region appears slightly fused. Surfaces exhibit waxy smoothing and lack sharp micro-details.
an orange wearing a cowboy hat,Controlnet/044-2.png,44,0.535232201076829,0.503282992561765,0.501079484467147,3,3,3,3,2,A close-up shows a grey woven hat and a cropped orange object. The orange subject has a malformed structure and a confusingly cluttered texture. Textures show mild waxy smoothing and inconsistent detail.
an orange wearing a cowboy hat,Controlnet/044-3.png,44,0.481878379966532,0.5432472031711071,0.464424549960831,3,3,2,2,1,A digital painting depicts a yellow cowboy hat on an orange surface. The hat structure is stable though its edges are softly blurred. Surfaces appear waxy with repetitive textures and unreadable pseudo-text.
an orange wearing a cowboy hat,Controlnet/044-4.png,44,0.597591504137678,0.552735657523098,0.467741387074661,4,4,3,3,2,"A close-up digital illustration depicts a textured cowboy hat on a plain background. The subject is structurally stable, though the band details and signature are unreadable. Fine textures exhibit repetitive synthetic patterns across the surface."
an orange wearing a cowboy hat,DALLE/044-1.png,44,0.6546997875093671,0.6363726238905459,0.6607450685240139,4,4,4,3,3,Close-up of a photorealistic orange wearing a cowboy hat and googly eyes. The subject is structurally stable and clear despite minor hat markings. Textures and edges show no dominant local artifact.
an orange wearing a cowboy hat,DALLE/044-2.png,44,0.636256819176146,0.571168068075936,0.574615581445291,4,4,3,3,3,A cartoon illustration of an orange wearing a cowboy hat on a plain background. Facial features are fused and the nose structure is malformed. Orange skin displays repetitive pseudo-texture instead of organic detail.
an orange wearing a cowboy hat,DALLE/044-3.png,44,0.6561065318641759,0.628381669734144,0.636652010837555,3,3,3,3,3,A close-up shows an orange in a cowboy hat with a drawn face. Facial features look like misaligned stickers with inconsistent eye placement on the fruit. Surfaces show waxy smoothing combined with fine-grained pseudo-detail artifacts.
an orange wearing a cowboy hat,DALLE/044-4.png,44,0.635909182115172,0.6360276473097121,0.6404163533580539,3,4,4,3,3,"A photorealistic orange wearing a cowboy hat is centered against a dark backdrop. The subject's structure is stable with clearly defined, simplified facial features. Surface textures appear slightly waxy with softened micro-details."
an orange wearing a cowboy hat,Glide/044-1.png,44,0.334867817189975,0.329029723332545,0.322424741082918,2,2,2,2,2,"A blurry yellowish object on an orange background in a centered close-up. The subject is extremely indistinct, lacking clear structural definition or readable features. Global oversmoothing removes all fine texture and sharp edge definition."
an orange wearing a cowboy hat,Glide/044-2.png,44,0.391373377490719,0.470909590479368,0.41017414528334,1,2,2,3,2,A close-up shows a small orange animal wearing a red striped knit hat. The subject's facial features are simplified and lack clear anatomical definition. Extreme global blur flattens textures and obscures all fine edge details.
an orange wearing a cowboy hat,Glide/044-3.png,44,0.372366019578001,0.3612342889485589,0.375461494625536,2,2,2,3,2,A heavily blurred orange sphere rests on a uniform orange field. The circular structure is stable but semantically vague due to missing detail. Extreme softness flattens textures and dissolves all edge definition.
an orange wearing a cowboy hat,Glide/044-4.png,44,0.403653231846259,0.416106321653178,0.394414323731155,1,2,1,1,1,"A blurry orange amorphous object rests on a wooden surface in warm light. The subject structure is malformed and semantically unclear, lacking coherent form. Heavy global blur and soft focus obscure all details."
an orange wearing a cowboy hat,Lafite/044-1.png,44,0.35808878686996,0.333594281749298,0.343360837023583,3,3,2,2,2,"A close-up digital rendering depicts an orange duck figure wearing a hat. The subject shows severe structural distortion with a malformed face and fused hat. The image exhibits heavy oversmoothing and flat, waxy surface textures."
an orange wearing a cowboy hat,Lafite/044-2.png,44,0.443740944069011,0.369188810414602,0.367472234025681,2,2,1,1,1,"A close-up shows an orange duck-like figure in a hat on a plain background. The subject is distorted with a fused hat, single eye, and malformed body. Flat textures and softened edges show significant blur."
an orange wearing a cowboy hat,Lafite/044-3.png,44,0.432652560068024,0.381200118855146,0.382534411866867,2,3,2,1,1,A close-up shows an orange rubber duck with a fused cat face. The subject is distorted by the malformed fusion of cat features into the duck. Waxy surfaces have softened details and unclear boundaries.
an orange wearing a cowboy hat,Lafite/044-4.png,44,0.341995595242885,0.341475201221309,0.325245944357328,2,2,1,1,2,A close-up shows an orange duck-like figure wearing a hat. The subject's face is distorted and fused with the headgear. Heavy oversmoothing creates flat textures and softened edges.
an orange wearing a cowboy hat,stable-diffusion/044-1.png,44,0.624863353521783,0.539283025269116,0.418462871372766,4,4,3,3,2,A digital painting shows a close-up orange cowboy hat on a green background. The hat crown features unnatural facial-like creases and a warped brim shape. Textures appear overly smooth and waxy with weak detail.
an orange wearing a cowboy hat,stable-diffusion/044-2.png,44,0.651577064768924,0.6479157728006131,0.672716125394939,4,4,3,3,3,A photorealistic close-up shows a straw hat and an orange on a plain background. Both subjects are structurally stable with clear geometry and readable textures. Surfaces exhibit natural detail without noticeable blur or noise.
an orange wearing a cowboy hat,stable-diffusion/044-3.png,44,0.503831636758332,0.519482518852923,0.494760209456331,3,3,2,3,2,A digital painting of a centered orange fedora hat on a plain gray background. The subject is structurally stable and semantically clear with a plausible silhouette. Edges are softened and textures appear slightly waxy across the frame.
an orange wearing a cowboy hat,stable-diffusion/044-4.png,44,0.3956883747410289,0.406681264300905,0.317560491939436,2,2,2,1,1,"A close-up digital painting shows a blurred orange shape on a scaly surface. The primary subject is structurally indistinct and heavily cropped, lacking semantic clarity. The image exhibits pervasive blurring, flat textures, and monotonous repetitive patterns."
an orange wearing a cowboy hat,Unidiffuser/044-1.png,44,0.4534092776445079,0.421709210307487,0.453107977749761,3,3,2,3,2,"A frontal view of an orange cowboy hat on a gray background. The subject is structurally stable, though the band exhibits noisy pseudo-detail. Contours show aliasing and textures lack realistic material definition."
an orange wearing a cowboy hat,Unidiffuser/044-2.png,44,0.40977627467562,0.388265366978964,0.393977695915622,1,2,1,1,1,A blurry orange object sits atop a larger shape in a close-up. The primary subject is structurally ambiguous and lacks clear geometric definition. Severe blur eliminates all texture and edge clarity.
an orange wearing a cowboy hat,Unidiffuser/044-3.png,44,0.440240680846045,0.445432825406083,0.421925981995626,3,4,2,2,3,A brown cowboy hat rests on a featureless orange head against a plain background. The hat shows an unnatural brim warp and fuses poorly with the base. Waxy textures and soft focus diminish fine detail.
an orange wearing a cowboy hat,Unidiffuser/044-4.png,44,0.399486866428591,0.430172604264715,0.418450515992868,3,3,1,1,1,A distorted orange vessel with a dark central void rests on a textured surface. The subject exhibits warped geometry and an illogical internal structure. Surfaces appear flat and waxy with noticeable background grain.
a drawing of a series of musical notes wrapped around the Earth,Controlnet/046-1.png,46,0.446466421403164,0.48294182141413,0.520895377220817,4,4,4,3,2,A centered circular sketch contains musical notation and dense symbolic markings. Central symbols and surrounding text are structurally distorted and unreadable. Fine lines display slight softness and inconsistent texture density.
a drawing of a series of musical notes wrapped around the Earth,Controlnet/046-2.png,46,0.576400824383295,0.561192206844159,0.536862357046738,4,4,4,2,2,A central black abstract symbol on a circular lined background in sketch style. The subject's form exhibits fused loops and irregular line weight reducing clarity. Background textures show repetitive patterns and softened edges.
a drawing of a series of musical notes wrapped around the Earth,Controlnet/046-3.png,46,0.517981176738146,0.438811556727647,0.408690489849403,2,2,2,3,2,A large cropped circular symbol is drawn on a textured paper background in ink. The central glyph is clear but contains illegible pseudo-text within its rings. Details show repetitive pseudo-text and softened edge definition.
a drawing of a series of musical notes wrapped around the Earth,Controlnet/046-4.png,46,0.530172946623462,0.47130765503461,0.484299627474798,3,3,3,3,2,A monochrome sketch features a spiral of distorted musical notation on a white field. Musical symbols are structurally malformed with broken staff lines and irregular spacing. Line edges display subtle softness and faint halos across the image.
a drawing of a series of musical notes wrapped around the Earth,DALLE/046-1.png,46,0.49843721966148,0.4402917127001909,0.544159222744917,2,2,2,2,3,A monochrome sketch shows a globe encircled by musical staff lines and notes. Continental shapes and musical symbols are simplified and distorted with messy line work. Heavy graininess and jagged edges degrade the overall visual clarity.
a drawing of a series of musical notes wrapped around the Earth,DALLE/046-2.png,46,0.510269120342641,0.485548122258795,0.5346066308986309,4,3,3,2,3,A monochrome sketch features a globe with music notes and a ribbon. The subject's geography is severely distorted with malformed landmasses and internal scribbles. Inconsistent hatching and softened boundaries degrade the overall line clarity.
a drawing of a series of musical notes wrapped around the Earth,DALLE/046-3.png,46,0.523544881335137,0.440155049153077,0.546513651749648,3,4,1,2,3,A charcoal-style sketch features a globe surrounded by floating musical notes. Continental landmasses are severely distorted with melted borders and incoherent geometry. Sketchy textures show uneven density and lack precise local definition.
a drawing of a series of musical notes wrapped around the Earth,DALLE/046-4.png,46,0.51000625331057,0.447114880697914,0.531332678798624,3,3,3,3,3,A sketch displays a globe surrounded by rings and musical notes. The globe's continental geography is severely distorted and structurally unstable. Repetitive hatching creates flat textures with softened edge definition.
a drawing of a series of musical notes wrapped around the Earth,Glide/046-1.png,46,0.40434600179886,0.460475788956601,0.4521661871112449,2,2,2,2,3,A grayscale sketch features a large round object on a textured background. The subject's structure is mostly stable but features unreadable markings on its equator. Lines show softness and inconsistent density across the entire composition.
a drawing of a series of musical notes wrapped around the Earth,Glide/046-2.png,46,0.339405163630187,0.332213617342169,0.304766707491358,1,1,1,1,1,A high-key abstract image displays indistinct blue and white organic shapes. The central forms are structurally incoherent and lack semantic readability. Heavy oversmoothing results in flat textures and undefined boundaries throughout.
a drawing of a series of musical notes wrapped around the Earth,Glide/046-3.png,46,0.395839438838689,0.438902799764971,0.4177452676463229,2,2,1,2,1,A pencil sketch illustrates a central jagged void with radiating linear cracks. The subject's radial layout is clear though crack paths are slightly erratic. Strokes show consistent softness and lack high-frequency textural detail.
a drawing of a series of musical notes wrapped around the Earth,Glide/046-4.png,46,0.341195511224227,0.3974416829022379,0.350081831536936,1,1,1,1,1,Two faint circular sketches appear on a white background in high-key style. The subjects are structurally vague and semantically unreadable from low contrast. The image exhibits severe overexposure and lacks discernible texture or edges.
a drawing of a series of musical notes wrapped around the Earth,Lafite/046-1.png,46,0.420866064223811,0.44485122148149,0.428547742933915,2,2,2,1,1,A monochromatic sketch displays a map of islands and ships on parchment. Illegible pseudo-text and distorted shapes compromise the subject's semantic clarity. Heavy grain and smudged textures obscure local details.
a drawing of a series of musical notes wrapped around the Earth,Lafite/046-2.png,46,0.421817538068306,0.411484748255584,0.4200945326209819,1,1,1,1,3,A monochromatic sketch depicts an abstract map-like landmass on a textured surface. The subject's internal geography is fragmented and contains only illegible pseudo-text. Global quality suffers from oversmoothing and weak edge definition.
a drawing of a series of musical notes wrapped around the Earth,Lafite/046-3.png,46,0.392654576836039,0.4141504747789439,0.422131118087589,2,1,2,1,1,A monochromatic sketch depicts multiple ships on a textured surface from above. Vessel structures are fragmented and semantically confused with illegible markings nearby. Textures appear waxy with softened edges and inconsistent local detail.
a drawing of a series of musical notes wrapped around the Earth,Lafite/046-4.png,46,0.388075232186566,0.377047681267883,0.412998671250828,1,2,3,1,1,A monochromatic sketch-style map on a textured parchment background. The subject features illegible pseudo-text and distorted geographical geometry. Textures exhibit uneven lighting and lack sharp micro-detail definition.
a drawing of a series of musical notes wrapped around the Earth,stable-diffusion/046-1.png,46,0.4762455407253,0.462155794302501,0.455285351030057,4,4,3,2,2,A monochromatic ink-style drawing depicts a spiral vortex of musical notation. The subject's symbolic components are fused and lack semantic readability. Textures appear flat with softened details and inconsistent line weights.
a drawing of a series of musical notes wrapped around the Earth,stable-diffusion/046-2.png,46,0.505281997880747,0.47946200734619,0.472994592334485,3,3,3,2,1,A stylized white glyph is centered in a textured circle on a dark background. The subject's abstract loops are coherent but semantically unclear and geometrically ambiguous. Fine background lines show uneven spacing and subtle edge softening.
a drawing of a series of musical notes wrapped around the Earth,stable-diffusion/046-3.png,46,0.495794418171554,0.477049008060046,0.434398520499506,3,4,2,3,1,A sketched musical note with concentric circles on a brown textured background. The abstract symbol is structurally coherent with clear lines and readable geometry. Background textures show subtle repetitive patterns.
a drawing of a series of musical notes wrapped around the Earth,stable-diffusion/046-4.png,46,0.49368698477987,0.4588819921652329,0.45672817614835,2,1,1,3,1,A dense sketch of malformed musical notation symbols covers the frame. The subject's structure is fused and lacks semantic readability as music. Edges show softened detail and a flat texture.
a drawing of a series of musical notes wrapped around the Earth,Unidiffuser/046-1.png,46,0.527301207298254,0.488217038962325,0.452800151209518,3,2,2,1,1,A vintage-style illustrated globe is overlaid with black lines and symbols. Continental shapes are recognizable but show warped geometry and illegible calligraphy. Dense stippling produces a noisy texture throughout the composition.
a drawing of a series of musical notes wrapped around the Earth,Unidiffuser/046-2.png,46,0.506779037539023,0.457452300087604,0.484049013891578,3,3,3,2,3,A textured painting shows a warped musical staff over a map of Earth. Musical notes are malformed and the staff lines lack structural consistency. Heavy pseudo-detail textures obscure fine edges across the entire frame.
a drawing of a series of musical notes wrapped around the Earth,Unidiffuser/046-3.png,46,0.5060492718173379,0.458879352716767,0.4972612510964079,4,4,3,2,3,"A stylized blue orb with musical notation faces a dark background and pattern. Musical symbols are structurally loose and semantically ambiguous, and the side pattern repeats. Textures show flatness and soft edges with noticeable tiling."
a drawing of a series of musical notes wrapped around the Earth,Unidiffuser/046-4.png,46,0.452223842446367,0.450398781262578,0.4322060242392179,1,1,1,1,1,"A large, faintly sketched abstract form sits on a textured paper background. The subject lacks clear semantic definition and has a vague, incoherent structure. Extreme low contrast and pervasive noise soften all details."
a small kitchen with a white goat in it,Controlnet/047-1.png,47,0.602298293446794,0.5653663162700839,0.517082968955072,4,4,4,3,2,"A photorealistic rustic kitchen displays wooden cabinetry, a farmhouse sink, and open shelving. The faucet and stove controls are malformed, while cabinet door panels show warped geometry. Wood textures appear overly smooth and lack natural grain definition."
a small kitchen with a white goat in it,Controlnet/047-2.png,47,0.540256270689665,0.4969251816857249,0.445563608108636,3,4,4,2,1,A bright kitchen interior features white cabinetry and a large framed poster. The poster text is garbled and the stool legs appear structurally unstable. Surfaces show waxy textures and softened edge definitions.
a small kitchen with a white goat in it,Controlnet/047-3.png,47,0.5412856057759989,0.527323192514619,0.536609615034073,3,3,2,1,3,A white goat stands inside a bright kitchen with blue cabinetry. The goat's neck anatomy is slightly distorted and the stove geometry is inconsistent. Surfaces appear somewhat waxy with repetitive background textures.
a small kitchen with a white goat in it,Controlnet/047-4.png,47,0.519314250587867,0.5349911412813421,0.500726084060509,4,4,4,3,3,A white goat stands centrally in an indoor room with peeling walls. The animal's face exhibits minor structural inconsistencies in eye and ear regions. Fur appears waxy with softened details and flat surface textures.
a small kitchen with a white goat in it,DALLE/047-1.png,47,0.504806811191445,0.470428227912862,0.535465309507197,3,4,3,2,3,A white goat stands inside a modest kitchen near a gas stove. The goat's head and neck show noticeable warping and anatomical instability. Surfaces appear waxy with softened edges and flat texture patterns.
a small kitchen with a white goat in it,DALLE/047-2.png,47,0.592217725432009,0.5203280459754059,0.534362483200997,3,3,3,2,2,A cluttered kitchen interior features white cabinets and a distorted central object. The subject's structure is warped and semantically confusing due to malformed geometry. Textures appear flat and details are softened throughout the scene.
a small kitchen with a white goat in it,DALLE/047-3.png,47,0.5704560766552,0.543184978694501,0.570139194924761,4,4,4,3,3,A photorealistic image depicts a white goat standing in a kitchen. The subject's anatomy is structurally sound despite minor facial smoothing. Fur textures appear waxy and lack crisp edge definition.
a small kitchen with a white goat in it,DALLE/047-4.png,47,0.5347845832854791,0.464750688118026,0.526613180900135,2,2,2,2,3,"A white goat stands on a stove in a cluttered domestic kitchen. The subject exhibits severe anatomical distortion with fused limbs and a warped body. Waxy texture and soft, indistinct background edges reduce overall clarity."
a small kitchen with a white goat in it,Glide/047-1.png,47,0.4066651817203919,0.419794831452721,0.439045898977665,1,2,2,2,3,A blurry interior scene shows a white animal figurine on a cabinet. The subject is structurally coherent but lacks clear detail and definition. Extreme global blur flattens all textures and obscures fine edge details.
a small kitchen with a white goat in it,Glide/047-2.png,47,0.394000656069963,0.488820353804316,0.43581597034238,1,2,1,3,2,A blurry image depicts a kitchen interior with a stove and counter items. The kitchen subjects are structurally malformed and lack clear semantic readability. Extreme global blur flattens all textures and obscures edge boundaries.
a small kitchen with a white goat in it,Glide/047-3.png,47,0.42592689635274,0.527581483043494,0.421356541546776,2,2,2,2,2,A blurry interior shows a cabinet and a large white appliance near a doorway. Recognizable furniture shapes lack clear structural definition and detail due to heavy blurring. Severe global oversmoothing flattens textures and softens all edges.
a small kitchen with a white goat in it,Glide/047-4.png,47,0.361469387795121,0.398684141694888,0.4107973539017039,1,2,3,1,2,"A heavily blurred photorealistic image depicts a bright kitchen interior with white cabinetry. The kitchen layout is structurally vague, with objects appearing fused and lacking definition. Severe global oversmoothing eliminates all fine textures and sharp edges."
a small kitchen with a white goat in it,Lafite/047-1.png,47,0.4114200438996589,0.415583272626035,0.375418684089565,1,1,3,1,1,A white fluffy dog sits in a distorted kitchen interior setting. The subject shows severe anatomical malformation and fusion with background elements. Textures are waxy and melted with pervasive blur and soft edges.
a small kitchen with a white goat in it,Lafite/047-2.png,47,0.448409549736485,0.4455645004420829,0.512173629592663,2,2,3,1,2,A white fluffy dog stands within a cluttered and damaged interior. The subject displays significant facial distortion and lacks coherent anatomical structure. Severe blur and melted textures affect the entire image frame.
a small kitchen with a white goat in it,Lafite/047-3.png,47,0.455161632571078,0.415777921880626,0.431755834161937,2,2,3,2,3,A white animal rests on a shelf within a cluttered room. The subject suffers from severe anatomical warping and fused body parts. Global oversmoothing and blurred edges obscure all fine surface details.
a small kitchen with a white goat in it,Lafite/047-4.png,47,0.40931299597311,0.400944737210774,0.422817350203343,1,3,3,2,2,A white malformed creature sits on a chair in a ruined room. The subject has fused anatomy and lacks any recognizable facial features. Heavy oversmoothing washes out textures and softens all edges.
a small kitchen with a white goat in it,stable-diffusion/047-1.png,47,0.3983004983871659,0.345036401659894,0.397455611733958,1,2,2,1,2,A soft-focus painting shows a white animal in a bright kitchen interior. The subject's head is malformed with fused ears and distorted features. Heavy oversmoothing flattens textures and obscures fine details everywhere.
a small kitchen with a white goat in it,stable-diffusion/047-2.png,47,0.564382442182632,0.521955601647947,0.5564202342071021,4,4,3,2,3,A photorealistic white goat stands in a modern kitchen facing forward. The goat's facial structure is mostly stable despite slightly simplified ear geometry. Fur textures appear slightly smoothed with no dominant local artifacts.
a small kitchen with a white goat in it,stable-diffusion/047-3.png,47,0.491029897102449,0.416653682220433,0.4897494653196469,3,3,2,2,3,A white goat stands inside a warm-lit kitchen near a wicker basket. The animal's structure is coherent despite minor stiffness in the limbs. Global textures appear softened with subtle pseudo-detail on background objects.
a small kitchen with a white goat in it,stable-diffusion/047-4.png,47,0.6552456099834539,0.657669444834594,0.573524519995796,4,4,2,3,3,A close-up portrait of a white goat with curved horns near a wooden door. The subject is structurally coherent with clear facial anatomy and plausible horn placement. Fur texture appears slightly waxy with softened edge definitions.
a small kitchen with a white goat in it,Unidiffuser/047-1.png,47,0.402471739095615,0.440873006973373,0.371296379623313,1,1,1,1,1,An extremely blurry interior shot features an indistinct white mass and dark shapes. The subject lacks coherent structure or semantic readability due to extreme blurring. Global blur removes all texture and edge clarity.
a small kitchen with a white goat in it,Unidiffuser/047-2.png,47,0.557727654428601,0.519925271627821,0.50147941383974,3,4,3,2,3,A photorealistic kitchen scene features a spotted animal figurine on a table. The animal subject exhibits significant anatomical distortion in its head and ears. Background tiles show subtle grout irregularities and texture oversmoothing.
a small kitchen with a white goat in it,Unidiffuser/047-3.png,47,0.5458441992722279,0.5028978199023321,0.496103799629792,3,3,3,3,3,A white dog stands in a bright kitchen with white cabinets. Cabinetry and fixtures show warped geometry and lack clear structural boundaries. Waxy textures and softened edges dominate the visual field.
a small kitchen with a white goat in it,Unidiffuser/047-4.png,47,0.550767639225214,0.5501281719288911,0.538328654376117,2,3,2,3,1,"A photorealistic kitchen interior features white cabinets, a stove, and a sink. The faucet and a white bird-like object on the counter appear malformed. Textures show heavy oversmoothing and softened edge definition."
an elephant walking on the Great Wall,Controlnet/049-1.png,49,0.567825362620839,0.569871565685581,0.486908658974621,4,4,4,3,2,A high-angle shot shows the Great Wall winding through green misty mountains. The stone architecture is coherent yet displays fused masonry and warped crenellations. Background textures are oversmoothed while close-up surfaces show waxy pseudo-details.
an elephant walking on the Great Wall,Controlnet/049-2.png,49,0.6134899545814659,0.565739247365278,0.568167434667602,3,3,3,2,2,A photorealistic high-angle view shows a pig on the Great Wall of China. The wall's masonry is repetitive and the animal appears structurally simplified. Distant textures show smoothing and unnatural blue lighting on the stone.
an elephant walking on the Great Wall,Controlnet/049-3.png,49,0.5990962821613031,0.559878285599772,0.6137023936290781,3,3,4,2,3,An elephant stands on the Great Wall path with autumn mountains behind. The subject is recognizable but displays unnatural skin patterns and unstable limb geometry. Global rendering shows oversmoothed details and pervasive waxy textures.
an elephant walking on the Great Wall,Controlnet/049-4.png,49,0.573629380031037,0.452612308933274,0.601779862904404,4,4,4,1,3,A photorealistic image shows an elephant on the Great Wall of China. The elephant appears anatomically stable with only slight base merging visible. Background bricks display repetitive patterns and softened details.
an elephant walking on the Great Wall,DALLE/049-1.png,49,0.6290247212155,0.608309691588251,0.6170001729764509,4,4,4,3,3,A photorealistic elephant walks along a stone ledge under a bright sky. The subject's anatomy is stable but shows subtle distortions in the feet. Textural noise on the skin contrasts with a blurry background.
an elephant walking on the Great Wall,DALLE/049-2.png,49,0.572888482632532,0.486863190367865,0.465351480600884,4,4,4,3,2,An elephant walks atop a brick wall against a mountainous landscape. The animal's structure is distorted with malformed ears and awkward limb geometry. Textures are flat and overall sharpness is low.
an elephant walking on the Great Wall,DALLE/049-3.png,49,0.615752832664743,0.550125137568672,0.6006443295984549,3,3,4,2,3,A large elephant walks along a stone path beside a brick wall. The subject maintains general anatomical coherence despite minor limb and trunk irregularities. Skin textures appear waxy while edges lack sharp definition.
an elephant walking on the Great Wall,DALLE/049-4.png,49,0.586388834251432,0.578440016864896,0.594915738425407,3,3,3,3,3,An elephant stands on a brick wall with a mountain background. The subject is recognizable but its facial region looks malformed. Global textures appear waxy and fine details are obscured by smoothing.
an elephant walking on the Great Wall,Glide/049-1.png,49,0.4109800326116219,0.479385195410196,0.52455443467582,2,3,2,3,2,A low-resolution side-view of an elephant on a stone platform. The animal's structure is malformed with indistinct limbs and a warped profile. Severe global blurring flattens textures and obscures all surface details.
an elephant walking on the Great Wall,Glide/049-2.png,49,0.366527914973588,0.380062581217103,0.500032274742089,2,2,3,3,3,"An elephant stands in a narrow stone corridor under bright daylight. The subject features malformed limbs, a distorted head, and poor edge separation. The image exhibits extreme blur and oversmoothed textures."
an elephant walking on the Great Wall,Glide/049-3.png,49,0.441027175317445,0.422780289025264,0.481773201957763,3,3,2,2,3,"A close-up of an elephant's head and trunk by a wall. The subject features distorted anatomy with malformed tusks and fused skin areas. Graininess, soft edges, and flat textures lower the overall image fidelity."
an elephant walking on the Great Wall,Glide/049-4.png,49,0.465201599411464,0.471925816891245,0.468431839666709,2,2,2,2,2,"A photorealistic elephant stands on a rocky ledge against a blurred landscape. The subject exhibits severe anatomical distortion including an unnaturally elongated trunk. Global sharpness is low, causing flat textures and softened edges everywhere."
an elephant walking on the Great Wall,Lafite/049-1.png,49,0.418531235971873,0.44085223505821,0.439718482738258,2,2,2,1,2,A rear-view of an elephant on a rocky path under daylight. The elephant's form is heavily warped and structurally fused with rocks. Details are blurry and degraded by watermarks and low-resolution noise.
an elephant walking on the Great Wall,Lafite/049-2.png,49,0.364907363284947,0.346626008703331,0.3318229698744799,1,2,2,1,3,A rear view depicts an elephant on a rocky hillside landscape. The subject is clear but features flattened anatomy and indistinct limbs. Heavy blurring and waxy textures degrade the global perceptual quality.
an elephant walking on the Great Wall,Lafite/049-3.png,49,0.403380706347155,0.390373184286961,0.43686165185053,4,4,4,1,3,A distorted elephant stands in a rocky mountainous landscape under daylight. The subject displays severe anatomical distortion with malformed and duplicated hind limbs. Heavy oversmoothing and blurring affect the entire scene.
an elephant walking on the Great Wall,Lafite/049-4.png,49,0.352321653261782,0.349342704793112,0.4242830773314219,2,1,2,1,2,A photorealistic image shows an elephant within a rocky mountain landscape. The elephant's body is structurally distorted and fused with the surrounding rocks. Waxy textures and softened details reduce global clarity.
an elephant walking on the Great Wall,stable-diffusion/049-1.png,49,0.640646401405212,0.53845284126534,0.595477185406288,4,4,4,3,3,An elephant stands on the Great Wall within a mountainous green landscape. The elephant's trunk and face feature distorted skin texture and illegible patterns. Background foliage shows repetitive patterns and slightly softened edge definition.
an elephant walking on the Great Wall,stable-diffusion/049-2.png,49,0.4432514940475059,0.431772147546568,0.507202345555352,1,1,1,1,2,"A distorted elephant walks along a narrow stone path under bright light. The elephant's head and body are malformed and structurally fused together. Surfaces exhibit heavy oversmoothing, waxy textures, and inconsistent shadow details."
an elephant walking on the Great Wall,stable-diffusion/049-3.png,49,0.521772999452238,0.485214605081617,0.520691967486443,3,4,4,2,3,A large elephant stands on the Great Wall with a tiny rider. The elephant's anatomy is coherent but the rider is simplified and fused. Background textures repeat slightly and skin surfaces appear over-smoothed.
an elephant walking on the Great Wall,stable-diffusion/049-4.png,49,0.546224372439826,0.4804038832872169,0.592210364280382,4,4,4,2,3,A photorealistic image features an elephant on the Great Wall of China. The elephant maintains coherent anatomy and clear separation from the stone structure. Background foliage exhibits oversoftening and repetitive texture patterns.
an elephant walking on the Great Wall,Unidiffuser/049-1.png,49,0.656507322924541,0.539663383928263,0.619871824870568,3,4,4,3,3,A photorealistic close-up of an elephant head beside a mountain wall. The elephant's anatomy is coherent but displays waxy skin and a malformed ear. Distant foliage lacks fine detail and appears somewhat oversmoothed.
an elephant walking on the Great Wall,Unidiffuser/049-2.png,49,0.6472505102902301,0.574231891174102,0.6875947927422961,4,4,4,3,3,A photorealistic elephant stands on a brick-walled path with mountains behind. The elephant's head is clear while its dark body is anatomically malformed. Unnatural deep shadows obscure the subject's body and flatten local textures.
an elephant walking on the Great Wall,Unidiffuser/049-3.png,49,0.6467510222738779,0.53634144275561,0.615371264054858,4,4,4,3,3,A photorealistic image shows a baby elephant on a walled path toward mountains. The elephant is coherent but limbs show fusion and lack anatomical detail. Repetitive wall textures and a flat background surface affect realism.
an elephant walking on the Great Wall,Unidiffuser/049-4.png,49,0.321854258699434,0.384654242296928,0.325792930370689,1,1,1,1,3,"A heavily blurred pedestrian walks along a path near green mountains. The subject's anatomy is completely obscured, appearing as a featureless dark mass. Heavy smoothing creates a waxy, indistinct appearance across the entire scene."
A photo of a panda made of water.,Controlnet/050-1.png,50,0.593348081236122,0.567589742695083,0.528978109283869,3,3,3,2,3,A photorealistic giant panda sits in shallow water facing the camera. The subject displays structural instability in the paw digits and nasal region. Global fur texture appears waxy with softened edge definition.
A photo of a panda made of water.,Controlnet/050-2.png,50,0.6311183889261069,0.556483169887549,0.502261403535854,2,3,3,3,2,A photorealistic close-up portrait of a giant panda in green water. The subject's facial fur is malformed into spiky textures and its claws look unnaturally sharp. Details show pseudo-texture artifacts and inconsistent surface material properties.
A photo of a panda made of water.,Controlnet/050-3.png,50,0.577398092078911,0.5390410193004019,0.464971636095046,4,4,3,3,2,A photorealistic giant panda stands in shallow water near a rocky bank. The panda shows semantic flaws including blue eyes and a malformed jaw. Global fur textures appear waxy and suffer from significant oversmoothing.
A photo of a panda made of water.,Controlnet/050-4.png,50,0.549645636000188,0.520306435027904,0.469897229328252,4,4,4,2,1,"A photorealistic close-up shows a giant panda leaning on a wooden log. The subject is clear, but the shoulder features a confusing, fused pseudo-water texture. Details show slight oversharpening and waxy textures."
A photo of a panda made of water.,DALLE/050-1.png,50,0.462694087120222,0.434890526154182,0.548618311504801,1,3,2,3,1,A monochrome digital artwork depicts a panda face surrounded by splashing water. The subject's facial structure is heavily distorted and fused with the liquid. Textures show flatness and inconsistent edge clarity.
A photo of a panda made of water.,DALLE/050-2.png,50,0.528633378324787,0.5319468541558691,0.590525235461668,4,3,2,2,3,A monochrome close-up shows a panda face formed by liquid droplets on a surface. The subject is recognizable but structurally distorted with malformed features and inconsistent geometry. Reflections look unnatural and some edges lack sharp definition.
A photo of a panda made of water.,DALLE/050-3.png,50,0.480089404893009,0.460336283957888,0.5605016459382199,3,2,2,2,2,A photorealistic close-up captures a panda face behind a central water splash. The panda face is coherent while the splash exhibits unnatural structural fusion. Textures show slight waxiness and softened edge definitions.
A photo of a panda made of water.,DALLE/050-4.png,50,0.4629065528444709,0.398507231635999,0.4713781106056809,2,3,2,1,2,A close-up shows a distorted panda head within a block of ice. The subject's facial structure is severely malformed with fragmented and unrecognizable features. Textures appear overly smoothed with inconsistent lighting and weak edges.
A photo of a panda made of water.,Glide/050-1.png,50,0.41752344956067,0.428161525497358,0.399232299499594,2,3,2,2,2,A stylized 3D panda stands in profile against a blue background. The subject exhibits simplified anatomy and noisy texture in dark regions. Heavy blur and flat textures obscure fine details across the frame.
A photo of a panda made of water.,Glide/050-2.png,50,0.373459321919,0.425484764064023,0.47607437091525,2,3,2,2,2,"A blurry close-up captures a panda head behind a reflective surface. The subject's head is stable while its lower anatomy is warped and fused. Global blur, noise, and waxy textures dominate the frame."
A photo of a panda made of water.,Glide/050-3.png,50,0.456350863959909,0.4931535728478829,0.497612299797669,2,3,2,2,3,A distorted panda-like figure melts into streaks against a green background. The subject's lower body is severely malformed and structurally broken. Heavy blur and waxy textures degrade the global perceptual clarity.
A photo of a panda made of water.,Glide/050-4.png,50,0.417143708721457,0.435696425565049,0.408132275727012,2,2,2,3,2,"A stylized panda figure sits in water before a green backdrop. The subject has a distorted face with strange chin growths and missing limbs. Visual quality is degraded by blur and flat, waxy surface rendering."
A photo of a panda made of water.,Lafite/050-1.png,50,0.389852192497244,0.4128779383618999,0.446948226456533,1,1,1,1,1,A close-up shows a distorted polar bear head emerging from water. The subject features a severely malformed face with fused eyes and warped structure. Waxy textures and soft focus reduce the overall clarity.
A photo of a panda made of water.,Lafite/050-2.png,50,0.407893902088566,0.415383863739546,0.445995911814209,2,2,2,1,1,A close-up image shows a polar bear emerging from murky water. The subject's face is severely distorted with misaligned eyes and warped geometry. Heavy blur and oversmoothing reduce texture clarity throughout the scene.
A photo of a panda made of water.,Lafite/050-3.png,50,0.358884382702684,0.34870329945945,0.358167987922603,4,4,4,3,1,A close-up image depicts a polar bear's head emerging from water. The subject displays severe facial malformation with multiple eyes and warped anatomy. Textures appear waxy and lack sharp detail across the frame.
A photo of a panda made of water.,Lafite/050-4.png,50,0.369076141544138,0.3961295853551639,0.371902291230725,3,2,3,1,1,A close-up view shows a white furry animal head in water. The subject's face is severely distorted with fused eyes and malformed features. Heavy blur and waxy textures obscure all fine details.
A photo of a panda made of water.,stable-diffusion/050-1.png,50,0.593270387562867,0.611672240314482,0.481688672988392,4,4,4,3,1,A photorealistic giant panda sits in shallow water facing forward. The subject's structure is stable despite minor paw malformation and facial asymmetry. Fur textures look waxy with softened details and low-resolution background.
A photo of a panda made of water.,stable-diffusion/050-2.png,50,0.556886704044831,0.550670355087422,0.550551778094162,4,4,4,3,2,A photorealistic giant panda sits in green water before a concrete wall. The panda is recognizable despite malformed and fused digits on its front paws. Fur surfaces show excessive smoothing and lack sharp detail.
A photo of a panda made of water.,stable-diffusion/050-3.png,50,0.530243211363818,0.5351558801819291,0.427689367957125,3,3,3,3,2,A photorealistic giant panda wades through shallow water near a grassy bank. The panda's facial anatomy is distorted featuring unnatural blue eyes and a malformed muzzle. Textures appear oversmoothed with significant background detail loss.
A photo of a panda made of water.,stable-diffusion/050-4.png,50,0.411342678064638,0.431151992551385,0.40766045618553,4,4,4,3,2,A blurry close-up shows a panda's head behind vertical bars with water droplets. The subject is heavily distorted with a fused body and unclear facial anatomy. Global blur and waxy textures reduce detail clarity.
A photo of a panda made of water.,Unidiffuser/050-1.png,50,0.569656147895293,0.485105730938662,0.395050173808993,4,4,4,3,3,A malformed panda sculpture floats in a pool before a rocky waterfall. The subject exhibits severe structural fusion and lacks coherent limb anatomy. Global textures appear waxy and blurred with weak edge definition.
A photo of a panda made of water.,Unidiffuser/050-2.png,50,0.5577891608366901,0.614852474028299,0.512433676994658,4,4,4,3,2,"A photorealistic close-up of a giant panda cub swimming in a pool. The subject's face is recognizable, but the waterline interface is slightly malformed. Global sharpness is low with flat and smooth textures."
A photo of a panda made of water.,Unidiffuser/050-3.png,50,0.476827382511641,0.464218427782578,0.436458132556211,3,3,2,2,3,A photorealistic panda sits in green water against a stone wall backdrop. The panda's face contains structurally unstable eyes and a flattened muzzle. Image exhibits pervasive smoothing and lacks fine textural definition.
A photo of a panda made of water.,Unidiffuser/050-4.png,50,0.368193656896059,0.434352492433236,0.4339142820677489,2,2,2,2,3,A centered frontal portrait of a panda against a green background. The subject's facial features and body boundaries are severely blurred and lack definition. Global oversmoothing removes all texture and edge detail.
"a portrait of a man wearing sunglasses and a business suit, painting in pop art style",Controlnet/051-1.png,51,0.577507627168232,0.505069541087651,0.587344574709302,4,4,4,3,3,"A stylized pop-art portrait features a man with green hair and sunglasses. Facial anatomy is stable, but the beard region suffers from semantic confusion. Noisy pseudo-details and repetitive backgrounds affect textural consistency."
"a portrait of a man wearing sunglasses and a business suit, painting in pop art style",Controlnet/051-2.png,51,0.561916988915575,0.519514638238274,0.563946103797017,3,3,3,3,3,A pop-art style illustration depicts men in suits and large sunglasses. The primary facial structure exhibits subtle warping and waxy skin textures. Dense halftone dot patterns create a repetitive texture across the composition.
"a portrait of a man wearing sunglasses and a business suit, painting in pop art style",Controlnet/051-3.png,51,0.509460023056816,0.459698649293283,0.44592558393699,3,3,4,3,3,A stylized pop-art close-up portrait of a man in sunglasses. Facial anatomy is heavily distorted with misaligned features and malformed ears. Thick black contours show jittery edges and inconsistent stroke weight.
"a portrait of a man wearing sunglasses and a business suit, painting in pop art style",Controlnet/051-4.png,51,0.55619591236757,0.494112999687318,0.530542640612714,3,3,3,3,3,A vibrant pop-art portrait depicts a face in white sunglasses against a colorful gradient. The facial structure is recognizable but shows distorted features and inconsistent outlines. Heavy grain and wobbly edges affect perceptual quality.
"a portrait of a man wearing sunglasses and a business suit, painting in pop art style",DALLE/051-1.png,51,0.6332767363499809,0.625644046255597,0.630215835822781,3,3,3,3,3,"A stylized pop-art portrait depicts a man in a suit and sunglasses. Facial structure is coherent while hand details appear malformed and ambiguous. Image exhibits flat textures, harsh color transitions, and jagged edge artifacts."
"a portrait of a man wearing sunglasses and a business suit, painting in pop art style",DALLE/051-2.png,51,0.611463419814255,0.627074501744183,0.6321961420027999,4,4,4,3,3,"A pop-art portrait depicts a suited man against a vibrant geometric background. The subject's form is stable, although the necktie exhibits significant color fusion. Sharp vector lines emphasize flat, slightly inconsistent fabric shading."
"a portrait of a man wearing sunglasses and a business suit, painting in pop art style",DALLE/051-3.png,51,0.530299682244336,0.508982636521625,0.572174545608924,4,4,4,3,3,"A stylized pop art portrait shows a man in sunglasses against a blue background. The face and hand exhibit distorted anatomy and unnatural part fusion. Aggressive posterization produces flat textures and sharp, jagged boundary artifacts."
"a portrait of a man wearing sunglasses and a business suit, painting in pop art style",DALLE/051-4.png,51,0.5334868048854841,0.486944634199299,0.544235020744902,2,3,3,2,3,"A pop-art portrait shows a man in a purple suit and sunglasses. The subject's face is stable, but the hand is structurally distorted. Heavy grain and noisy textures degrade the global clarity."
"a portrait of a man wearing sunglasses and a business suit, painting in pop art style",Glide/051-1.png,51,0.41925933748293,0.363762669564211,0.3692476086750009,2,2,1,2,1,A blurry monochrome sketch shows a distorted mask-like object on a white background. The subject exhibits malformed eye regions and fused structural components. Severe blurring eliminates fine texture and edge definition.
"a portrait of a man wearing sunglasses and a business suit, painting in pop art style",Glide/051-2.png,51,0.421723671066957,0.411342140119474,0.354121511538074,2,2,2,2,1,"A blurry black sunglasses silhouette is centered on a white background. The subject shows severe structural distortion with thick, warped, and indistinct frames. Heavy blurring and aliasing artifacts degrade overall sharpness and texture quality."
"a portrait of a man wearing sunglasses and a business suit, painting in pop art style",Glide/051-3.png,51,0.344195629851832,0.362739586070771,0.357004465015985,3,3,2,3,1,A pair of dark blue sunglasses sits on a white background. The subject's structure is recognizable but severely blurred and lacks detail. Global oversmoothing eliminates all texture and edge definition.
"a portrait of a man wearing sunglasses and a business suit, painting in pop art style",Glide/051-4.png,51,0.383773946327604,0.422618290739994,0.383671500508394,4,4,4,3,2,A frontal digital illustration of colorful cartoon sunglasses on a white background. The eyewear frames exhibit malformed geometry and fused temple connections. Significant blur and softened edge definition degrade overall clarity.
"a portrait of a man wearing sunglasses and a business suit, painting in pop art style",Lafite/051-1.png,51,0.472177476016759,0.415778053215866,0.498845588280829,3,4,4,3,3,A stylized portrait shows a suited man in sunglasses on a yellow background. The subject’s face is severely distorted with malformed features and inconsistent anatomy. Waxy textures and ghostly text artifacts reduce visual clarity.
"a portrait of a man wearing sunglasses and a business suit, painting in pop art style",Lafite/051-2.png,51,0.477557836741227,0.46908695836319,0.494770919608575,2,2,1,2,3,A stylized digital portrait shows a suited man in sunglasses against a yellow background. The subject's facial structure is distorted with malformed ears and unnatural eye regions. Rendering exhibits waxy textures and softened edge definition.
"a portrait of a man wearing sunglasses and a business suit, painting in pop art style",Lafite/051-3.png,51,0.424987565975199,0.393938654859309,0.466696235226538,4,4,4,3,3,A stylized portrait shows a suited man with sunglasses on a yellow background. The subject has severe facial distortion with malformed ears and warped mouth. Edges show aliasing and textures appear flat with smoothing.
"a portrait of a man wearing sunglasses and a business suit, painting in pop art style",Lafite/051-4.png,51,0.482424367597828,0.430098095195297,0.490889353593261,2,2,1,1,3,A stylized portrait shows a suited man in sunglasses against a yellow background. The subject exhibits severe facial distortion with malformed ears and unnatural geometry. Waxy textures and flat lighting affect global perceptual stability.
"a portrait of a man wearing sunglasses and a business suit, painting in pop art style",stable-diffusion/051-1.png,51,0.595393361322601,0.521646776914252,0.583284463454663,4,4,3,3,3,A pop-art vector portrait depicts a man in a red suit and sunglasses. The stylized face maintains structural coherence and clear semantic readability despite simplification. Clean edges and solid color fills show no dominant local artifact.
"a portrait of a man wearing sunglasses and a business suit, painting in pop art style",stable-diffusion/051-2.png,51,0.536563427112941,0.498886811748206,0.5187188688579409,3,3,3,3,1,An expressionist oil painting depicts multiple men wearing glasses in a tight close-up. The subject faces are stylistically warped but remain structurally coherent and semantically readable. Rich textures and sharp edges show no dominant local artifacts.
"a portrait of a man wearing sunglasses and a business suit, painting in pop art style",stable-diffusion/051-3.png,51,0.528102142072738,0.506060365573768,0.5583858825707609,4,4,3,3,3,A close-up pop-art portrait depicts a man in a suit and sunglasses. The subject's facial structure is distorted with an unnatural jawline and neck transition. Flat textures show noise and outlines exhibit slight aliasing.
"a portrait of a man wearing sunglasses and a business suit, painting in pop art style",stable-diffusion/051-4.png,51,0.545268749900211,0.565279309164271,0.548791979868854,4,4,4,3,3,A pop-art illustration of a face in sunglasses on a dark background. Facial structure remains stable and semantically clear despite heavy stylistic abstraction. Bold outlines and flat textures show no dominant local artifact.
"a portrait of a man wearing sunglasses and a business suit, painting in pop art style",Unidiffuser/051-1.png,51,0.605338778888799,0.5445513642969749,0.578710162517819,3,3,3,3,3,"A pop-art style portrait of a man with glasses on a solid background. The facial structure is clear, but the glasses contain distorted and fused details. Flat colors and sharp edges show no dominant local artifact."
"a portrait of a man wearing sunglasses and a business suit, painting in pop art style",Unidiffuser/051-2.png,51,0.609193770868381,0.6194867498113831,0.607257274283288,4,4,4,2,3,A vibrant pop-art portrait of a man in sunglasses and a suit. The subject's hairline and jawline are distorted by overlapping graphic elements. Textures appear grainy with inconsistent edge sharpness throughout.
"a portrait of a man wearing sunglasses and a business suit, painting in pop art style",Unidiffuser/051-3.png,51,0.603037782174129,0.5764642189208931,0.604819080737389,4,4,4,3,3,"A stylized pop-art portrait of a man in a suit and sunglasses. The face is recognizable, but the necktie area is structurally broken and confusing. Background textures contain noisy pseudo-details and edges show minor aliasing."
"a portrait of a man wearing sunglasses and a business suit, painting in pop art style",Unidiffuser/051-4.png,51,0.387501342920976,0.429184034499807,0.506774303908392,1,2,2,2,3,A stylized portrait of a man in sunglasses against a vibrant abstract background. Vertical smearing significantly distorts the subject's facial structure and semantic clarity. Heavy directional blur flattens textures and obscures edges.
a cartoon of a train going to the moon,Controlnet/052-1.png,52,0.538541910333097,0.4993858541515459,0.550536885663072,4,4,4,2,3,A whimsical cartoon train sits on tracks under a large moon and planet. The subject features gibberish text and slightly malformed wheels and background structures. Global graininess and flat textures reduce overall perceptual clarity.
a cartoon of a train going to the moon,Controlnet/052-2.png,52,0.520474462889427,0.511254454299661,0.5197027505836079,4,4,4,2,2,A stylized red locomotive sits on tracks under a starry sky. The train's structure is distorted with malformed wheels and an ambiguous front. Repetitive hatching patterns create artificial texture across the background.
a cartoon of a train going to the moon,Controlnet/052-3.png,52,0.5829860864645859,0.521737811586491,0.560898627716463,2,3,4,3,3,A stylized illustration shows a train on a textured landscape under a large moon. The train is recognizable but has malformed wheels and fused structural components. Repetitive textures and mechanical pseudo-details reduce the overall visual clarity.
a cartoon of a train going to the moon,Controlnet/052-4.png,52,0.517089211897922,0.491491177249642,0.515694644709004,3,3,3,2,2,A stylized illustration shows a yellow bird-like vehicle under a celestial dome. The subject is recognizable but features fused mechanical parts and illegible symbols. Softened textures and inconsistent line weights affect visual crispness.
a cartoon of a train going to the moon,DALLE/052-1.png,52,0.528595448231691,0.5213689425528689,0.567329986476373,3,4,2,3,3,A cartoon train sits on tracks under a large moon and purple sky. The stylized locomotive and car show coherent geometry and clear semantic readability. Outlines show slight aliasing and flat textures.
a cartoon of a train going to the moon,DALLE/052-2.png,52,0.56366859429554,0.507179973593603,0.5431215172199709,4,4,2,3,2,A cartoon train sits on tracks under a large moon and stars. The train's wheels and connectors are malformed and lack structural coherence. Edges show aliasing and textures remain flat.
a cartoon of a train going to the moon,DALLE/052-3.png,52,0.548987745039447,0.471092609157473,0.52084448919379,4,4,4,3,3,"A cartoon train travels on tracks under a large moonlit night sky. The locomotive's front is a malformed, fused mass lacking clear definition. Textures appear flat and edges show inconsistent local definition throughout."
a cartoon of a train going to the moon,DALLE/052-4.png,52,0.565556732583653,0.569050843531551,0.542419872460579,4,4,2,3,2,An orange cartoon train sits on tracks before a massive yellow moon. The subject is readable though wheel geometry and rail contact appear simplified and fused. Flat colors and slightly aliased outlines characterize the rendering.
a cartoon of a train going to the moon,Glide/052-1.png,52,0.414017127191402,0.4128074238153379,0.447561403067864,3,3,3,2,2,A sketch-style image shows a subway train on a track from an angle. The train's structure is distorted with malformed windows and warped body panels. Messy line work and unclear boundaries reduce visual definition.
a cartoon of a train going to the moon,Glide/052-2.png,52,0.38528426063088,0.441040305391886,0.4480667005358419,4,4,2,3,3,A minimalist line drawing depicts a cropped train under a floating circle. The train's form is clear but marred by shaky geometry and symbols. Outlines display uneven thickness and lack precise technical rendering.
a cartoon of a train going to the moon,Glide/052-3.png,52,0.406037788077129,0.404932234920833,0.37491178576026,1,2,1,1,1,Indistinct yellow shapes hover in a deep blue sky above a roofline. The central objects are malformed and lack coherent structural boundaries or form. Severe global blur obscures all textures and fine details.
a cartoon of a train going to the moon,Glide/052-4.png,52,0.42551473219129,0.414744154196889,0.475066507549586,2,3,2,2,3,"A high-contrast graphic illustration shows a frontal view of a stylized train. The subject's structure is simplified and abstracted, with ambiguous details at its base. Textures are flat and edges exhibit aliasing throughout the composition."
a cartoon of a train going to the moon,Lafite/052-1.png,52,0.3745930800452,0.418089780271465,0.50829674823919,2,3,2,2,3,"A sci-fi vehicle sits on tracks in a snowy, starlit landscape. The subject's mechanical structure is severely distorted with fused parts and warped geometry. Global textures appear oversmoothed with weak edge definition and flat surface details."
a cartoon of a train going to the moon,Lafite/052-2.png,52,0.409478851501971,0.4078730835270769,0.485035258386858,3,1,1,1,1,A futuristic vehicle rests on tracks under a large celestial body. The vehicle structure is malformed with fused sections and indistinct details. Textures are heavily smoothed and waxy with blurred edge definition.
a cartoon of a train going to the moon,Lafite/052-3.png,52,0.464100349858822,0.483553617112396,0.489708508126769,2,3,2,3,2,A futuristic vehicle occupies a snowy landscape under a starry night sky. The subject exhibits fused geometry and lacks clear structural definition between components. Global textures appear grainy and fine details show pervasive softening.
a cartoon of a train going to the moon,Lafite/052-4.png,52,0.4372985644801819,0.433577324452341,0.493738369956649,3,2,3,2,2,"A vehicle sits on a barren landscape under a starry night sky. The subject has a malformed, fused structure with indistinct mechanical boundaries. Global textures exhibit heavy oversmoothing and a lack of fine detail."
a cartoon of a train going to the moon,stable-diffusion/052-1.png,52,0.516429035774942,0.5152207008811309,0.512501538368867,3,3,3,3,1,A stylized yellow cartoon train travels along tracks under a night sky. The vehicle displays garbled text and structurally implausible spiral wheels. Noticeable graininess and flat illustrative textures affect the overall clarity.
a cartoon of a train going to the moon,stable-diffusion/052-2.png,52,0.482632117093488,0.465146042837582,0.473311953817046,3,2,3,2,2,A sketchy illustration depicts a futuristic train on railway tracks. The subject's structure is malformed with fused components and unclear geometry. Global textures exhibit flatness and inconsistent edge definitions.
a cartoon of a train going to the moon,stable-diffusion/052-3.png,52,0.559655346981486,0.554862762775319,0.566199166886812,4,4,3,3,3,A stylized yellow train travels through a graphic night sky scene. The vehicle's front geometry is slightly malformed and lacks clear wheel definition. Digital noise textures and illegible text appear in the background regions.
a cartoon of a train going to the moon,stable-diffusion/052-4.png,52,0.540252274409668,0.496967415501272,0.507398311107354,4,4,4,3,3,"A red cartoon train moves under a large moon in a starry night sky. The train's form is coherent, but the side text is unreadable. Visible grain and softened edges affect the overall perceptual clarity."
a cartoon of a train going to the moon,Unidiffuser/052-1.png,52,0.490991669461817,0.548441972469361,0.538737164760771,3,3,3,3,3,A red cartoon train sits in a stylized landscape with a smiling sun. The train is readable despite some malformed wheels and messy car connections. Outlines show minor aliasing and inconsistent line quality across the frame.
a cartoon of a train going to the moon,Unidiffuser/052-2.png,52,0.561040661506566,0.5494465862145961,0.595287072416844,3,4,3,3,3,A red comic-style train sits on tracks under a moonlit sky. The train's structure is recognizable but features distorted wheels and illegible pseudo-text. Outlines show aliasing while textures appear flat and slightly oversmoothed.
a cartoon of a train going to the moon,Unidiffuser/052-3.png,52,0.565352160735184,0.5251360447672959,0.54603987256616,4,4,4,3,3,A cartoon-style illustration depicts a yellow train on tracks under a blue sky. The subject features distorted windows and illegible markings on its fuselage. Flat textures show noise and wobbly edge definitions.
a cartoon of a train going to the moon,Unidiffuser/052-4.png,52,0.423140469049554,0.428699445242681,0.424986877530961,1,2,2,2,1,A distorted orange vehicle sits in a desert under a blue sky. The subject's structure is severely malformed with fused components and warped geometry. Extreme global oversmoothing results in flat textures and indistinct edges.
A photo of a lotus flower made of water.,Controlnet/054-1.png,54,0.634915517760095,0.615222233983257,0.568259931818125,3,3,3,2,2,A photorealistic close-up features a white water lily among green lily pads. The flower maintains a coherent shape but the central region lacks botanical clarity. Water textures exhibit significant melting and inconsistent local lighting.
A photo of a lotus flower made of water.,Controlnet/054-2.png,54,0.602241954143741,0.531563918251061,0.561712329176856,3,3,3,3,3,A vibrant digital image features a yellow water lily on a pond surface. The foreground flower has distorted petal geometry while the central bloom is stable. Surfaces show waxy smoothing and unnatural textural patterns.
A photo of a lotus flower made of water.,Controlnet/054-3.png,54,0.681791518060065,0.602148144746248,0.529710556923597,3,3,3,2,2,A vibrant digital painting features a glowing lotus flower on water. The central floral structure appears malformed while surrounding petals remain geometrically sound. Global surfaces display noticeable waxiness and pseudo-detailing in background regions.
A photo of a lotus flower made of water.,Controlnet/054-4.png,54,0.5484533288837671,0.546039562744015,0.523182815960661,3,3,4,3,3,"A photorealistic purple lotus sits centered on a rippling water surface. The flower anatomy is clear, while background foliage contains illegible symbolic patterns. Global textures appear slightly waxy with softened edge definitions."
A photo of a lotus flower made of water.,DALLE/054-1.png,54,0.640405951609175,0.63224735120442,0.544776479564386,4,4,4,3,3,A macro view shows a vibrant purple and yellow flower with water droplets. The flower's core appears malformed with smeared transitions between color regions. Surfaces display oversmoothing and a waxy plastic-like texture.
A photo of a lotus flower made of water.,DALLE/054-2.png,54,0.608243032806796,0.62687107848655,0.4729782132745089,3,4,3,2,2,Macro view of a purple flower with water droplets on a green background. The floral center exhibits a malformed and fused structure lacking botanical definition. Textures appear slightly waxy and softened by heavy blurring.
A photo of a lotus flower made of water.,DALLE/054-3.png,54,0.581980463591469,0.560347000452328,0.512031421802852,3,3,3,3,3,A vibrant pink water lily floats on dark water with surface droplets. The floral structure is coherent despite a blurred and undefined central core. Petal textures show slight oversmoothing and edges lack sharp definition.
A photo of a lotus flower made of water.,DALLE/054-4.png,54,0.633641876804862,0.602462416091622,0.52601756971339,4,4,4,3,3,A photorealistic overhead view of a white water lily and green lily pads. Petals and leaf margins show subtle malformations and unnatural fusing. Textures appear waxy with softened edge definitions.
A photo of a lotus flower made of water.,Glide/054-1.png,54,0.417294413093267,0.530131151399483,0.449145558042944,2,2,3,3,3,A soft-focus close-up depicts a pink lotus flower against a dark background. The subject is recognizable but petals are structurally indistinct and overly smoothed. Heavy global blur flattens textures and eliminates fine edge definition.
A photo of a lotus flower made of water.,Glide/054-2.png,54,0.418715020063828,0.455273843762699,0.482767000238259,2,3,2,3,2,A centered close-up captures a vibrant pink lotus against a dark background. The subject's petal structure is partially fused and lacks clear anatomical definition. Heavy global blur masks all fine textural details.
A photo of a lotus flower made of water.,Glide/054-3.png,54,0.445909611180984,0.548741569302842,0.451437998126593,2,3,2,3,2,A close-up shot features a pink lotus flower amidst green foliage. The lotus exhibits minor petal base fusion and a blurred reproductive center. Significant oversmoothing flattens textures and softens all edge definitions.
A photo of a lotus flower made of water.,Glide/054-4.png,54,0.430646751587061,0.551955621734688,0.493787494200037,3,4,4,3,3,A close-up shot features a blooming pink lotus against green leaves. The lotus structure remains recognizable despite minor petal fusion at the center. Significant blur and texture smoothing affect overall detail and edge definition.
A photo of a lotus flower made of water.,Lafite/054-1.png,54,0.4148102305199069,0.480312102510613,0.5073759769160899,2,2,2,2,2,A pale purple flower floats on dark rippling water in a soft style. The flower's petals appear fused with a malformed center lacking clear botanical definition. Textures appear waxy and edges lack sharp definition.
A photo of a lotus flower made of water.,Lafite/054-2.png,54,0.441248878264035,0.50630263328215,0.469945260518642,2,3,3,3,2,A pale purple flower sits centered on dark rippling water. The subject features fused petals and a structurally indistinct center. Artificially sharp ripples and waxy textures diminish global realism.
A photo of a lotus flower made of water.,Lafite/054-3.png,54,0.422304694156515,0.4097048967439349,0.412517286765365,1,3,2,2,3,A large pale purple flower floats centered on dark rippling water. The floral subject exhibits fused petal structures and a malformed central region. Global textures appear overly smooth with waxy surfaces and indistinct edges.
A photo of a lotus flower made of water.,Lafite/054-4.png,54,0.4098627240215979,0.4151598272174899,0.448182416005785,1,1,1,2,1,A pale purple flower floats centered on dark rippling water. The subject's petal structure is fused and lacks clear anatomical separation. Textures show waxy smoothing with softened edges and inconsistent ripple patterns.
A photo of a lotus flower made of water.,stable-diffusion/054-1.png,54,0.609748432067842,0.610460442023861,0.514341591494843,4,4,4,3,2,A white water lily floats centrally among dark green lily pads. The flower exhibits clear petal geometry and a structurally stable orange center. Background surfaces show subtle smoothing and softened edge definition.
A photo of a lotus flower made of water.,stable-diffusion/054-2.png,54,0.631579384907488,0.624881381080723,0.5175143855122559,4,4,3,3,2,"A vibrant pink lotus blooms above green lily pads on dark water. The subject is structurally intact but features a simplified, glowing core region. Surfaces display waxy smoothness with minor background texture artifacts."
A photo of a lotus flower made of water.,stable-diffusion/054-3.png,54,0.612762644299922,0.57224393425364,0.537310225620764,3,3,3,3,1,A green lotus bud floats centered on rippling grey water. The central petal cluster is malformed with fused inner layers. Water surface exhibits waxy smoothing and pseudo-detailed ripples.
A photo of a lotus flower made of water.,stable-diffusion/054-4.png,54,0.649948841878208,0.6582525266898109,0.580442427239522,4,4,4,3,3,A yellow water lily floats on calm water in a top-down view. The flower and leaf structure are clear but show unnatural geometric symmetry. Background pads exhibit melting textures and water lacks fine detail.
A photo of a lotus flower made of water.,Unidiffuser/054-1.png,54,0.42741687065275,0.427987504771063,0.481325403391299,1,2,2,3,2,A dreamy soft-focus shot features two lotus flowers on green water. The primary subject maintains a recognizable silhouette despite severe detail loss. Intense blurring creates a melted effect that obscures all local textures.
A photo of a lotus flower made of water.,Unidiffuser/054-2.png,54,0.547101191066116,0.522179868761254,0.568737650639181,3,3,2,2,3,A photorealistic close-up shows a white water lily on dark water with lily pads. The flower is recognizable but features fused petals and a distorted center. Surfaces show waxy textures and soft edge definitions with inconsistent lighting.
A photo of a lotus flower made of water.,Unidiffuser/054-3.png,54,0.514425284774265,0.51073213377994,0.470614439819861,4,4,4,3,2,A glowing red lotus floats on green water within a horizontal framed layout. The stylized flower is structurally coherent despite rigid petal geometry. Repetitive water textures and peripheral blur reduce the image's naturalness.
A photo of a lotus flower made of water.,Unidiffuser/054-4.png,54,0.500604771580323,0.525804775431548,0.492160634592952,3,3,2,2,1,Two glowing pink lotus flowers float above lily pads on dark water. The floral forms are coherent but water splashes appear melted and malformed. Textures appear waxy and background surfaces lack fine detail.
a painting of the food of china,Controlnet/055-1.png,55,0.518696235329924,0.497224834490483,0.515777465343356,4,4,4,3,3,A traditional painting depicts a still life of food and sake on a table. The sake bottle displays illegible characters and some food items appear malformed. Surfaces show a uniform waxy texture with softened edges and flat detail.
a painting of the food of china,Controlnet/055-2.png,55,0.594487535284851,0.547237872699722,0.613508147935555,4,4,4,3,2,A framed painting depicts a still life of vegetables and bread. The central vegetable platter is structurally fused and lacks clear separation. Textures appear waxy with softened details throughout the composition.
a painting of the food of china,Controlnet/055-3.png,55,0.579391884842404,0.514882315379106,0.59444050853872,3,3,3,3,3,A framed folk-art painting displays a colorful feast of dishes and a red pot. Food items are recognizable but have malformed shapes and illegible text. Surfaces show waxy textures and softened edges.
a painting of the food of china,Controlnet/055-4.png,55,0.49358487634908,0.473834091589973,0.501350747709262,2,3,2,3,3,A digital painting displays a woven tray containing several prepared food ingredients. Red slices resemble malformed fingers while other items lack clear structure. Widespread oversmoothing blurs details and gives surfaces an unnatural waxy appearance.
a painting of the food of china,DALLE/055-1.png,55,0.524716741992734,0.538610950052125,0.5586153211413211,3,3,3,3,3,"A digital painting shows a multi-dish meal and tea on a table. Ingredients in the bowls are malformed into repetitive, unrecognizable textured masses. Soft focus and flat textures reduce visual clarity."
a painting of the food of china,DALLE/055-2.png,55,0.469535341906649,0.495650322777135,0.497022023523999,2,3,3,2,2,An overhead oil painting shows bowls of seafood and soup on a table. Subject structures are recognizable but lack sharp geometric or anatomical precision. Thick textures and soft edges dominate the global perceptual quality.
a painting of the food of china,DALLE/055-3.png,55,0.587043742825873,0.543303545843949,0.547166735689796,4,4,4,2,1,An illustrated overhead view shows a bowl of soup on a wooden table. Ingredients within the bowl appear blended and lack distinct structural definition. Surfaces show waxy textures and softened edges.
a painting of the food of china,DALLE/055-4.png,55,0.54945851505525,0.549208494308148,0.561730100379375,2,2,2,2,3,"A painterly still life features a pot of stew and dishes on a dark table. Subjects are recognizable but structurally vague as soft, blended organic forms. Texture appears waxy with softened edges and low detail clarity."
a painting of the food of china,Glide/055-1.png,55,0.371656372601159,0.402418703233679,0.4509668844387069,1,2,3,3,3,Blurry abstract circular forms on a white background in a painterly style. Subject structures are heavily distorted and semantically unreadable due to blurring. Extreme global oversmoothing destroys all local texture and edge definition.
a painting of the food of china,Glide/055-2.png,55,0.408526564774731,0.48000120167366,0.4727386269246409,2,2,3,2,2,"Colorful abstract objects resembling food sit on a white background. Subjects are severely distorted, lacking structure and appearing as smeared masses. Extreme global blur destroys all fine details and edges."
a painting of the food of china,Glide/055-3.png,55,0.389080824749743,0.429675491950328,0.415671047700389,1,1,2,1,2,"Various orange organic objects are scattered across a plain white background. Subjects are heavily blurred, malformed, and lack coherent structure or clear boundaries. Heavy oversmoothing and soft edges degrade overall sharpness."
a painting of the food of china,Glide/055-4.png,55,0.406324632209228,0.48799648492708,0.504764624317397,2,2,2,2,2,A blurry still life shows a teapot and plants on a table against a red background. Subject objects appear structurally warped and lack distinct boundaries. Severe global blur and smeared textures obscure details.
a painting of the food of china,Lafite/055-1.png,55,0.431697240691109,0.489787859219862,0.499533938173631,2,2,3,2,2,An oil painting depicts an abstracted still life of organic shapes on a warm surface. The subject features heavily warped and fused forms lacking clear structural definition. Surfaces exhibit waxy textures and inconsistent edge blending.
a painting of the food of china,Lafite/055-2.png,55,0.40189980033926,0.413102542255436,0.441722295725649,2,2,3,1,1,A painterly still life depicts a plate of colorful food in warm light. The food items appear structurally fused and lack clear geometric definition. Heavy brushstroke textures create repetitive patterns across the entire composition.
a painting of the food of china,Lafite/055-3.png,55,0.4418228733600089,0.449183876471492,0.476204465495805,1,2,2,2,3,A painterly still life shows abstracted fruit and foliage on a warm-toned surface. Subject forms are fused and lack clear structural boundaries or separation. Textures appear waxy with repetitive brushstrokes and softened edges throughout.
a painting of the food of china,Lafite/055-4.png,55,0.439042459148626,0.507244580135937,0.473047873830056,3,3,4,2,2,An oil painting depicts a close-up still life of colorful food items. Subject structures are heavily fused and lack clear semantic readability. Waxy textures and indistinct edges dominate the visual field.
a painting of the food of china,stable-diffusion/055-1.png,55,0.495335202899117,0.403105780648877,0.494165296750349,4,4,4,3,3,A painterly still life displays several plates of food on a blue table. Food items appear recognizable but contain semantically confusing shapes and pseudo-details. Textures appear overly smooth with softened edges and flat surface details.
a painting of the food of china,stable-diffusion/055-2.png,55,0.507624608894941,0.462786861305805,0.469486742226264,4,4,4,3,3,"A framed oil painting depicts a central food dish, green beans, and a background figure. The central food mound shows fused textures and indistinct boundaries, and the background figure lacks clarity. Background oversmoothing and surface pseudo-detailing appear."
a painting of the food of china,stable-diffusion/055-3.png,55,0.4422924565215039,0.488002990924501,0.5266528851044839,1,2,2,1,3,"A painterly still life displays various food dishes on a table surface. The food subjects are malformed, spatially confused, and lack clear geometric definition. Global oversmoothing results in flat textures and melted edge definitions."
a painting of the food of china,stable-diffusion/055-4.png,55,0.592097103273567,0.628293585551009,0.601338113274455,3,3,3,2,3,A framed oil-painting still life depicts various dishes on a green table. Dishes and background elements show malformed geometry and illegible textual details. Surfaces exhibit heavy oversmoothing and waxy textures without fine local definition.
a painting of the food of china,Unidiffuser/055-1.png,55,0.496317065912633,0.480492444221392,0.49160635132806,2,3,3,3,3,An impressionistic painting depicts a close-up of a meal served in ceramic dishes. The food and tableware maintain coherent geometry and clear semantic readability. Textures show intentional brushwork with subtle local detail variation.
a painting of the food of china,Unidiffuser/055-2.png,55,0.456852888658102,0.447226960006297,0.559808647930061,3,3,2,3,1,A vibrant painterly still life displays a central plate of food among other dishes. The food items are structurally malformed and fused into an unreadable mass. Textures appear flat and waxy with inconsistent lighting across the scene.
a painting of the food of china,Unidiffuser/055-3.png,55,0.507635748699775,0.446225749973351,0.502136849615127,3,3,3,2,3,"A painterly still life displays distorted food items within a decorative red frame. Food structures are malformed and fused, while border text remains semantically unreadable. Heavy brushstroke textures mask underlying detail and soften object boundaries."
a painting of the food of china,Unidiffuser/055-4.png,55,0.3421191859064389,0.401200936451745,0.491822154632149,1,1,1,1,3,"A blurry painterly still life shows food items on plates in warm light. Subject shapes are fused and lack clear structural definition or object separation. Oversmoothing eliminates texture detail and creates waxy, indistinct surfaces."
an oil painting of a tree and a building,Controlnet/057-1.png,57,0.596323547434943,0.52875082310898,0.463648855481566,4,4,4,3,2,A framed oil painting depicts a vibrant orange tree in a landscape. The subject tree has a stable trunk and semantically readable foliage. Textures show minor repetitive pseudo-detail and slight background oversmoothing.
an oil painting of a tree and a building,Controlnet/057-2.png,57,0.505131210213834,0.547566583570242,0.557030959052947,2,2,3,2,3,A large tree stands in a field beside a yellow building under gray skies. The subject structure is stable while the building's details appear simplified and indistinct. Textures exhibit pervasive oversmoothing and softened edge definition.
an oil painting of a tree and a building,Controlnet/057-3.png,57,0.558188843199557,0.530971248223291,0.542885649817038,4,4,4,2,2,"A digital painting features a large blue tree in a vibrant landscape. The main subject's anatomy is mostly coherent despite fused lower branches. Textures show a waxy, oversmoothed quality with soft edges."
an oil painting of a tree and a building,Controlnet/057-4.png,57,0.494299315922892,0.517904596894078,0.565129847090036,3,4,3,3,3,"A digital painting depicts a large tree by a house with an orange roof. Subjects are stable, but the tree foliage shows repetitive, simplified clustering. Textures appear waxy with softened edges and weak fine detail."
an oil painting of a tree and a building,DALLE/057-1.png,57,0.52579339635279,0.493625725530718,0.528636199413171,4,4,4,3,3,A painterly landscape features a large tree and a yellow villa. The tree structure is stable but the villa's facade is geometrically vague. Broad brushstrokes produce flat textures and poorly defined object boundaries.
an oil painting of a tree and a building,DALLE/057-2.png,57,0.5203972264786421,0.569621494630957,0.567768105085518,2,2,2,2,3,A large leafy tree stands near a stone building in a painted landscape. The tree's branching is somewhat chaotic while the building stays architecturally stable. Heavy painterly textures soften edges and flatten fine details.
an oil painting of a tree and a building,DALLE/057-3.png,57,0.533704453489871,0.565433711464147,0.585401388504901,3,3,3,3,3,"A painterly image features a large tree before a yellow apartment building. The tree structure is coherent, while the building windows are malformed and illegible. Textures appear overly smoothed with weak edge clarity."
an oil painting of a tree and a building,DALLE/057-4.png,57,0.498119024521715,0.492845388921088,0.5241327863296921,3,4,4,3,3,"A large painted tree stands before buildings under a sky. The tree is structurally stable, while background windows are malformed and unclear. Smooth painterly textures feature softened edges and low-frequency details."
an oil painting of a tree and a building,Glide/057-1.png,57,0.423663711361065,0.4669028141572199,0.526378416263511,3,3,2,3,3,A painterly landscape depicts a tree and a dark structure in a field. The tree has a coherent shape but lacks internal anatomical or textural detail. Heavy global blur and flat textures obscure details.
an oil painting of a tree and a building,Glide/057-2.png,57,0.29986751404091,0.33069062101407,0.392334019366545,1,2,2,1,1,A blurry painterly image features a branching plant in a vase on a dark surface. The subject's branches are heavily smeared and lack coherent structural definition. Global oversmoothing flattens textures and obscures fine details.
an oil painting of a tree and a building,Glide/057-3.png,57,0.3742375458165869,0.470359781096181,0.498196486077256,1,2,1,3,3,A framed painting depicts a central leafy tree in a hazy landscape. The tree's branch structure is recognizable but lacks sharp definition and detail. Global oversmoothing and flat textures dominate the visual field.
an oil painting of a tree and a building,Glide/057-4.png,57,0.412572181603076,0.393236366650696,0.545835231785881,1,2,3,3,2,A blurred painting depicts a large tree before a brick building. The tree and building structures remain recognizable despite the heavy softness. Global oversmoothing eliminates fine texture and sharp edge definition.
an oil painting of a tree and a building,Lafite/057-1.png,57,0.403740964569249,0.456962750776299,0.488281229648813,1,3,2,2,3,A painterly digital illustration features a large central tree against an urban background. The tree's trunk and branches exhibit unnatural fusing and warped geometry. Global perceptual quality is reduced by flat waxy textures and a prominent text watermark.
an oil painting of a tree and a building,Lafite/057-2.png,57,0.373929978744113,0.381696171019296,0.44925605328642,3,3,3,2,2,A large central tree dominates a soft-focus painted landscape scene. The subject exhibits malformed trunk geometry and illogical branch connections. Global textures appear waxy with softened edges and indistinct background detail.
an oil painting of a tree and a building,Lafite/057-3.png,57,0.4568682293888449,0.414693893179779,0.500686785656956,2,2,2,2,3,A painterly image depicts a large tree centered before a blurry cityscape. The tree's form is recognizable yet displays distorted branching and unnatural trunk textures. Global textures appear flat with inconsistent color blending and smoothing.
an oil painting of a tree and a building,Lafite/057-4.png,57,0.398037986509209,0.44018736824694,0.479474397137068,2,2,2,2,2,A digital painting features a large central tree in a bright landscape. The tree's base is structurally malformed and ambiguously merged with structures. Global textures lack detail and show softened edge definitions.
an oil painting of a tree and a building,stable-diffusion/057-1.png,57,0.5835301167280931,0.537466612898948,0.507840003725797,4,4,4,2,2,A framed painting depicts a large green tree in a sunny landscape. The tree's form is stable but the foliage lacks distinct branch structure. Textures appear overly smooth and waxy with flattened details.
an oil painting of a tree and a building,stable-diffusion/057-2.png,57,0.47577552650764,0.5140043106734961,0.548051435764449,4,4,4,3,3,A large leafy tree stands before a white building in a grassy field. The tree's structure is stable and semantically clear despite its stylized foliage. Background details show soft edges and flattened textures.
an oil painting of a tree and a building,stable-diffusion/057-3.png,57,0.51455981891573,0.500821311869358,0.420084046011409,3,4,3,2,2,"A digital painting depicts a large tree in a sunny open field. The main trunk features a malformed protrusion, and branches lack logical structure. Textures appear flat with repetitive patterns and softened edge definition."
an oil painting of a tree and a building,stable-diffusion/057-4.png,57,0.4092241085825659,0.4565659104628969,0.523714503040611,1,2,2,2,3,An impressionistic painting shows a row of trees against a blurred background. Tree forms are structurally stable but lack clear branch and trunk definition. Extreme oversmoothing flattens textures and removes all sharp edge details.
an oil painting of a tree and a building,Unidiffuser/057-1.png,57,0.506132045002223,0.5333376504196881,0.54201731345208,2,3,2,3,3,An impressionistic painting shows a large tree next to a white building. The building's windows and columns are simplified and lack structural sharpness. Global textures are flat and oversmoothed with softened edge definition.
an oil painting of a tree and a building,Unidiffuser/057-2.png,57,0.471897061888035,0.481060495614124,0.5371209698461,2,3,2,2,3,A painted tree stands before a multi-windowed building under a blue sky. The subject features an indistinct tree canopy and geometrically irregular building windows. Oversmoothing and weak edge definition reduce overall visual clarity.
an oil painting of a tree and a building,Unidiffuser/057-3.png,57,0.401338012782215,0.443514578744157,0.525027008061654,2,2,3,3,3,A soft-focus painting shows a building facade centered behind a dark tree trunk. Architectural geometry is vaguely defined with repetitive window patterns and a simplified tree form. Heavy global smoothing melts edges and flattens all surface textures.
an oil painting of a tree and a building,Unidiffuser/057-4.png,57,0.509373482038465,0.545678152759964,0.579354542610837,4,4,4,3,3,An impressionistic oil painting features a white building and a large tree. Both subjects exhibit stable geometry despite simplified window patterns and leaf textures. Broad brushstrokes produce a consistently soft and painterly visual texture.
a painting of a white country home with a wrap-around porch,Controlnet/058-1.png,58,0.602007348571954,0.607258239189025,0.579545414759575,4,4,4,3,3,A digital illustration features a white house with a large front porch. Structural coherence is compromised by warped railings and fused window elements. The image exhibits uniform softness and lacks high-frequency textural detail.
a painting of a white country home with a wrap-around porch,Controlnet/058-2.png,58,0.536929532464278,0.5147706114964969,0.509792389287462,4,4,4,3,3,A digital painting depicts a white house with a porch in a garden. The house structure is stable but lacks sharp architectural details. Textures appear oversmoothed with softened edges throughout.
a painting of a white country home with a wrap-around porch,Controlnet/058-3.png,58,0.613178828548151,0.56314971248365,0.622247223745267,4,4,4,3,2,A digital painting portrays a white house with a long covered porch. Porch railings and dormer structures exhibit noticeable geometric warping and fusion. Textures are globally oversmoothed with flat surfaces and softened boundaries.
a painting of a white country home with a wrap-around porch,Controlnet/058-4.png,58,0.59600173304259,0.58134875764256,0.589545942581642,3,4,4,3,2,A large white house with a wrap-around porch sits in a garden. The house structure is stable despite minor window and shutter inconsistencies. Textures are overly smoothed with softened edges.
a painting of a white country home with a wrap-around porch,DALLE/058-1.png,58,0.491491579753625,0.551755029355276,0.55825609647181,3,3,2,3,2,A watercolor painting depicts a white house with a large front porch. The porch railing and window areas are fused and lack clear definition. Global oversmoothing produces flat textures and soft edges throughout the image.
a painting of a white country home with a wrap-around porch,DALLE/058-2.png,58,0.478252608224805,0.493372980627502,0.5283316419158041,4,4,4,3,2,A digital painting depicts a white house with a balcony in a garden. The house structure exhibits severe distortion in the balcony railing and windows. Textures are heavily smoothed with flat surfaces.
a painting of a white country home with a wrap-around porch,DALLE/058-3.png,58,0.601088024735893,0.5583919306974819,0.598584111105298,4,4,3,3,2,A digital painting depicts a white house with a porch near a large tree. The architecture features fused railings and geometrically inconsistent stair steps. Textures appear overly smooth with softened edge definitions.
a painting of a white country home with a wrap-around porch,DALLE/058-4.png,58,0.591156073116704,0.563352422526679,0.618356075271401,4,4,4,3,3,A digital painting shows a white house on a lawn under a blue sky. The house is structurally stable but features simplified porch and window details. Textures appear smooth and painterly with softened edges.
a painting of a white country home with a wrap-around porch,Glide/058-1.png,58,0.425833165370885,0.445071266317246,0.448449095778809,2,3,2,3,3,A painterly white house with a porch is centered against green foliage. The porch region contains malformed shapes and lacks clear architectural definition. Global oversmoothing flattens textures and obscures all fine edge details.
a painting of a white country home with a wrap-around porch,Glide/058-2.png,58,0.4350136371199919,0.476744320345416,0.536226604077772,2,3,3,3,3,A digital painting shows a white house set before autumn foliage. The house structure remains recognizable despite malformed windows and a melted porch region. Oversmoothing flattens textures and blurs all fine edges.
a painting of a white country home with a wrap-around porch,Glide/058-3.png,58,0.440992439480325,0.426806871395382,0.522470145426749,2,2,2,3,3,A soft-focus painting depicts a white house with a red door on a lawn. The house structure is stable but architectural features lack precise definition. Heavy global oversmoothing flattens all texture and obscures edge clarity.
a painting of a white country home with a wrap-around porch,Glide/058-4.png,58,0.376792209910259,0.4465085071807479,0.465594526244088,1,3,2,3,3,A painterly white house stands in a colorful garden under a clear sky. The building's geometry is stable though local architectural details appear indistinct. Heavy oversmoothing flattens textures and obscures fine edge definitions.
a painting of a white country home with a wrap-around porch,Lafite/058-1.png,58,0.389181142808233,0.44268673221034,0.492725923980349,2,2,1,2,2,A painterly impressionist-style image depicts a white house with a front garden. The house structure is warped with melted rooflines and indistinct window frames. Heavy blurring and oversmoothing obscure all fine surface details.
a painting of a white country home with a wrap-around porch,Lafite/058-2.png,58,0.418803151216635,0.433966627999252,0.503878884987761,3,3,2,3,3,A painterly white house with a garden under bright daylight. The house structure is warped and foreground plants lack clear definition. Global oversmoothing flattens textures and blurs all fine details.
a painting of a white country home with a wrap-around porch,Lafite/058-3.png,58,0.473676667434221,0.513061133699561,0.535290872885558,3,3,3,2,2,A painterly image depicts a white house with a front garden. The house structure is severely warped with melted rooflines and distorted windows. Textures show heavy oversmoothing and lack sharp definition.
a painting of a white country home with a wrap-around porch,Lafite/058-4.png,58,0.392276532649591,0.449458934632895,0.472209532447371,2,2,2,2,2,A white house with a front door is shown in a painterly style. The subject's structure is severely melted and warped with illegible text. Heavy blur and waxy textures obscure all fine details.
a painting of a white country home with a wrap-around porch,stable-diffusion/058-1.png,58,0.537773820530168,0.504814511929806,0.575670012453136,4,4,4,3,3,"A digital painting shows a two-story house with a wraparound porch in a wooded landscape. The house is recognizable, but the foundation and lower windows are semantically confused. Textures display repetitive patterns and significant oversmoothing."
a painting of a white country home with a wrap-around porch,stable-diffusion/058-2.png,58,0.487069553781604,0.497954959734165,0.506370195296128,1,2,2,2,3,"A painterly image shows a house porch with white columns and greenery. The porch structure is stable but window panes are distorted and railings are blurry. Heavy oversmoothing creates flat, waxy textures throughout the scene."
a painting of a white country home with a wrap-around porch,stable-diffusion/058-3.png,58,0.6316432738962761,0.615444241830904,0.596415743070712,2,3,4,3,3,A digital painting shows a large house with a wide front porch. The architecture is coherent despite some irregular dormer window details. Textures exhibit significant oversmoothing and lack sharp local detail.
a painting of a white country home with a wrap-around porch,stable-diffusion/058-4.png,58,0.614775239264401,0.611439442533585,0.6374248306894139,4,3,4,3,3,"A digital painting shows a white house with green shutters and a porch. The subject is coherent, though window panes are malformed and porch rails blur. Waxy textures and repetitive patterns dominate the background."
a painting of a white country home with a wrap-around porch,Unidiffuser/058-1.png,58,0.371404115294211,0.490858938093632,0.492924897984258,1,2,2,3,3,"A soft-focus painting depicts a white house in a green landscape. The house is structurally coherent but features simplified, indistinct architectural details. The entire image suffers from heavy smoothing and flat textures."
a painting of a white country home with a wrap-around porch,Unidiffuser/058-2.png,58,0.46917697050303,0.461319296700576,0.514487733751068,3,3,3,3,3,"A white house with a porch sits in a yard under a cloudy sky. The house structure is stable, though the right-side windows appear malformed and fused. Heavy texture overlay softens details and creates repetitive surface patterns."
a painting of a white country home with a wrap-around porch,Unidiffuser/058-3.png,58,0.561941629960335,0.56005412696454,0.658698926444911,3,3,4,2,2,"A digital painting depicts a house with a porch under a blue sky. The house structure is stable, but porch furniture and window frames appear malformed. Textures exhibit oversmoothing and weak fine detail."
a painting of a white country home with a wrap-around porch,Unidiffuser/058-4.png,58,0.539689367104489,0.514843619901654,0.623282330790215,2,3,3,2,3,A painterly illustration shows a white two-story house in a sunny landscape. The building shows minor geometric inconsistencies in its roofline and window regions. Textures lack sharpness and exhibit excessive smoothing across all surfaces.
Downtown Shanghai at sunrise. detailed ink wash.,Controlnet/059-1.png,59,0.454112871121696,0.474545831433976,0.490099602650324,3,3,3,2,2,A monochromatic sketch shows a busy city street with numerous pedestrians. Pedestrians appear as distorted silhouettes and buildings exhibit warped architectural geometry. Repetitive hatching and inconsistent edge definition affect the overall texture.
Downtown Shanghai at sunrise. detailed ink wash.,Controlnet/059-2.png,59,0.5323084213437049,0.487154292596446,0.529454160984427,4,4,4,3,3,A monochrome ink sketch depicts a bridge spanning water before a city skyline. The bridge structure is heavily distorted with tangled cables and implausible geometry. Scribbled lines create melting edges and flat textures.
Downtown Shanghai at sunrise. detailed ink wash.,Controlnet/059-3.png,59,0.5040870631265509,0.512336189018308,0.507096656925448,1,2,1,1,3,A monochrome sketch-style aerial view shows a dense cityscape with a central tower. The subject architecture shows severe fusion and repetitive geometric confusion. Textures exhibit flatness with softened edges and indistinct backgrounds.
Downtown Shanghai at sunrise. detailed ink wash.,Controlnet/059-4.png,59,0.5145157914488501,0.521824850552725,0.523385528173866,3,3,3,3,2,A monochrome sketch shows a narrow street lined with tall buildings. Architectural geometry is warped with inconsistent windows and melting structural details. Textures appear waxy and edges lack sharp definition across the frame.
Downtown Shanghai at sunrise. detailed ink wash.,DALLE/059-1.png,59,0.511482412098813,0.501217662598325,0.5310346834416859,3,3,3,2,3,A grayscale sketch depicts a misty skyline with the Oriental Pearl Tower. The tower and skyscrapers are recognizable but show softened geometry and details. Global oversmoothing creates flat textures and blurs all visible edges.
Downtown Shanghai at sunrise. detailed ink wash.,DALLE/059-2.png,59,0.476233035395446,0.5214990137075131,0.535583972348306,2,3,2,3,2,A monochrome ink-wash style illustration depicts the Shanghai skyline. The tower and buildings exhibit simplified geometry and minor structural fusion. Global oversmoothing results in flat textures and softened edges.
Downtown Shanghai at sunrise. detailed ink wash.,DALLE/059-3.png,59,0.503473634948255,0.476655143855549,0.555813414005423,3,3,3,3,3,A monochrome sketch portrays a city skyline viewed from across water. Architectural forms are heavily distorted with warped geometry and fused structures. Oversmoothing creates flat textures and weak edge definition.
Downtown Shanghai at sunrise. detailed ink wash.,DALLE/059-4.png,59,0.552132281116507,0.547089799114589,0.539572022984964,3,3,4,3,3,A monochromatic sketch depicts the Shanghai skyline and Oriental Pearl Tower. The central tower exhibits a malformed hollow structure and inconsistent details. Textures are heavily oversmoothed with indistinct edges and flat gradients.
Downtown Shanghai at sunrise. detailed ink wash.,Glide/059-1.png,59,0.410029440379366,0.436398032857356,0.47878645167102,1,2,2,1,1,"A sketchy monochrome drawing depicts a city street with buildings and a lamp post. Architectural forms are irregular and lack clear geometry, making details semantically confusing. Jagged edges and sparse lines define a low-fidelity visual texture."
Downtown Shanghai at sunrise. detailed ink wash.,Glide/059-2.png,59,0.392034507650609,0.443434111714227,0.4592351706316699,2,2,2,3,2,A grayscale sketch depicts a city skyline with the Oriental Pearl Tower. The tower's form is recognizable but lacks structural coherence and detail. Severe global blur washes out textures and sharp boundaries.
Downtown Shanghai at sunrise. detailed ink wash.,Glide/059-3.png,59,0.378415040897367,0.384084900617744,0.40165985143624,2,2,2,3,2,A pencil-sketch style drawing depicts a distorted urban skyline with tall buildings. Building structures are malformed with inconsistent geometry and poorly defined architectural details. Lines are oversmoothed and edges lack sharpness throughout the composition.
Downtown Shanghai at sunrise. detailed ink wash.,Glide/059-4.png,59,0.374384059820536,0.3724590097565209,0.413742213565741,1,2,1,1,1,"A high-contrast sketch depicts a distorted urban skyline on a white background. The architectural subject is structurally incoherent, featuring warped geometries and broken outlines. Heavy blur and softened edges obscure all local textural details."
Downtown Shanghai at sunrise. detailed ink wash.,Lafite/059-1.png,59,0.347227946703487,0.410626201489681,0.408752067724111,3,2,2,2,1,A sketch-style image depicts a ruined cityscape under a hazy sky. Architectural forms and foreground debris are severely warped and semantically illegible. Global blurring and indistinct textures dominate the perceptual quality.
Downtown Shanghai at sunrise. detailed ink wash.,Lafite/059-2.png,59,0.423712086298592,0.463449862262767,0.406073138715107,1,1,1,1,1,"A sketch-style image depicts a hazy cityscape with indistinct foreground rubble. The central building is stable, while foreground shapes are malformed and semantically unreadable. Global textures appear waxy and oversmoothed with weak edge definition."
Downtown Shanghai at sunrise. detailed ink wash.,Lafite/059-3.png,59,0.4623674487513319,0.465694348386871,0.478549524177672,1,2,2,2,1,"A sketch-style image shows a blurred, ruined cityscape under a hazy sky. Architectural structures are severely warped, fused, and lack coherent geometric perspective. Global blur and flat textures obscure fine details."
Downtown Shanghai at sunrise. detailed ink wash.,Lafite/059-4.png,59,0.445669141916274,0.433180672276536,0.497174007584689,3,2,2,1,2,A sketch-style monochromatic image shows a ruined cityscape with distorted foreground debris. Foreground structures are malformed and lack coherent geometry or semantic clarity. Heavy smoothing flattens textures and obscures fine edge definition throughout.
Downtown Shanghai at sunrise. detailed ink wash.,stable-diffusion/059-1.png,59,0.51959966608996,0.507862175646231,0.539404529926139,4,4,4,3,2,"A monochromatic sketch shows a dense, foggy urban skyline with varied architecture. Building structures are readable despite softened window details and slightly warped rooflines. Textures show over-smoothing and indistinct edges under heavy haze."
Downtown Shanghai at sunrise. detailed ink wash.,stable-diffusion/059-2.png,59,0.508188355640183,0.5366298124179579,0.531410437343675,3,3,3,3,3,A monochrome sketch portrays a narrow urban street with tall buildings and a blurred crowd. Building facades contain fused windows and warped geometry while foreground figures are structurally illegible. Lower areas exhibit significant oversmoothing and flat texture.
Downtown Shanghai at sunrise. detailed ink wash.,stable-diffusion/059-3.png,59,0.562940361868426,0.5763123816250161,0.526068298654563,2,3,3,3,3,"A monochrome sketch shows a narrow street between tall, detailed buildings. Architectural structures remain coherent despite illegible signage and repetitive window patterns. Global textures display uniform sketchiness with softened edges and low contrast."
Downtown Shanghai at sunrise. detailed ink wash.,stable-diffusion/059-4.png,59,0.5017199029385551,0.481069715474048,0.502868244544183,2,2,3,2,1,A pencil sketch shows the Shanghai skyline with the Oriental Pearl Tower. Buildings show malformed window patterns and structurally unstable architectural geometry. Repetitive line textures and messy reflections dominate the visual field.
Downtown Shanghai at sunrise. detailed ink wash.,Unidiffuser/059-1.png,59,0.3472266767563849,0.375339557162239,0.375134432494737,2,2,2,1,2,A hazy impressionistic cityscape shows tall buildings under a vibrant purple and yellow sky. Architectural forms are severely blurred and lack distinct geometric details or clear boundaries. Global oversmoothing eliminates all fine details and edges.
Downtown Shanghai at sunrise. detailed ink wash.,Unidiffuser/059-2.png,59,0.4286045621664069,0.4566767273416049,0.466982862039453,4,4,4,3,2,Abstract watercolor-style buildings stand against a vibrant purple and pink sky. Architectural forms show warped geometry and fused components lacking clear structural logic. Edges are softened and textures display inconsistent ink bleeding throughout.
Downtown Shanghai at sunrise. detailed ink wash.,Unidiffuser/059-3.png,59,0.409193469142685,0.409467079798002,0.40908570169979,2,2,2,2,2,A watercolor-style painting depicts a vibrant city skyline at dusk. The central tower and buildings show stable structure and high readability. Soft edges and slightly flat textures characterize the painterly surface.
Downtown Shanghai at sunrise. detailed ink wash.,Unidiffuser/059-4.png,59,0.534964889815321,0.554145700963296,0.592122497476679,2,3,2,3,3,"A watercolor painting depicts a city street with tall buildings and a red lantern. Architectural details and human figures are rendered as indistinct, simplified shapes. Soft washes and blurred boundaries define the overall painterly aesthetic."
"a cartoon of a dog saying ""I see what you did there""",Controlnet/060-1.png,60,0.420046895323277,0.422221883058096,0.371305883723522,3,3,2,2,2,"A four-panel comic shows cartoon dogs with speech bubbles on a brown background. Dogs exhibit malformed snouts, fused features, and illegible gibberish text. Outlines show jagged aliasing and flat repetitive textures."
"a cartoon of a dog saying ""I see what you did there""",Controlnet/060-2.png,60,0.520716016529564,0.505171271497362,0.518584474405284,3,2,3,3,2,A four-panel comic features an anthropomorphic dog with illegible speech bubbles. The subject shows severe facial warping and anatomical instability in every panel. Outlines are inconsistent and textures appear flat with minimal detail.
"a cartoon of a dog saying ""I see what you did there""",Controlnet/060-3.png,60,0.411539919170195,0.372322739782194,0.371609586973097,2,2,3,2,2,"A four-panel comic shows a malformed cartoon dog with garbled text. The subject exhibits severe facial distortion, broken anatomy, and poor readability. Image displays flat textures, soft edges, and inconsistent pseudo-detail spots."
"a cartoon of a dog saying ""I see what you did there""",Controlnet/060-4.png,60,0.4762154588648329,0.447043810592953,0.46722439077214,4,4,4,3,2,A centered digital illustration depicts a stylized white dog head on a textured background. The subject maintains a coherent cartoon structure with stable proportions and clear features. Illegible text overlays and a repetitive background texture appear.
"a cartoon of a dog saying ""I see what you did there""",DALLE/060-1.png,60,0.517964431480298,0.509346893227137,0.4795735249322729,3,4,3,2,1,A simple 2D cartoon dog sits on a white background with text. The dog's facial anatomy is distorted and the accompanying text is nonsensical. Edges show aliasing and surfaces lack fine texture definition.
"a cartoon of a dog saying ""I see what you did there""",DALLE/060-2.png,60,0.487799689129257,0.4340993194892519,0.386010272206204,3,3,2,3,2,A cartoon dog head and nonsensical text are drawn on a white background. The subject exhibits severe facial asymmetry with mismatched eyes and a warped muzzle. Outlines show heavy aliasing and the image lacks any refined detail.
"a cartoon of a dog saying ""I see what you did there""",DALLE/060-3.png,60,0.602361522494363,0.571026303975105,0.561968290393918,3,3,3,2,2,"A cartoon dog's head is centered under garbled text on a white background. The dog's anatomy is coherent, but the text contains semantic errors. Edges show heavy aliasing and the texture is flat."
"a cartoon of a dog saying ""I see what you did there""",DALLE/060-4.png,60,0.551909094468255,0.522779203452464,0.4760911707689499,3,3,2,3,2,A centered yellow cartoon dog on a plain white background features thick outlines. The subject's eyes are misaligned and the text is semantically illegible. Black outlines display significant jaggedness and digital aliasing throughout the image.
"a cartoon of a dog saying ""I see what you did there""",Glide/060-1.png,60,0.477304870404594,0.4985605580757229,0.410558848894328,2,3,2,2,2,A monochrome sketch shows a seated dog against a plain white background. The subject exhibits spindly limbs and distorted facial features with hollow eyes. Jagged outlines and stray marks create a noisy texture.
"a cartoon of a dog saying ""I see what you did there""",Glide/060-2.png,60,0.442174415654448,0.4350793772969289,0.44288070312126,2,3,1,1,2,A crudely drawn yellow hybrid creature stands against a plain white background. The subject shows severe structural distortion with a fused human face and malformed limbs. Jagged outlines and flat textures characterize the image's visual presentation.
"a cartoon of a dog saying ""I see what you did there""",Glide/060-3.png,60,0.379080985628565,0.409318805665198,0.407337883165563,2,2,2,2,1,"A sketchy line drawing shows a front-facing cartoon dog on a white background. Facial features are asymmetrical and the body structure is messy and poorly defined. Jagged outlines and stray marks produce a coarse, unpolished texture."
"a cartoon of a dog saying ""I see what you did there""",Glide/060-4.png,60,0.390463479156553,0.40146738473922,0.389790562311549,4,4,1,1,1,A close-up line drawing depicts a stylized cartoon animal head on a white background. The subject maintains a coherent facial structure and clear semantic readability. Outlines show noticeable softness and pixelation across the frame.
"a cartoon of a dog saying ""I see what you did there""",Lafite/060-1.png,60,0.405834956342632,0.377525640938434,0.335944338090792,3,3,2,1,1,"A digital sketch depicts a malformed dog against a plain light background. The subject displays severe facial distortion and an incoherent, box-like torso. Bold black outlines surround soft, washed-out textures and blurred edges."
"a cartoon of a dog saying ""I see what you did there""",Lafite/060-2.png,60,0.432551047652229,0.431062632375951,0.444793909189528,3,4,2,2,2,A sketch-style drawing depicts a distorted dog against a plain background. The subject exhibits severe anatomical distortion with malformed features and indistinct limbs. Pseudo-detail textures and softened edges create a melting visual instability.
"a cartoon of a dog saying ""I see what you did there""",Lafite/060-3.png,60,0.3895410495300559,0.3524667933620879,0.370875666642378,2,1,2,1,1,A sketchy digital illustration features a dog-like figure on a neutral background. The subject displays extreme structural distortion including malformed limbs and oversized fused ears. Heavy texture melting and soft edges degrade overall clarity.
"a cartoon of a dog saying ""I see what you did there""",Lafite/060-4.png,60,0.402481840354152,0.413478470244455,0.3989537479787799,1,1,1,2,2,A stylized digital sketch shows a distorted dog against a plain background. The dog's anatomy is severely warped with fused body segments and a malformed face. Surfaces show waxy pseudo-detailing and softened edge boundaries.
"a cartoon of a dog saying ""I see what you did there""",stable-diffusion/060-1.png,60,0.521684711567441,0.427392471752237,0.460748714347851,3,3,2,2,2,A four-panel comic shows a cartoon dog with garbled speech bubbles. The dog's facial features and snout show severe distortion across panels. Outlines are jagged and the bottom right has a distorted watermark.
"a cartoon of a dog saying ""I see what you did there""",stable-diffusion/060-2.png,60,0.432613081513815,0.38313621098938,0.391176004369725,3,3,2,2,2,A four-panel comic strip shows a cartoon dog in a red collar. The dog's anatomy is inconsistently distorted across panels and the text is illegible. The image displays global softness and flat texture quality.
"a cartoon of a dog saying ""I see what you did there""",stable-diffusion/060-3.png,60,0.432321129314792,0.380415768745181,0.407472580109979,2,2,2,2,2,A two-panel sketchy comic strip depicts dog-like and human-like figures indoors. Character anatomy is severely malformed with distorted faces and illegible text. Global textures appear waxy and edges lack sharp definition.
"a cartoon of a dog saying ""I see what you did there""",stable-diffusion/060-4.png,60,0.5230787445855021,0.468598223764534,0.462780466380457,4,4,3,2,2,"A cartoon dog head centers on a dark background with distorted text. The subject maintains a stable, simplified anatomy with clear facial feature definition. Background textures repeat and text shows slight pixelation."
"a cartoon of a dog saying ""I see what you did there""",Unidiffuser/060-1.png,60,0.515518406328612,0.489544325376778,0.478350270064786,4,3,2,1,2,"A comic strip displays a distorted brown dog-like character across three panels. The subject features malformed facial anatomy and semantically unreadable garbled text. Visuals exhibit noticeable aliasing on outlines and flat, grainy surface textures."
"a cartoon of a dog saying ""I see what you did there""",Unidiffuser/060-2.png,60,0.540850629566221,0.4939032197130359,0.381316221531178,2,2,2,1,2,A four-panel comic strip features a stylized brown dog with speech bubbles. The canine subject is coherent but contains illegible text and warped muzzles. Lines exhibit mild aliasing and textures appear uniformly flat.
"a cartoon of a dog saying ""I see what you did there""",Unidiffuser/060-3.png,60,0.482793658672339,0.442920994789146,0.4538847692766489,2,3,2,1,2,A two-panel comic shows a distorted anthropomorphic animal near a door. The subject's facial features are malformed and the embedded text is illegible gibberish. The image suffers from severe pixelation and jagged edge artifacts.
"a cartoon of a dog saying ""I see what you did there""",Unidiffuser/060-4.png,60,0.345296836523818,0.369418699360385,0.389860048267251,1,2,2,2,3,Three blurred figures sit against a hazy background with illegible text. The subjects are severely malformed with fused limbs and indistinct features. Global oversmoothing flattens textures and obscures all fine details.
a hot air balloon with chameleon logo. the sun is shining and puffy white clouds are in the background.,Controlnet/062-1.png,62,0.571106129052233,0.545245680743885,0.510670599442765,3,3,3,2,2,A colorful blocky hot air balloon floats in a sunset sky. The balloon base is distorted and fused with an unrecognizable dark object. Background clouds exhibit soft melting textures and inconsistent lighting halos.
a hot air balloon with chameleon logo. the sun is shining and puffy white clouds are in the background.,Controlnet/062-2.png,62,0.557070522823689,0.497675571560116,0.48081164553945,4,4,4,3,2,A colorful hot air balloon floats in a cloudy sunset sky. The subject is recognizable but features a severely malformed and fused basket region. Surfaces exhibit a waxy finish with softened fine detail definition.
a hot air balloon with chameleon logo. the sun is shining and puffy white clouds are in the background.,Controlnet/062-3.png,62,0.493331030131418,0.496762201618476,0.526469321057643,3,3,4,3,3,A colorful hot air balloon floats in a bright sunset sky. The subject is structurally stable despite simplified attachment ropes and illegible text. Textures appear waxy with softened background cloud details.
a hot air balloon with chameleon logo. the sun is shining and puffy white clouds are in the background.,Controlnet/062-4.png,62,0.523735917286384,0.51730153250685,0.45713997056306,4,4,4,3,2,A vibrant hot air balloon fills the view against a bright sky. The subject is structurally sound with minor distortions near the center. Textures appear overly smooth and possess a synthetic waxy quality.
a hot air balloon with chameleon logo. the sun is shining and puffy white clouds are in the background.,DALLE/062-1.png,62,0.555181129510693,0.5066693434253601,0.529554103216975,3,3,2,3,2,"A cartoon chameleon sits in a basket beneath a patterned green hot air balloon. The subject is structurally stable, though the balloon's pattern is semantically abstract. Soft textures and inconsistent lighting affect clarity."
a hot air balloon with chameleon logo. the sun is shining and puffy white clouds are in the background.,DALLE/062-2.png,62,0.540323129017968,0.474906943384662,0.514987297594772,3,3,2,2,2,A colorful cartoon illustration depicts a chameleon-headed hot air balloon in a bright sky. The subject exhibits a fused chameleon-head and balloon-envelope structure with stable stylized geometry. Flat textures and clean edges show no dominant local artifacts.
a hot air balloon with chameleon logo. the sun is shining and puffy white clouds are in the background.,DALLE/062-3.png,62,0.559378473555537,0.489816613433078,0.446878506341258,4,4,4,2,3,A stylized chameleon hangs from a colorful segmented balloon above garbled text. The creature's anatomy is malformed featuring an unnaturally thick and fused tail. Flat textures and jagged internal boundaries degrade the rendering quality.
a hot air balloon with chameleon logo. the sun is shining and puffy white clouds are in the background.,DALLE/062-4.png,62,0.570007081640987,0.503291154327846,0.50704917599793,4,4,4,3,2,A colorful patterned hot air balloon floats near a bright sun and clouds. The basket contains a malformed figure and the cursive text is illegible. Flat colors and sharp contours show minimal local artifacting.
a hot air balloon with chameleon logo. the sun is shining and puffy white clouds are in the background.,Glide/062-1.png,62,0.504615153924714,0.499094847115577,0.502600408458689,2,3,2,3,2,A green hot air balloon with distorted graphics floats against a blue sky. The subject's surface markings are heavily fused and semantically illegible. Global oversmoothing and softness significantly reduce texture and edge clarity.
a hot air balloon with chameleon logo. the sun is shining and puffy white clouds are in the background.,Glide/062-2.png,62,0.399093289241968,0.4966300007156159,0.472996240516468,3,3,4,3,2,A colorful hot air balloon floats in a blue sky above clouds. The balloon's surface pattern is distorted and fused with unclear panel boundaries. Oversmoothing blurs textures and softens all edges.
a hot air balloon with chameleon logo. the sun is shining and puffy white clouds are in the background.,Glide/062-3.png,62,0.4402280515156049,0.5627568697241739,0.567269114133238,3,3,3,3,2,A colorful hot air balloon floats in a blue sky with clouds. The balloon features a fused basket and illegible markings on its surface. Heavy blurring and smoothing degrade texture and edge clarity.
a hot air balloon with chameleon logo. the sun is shining and puffy white clouds are in the background.,Glide/062-4.png,62,0.422714082863089,0.506754418234605,0.498072130949909,2,3,2,2,3,An orange hot air balloon is centered against a bright hazy sky. Illegible scribbled markings distort the surface while the basket lacks clear form. Pervasive blurring and softness obscure fine details throughout the image.
a hot air balloon with chameleon logo. the sun is shining and puffy white clouds are in the background.,Lafite/062-1.png,62,0.460921628535958,0.504382301619777,0.529194867506143,4,4,4,3,3,A large patterned balloon floats above a hill with a tiny red figure. The tiny hanging figure is severely malformed with indistinct limbs and a fused body. Textures appear flat and edges show noticeable aliasing.
a hot air balloon with chameleon logo. the sun is shining and puffy white clouds are in the background.,Lafite/062-2.png,62,0.4786068816830749,0.407728054855018,0.49508277325209,2,2,2,1,2,Two colorful patterned balloons float in a sky above a green hill. Internal balloon patterns are severely malformed and fused into unreadable shapes. Image exhibits low sharpness and flat textures with softened edges.
a hot air balloon with chameleon logo. the sun is shining and puffy white clouds are in the background.,Lafite/062-3.png,62,0.4714693549793189,0.524359004521153,0.514061269533211,2,2,3,2,3,"Two colorful balloons float in a bright sky above a green hill. Internal patterns within the balloons are distorted into illegible, fused shapes. Textures exhibit mild oversmoothing and a waxy finish."
a hot air balloon with chameleon logo. the sun is shining and puffy white clouds are in the background.,Lafite/062-4.png,62,0.4425412078015809,0.454326428487945,0.498117891713496,3,3,3,3,2,A large striped balloon floats over a tiny red figure on a hill. The small red subject is heavily distorted and lacks coherent structure. Details are soft and blurred with a prominent watermark.
a hot air balloon with chameleon logo. the sun is shining and puffy white clouds are in the background.,stable-diffusion/062-1.png,62,0.617778403982819,0.545888765714061,0.552469974363703,4,4,4,2,1,"A large purple hot air balloon floats over a grassy field and trees. The subject's structure is stable, though its logo text is semantically unreadable. Textures show mild oversmoothing and waxy pseudo-detail."
a hot air balloon with chameleon logo. the sun is shining and puffy white clouds are in the background.,stable-diffusion/062-2.png,62,0.6524232329395031,0.587333458469299,0.63410679447385,4,4,4,3,2,A colorful hot air balloon floats centered against a blue cloudy sky. The balloon's envelope panels show warped geometry and a malformed basket. Surfaces appear waxy with softened details and pseudo-texture.
a hot air balloon with chameleon logo. the sun is shining and puffy white clouds are in the background.,stable-diffusion/062-3.png,62,0.44296737265584,0.369279053324431,0.414625676353993,2,2,2,1,1,A centered translucent bubble holds a distorted face against a swirling textured surface. The subject displays severe structural distortion with malformed features and illegible text. Background textures show repetitive patterns and softened edges.
a hot air balloon with chameleon logo. the sun is shining and puffy white clouds are in the background.,stable-diffusion/062-4.png,62,0.6663463068697131,0.63600568319663,0.526202459801561,4,4,4,2,3,A colorful hot air balloon with a blue cartoon character floats in a clear sky. The subject is structurally coherent with a stable shape and readable details. Flat textures show minor oversmoothing while edges remain sharp.
a hot air balloon with chameleon logo. the sun is shining and puffy white clouds are in the background.,Unidiffuser/062-1.png,62,0.545072771252034,0.463621952772368,0.4636047713991,3,3,2,2,2,A hot air balloon features a cartoon character graphic against a sunset sky. Character anatomy is severely warped with fused and unrecognizable limb structures. Sky textures show mild oversmoothing and lack fine-grained natural detail.
a hot air balloon with chameleon logo. the sun is shining and puffy white clouds are in the background.,Unidiffuser/062-2.png,62,0.483261853255337,0.433645518728713,0.4646133703465049,3,2,3,2,2,"A colorful cartoon hot air balloon with a face floats against a cloudy sky. The balloon body is coherent, but the upper facial region is slightly distorted. Surfaces show flat textures and noticeable edge sharpening."
a hot air balloon with chameleon logo. the sun is shining and puffy white clouds are in the background.,Unidiffuser/062-3.png,62,0.555420972984757,0.540611286687515,0.50532405238677,4,4,3,2,2,A blue hot air balloon floats in a vibrant sunset sky over a treeline. The balloon features illegible distorted text and a malformed orange creature logo. Surfaces appear waxy with noticeable background oversmoothing.
a hot air balloon with chameleon logo. the sun is shining and puffy white clouds are in the background.,Unidiffuser/062-4.png,62,0.4688443205899619,0.417567401174624,0.4317632237075069,2,2,2,2,3,A stylized blue and white spherical object floats in a bright cloudy sky. The subject exhibits severe warping and smeared details lacking coherent geometry. Heavy global blur and oversmoothing soften textures and edge definitions.
A sign that says Deep Learning,Controlnet/063-1.png,63,0.56502047685212,0.573774999482347,0.503931856893019,4,4,4,2,2,A black sign with colored text lies against a background of rough stones. The text content is semantically garbled and lacks meaningful linguistic structure. Stone surfaces show subtle texture repetition and softened boundary clarity.
A sign that says Deep Learning,Controlnet/063-2.png,63,0.4722944911779679,0.473042454643251,0.412504082689181,3,3,3,2,2,A close-up shows a yellow sign with black text on a grey surface. The text is severely malformed and semantically unreadable with fused strokes and broken shapes. Textures show subtle waxy smoothing and repetitive grain patterns.
A sign that says Deep Learning,Controlnet/063-3.png,63,0.5898766827952691,0.6026190254378929,0.557559028958233,4,4,4,3,2,A red sign with white text is mounted on a brick wall. The text contains distorted characters and the sign shape is irregularly warped. Background textures appear flat and show repetitive tiling patterns.
A sign that says Deep Learning,Controlnet/063-4.png,63,0.537399288042322,0.51078874111951,0.422734438125414,4,4,4,2,2,A close-up shows a grey street sign with distorted text on a sidewalk. The text characters are structurally malformed and semantically illegible. Background textures appear melted with softened details.
A sign that says Deep Learning,DALLE/063-1.png,63,0.628069996720962,0.6071011723199861,0.524640422574866,4,4,4,3,2,A close-up view captures a black sign featuring large white text DEA_HIP. The characters are geometrically consistent and maintain high semantic readability throughout. Fine-grained noise is noticeable on the dark background and frame surfaces.
A sign that says Deep Learning,DALLE/063-2.png,63,0.571037415728869,0.547183666973945,0.528283352732984,2,3,2,3,2,A close-up shows a blue sign with black text against a clear sky. The text is semantically broken by a misspelled word and a malformed letter. Sharp lettering contrasts with the waxy texture of the metal pole.
A sign that says Deep Learning,DALLE/063-3.png,63,0.609802414261881,0.556793360232951,0.487945901630054,4,4,4,3,2,A close-up shows a black sign with white text against tree branches. The bold text is clear but forms semantically meaningless gibberish words. Minor grainy texture affects the dark sign surface.
A sign that says Deep Learning,DALLE/063-4.png,63,0.553373385851753,0.5268269303250139,0.473319714565245,4,4,2,3,1,A black sign with white text is set against a clear blue sky. The sign structure is stable and the text is clearly legible despite cropping. Surfaces show subtle flatness and lack fine physical detail.
A sign that says Deep Learning,Glide/063-1.png,63,0.425152182869132,0.472022948598235,0.465778114500718,3,3,3,3,2,A red rectangular sign with white text stands against a blurred background. The sign's text exhibits severe character distortion and semantic illegibility. Global blur and softened edges affect visual clarity.
A sign that says Deep Learning,Glide/063-2.png,63,0.428439592766048,0.4417378376967659,0.393687109012783,2,3,1,2,1,"A close-up view features a red sign with white text on a grey surface. The text characters are malformed, inconsistently spaced, and entirely unreadable. Noticeable blur and softness affect the entire frame."
A sign that says Deep Learning,Glide/063-3.png,63,0.411431663808486,0.444128848057818,0.4099407932700989,3,3,2,3,2,A blurry diamond-shaped warning sign stands in a snowy outdoor scene. The sign contains completely illegible and structurally distorted pseudo-text characters. Heavy global blur and soft edges reduce overall detail clarity.
A sign that says Deep Learning,Glide/063-4.png,63,0.346138915821872,0.426697603121206,0.412117658683941,1,1,1,2,1,A blurry outdoor shot features a white sign against green foliage. The sign's geometry is coherent while the text remains semantically garbled. Heavy blur dominates the visual field with weak edge definition.
A sign that says Deep Learning,Lafite/063-1.png,63,0.380854337358874,0.395437862619633,0.387120551411152,2,1,2,1,1,"A close-up of wooden signboards with gibberish text in a foggy forest. The signs display warped geometry and nonsensical characters lacking semantic clarity. Heavy blur, soft textures, and muddy colors reduce clarity."
A sign that says Deep Learning,Lafite/063-2.png,63,0.4151787888502929,0.4455413155996839,0.442749406653743,2,2,2,2,1,A blurry outdoor photograph captures a green sign with illegible text. The sign's characters are structurally broken and semantically meaningless. Heavy blur and soft textures obscure all local details.
A sign that says Deep Learning,Lafite/063-3.png,63,0.3570509746395949,0.382030641203553,0.364919033158341,2,3,3,2,2,A green sign with illegible text appears in a blurry natural setting. The text is semantically meaningless and the floating object is structurally broken. Global blur and soft textures obscure all fine details.
A sign that says Deep Learning,Lafite/063-4.png,63,0.4583279663680429,0.4859207693225479,0.4207837102007,2,2,2,1,1,A green sign with illegible text stands in a field by a floating eye. The text is semantically void and the eye structure is malformed and fused. Heavy blur and melting background textures reduce overall clarity.
A sign that says Deep Learning,stable-diffusion/063-1.png,63,0.6263969965716459,0.634467696936306,0.5364965077289731,3,3,2,3,1,A white signboard with colorful text stands before a textured brown wall. The sign contains meaningless text and has structurally unstable support legs. Floor textures show localized smoothing and lack crisp edge definition.
A sign that says Deep Learning,stable-diffusion/063-2.png,63,0.573186319688355,0.542909942873344,0.444790151275132,3,3,2,2,1,A close-up depicts a black chalkboard with white text on a brown wall. The characters are structurally distorted and form semantically illegible nonsense words. Chalk textures appear flat and lack realistic granular micro-detail.
A sign that says Deep Learning,stable-diffusion/063-3.png,63,0.513140982823016,0.435303098300462,0.393646457442697,3,3,2,3,1,A close-up shows a sign with fragmented text on a textured ground. The sign structure is stable while the text is semantically distorted and unreadable. Overall details show noticeable softening and weak edge definition.
A sign that says Deep Learning,stable-diffusion/063-4.png,63,0.496953382562208,0.548093132144536,0.44030813246017,2,2,2,2,1,An abstract collage of overlapping colorful letters and numbers fills the frame. Text characters are heavily fused and distorted into an illegible semantically meaningless cluster. Surfaces show waxy textures and softened edges with noticeable background noise.
A sign that says Deep Learning,Unidiffuser/063-1.png,63,0.4902363979464539,0.525476202133065,0.441923213598812,3,3,3,2,2,"A white sign with garbled text stands outdoors against green foliage. The subject retains a stable shape but contains semantically void text. Soft focus, noise, and slightly melted textures degrade perceptual quality."
A sign that says Deep Learning,Unidiffuser/063-2.png,63,0.555151233299758,0.5532835030970911,0.486641908748526,3,3,2,3,2,A white sign with red handwritten text stands against a blurred outdoor background. The text characters are structurally malformed and semantically illegible as coherent language. Background textures show slight oversmoothing and repetitive patterns.
A sign that says Deep Learning,Unidiffuser/063-3.png,63,0.425494653454413,0.4549389132768809,0.454496001559056,2,2,2,2,1,"A blurry close-up captures a white sign with distorted text on a brick wall. The text characters are malformed, fused, and completely illegible. Severe global blur and softness eliminate fine edge details."
A sign that says Deep Learning,Unidiffuser/063-4.png,63,0.334256878473518,0.437181373333149,0.426453879754584,1,1,1,1,1,A blurry digital image shows a stylized white text sign on a textured wall. The primary text is malformed and fused while the secondary text is illegible. Global oversmoothing and weak edges reduce perceptual sharpness.
the word 'APPLE' on an apple,Controlnet/064-1.png,64,0.5347555665962119,0.5046764645438749,0.431717615410313,4,4,4,3,2,A stylized red apple icon rests on a mottled green textured background. The central subject displays a coherent graphic structure without significant semantic confusion. Background surfaces show repetitive grainy patterns and slightly softened boundaries.
the word 'APPLE' on an apple,Controlnet/064-2.png,64,0.520955410474233,0.475156219224212,0.433241565738353,3,3,3,3,1,A close-up shows red and green apples surrounding a green sign. The sign text is structurally distorted and semantically illegible. Fruit textures appear waxy with softened detail and slight grain.
the word 'APPLE' on an apple,Controlnet/064-3.png,64,0.5063098256530401,0.432225229638911,0.466757362882983,3,2,3,1,1,"A close-up view features a dense cluster of glossy red and green apples. Fruit structures are coherent, while the overlaid text appears semantically truncated. Surfaces appear waxy and lack fine natural micro-detail."
the word 'APPLE' on an apple,Controlnet/064-4.png,64,0.552017438293642,0.5096038421858851,0.447080996697627,4,4,3,3,2,"A digital painting shows a red and green apple on a wooden surface. The fruit's anatomy is stable, though the stem attachment looks slightly malformed. Background textures are heavily smoothed, and edges lack sharpness."
the word 'APPLE' on an apple,DALLE/064-1.png,64,0.517726579621278,0.5443211441391039,0.483643795035184,1,3,2,2,1,"A close-up image shows a red apple with carved text on a white background. The fruit structure is coherent, while the carved text forms a misspelled word. Heavy shallow-focus blur softens global edges and textures."
the word 'APPLE' on an apple,DALLE/064-2.png,64,0.495185272602725,0.451495105217112,0.451134321572777,3,3,2,2,2,"A close-up shows a red and green apple with white text on a white background. The subject is structurally stable, but the lettering appears slightly warped. Heavy radial blur softens the boundaries and reduces texture definition."
the word 'APPLE' on an apple,DALLE/064-3.png,64,0.566167447622697,0.642885057690289,0.637262655235959,2,3,3,3,3,"A yellow apple with text sits on a reflective surface against a dark background. The fruit's shape is coherent, but the text placement ignores the surface curvature. Heavy blur softens edges and reduces surface texture definition."
the word 'APPLE' on an apple,DALLE/064-4.png,64,0.575181620291992,0.529153187869553,0.505914623564935,3,3,2,3,2,"A photorealistic close-up of an apple with text on a dark background. The fruit shape is stable, though the stem region is poorly defined. Global blur and waxy textures obscure fine surface details."
the word 'APPLE' on an apple,Glide/064-1.png,64,0.39878852168309,0.427125471644529,0.399556494363865,3,3,2,3,2,A blurry green apple is centered on a black background. The subject retains a coherent round shape but lacks anatomical surface detail. Severe blur and smoothing remove all fine detail.
the word 'APPLE' on an apple,Glide/064-2.png,64,0.4530989195756379,0.427644630422725,0.460464313659541,2,2,2,2,2,A photorealistic red and green apple sits on a plain white background. The fruit is stable but shows minor distortion at the top region. Surface textures appear waxy and lack fine detail.
the word 'APPLE' on an apple,Glide/064-3.png,64,0.452453938405826,0.534972298904194,0.440340629825855,3,3,2,2,2,A close-up of a red apple with a stem against a blurred background. The subject maintains a coherent round shape despite severe smoothing. Intense blur removes texture and softens every boundary.
the word 'APPLE' on an apple,Glide/064-4.png,64,0.432680758286103,0.5208705508618521,0.478251844484192,2,3,2,3,2,A close-up view shows a red and green apple on a pink background. The fruit's upper structure is malformed into a deep and confusing dark cavity. Oversmoothing creates waxy textures and blurs all fine details.
the word 'APPLE' on an apple,Lafite/064-1.png,64,0.407300157795317,0.4317354914060509,0.389093010236391,2,2,1,2,1,A close-up image features a single round fruit on a blurred background. The fruit is clear but has a malformed and confusing red surface area. Oversmoothing causes waxy textures and indistinct edges.
the word 'APPLE' on an apple,Lafite/064-2.png,64,0.399517114506844,0.420918023778402,0.397274841192255,1,1,1,1,2,"A close-up shows a round fruit with a red mark against blurred leaves. The fruit's form is stable, but the central red region has ambiguous texture. Global blur and soft focus significantly reduce detail clarity."
the word 'APPLE' on an apple,Lafite/064-3.png,64,0.425113534096548,0.4022898861497559,0.356056671231033,1,2,2,3,1,A close-up shows a green fruit-like object with a red center held in a hand. The subject has an unnaturally smooth shape and ambiguous semantic features. Global oversmoothing and waxy textures obscure fine details across the frame.
the word 'APPLE' on an apple,Lafite/064-4.png,64,0.403866629696753,0.420975808438388,0.364872487031695,3,3,2,2,2,"A close-up shows a green fruit with a red mark on a blurred background. The fruit is stable, but the central red region appears as a malformed fused texture. Low sharpness and waxy textures obscure fine detail."
the word 'APPLE' on an apple,stable-diffusion/064-1.png,64,0.550915118893215,0.47623595541583,0.570198291109611,4,4,4,2,2,"A photorealistic close-up features a central green apple among red fruit. The green apple's base has a malformed, fused structure looking like a face. Fruit skins show a waxy finish with repetitive dot patterns."
the word 'APPLE' on an apple,stable-diffusion/064-2.png,64,0.581232917506078,0.524310950661519,0.435827566079662,4,4,4,2,2,A glossy red apple with a blue logo cutout rests on wood. The subject maintains a coherent structure with a distinct and readable central shape. Surfaces exhibit a smooth synthetic texture with sharp edges.
the word 'APPLE' on an apple,stable-diffusion/064-3.png,64,0.604460308143799,0.576029514739485,0.481408808237763,4,4,4,3,2,A close-up view shows a dense pile of red and yellow apples. The fruit exhibits natural geometry and consistent textures without structural anomalies. Minor compression artifacts and softened boundaries appear between overlapping surfaces.
the word 'APPLE' on an apple,stable-diffusion/064-4.png,64,0.437040015688311,0.405866319948939,0.453648507793269,1,2,2,1,1,A stylized metallic apple logo with leaves rests on a dense leafy background. The subject is coherent yet contains fused leaves and illegible internal markings. Textures exhibit global softening and waxy pseudo-details.
the word 'APPLE' on an apple,Unidiffuser/064-1.png,64,0.392563648590973,0.415056684916798,0.39047506046749,2,3,2,2,2,A centered glowing red apple with text sits on a plain background. The fruit's shape is stable but the embossed letters appear warped. Extreme softness and waxy textures indicate significant global oversmoothing.
the word 'APPLE' on an apple,Unidiffuser/064-2.png,64,0.4790972346752229,0.445513680006627,0.415566484198173,2,2,2,3,2,A cropped red apple and text are placed on a green woven background. The subject shapes are recognizable and the text remains fully legible. Repetitive background tiling and soft edge definition are clearly visible.
the word 'APPLE' on an apple,Unidiffuser/064-3.png,64,0.508330511267716,0.481577007453275,0.434871289350433,4,4,4,2,1,A close-up shows white rounded letters and a green leaf on textured brown ground. The subject structure is stable and semantically readable despite the partial framing. Background surfaces show slight texture repetition and softened edge definition.
the word 'APPLE' on an apple,Unidiffuser/064-4.png,64,0.50629380853102,0.434115947936092,0.494639961364437,3,3,2,3,2,A centered red apple with text and a large letter P. The subject is structurally stable except for a malformed jagged stem. Heavy grainy noise dominates the entire image surface.
the word 'START',Controlnet/066-1.png,66,0.6038897242626939,0.540854678263076,0.40458060929547,4,4,3,2,2,"Wooden letters arranged in rows on a light wood-grain surface. Multiple letters exhibit severe warping, fusion, and malformed geometry. Wood textures appear slightly waxy with inconsistent shadow casting."
the word 'START',Controlnet/066-2.png,66,0.633633456573281,0.623153874188283,0.492288986642562,4,1,4,1,1,A close-up shot shows a rectangular sign with painted text on wood. The subject features malformed letter shapes and completely illegible text content. Surface textures show minor waxiness and softened edge clarity.
the word 'START',Controlnet/066-3.png,66,0.544649464257919,0.560857213144081,0.4942378508609429,3,3,2,3,2,A 3D golden cursive text Sprat sits on a grey card over wood. The subject text is readable but contains malformed internal textures on terminal letters. Global textures and edges show no dominant local artifact.
the word 'START',Controlnet/066-4.png,66,0.495216800152543,0.456605904974328,0.40349919901404,4,4,4,2,3,"Three topped bread slices rest beneath white painted text on dark wood. The text is legible with irregular strokes, and food items are structurally stable. Topping edges exhibit mild softening and subtle texture inconsistencies."
the word 'START',DALLE/066-1.png,66,0.525748287617235,0.557903184560185,0.562913669449372,2,3,2,3,3,A centered white START text on a dark grainy background. The bold sans-serif letters are structurally stable and fully legible. Heavy digital noise and grain obscure fine edge details throughout.
the word 'START',DALLE/066-2.png,66,0.600064533551665,0.616719643596282,0.680816639998137,4,4,4,3,3,A large blurred word START is centered on a black background. The text is clearly readable though the outer letters are slightly cropped. Pervasive softness and low resolution obscure all fine edges and details.
the word 'START',DALLE/066-3.png,66,0.6151834927557389,0.595120456135015,0.565069664216,4,4,3,3,3,A close-up view captures the word START on a glowing blue textured surface. The text is recognizable but suffers from significant cropping and malformed letter anatomy. Heavy grain and soft contours obscure the finer surface textures.
the word 'START',DALLE/066-4.png,66,0.5211198548672941,0.619055137217084,0.520315526816638,4,4,4,3,2,Cropped 3D neon text spelling STARRT rests on a dark reflective surface. Text features a semantic duplication error and framing crops outer characters. Softened edges and waxy surfaces create an inconsistent visual texture.
the word 'START',Glide/066-1.png,66,0.3887731600963729,0.389275752777323,0.4287580480858159,1,2,2,1,1,Blurry stylized text spelling FICK is centered on a white background. The characters are heavily distorted with melted and unrecognizable letter structures. Severe global blur eliminates fine texture and sharp edges.
the word 'START',Glide/066-2.png,66,0.453650798726074,0.391900353303472,0.4105450145723789,2,2,1,1,1,A cropped blue abstract glyph is centered on a black background. The partial shape is structurally coherent but lacks identifiable semantic context. Noticeable blur and gradient artifacts soften the object boundaries.
the word 'START',Glide/066-3.png,66,0.355277532748208,0.36331979752175,0.333808657073166,2,2,2,2,1,"A tight crop displays distorted black line-art text on a gray field. The letterforms are malformed and overlapping, destroying semantic clarity. Lines show inconsistent weight and softened edge definition globally."
the word 'START',Glide/066-4.png,66,0.353401896216049,0.371204392083632,0.371264465026311,1,1,1,1,1,A close-up view captures blurred white stylized text on a solid blue background. The character structures are vaguely readable but lack clear edges and definitive form. Severe global blur and softening obscure all texture and fine details.
the word 'START',Lafite/066-1.png,66,0.328650914458113,0.354332756510647,0.298515797441931,1,1,2,1,1,A distorted human figure sits before a warm-toned paneled wall. The subject features a recognizable head fused to a malformed body. Severe global blur and low resolution obscure all fine surface details.
the word 'START',Lafite/066-2.png,66,0.43487556442551,0.414650051517593,0.423875212038948,1,1,1,1,1,A blurry figure in dark clothing sits in a wooden room. The subject's facial features and body structure are severely smeared and malformed. Global motion blur and low resolution obscure all fine details.
the word 'START',Lafite/066-3.png,66,0.407263456770338,0.403191066630171,0.355000715889856,2,3,3,1,1,A blurred portrait of a person with a malformed object on a textured surface. Facial features are smeared and the foreground object is structurally warped and indistinct. Heavy global blur and oversmoothing flatten all surface textures.
the word 'START',Lafite/066-4.png,66,0.403622227586727,0.378497544158699,0.3497373742549999,2,3,2,2,1,"A blurred, distorted portrait of a seated person in a dim room. The subject's anatomy is severely malformed with fused limbs and a warped face. Oversmoothing produces a melted texture without clear edges."
the word 'START',stable-diffusion/066-1.png,66,0.528934904813292,0.574045852871746,0.506012982140298,3,3,2,2,1,White cut-out letters with black markings lie on a wooden surface. The letter structures are malformed and the text is semantically unreadable. Textures and edges show no dominant local artifact.
the word 'START',stable-diffusion/066-2.png,66,0.522914409211392,0.474038409234062,0.455841250037553,4,4,4,3,3,A close-up shows a red-framed chalkboard with white text and a red sticker. Text characters are malformed and fused into semantically illegible strings. Surfaces display flat textures and softened edge definitions.
the word 'START',stable-diffusion/066-3.png,66,0.550029857446008,0.547838521290101,0.5444738071509689,4,4,3,2,2,"Large bold text overlays a dense field of handwritten-style script on a surface. Central typography is legible but semantically incoherent, showing minor local distortions and smudges. Background textures consist of repetitive, unreadable pseudo-characters with inconsistent density."
the word 'START',stable-diffusion/066-4.png,66,0.563853800650992,0.5152984192177761,0.552026801193172,4,4,4,2,1,"A close-up shows the word SPEAT on a board above three meat cuts. The text is legible but messy, and the meat cuts are structurally coherent. Meat surfaces display subtle oversmoothing and a slightly waxy texture."
the word 'START',Unidiffuser/066-1.png,66,0.6902163715069889,0.617993343098003,0.482980958313836,4,4,3,3,2,A centered blue circular ornament displays white text and stars on a plain background. The text is structurally malformed and semantically unreadable as gibberish fused characters. Textures and edges exhibit high clarity without visible artifacts.
the word 'START',Unidiffuser/066-2.png,66,0.636648978606135,0.602267147366985,0.611968055105994,4,4,4,2,1,A centered digital star badge displays the text STATR on a blue background. The text contains a semantic misspelling while the star shape remains stable. Rendering exhibits flat textures and generalized edge softening.
the word 'START',Unidiffuser/066-3.png,66,0.650548441740925,0.6318957359306561,0.5878811905432719,3,3,2,3,3,A hand-drawn START button sits on a textured brown background. The text characters exhibit malformed geometry and inconsistent stroke weights. Heavy background grain and softened edges affect overall clarity.
the word 'START',Unidiffuser/066-4.png,66,0.372751820479578,0.399186209172573,0.404681519036447,2,2,2,1,2,A glowing circular emblem with distorted text sits on a dark background. Central text characters are malformed and the lower graphic is semantically unreadable. Extreme softness and oversmoothing remove all fine image detail.
a store front with 'Grassy Meadow' written on it,Controlnet/068-1.png,68,0.6493015189436611,0.6519435336304581,0.555790194983692,3,4,3,3,2,A green storefront facade displays large white text and interior goods. The signage contains garbled characters that lack semantic meaning or readability. Global detail is softened and textures appear slightly flat.
a store front with 'Grassy Meadow' written on it,Controlnet/068-2.png,68,0.5833835040425049,0.508498815971939,0.542327154399146,4,4,4,3,2,A photorealistic storefront features green neon signage and cluttered window displays. The main subject contains illegible text and structurally ambiguous objects within the displays. Textures exhibit subtle oversmoothing and inconsistent fine detail across the facade.
a store front with 'Grassy Meadow' written on it,Controlnet/068-3.png,68,0.5346749736643229,0.548626053060592,0.497054024300309,4,3,2,2,2,A photorealistic shot captures a storefront with green trim and window displays. All signage and window text is severely distorted into illegible gibberish. Window glass exhibits inconsistent reflections and mild texture smoothing.
a store front with 'Grassy Meadow' written on it,Controlnet/068-4.png,68,0.588551111044277,0.585330029377092,0.570289414319477,2,3,2,2,2,A photorealistic eye-level view of a green storefront on a sidewalk. The subject exhibits illegible distorted text and structurally melted window contents. Global textures show significant softening and lack fine-grained surface detail.
a store front with 'Grassy Meadow' written on it,DALLE/068-1.png,68,0.674251529027297,0.673340094649211,0.536569196331778,4,4,4,3,2,A low-angle view of a green facade with a golden storefront sign. The sign displays structurally stable but semantically meaningless text. Window reflections show minor blurring while primary surfaces stay crisp.
a store front with 'Grassy Meadow' written on it,DALLE/068-2.png,68,0.607040905308307,0.5845828776204359,0.51297710554619,4,4,4,3,2,An eye-level view of a green storefront with a large yellow sign. The subject is clear but features semantically nonsense text and melted reflections. Surfaces exhibit mild oversmoothing and some edges lack sharp definition.
a store front with 'Grassy Meadow' written on it,DALLE/068-3.png,68,0.640816074493821,0.598294542554002,0.479714657306718,4,4,3,3,2,A building window displays yellow text over a green surface and lawn. The text is well-formed and structurally coherent with no character fusion. Foreground vegetation appears overly smooth with indistinct leaf boundaries.
a store front with 'Grassy Meadow' written on it,DALLE/068-4.png,68,0.543099031269584,0.536356612621912,0.4661442468714329,4,4,2,3,2,A building facade shows green 3D signage above a window and lawn. The text subject is clearly readable but partially cropped at the borders. Foreground vegetation exhibits slightly flattened and repetitive fine texture details.
a store front with 'Grassy Meadow' written on it,Glide/068-1.png,68,0.407572341561579,0.454415498032819,0.483685519697691,2,2,2,2,2,A blurry image shows a storefront with a blue sign and green door. The facade is stable but features illegible pseudo-text and indistinct window details. Global blur flattens textures and obscures all sharp edge definition.
a store front with 'Grassy Meadow' written on it,Glide/068-2.png,68,0.346637846738492,0.368744454069335,0.402699303799806,1,2,1,2,1,A blurry eye-level view shows a white building storefront with a dark entrance. The storefront's window and entrance structures are malformed and lack readable detail. Heavy oversmoothing removes all texture and softens every boundary.
a store front with 'Grassy Meadow' written on it,Glide/068-3.png,68,0.3435727131901609,0.4890899294204039,0.449483582772311,1,2,2,2,2,A blurred shot shows a storefront with illegible text and colorful windows. Signage and window contents are structurally malformed and lack semantic coherence. Heavy global blur and softness mask all surface textures and details.
a store front with 'Grassy Meadow' written on it,Glide/068-4.png,68,0.431144628760008,0.487469534591552,0.409523728949092,1,2,2,3,1,"A blurry eye-level shot shows a storefront with a sign and outdoor goods. The subject displays illegible text and semantically unreadable, distorted object forms. Extreme global oversmoothing eliminates texture detail and softens every boundary."
a store front with 'Grassy Meadow' written on it,Lafite/068-1.png,68,0.429216685178717,0.438473455532788,0.412149823913847,2,3,2,1,1,A blurry image captures a graffiti-covered wall behind overgrown greenery. The text is illegible and the plant structures appear melted and fused. Heavy global blurring and waxy textures obscure all fine details.
a store front with 'Grassy Meadow' written on it,Lafite/068-2.png,68,0.392543080230989,0.43158985177693,0.395675816790743,2,1,1,1,1,"A low-resolution outdoor shot depicts a concrete wall with graffiti and flowers. Wall surfaces and floral shapes are severely smeared, making text illegible. Global oversmoothing results in a pervasive melting artifact."
a store front with 'Grassy Meadow' written on it,Lafite/068-3.png,68,0.430355729975179,0.450904719835368,0.447126060606329,2,2,2,1,1,A blurred building facade with graffiti sits behind overgrown green vegetation. The architecture and foliage exhibit severe edge doubling and smeared details. Heavy ghosting and intrusive text overlays dominate the perceptual quality.
a store front with 'Grassy Meadow' written on it,Lafite/068-4.png,68,0.463299841279247,0.517599389975956,0.4880159186133109,2,2,2,2,2,An urban scene features a graffiti-covered wall and a central signpost. The signpost and background text are heavily distorted and structurally unstable. Textures exhibit waxy smoothing and severe edge blurring.
a store front with 'Grassy Meadow' written on it,stable-diffusion/068-1.png,68,0.5881713498955969,0.562852680425305,0.446120917685966,4,4,4,3,1,A photorealistic storefront features a green sign with white text under overcast light. The subject shows gibberish text and structurally confused details within the display windows. Textures appear slightly waxy with softened edges and inconsistent window reflections.
a store front with 'Grassy Meadow' written on it,stable-diffusion/068-2.png,68,0.5959072448180059,0.593176467048092,0.537549746802223,3,3,2,3,2,"A realistic storefront features a large sign and cluttered display windows. Signage text is illegible and window displays contain fused, structurally confused objects. The image exhibits overall softness and lacks fine textural definition."
a store front with 'Grassy Meadow' written on it,stable-diffusion/068-3.png,68,0.425157306738801,0.445942699970962,0.48128192257467,1,1,1,1,2,A storefront facade features illegible signage and disorganized interior displays. The subject contains severe semantic distortion with unreadable text and warped logos. Global blur and waxy textures significantly obscure fine surface details.
a store front with 'Grassy Meadow' written on it,stable-diffusion/068-4.png,68,0.567332635587571,0.530342918509959,0.515074526615846,4,4,4,2,2,A photorealistic view of a light green storefront with a green awning. The subject features illegible and distorted text on the window and signage. Details show mild oversmoothing and softened edges.
a store front with 'Grassy Meadow' written on it,Unidiffuser/068-1.png,68,0.481566752754794,0.406449547342877,0.4336758496564589,2,2,2,2,3,"A storefront window displays distorted green glowing text against a brick building. The central text is heavily warped, fused, and lacks semantic clarity. Heavy oversmoothing flattens textures and obscures fine detail throughout."
a store front with 'Grassy Meadow' written on it,Unidiffuser/068-2.png,68,0.641280699485428,0.555088728637779,0.551923092556337,3,3,3,2,1,A photorealistic storefront with a green sign under daylight. The signage features illegible text and the window displays lack semantic coherence. Reflections show flat textures and inconsistent pseudo-details.
a store front with 'Grassy Meadow' written on it,Unidiffuser/068-3.png,68,0.50326636987402,0.534501069626885,0.481404831851249,4,4,4,3,2,A photorealistic image depicts a storefront with signage and a flower bed. The storefront features malformed text and structurally incoherent window graphics. Global textures display repetitive noise and lack sharp edge definition.
a store front with 'Grassy Meadow' written on it,Unidiffuser/068-4.png,68,0.491999249740484,0.506170887373656,0.472905697954615,4,4,4,3,2,A photorealistic shot captures a storefront with a green sign and window display. Signage contains illegible text and window contents appear as malformed organic structures. Global textures exhibit noticeable oversmoothing and softened details.
"A green sign that says ""Very Deep Learning"" and is at the edge of the Grand Canyon.",Controlnet/069-1.png,69,0.494342837032283,0.536789032659262,0.496422824087077,4,4,4,3,2,"A green road sign stands before a vast red rock canyon landscape. The sign features garbled, partially cropped text that lacks semantic coherence. Background textures show noticeable smoothing and lack fine geological detail."
"A green sign that says ""Very Deep Learning"" and is at the edge of the Grand Canyon.",Controlnet/069-2.png,69,0.528837821172391,0.486313213292167,0.462101874793881,3,3,3,2,2,"A green sign with gibberish text stands before a colorful canyon landscape. The sign features nonsensical lettering and a distorted, unrecognizable central symbol. Extreme saturation and painterly textures affect global realism."
"A green sign that says ""Very Deep Learning"" and is at the edge of the Grand Canyon.",Controlnet/069-3.png,69,0.600949832784864,0.523936062634645,0.508988074005584,2,2,4,3,2,"A green road sign sits on a rocky outcrop overlooking a colorful canyon. The sign's text is legible but semantically nonsense, and its base is poorly defined. Foreground rocks show flattened textures and lack fine detail."
"A green sign that says ""Very Deep Learning"" and is at the edge of the Grand Canyon.",Controlnet/069-4.png,69,0.59283432052917,0.526115430459097,0.526309156640435,4,3,4,2,2,A green sign stands centered before a bright canyon landscape scene. The sign possesses stable geometry but displays semantically broken illegible text. Distant terrain exhibits flat textures and unnatural purplish color shifts.
"A green sign that says ""Very Deep Learning"" and is at the edge of the Grand Canyon.",DALLE/069-1.png,69,0.646681221242397,0.617124912590801,0.514400211586555,3,3,3,3,2,A green sign with white text stands before a mountainous landscape. The sign contains legible characters arranged into unintelligible semantic strings. Distant geological features appear overly smooth and lack sharp definition.
"A green sign that says ""Very Deep Learning"" and is at the edge of the Grand Canyon.",DALLE/069-2.png,69,0.6118194707047909,0.615432905438738,0.4848380323044239,4,4,4,3,2,A green road sign with white text stands before a mountain landscape. The subject displays semantically meaningless text while retaining a stable geometric form. Background rock surfaces exhibit slight oversmoothing and reduced textural clarity.
"A green sign that says ""Very Deep Learning"" and is at the edge of the Grand Canyon.",DALLE/069-3.png,69,0.557522403681437,0.552542979510165,0.44725888917785,2,3,2,3,2,A green sign stands before a sunlit canyon landscape with a tree. The sign contains semantically confused text and distorted lettering under red marks. Distant terrain is slightly soft while textures and edges stay stable.
"A green sign that says ""Very Deep Learning"" and is at the edge of the Grand Canyon.",DALLE/069-4.png,69,0.635850565588313,0.626596289138485,0.531159313273402,3,3,3,3,2,A green sign with white text stands before a rocky canyon landscape. The sign displays structurally coherent but semantically meaningless and misspelled lettering. Distant mountain textures show subtle oversmoothing and lack fine geological detail.
"A green sign that says ""Very Deep Learning"" and is at the edge of the Grand Canyon.",Glide/069-1.png,69,0.33583665577889,0.412867736955501,0.383859672571404,1,1,2,2,2,A blurred landscape photograph depicts a vast canyon from a high overlook. The canyon structure is recognizable but lacks any distinct geological features. Oversmoothing flattens textures and blurs all edges.
"A green sign that says ""Very Deep Learning"" and is at the edge of the Grand Canyon.",Glide/069-2.png,69,0.360804110907354,0.4876231304556689,0.446032823956875,2,2,2,3,2,"A green sign with an orange symbol sits before a blurred canyon. The sign features structurally unstable, unreadable text and a generic icon. Extreme blur and smoothing degrade all visual details throughout the image."
"A green sign that says ""Very Deep Learning"" and is at the edge of the Grand Canyon.",Glide/069-3.png,69,0.461828699300711,0.474463833330243,0.4984857650569539,2,2,2,2,2,A red sign with unreadable text sits before a hazy mountain vista. The sign displays illegible characters and its form shows minor geometric distortion. Severe global blur removes all texture clarity and softens every boundary.
"A green sign that says ""Very Deep Learning"" and is at the edge of the Grand Canyon.",Glide/069-4.png,69,0.411784601779319,0.50001568329742,0.394607879777655,2,3,2,2,2,A high-angle view shows a vast blurred canyon under a clear blue sky. The terrain structure is broadly recognizable but lacks defined edges and clarity. Extreme global blur obscures all fine details and textures.
"A green sign that says ""Very Deep Learning"" and is at the edge of the Grand Canyon.",Lafite/069-1.png,69,0.400847231226982,0.4519771886319529,0.4483747663863349,2,2,2,1,2,A warped green sign stands before a rocky mountain landscape under a teal sky. The sign's structure is irregular and contains illegible pseudo-text characters. Background textures show significant melting and lack sharp edge definition.
"A green sign that says ""Very Deep Learning"" and is at the edge of the Grand Canyon.",Lafite/069-2.png,69,0.409099357673267,0.429611032716048,0.479521307491812,2,2,2,1,1,A green sign stands before a rugged rocky mountain slope. The sign contains illegible text with no discernible semantic meaning. Textures show pervasive smearing and lack of sharp edge definition.
"A green sign that says ""Very Deep Learning"" and is at the edge of the Grand Canyon.",Lafite/069-3.png,69,0.4228197576640909,0.443996604380084,0.431371478491315,2,2,2,1,1,"A green sign with illegible text stands before a rugged mountain slope. The sign text is unreadable and its support structure appears warped. The image exhibits low resolution, flat textures, and color inconsistency."
"A green sign that says ""Very Deep Learning"" and is at the edge of the Grand Canyon.",Lafite/069-4.png,69,0.373083343821064,0.388017785806915,0.478702309786647,2,3,3,2,2,"A green sign with text stands before a rugged mountain landscape. The sign contains illegible pseudo-text and is supported by malformed, fused posts. Significant blurriness and flat textures degrade global clarity."
"A green sign that says ""Very Deep Learning"" and is at the edge of the Grand Canyon.",stable-diffusion/069-1.png,69,0.420905155761751,0.497926067032216,0.400398891721083,2,2,2,2,1,"A digital display panel sits in a scene with extreme motion blur. The text on the sign is distorted into unreadable, nonsensical characters. Heavy blurring creates prominent halos and smears across all edges."
"A green sign that says ""Very Deep Learning"" and is at the edge of the Grand Canyon.",stable-diffusion/069-2.png,69,0.570001922836541,0.599258347840794,0.539893971205166,2,3,3,3,1,A green sign stands before a vast red rock canyon landscape. The sign displays legible but nonsensical text and a malformed blue symbol. Background terrain shows oversmoothing and inconsistent color shifts.
"A green sign that says ""Very Deep Learning"" and is at the edge of the Grand Canyon.",stable-diffusion/069-3.png,69,0.607490867814945,0.53027214371062,0.546362193421465,3,3,3,2,2,A green road sign stands before a vast rocky canyon landscape. The sign's support structure is indistinct and merges with the ground. Distant textures are heavily oversmoothed while foreground rocks tile repetitively.
"A green sign that says ""Very Deep Learning"" and is at the edge of the Grand Canyon.",stable-diffusion/069-4.png,69,0.63206696757812,0.635988658943873,0.5586857266735791,3,3,3,3,2,A green road sign stands before a vast canyon landscape in daylight. The subject is a stable sign featuring nonsensical and semantically void text. Background details appear slightly softened with inconsistent fine texture resolution.
"A green sign that says ""Very Deep Learning"" and is at the edge of the Grand Canyon.",Unidiffuser/069-1.png,69,0.478268141666038,0.5164363712317219,0.535581478405589,4,4,4,3,2,A partially cropped green sign stands before a vast canyon landscape. The sign displays completely illegible and nonsensical text strings. Background textures exhibit unnatural purple coloration and slight oversmoothing.
"A green sign that says ""Very Deep Learning"" and is at the edge of the Grand Canyon.",Unidiffuser/069-2.png,69,0.42560284271504,0.399614967853853,0.416753075262082,3,2,2,1,1,"A stylized digital landscape displays distorted white text over rolling green hills. The text is illegible and malformed, while the terrain shows unnatural texturing. Pervasive grainy noise and softened edges degrade the overall visual clarity."
"A green sign that says ""Very Deep Learning"" and is at the edge of the Grand Canyon.",Unidiffuser/069-3.png,69,0.499670291595253,0.501429278684039,0.484954258695746,3,3,2,3,2,"A green sign with white text stands before a vast canyon landscape. The sign's text is structurally intact but semantically meaningless and confusing. The image suffers from heavy blur, flat textures, and inconsistent colors."
"A green sign that says ""Very Deep Learning"" and is at the edge of the Grand Canyon.",Unidiffuser/069-4.png,69,0.583887393182346,0.558811807870311,0.565517278253624,2,2,3,1,2,"A green signpost stands before a vast, colorful canyon landscape. The sign's text and central emblem are distorted into illegible, nonsensical characters. Background textures show oversmoothing and inconsistent color saturation."
Four cats surrounding a dog,Controlnet/070-1.png,70,0.468707818046886,0.43370337109106,0.435272633423409,4,3,4,3,2,Four stylized cats sit against a patterned wallpaper and textured floor. Subjects display unnatural eye sizes and slightly distorted feline anatomy. Textures appear repetitive and waxy with softened edge definitions.
Four cats surrounding a dog,Controlnet/070-2.png,70,0.5259428087566149,0.44587684110182,0.3560931175624,4,4,4,3,1,Four cats line up on a stone patio in a painted style. The subjects exhibit severe facial distortions and malformed ocular features. Textures appear waxy and oversmoothed with indistinct background details.
Four cats surrounding a dog,Controlnet/070-3.png,70,0.5424808535050549,0.458175478504411,0.411585519393116,3,3,3,2,1,"Four cats sit together in a soft oil-painting style portrait. One cat has a distorted, mask-like face lacking anatomical structure. Fur textures appear smooth and waxy with softened edge definitions."
Four cats surrounding a dog,Controlnet/070-4.png,70,0.544506071113682,0.546760579683897,0.425305247325173,3,4,4,2,2,A digital painting displays a group of cats in a grassy field. Feline faces contain structural errors like extra eyes and misplaced markings. Background elements exhibit mild texture repetition and softening.
Four cats surrounding a dog,DALLE/070-1.png,70,0.563336596495066,0.562214909077811,0.516158270662584,3,3,3,2,2,A photorealistic high-angle view depicts several cats and dogs on an outdoor blanket. Animal faces and limbs display severe anatomical distortions and unnatural body fusions. Fur textures appear waxy with inconsistent lighting and soft edge definition.
Four cats surrounding a dog,DALLE/070-2.png,70,0.596570808552753,0.5855569896849989,0.580632110603172,3,3,3,2,2,"Two dogs and two cats rest on a sunlit paved outdoor area. Animal faces and limbs show significant melting, fusion, and structural warping. Textures appear waxy with softened edges and inconsistent fine details."
Four cats surrounding a dog,DALLE/070-3.png,70,0.50435002192554,0.418448481836046,0.4177052059739259,4,3,4,2,2,Several cats and dogs sit on a floor near a couch from above. The subjects show severe distortion with fused bodies and malformed faces. Fur textures appear waxy and boundaries melt into the background.
Four cats surrounding a dog,DALLE/070-4.png,70,0.549612121309537,0.525098960833787,0.538901043579167,4,4,4,2,2,Multiple dogs and cats crowd a tiled floor in a top-down shot. Central animal bodies are heavily fused with distorted and broken anatomical structures. Image textures show pervasive softness and lack fine detail definition.
Four cats surrounding a dog,Glide/070-1.png,70,0.4062013318059509,0.451417718878617,0.415870053811864,2,2,3,3,1,Two cats sit outdoors in front of a green lawn. The right cat's face is structurally malformed and lacks readable features. Severe global blur flattens texture and obscures details.
Four cats surrounding a dog,Glide/070-2.png,70,0.386024036264845,0.4279052077617409,0.403141495965181,2,2,2,2,1,Two cats sit on a grassy path under natural daylight. The dark cat's face is a malformed black void missing all features. Severe blurring and graininess soften all edges and textures.
Four cats surrounding a dog,Glide/070-3.png,70,0.359709961290412,0.406571530764497,0.374552398210029,2,3,2,2,1,Two white cats are positioned against a textured brick wall background. Both subjects exhibit significant facial distortion with unrecognizable and smeared features. Global oversmoothing flattens textures and blurs all edges in the scene.
Four cats surrounding a dog,Glide/070-4.png,70,0.3949949609861869,0.426863046601083,0.446028572077316,1,2,2,2,2,Two dogs sit on a tiled floor in a dimly lit room. The right dog displays severe anatomical distortion with a malformed head. Heavy blur and noise obscure all fine textures and edges.
Four cats surrounding a dog,Lafite/070-1.png,70,0.357634840567121,0.381947794023956,0.353381645460707,3,1,2,2,1,"A close-up photograph displays several basset hound puppies in a tight cluster. The dogs exhibit severe facial distortion, fused heads, and malformed limb structures. Heavy oversmoothing and blur result in a waxy, detail-deficient surface."
Four cats surrounding a dog,Lafite/070-2.png,70,0.412169801470286,0.455416381049781,0.4015236823876539,1,1,1,1,1,A close-up view depicts multiple dogs huddled in a soft-focus photographic style. The canine subjects display severe anatomical distortion with fused faces and malformed paws. Textures appear waxy and lack definition from pervasive oversmoothing.
Four cats surrounding a dog,Lafite/070-3.png,70,0.345971774062395,0.388962467113755,0.360314031733533,2,2,1,1,1,A close-up view of several dog heads with severely distorted facial features. Subjects show extreme structural fusion with malformed eyes and overlapping faces. Fur textures appear waxy and lack sharp local definition.
Four cats surrounding a dog,Lafite/070-4.png,70,0.3844394025156299,0.391916817612585,0.4083758479922669,1,1,2,1,1,Several dachshund-like dogs rest together in a soft-focus painterly style. The subjects exhibit severe facial distortion and anatomical fusion between individuals. Heavy oversmoothing and waxy textures obscure fine details.
Four cats surrounding a dog,stable-diffusion/070-1.png,70,0.492201758792428,0.444237961639229,0.408443942392638,3,3,3,2,2,Four cats sit together on a green lawn before dense bushes. The cats show malformed faces with misaligned eyes and unnaturally fused paws. Fur surfaces look overly smooth and background edges lack crispness.
Four cats surrounding a dog,stable-diffusion/070-2.png,70,0.452019244532767,0.4011070907270009,0.408688815145959,3,4,2,2,2,Five cats of various colors sit in a realistic portrait style. Several cats show distorted facial features and unnatural eye sizes. Fur textures appear waxy and lack fine local detail.
Four cats surrounding a dog,stable-diffusion/070-3.png,70,0.484549789422746,0.514507423070826,0.465084695490775,2,2,2,2,2,A painterly illustration shows multiple cats in a wooden interior space. Feline subjects exhibit severe anatomical malformations and distorted facial features. Textures are heavily smoothed with weak edge definition throughout.
Four cats surrounding a dog,stable-diffusion/070-4.png,70,0.5550184769343101,0.525808864078771,0.442072133505464,3,4,3,2,2,Five cats sit together on a green lawn in bright daylight. Several cat faces show distorted eyes and unnatural facial markings. Fur textures appear slightly waxy with softened fine details.
Four cats surrounding a dog,Unidiffuser/070-1.png,70,0.631210331515033,0.509194115522584,0.4912425527769549,2,2,3,1,2,Five dogs and cats sit together on a concrete surface in daylight. The animals show severe facial malformations and warped anatomy affecting semantic readability. Fur textures appear waxy with softened edge definition.
Four cats surrounding a dog,Unidiffuser/070-2.png,70,0.507191725562012,0.442951379060077,0.4630590407558789,3,3,2,2,2,Several distorted dogs and cats sit together on a green lawn. The large brown subject exhibits severe facial warping and anatomical confusion. Fur textures appear waxy and lack fine detail definition.
Four cats surrounding a dog,Unidiffuser/070-3.png,70,0.451057992939725,0.425370037717553,0.414193207231442,2,3,3,2,2,A group portrait shows multiple cats and dogs on a green surface. Several animal faces exhibit severe structural distortion and unnatural facial features. Fur textures appear waxy and lack fine natural detail definition.
Four cats surrounding a dog,Unidiffuser/070-4.png,70,0.426290056098898,0.414312179564547,0.440189918717853,2,2,2,2,2,A soft-focus painting depicts a central fluffy dog surrounded by blurred cats. The central dog has a plausible structure while background felines are fused and malformed. Global oversmoothing creates waxy textures and melted subject boundaries throughout the frame.
three children on a couch,Controlnet/071-1.png,71,0.406146918300323,0.387220341127748,0.531703783189154,3,3,3,1,3,"Three children sit on a pink couch in a digital painting style. Subjects show severe facial distortion and malformed, fused limbs and hands. Textures appear flat and waxy with softened edge definitions."
three children on a couch,Controlnet/071-2.png,71,0.470427986710801,0.415561952824136,0.549555179825808,2,2,3,2,3,A digital painting shows three children sitting together on a brown couch. The central child's face is distorted with malformed eyes and unnatural features. Global oversmoothing creates waxy textures and weakens fine edge definition.
three children on a couch,Controlnet/071-3.png,71,0.4641424112958029,0.410232848072215,0.483916669676765,4,4,3,2,3,Four toddlers sit on a gray couch in an interior room. The subjects exhibit severe facial malformation and warped limb geometry. Textures appear waxy with softened edges and flat background details.
three children on a couch,Controlnet/071-4.png,71,0.522883844378496,0.408427154191302,0.3869246883632369,4,4,3,2,2,Two children sit on a red sofa in an oil painting style. The toddler subject displays significant facial malformation and fused hand digits. Global textures appear waxy and oversmoothed with softened local details.
three children on a couch,DALLE/071-1.png,71,0.544870534927011,0.521582796224926,0.561834097233558,4,4,3,2,2,Three children sit on a red couch in a frontal portrait composition. Subjects exhibit subtle facial misalignment and distorted finger anatomy on visible hands. Image features waxy skin textures and globally softened fine details.
three children on a couch,DALLE/071-2.png,71,0.510146887529662,0.434678959718158,0.553760091441407,4,4,4,2,2,Three children sit on a brown leather couch in a frontal view. Figures display severe facial distortion and malformed fused hands and feet. Skin textures appear waxy and fine details are softened.
three children on a couch,DALLE/071-3.png,71,0.541064407170975,0.4134932487555259,0.581708510097862,3,3,3,2,3,Three children sit on a dark leather couch in a frontal portrait. Subjects display distorted facial anatomy and malformed hands with fused fingers. Skin surfaces appear waxy with softened details and inconsistent edge definition.
three children on a couch,DALLE/071-4.png,71,0.561130457847094,0.50623940778748,0.577739853974529,3,3,3,1,3,Three children sit on a brown leather couch in a medium shot. Subjects' facial features and crossed limbs exhibit subtle anatomical distortion and fusion. Global textures appear oversmoothed with waxy skin and softened edges.
three children on a couch,Glide/071-1.png,71,0.389492762036313,0.3962294794237139,0.345200500141065,2,2,2,2,2,Two dogs rest together on a soft couch in dim lighting. The black dog's head is severely malformed and fused with unnatural structures. Heavy oversmoothing flattens textures and obscures fine details.
three children on a couch,Glide/071-2.png,71,0.342759668748806,0.393121076237409,0.32380633323908,2,3,3,2,2,Several cats sit on a red patterned fabric in dim lighting. Feline faces exhibit severe distortion with malformed eyes and unnatural shapes. Heavy global blur and softness obscure all fine textural details.
three children on a couch,Glide/071-3.png,71,0.409575122057377,0.504979151070503,0.389243625933483,2,2,2,2,1,Two white dogs rest on a couch in a blurry indoor setting. The subjects are recognizable but possess softened facial features and indistinct ears. Global oversmoothing flattens textures and removes all fine edge details.
three children on a couch,Glide/071-4.png,71,0.345281113835421,0.409906034459323,0.355576356242394,1,3,2,2,1,Two black cats rest on a brown couch in warm indoor light. The left cat is stable while the right subject is malformed and fused. Heavy global blur and softness obscure all fine details and textures.
three children on a couch,Lafite/071-1.png,71,0.420430096925876,0.4217697079950969,0.42833876749835,2,2,3,1,2,A group of distorted people sits on a couch in a painterly style. The subjects exhibit severe structural malformations including fused limbs and warped faces. Global blur and waxy textures dominate the perceptual quality.
three children on a couch,Lafite/071-2.png,71,0.338514840073266,0.404260938285828,0.421729724041933,1,1,1,1,1,A digital painting shows a family sitting on a blue couch. The subjects display malformed facial geometry and fused limb structures. Global oversmoothing results in waxy surfaces and lost fine detail.
three children on a couch,Lafite/071-3.png,71,0.4073415742929619,0.369213863957329,0.491971539496931,2,2,3,2,3,"A distorted painting shows several people sitting on a blue couch. Human subjects show severe anatomical malformations including fused limbs and warped faces. Global oversmoothing creates flat, waxy surface textures."
three children on a couch,Lafite/071-4.png,71,0.339872803732069,0.368637964935379,0.38490118893758,3,3,1,1,3,"A digital painting depicts a group of people sitting on a couch. The subjects exhibit severe anatomical distortion with malformed faces and limbs. The image shows oversmoothing, waxy textures, and unclear boundaries between elements."
three children on a couch,stable-diffusion/071-1.png,71,0.505460031534853,0.44035322460765,0.5359514758138669,3,3,3,1,3,Three children sit together on a beige couch in a realistic style. The subjects exhibit severe facial distortion and malformed hand anatomy. Clothing textures appear waxy with softened fine details throughout.
three children on a couch,stable-diffusion/071-2.png,71,0.374977528063795,0.397911516195745,0.4673882604999649,2,1,3,1,3,A soft-focus painting depicts three children on a dark couch indoors. The children exhibit significant facial distortion and melted limb structures. Global oversmoothing flattens textures and obscures all fine edge details.
three children on a couch,stable-diffusion/071-3.png,71,0.509459339564465,0.46864653492939,0.526357267008573,2,3,2,1,3,Three children sit on a dark purple couch in a bright studio. The central boy displays facial asymmetry and an anomalous hand on his shoulder. Oversmoothed skin textures lack fine natural surface details.
three children on a couch,stable-diffusion/071-4.png,71,0.4228406434547579,0.399112261793066,0.391031382538031,4,4,3,2,2,An oil painting depicts two children sitting on a red sofa. The subjects exhibit significant facial distortion and malformed hand structures. Global textures show a waxy oversmoothed quality.
three children on a couch,Unidiffuser/071-1.png,71,0.528868779643917,0.49160408698243,0.467314441729399,3,3,2,3,2,A medium shot shows four children sitting closely together indoors. Facial features like eyes and teeth are visibly distorted and malformed. Textures appear flat and edges lack sharpness across the frame.
three children on a couch,Unidiffuser/071-2.png,71,0.572651863427415,0.522752576786755,0.6406512803991561,4,3,3,2,3,Three children sit closely together on a grey couch in a frontal portrait. Distorted hand anatomy and facial features significantly impact structural plausibility. Waxy textures and softened edges indicate global oversmoothing.
three children on a couch,Unidiffuser/071-3.png,71,0.314334115641816,0.328105855928868,0.39368549148975,1,2,2,2,3,A blurred image depicts three children sitting together in soft light. The central subject's features and limbs are fused by severe oversmoothing. Heavy global blur flattens textures and destroys all edge clarity.
three children on a couch,Unidiffuser/071-4.png,71,0.562714287523693,0.540083744959998,0.602828975510669,3,4,3,2,3,Three children sit together on a beige couch in a frontal view. Hand anatomy is severely distorted and facial features lack natural consistency. Skin appears waxy with flattened textures and soft boundaries.
two motorcycles facing each other,Controlnet/072-1.png,72,0.6354764879282601,0.575070629003974,0.521743145347634,3,3,3,3,2,"Two motorcyclists in leather sit on motorcycles on a paved road. Motorcycles show fused geometry and distorted parts, while rider limbs and faces are malformed. Global textures appear waxy with softened edge definition throughout the frame."
two motorcycles facing each other,Controlnet/072-2.png,72,0.585698183959797,0.498090982148422,0.430836087705115,3,3,2,2,2,Two motorcyclists ride toward a misty mountain landscape in a realistic style. The riders and bikes show malformed anatomy and structurally unstable components. Textures appear waxy with softened edges and repetitive background patterns.
two motorcycles facing each other,Controlnet/072-3.png,72,0.661451655866331,0.680639484901886,0.670042187473606,4,4,4,3,3,Two motorcycle models sit on a surface in a close-up shot. The subject structure is distorted with fused handlebars and warped engine parts. Surfaces appear waxy with pseudo-details and softened edges.
two motorcycles facing each other,Controlnet/072-4.png,72,0.5832371283787711,0.5535380976129161,0.6257026255007311,3,4,3,2,3,Two motorcycles are parked against a horizontal wooden slat wall. Both motorcycles show significant structural warping with fused components and implausible geometry. Textures lack fine detail while background patterns show slight repetition.
two motorcycles facing each other,DALLE/072-1.png,72,0.56870522960372,0.5526481434537,0.554981514210264,4,4,4,3,3,Two heavily distorted motorcycles face each other against a green wall. The subject frames exhibit severe melting and fused components with broken geometry. Surfaces appear waxy with softened edges and blurred ground reflections.
two motorcycles facing each other,DALLE/072-2.png,72,0.574091763132092,0.644504712950413,0.567092937378332,4,4,2,3,3,A low-angle shot captures the front fairings and tires of two motorcycles. The bodywork features warped geometry and structurally inconsistent panel junctions. Tire textures show repetitive pseudo-detailing and softened waxy edges.
two motorcycles facing each other,DALLE/072-3.png,72,0.5852746751819901,0.628574564973366,0.561924762363057,4,4,3,3,3,"Two parked motorcycles sit side-by-side against a plain white wall. The subjects show significant structural distortion, especially within the front assemblies and wheels. Textures appear waxy while edges lack sharp definition in complex regions."
two motorcycles facing each other,DALLE/072-4.png,72,0.563594195645939,0.564136919549835,0.629892046129344,4,4,4,2,3,A close-up shot depicts two parked motorcycles on a concrete floor. The motorcycles exhibit structural distortions including a malformed fork and glowing rim. Textures appear waxy with softened details and inconsistent lighting on surfaces.
two motorcycles facing each other,Glide/072-1.png,72,0.3835166814051309,0.441891615825813,0.44936947331139,2,2,2,1,2,Two heavily distorted motorcycles sit before a building entrance. The vehicle bodies exhibit severe structural warping and part fusion. Extreme global blur and oversmoothing eliminate surface texture clarity.
two motorcycles facing each other,Glide/072-2.png,72,0.379870376219598,0.411433274614034,0.411740826450441,1,3,3,3,1,A heavily distorted green motorcycle stands on a paved urban road. The motorcycle features severely warped geometry and fused mechanical components. Extreme blur and softness degrade overall detail and clarity.
two motorcycles facing each other,Glide/072-3.png,72,0.434784398926123,0.43384843181882,0.444762513617137,1,2,2,2,2,A black motorcycle is parked against a brick wall in daylight. The subject shows fused engine components and indistinct handlebar geometry. Global oversmoothing flattens textures and blurs all edges.
two motorcycles facing each other,Glide/072-4.png,72,0.385571540085725,0.5125164947956911,0.489048983013648,3,3,3,3,2,"Two distorted motorcycles sit before a brick wall and green metal gate. Subject vehicles show severe warping, fused components, and malformed fairings. Heavy blur and oversmoothing flatten textures and soften edges."
two motorcycles facing each other,Lafite/072-1.png,72,0.368732230270356,0.287476547334855,0.396110666774427,1,1,2,1,3,A distorted red motorcycle sits on a paved surface in bright daylight. The subject's structure is severely warped and fused into an unrecognizable shape. Heavy blurring and melting textures destroy edge definition everywhere.
two motorcycles facing each other,Lafite/072-2.png,72,0.363079591311674,0.391217749449957,0.39520229562361,3,1,1,1,3,Two futuristic motorcycles occupy a paved outdoor scene under bright lighting. Subject geometry is heavily malformed with fused components and illogical spatial layout. Textures appear waxy with softened details and unclear boundary transitions.
two motorcycles facing each other,Lafite/072-3.png,72,0.434014386616985,0.448471448543341,0.441221793894633,3,2,2,2,2,A heavily distorted red motorcycle occupies a paved outdoor scene. The subject exhibits severe structural failure with fused components and implausible geometry. Waxy textures and background melting indicate significant global perceptual degradation.
two motorcycles facing each other,Lafite/072-4.png,72,0.376365357461503,0.398652071136832,0.412279471810036,1,2,2,1,2,A heavily distorted red motorcycle is centered in a bright outdoor scene. The vehicle structure is malformed with fused bodywork and overlapping mechanical components. Perceptual quality suffers from waxy textures and softened edge definitions.
two motorcycles facing each other,stable-diffusion/072-1.png,72,0.642731377768071,0.600865174477182,0.567264649500771,4,4,4,2,3,Two motorcyclists on orange bikes sit before a blurred road background. Motorcycle frames are malformed with fused limbs and distorted helmet regions. Surfaces show waxy textures and the background lacks sharp detail.
two motorcycles facing each other,stable-diffusion/072-2.png,72,0.5807834022563609,0.559668204976198,0.4496103191382319,3,3,3,2,3,"Two parked motorcycles with selective color accents face a gray concrete wall. Motorcycle structures show engine clutter, illegible text, and distorted fairings. Background surfaces exhibit flat textures and inconsistent detail."
two motorcycles facing each other,stable-diffusion/072-3.png,72,0.3867907590075469,0.418973084907263,0.396454660211759,3,2,3,1,1,Two motorcycles park before a slatted wall in a realistic style. The red bike's front wheel and engine show severe warping and fusion. Heavy blur and waxy textures obscure fine details.
two motorcycles facing each other,stable-diffusion/072-4.png,72,0.616289372034911,0.596822134793652,0.605581962049147,3,3,3,2,3,Two red motorcycles face a grey slatted wall in high-contrast style. The left motorcycle's rear frame is distorted and lacks coherent structure. Heavy processing flattens textures and causes slight edge aliasing globally.
two motorcycles facing each other,Unidiffuser/072-1.png,72,0.387840917586002,0.498577001207672,0.459785472214633,2,2,2,3,2,"Two blurred motorcyclists ride on a road under a hazy sky. Subject forms are severely smeared, making anatomy and geometry unreadable. Intense motion blur destroys all local texture and sharpness."
two motorcycles facing each other,Unidiffuser/072-2.png,72,0.539481546695044,0.502327130319919,0.542824058327141,3,3,2,1,3,Two motorcyclists on sport bikes are parked on an asphalt road. The yellow motorcycle exhibits severe geometric warping and fused front-end components. Surfaces show waxy textures and softened local details.
two motorcycles facing each other,Unidiffuser/072-3.png,72,0.608609837956353,0.601994008953127,0.517038812765533,3,3,3,2,2,"Two sport motorcycles sit on asphalt before a green field under overcast light. Both subjects exhibit warped fairings, malformed headlights, and structurally implausible mechanical geometry. Waxy textures and softened details weaken edge definition."
two motorcycles facing each other,Unidiffuser/072-4.png,72,0.553906934954447,0.463311870931023,0.5099150087735029,3,4,3,3,2,Two motorcyclists ride red bikes on a paved road in daylight. The left rider is severely malformed with fused and unrecognizable anatomy. Textures appear waxy with inconsistent detail and softened edges throughout.
two red balls on a table,Controlnet/073-1.png,73,0.631842801205584,0.616293561642821,0.6473002848720991,3,3,4,3,2,"Two glossy red spheres rest on a textured wooden surface. The spheres are structurally coherent despite faint, illegible surface markings. Background wood grain shows subtle repetition and lacks fine detail."
two red balls on a table,Controlnet/073-2.png,73,0.510607225532119,0.530657661002237,0.3990770682016979,3,3,3,3,2,Four red spheres rest on a wooden surface from a top-down perspective. The subjects possess stable spherical geometry and clear semantic readability. Background textures display repetitive patterns and lack natural surface variation.
two red balls on a table,Controlnet/073-3.png,73,0.504343722971389,0.522308817608389,0.433456998938505,4,4,4,3,2,Three red spheres are arranged on a wooden table near a window. The spheres exhibit stable geometry and clear semantic readability with correct shading. Textures and edges show no dominant local artifact.
two red balls on a table,Controlnet/073-4.png,73,0.571665072521215,0.554326512822866,0.506951127590462,4,4,4,3,2,Two stylized spheres rest on a wooden surface against a plain background. The spherical subjects are structurally coherent and clearly separated from the background. Wooden texture shows subtle repetition and lacks micro-detail complexity.
two red balls on a table,DALLE/073-1.png,73,0.577207533309018,0.569407508101781,0.537678244529731,4,4,4,3,3,"Two red glittery Christmas ornaments rest on a dark wood surface. The spherical baubles are clear, yet the gold caps appear slightly fused. Fine details show significant oversmoothing and a waxy surface texture."
two red balls on a table,DALLE/073-2.png,73,0.48607099506212,0.503570960432835,0.485657025586093,2,3,4,2,3,A close-up image shows two red glittery Christmas ornaments against a blurred background. The foreground ornament maintains a stable spherical shape and high semantic readability. Surface textures exhibit subtle pseudo-detailing and minor edge softening.
two red balls on a table,DALLE/073-3.png,73,0.6154316802079061,0.554897754675672,0.588237924006807,2,3,2,2,3,Two red Christmas ornaments rest on a wooden surface in a close-up view. The baubles display minor shape distortions and malformed metallic cap regions. Textures appear waxy with softened details and repetitive background grain.
two red balls on a table,DALLE/073-4.png,73,0.541373761088838,0.4440375033604279,0.509979178107644,3,3,2,2,3,"Two red glittery baubles rest on a wooden table before a cabinet. The shapes are stable, but the base fittings appear slightly malformed. Textures contain high-frequency noise and the background lacks realistic detail."
two red balls on a table,Glide/073-1.png,73,0.516729968835135,0.5853721737633361,0.582678979536992,4,4,2,3,3,Two red spheres sit on a plain surface under diffuse lighting. The spherical forms maintain stable geometry and clear semantic identity. The image exhibits significant blur with flattened textures and soft boundaries.
two red balls on a table,Glide/073-2.png,73,0.5331238688751749,0.56455888079491,0.486556614790421,3,3,3,3,1,A close-up view captures several red spherical objects on a dark surface. The primary subjects maintain a coherent spherical shape with no visible structural distortion. Significant oversmoothing blurs all surface textures and edges.
two red balls on a table,Glide/073-3.png,73,0.475290454137254,0.525419390572927,0.553443281526211,2,4,3,3,3,Two red glossy spheres rest on a wooden surface in close-up. The spherical subjects maintain plausible geometry with readable surface features. Heavy blur and oversmoothing significantly degrade overall image clarity.
two red balls on a table,Glide/073-4.png,73,0.50322852162786,0.539906312915962,0.555388067897571,3,3,2,2,3,Two red spheres occupy a close-up frame against a monochromatic background. The simple geometric forms appear structurally stable and semantically clear. Extreme blur softens all edges and surface details.
two red balls on a table,Lafite/073-1.png,73,0.493553332672936,0.534746412844327,0.4691214980600919,2,2,2,2,2,Two red glossy fruits sit on a blurred surface in a soft-focus view. Subjects are recognizable but have simplified geometry and lack organic detail. Heavy global blur creates waxy surfaces and melts fine texture.
two red balls on a table,Lafite/073-2.png,73,0.4078996642380639,0.43928588293443,0.460766932736664,2,3,2,2,1,Two red ovoid objects rest on a surface against a plain background. The subjects are geometrically stable but semantically vague due to missing surface features. Severe blur flattens textures and melts all boundaries.
two red balls on a table,Lafite/073-3.png,73,0.354890856158714,0.362594990792403,0.415963060677942,2,2,2,2,2,A painterly image shows two red ovoid objects on a muted surface. The main subject shows softened geometry and lacks clear separation from the ground. Significant oversmoothing results in waxy textures and indistinct background details.
two red balls on a table,Lafite/073-4.png,73,0.45458892444651,0.462108850281136,0.50576770481417,1,2,2,2,1,Two red ovoid objects sit on a blurry surface in a painterly medium. The main red object features distorted surface topology and unstable geometric form. Widespread blurring leads to waxy surfaces and loss of edge definition.
two red balls on a table,stable-diffusion/073-1.png,73,0.642279272118639,0.604575913035712,0.652070383997434,3,4,4,3,3,Two red spheres lie on a wooden surface in a close-up view. The main subject maintains coherent spherical geometry and clear spatial separation. Surfaces show subtle waxiness and mild oversmoothing.
two red balls on a table,stable-diffusion/073-2.png,73,0.435193269383804,0.4424241654258249,0.414238278967422,1,2,2,3,3,A soft-focus abstract view shows a cluttered desk with papers and red orbs. Subject geometry is heavily distorted with fused edges and an inconsistent layout. Oversmoothing and waxy textures eliminate most local details.
two red balls on a table,stable-diffusion/073-3.png,73,0.598874748925141,0.582912418794556,0.42528114869356,4,4,4,3,2,Three red spheres sit on a wooden table near a bright window. The spherical subjects are structurally coherent and well-separated from the background. Distant background features show soft focus and smoothed texture details.
two red balls on a table,stable-diffusion/073-4.png,73,0.658746024134472,0.692785232597723,0.723930662175813,4,4,2,3,3,Two glossy red spheres rest on a textured brown surface. The perfectly spherical geometry and consistent highlights show structural stability. Textures and edges show no dominant local artifact.
two red balls on a table,Unidiffuser/073-1.png,73,0.4897199288606579,0.457675006383255,0.437735277634445,3,3,2,3,2,Three red spheres sit diagonally on a brown surface under soft lighting. The spherical subjects maintain geometric coherence without visible distortion or semantic confusion. Significant blur and softened edges reduce overall image clarity.
two red balls on a table,Unidiffuser/073-2.png,73,0.539434012110122,0.564675245168179,0.62122814727865,3,2,2,3,3,Two red spheres sit on a grey surface near a wooden wall. Both subjects display stable geometry and clear separation from the surface. Heavy grain and soft edges degrade the overall visual fidelity.
two red balls on a table,Unidiffuser/073-3.png,73,0.370185117009613,0.423468814240336,0.519394080583388,1,1,1,1,3,Two blurry red spheres sit on a plain out-of-focus background. The spherical subjects appear structurally intact but lack semantic clarity. Severe blur eliminates all texture and edge clarity.
two red balls on a table,Unidiffuser/073-4.png,73,0.556529688224316,0.493772426874418,0.42121488488204,3,3,2,3,2,Three red spheres rest on a dark textured surface under warm light. The spherical forms are structurally stable and clearly separated from the ground. Surfaces show waxy textures with inconsistent grain and softened details.
ten red apples,Controlnet/074-1.png,74,0.5189681389043119,0.39367594887394,0.411797989449014,3,3,3,3,2,"A digital painting depicts several colorful apples on a neutral surface. The fruit exhibits distorted shapes and poorly integrated, artificial-looking stems. Textures appear overly smooth with soft, undefined object boundaries."
ten red apples,Controlnet/074-2.png,74,0.641369086274984,0.637406507882557,0.526621601782346,3,4,4,3,2,"A tight close-up captures a pile of glossy red apples. Individual fruit shapes are recognizable, but surface topology shows local inconsistencies. Global textures lack fine grain, resulting in a plastic-like appearance."
ten red apples,Controlnet/074-3.png,74,0.548273724125986,0.477865627139816,0.459650865037413,3,3,2,3,1,A painterly still life displays whole and sliced apples on a glossy surface. The sliced apple exhibits a malformed core with confusingly fused internal geometry. Textures appear waxy with softened background details.
ten red apples,Controlnet/074-4.png,74,0.485260940518763,0.51131102882152,0.407433817549103,4,4,4,3,2,"A digital painting shows three apples with leaves on a dark surface. The fruit anatomy is plausible, but the foliage exhibits fusion and warping. Global textures appear waxy with an illegible pseudo-signature present."
ten red apples,DALLE/074-1.png,74,0.64639501844599,0.631045387732915,0.526591001311539,3,4,2,3,2,A close-up shot captures several red apples resting on a white surface. The fruit subjects display structurally coherent geometry and unambiguous semantic identity. Glossy surfaces show slight waxy smoothing and softened boundary transitions.
ten red apples,DALLE/074-2.png,74,0.654142652636604,0.608549735128729,0.556650651385218,4,4,4,3,2,A close-up shows a pile of red and yellow apples on a plain surface. The fruit shapes are coherent despite some distorted stem and calyx regions. Textures are sharp and natural with consistent lighting.
ten red apples,DALLE/074-3.png,74,0.601754968808393,0.539303120644728,0.5056065530067579,3,4,3,2,2,Multiple red apples sit in a row against a plain white background. The fruit forms are structurally stable and clearly recognizable as whole apples. Surface textures show slight oversmoothing and a waxy plastic-like appearance.
ten red apples,DALLE/074-4.png,74,0.6717567956850821,0.67931168944446,0.552492312544101,4,4,4,3,2,A close-up photograph captures several red apples on a white background. The apples are structurally sound but feature malformed and blurry stem regions. Global textures show oversmoothing and waxy surfaces with soft boundary definitions.
ten red apples,Glide/074-1.png,74,0.4224894293312269,0.493440805289822,0.522170665271418,2,3,2,2,2,A close-up photograph of a pile of red apples under bright lighting. The central apple displays malformed geometry with dual stem-like spots and a red flap. Significant blur and smoothing eliminate natural fruit skin textures.
ten red apples,Glide/074-2.png,74,0.502993803594989,0.517529372932232,0.343052611809615,4,3,3,3,1,"A close-up shows a red apple with green patches on a white background. The fruit's form is stable, but its skin shows unnatural color shifts. Blur softens details, leaving the surface waxy and flat."
ten red apples,Glide/074-3.png,74,0.499395375914232,0.561156447696387,0.4453169507255159,3,3,2,3,2,A close-up photograph depicts a cluster of red apples under warm lighting. The subjects are recognizable but display softened boundaries and malformed stem areas. Surface textures appear waxy while distant regions show significant blur.
ten red apples,Glide/074-4.png,74,0.464875205270485,0.4728462131346729,0.522538272539579,3,3,3,3,2,A close-up shows a cluster of glossy red apples with warm lighting. The central apple is well-formed but features a semantically ambiguous dark blemish. Textures appear waxy with blurred fruit boundaries.
ten red apples,Lafite/074-1.png,74,0.397438776092388,0.365910851861786,0.419885478427301,2,2,2,2,2,A close-up view shows a cluster of blurred red fruits and leaves. The subjects are structurally malformed with fused boundaries and indistinct organic shapes. Global oversmoothing creates flat textures and lacks fine edge definition.
ten red apples,Lafite/074-2.png,74,0.362317154198054,0.363496154078692,0.331305026048211,1,2,1,1,2,A close-up view shows a cluster of red fruits in a painterly style. The fruit subjects are severely distorted with melted shapes and fused boundaries. Heavy oversmoothing creates waxy textures and undefined edges everywhere.
ten red apples,Lafite/074-3.png,74,0.463271473590683,0.46396609703966,0.4377937548973329,2,3,1,1,2,A close-up shot displays a dense cluster of red fruits and leaves. The fruit bodies are structurally malformed and fused with indistinct foliage. Severe oversmoothing produces waxy textures and melted inter-object boundaries.
ten red apples,Lafite/074-4.png,74,0.437244922936565,0.4028270112586199,0.458558196520185,4,4,2,1,2,A close-up of clustered red fruits and green leaves in a soft style. Fruits are structurally vague with fused shapes and poorly defined organic edges. Oversmoothing flattens textures and blurs all fine details.
ten red apples,stable-diffusion/074-1.png,74,0.6549447117291579,0.562699388564913,0.48259634461827,4,4,4,3,3,"Six red apples are arranged on a green surface in an oil painting style. One apple is structurally distorted with a flattened shape while others remain coherent. Surfaces exhibit a smooth, waxy texture with subtle pseudo-details."
ten red apples,stable-diffusion/074-2.png,74,0.704870784659485,0.671917372807348,0.571798452421961,4,4,4,3,2,A close-up view shows a dense pile of red and green apples. The fruit maintains coherent shapes and realistic color gradients without visible fusion. Surface textures appear slightly waxy and lack fine micro-detail.
ten red apples,stable-diffusion/074-3.png,74,0.580472182598513,0.5679322507092199,0.545499004258098,3,3,3,3,1,A digital painting displays several red apples on a green background. The central apple has a malformed stem and a confusing yellow patch. Textures appear smoothed and shadows lack realistic depth definition.
ten red apples,stable-diffusion/074-4.png,74,0.467384475177588,0.5198097506867569,0.491967311483756,3,3,2,2,2,A painting depicts several red apples hanging from branches in a soft forest setting. The fruit is structurally stable but shows vague stem attachments to the limbs. Global textures appear uniformly smooth with weak edge definition throughout.
ten red apples,Unidiffuser/074-1.png,74,0.511861434109386,0.534428133176785,0.464426597397197,3,3,2,2,2,A dense cluster of red apples rests on the ground near foliage. Subjects show extreme geometric uniformity and lack realistic physical contact points. Textures are waxy and oversmoothed with softened boundaries and melted background.
ten red apples,Unidiffuser/074-2.png,74,0.413638912340864,0.418053716871216,0.485891541094022,1,1,1,1,1,A close-up view of blurred red apples clustered with green foliage. The fruit subjects are recognizable but lack distinct boundaries and internal structure. Heavy global blur and oversmoothing flatten all texture and edge details.
ten red apples,Unidiffuser/074-3.png,74,0.541681834631924,0.536933168085837,0.510541000455522,4,4,3,2,3,A close-up photograph shows red and yellow apples on green grass. The fruit subjects exhibit severe structural distortion with hollowed-out centers. Bright lighting reveals slightly waxy textures and repetitive grass patterns.
ten red apples,Unidiffuser/074-4.png,74,0.558571335901983,0.596200869087133,0.552998278731994,3,3,3,2,3,A top-down view captures several red apples on a green textured background. The subjects are structurally stable but show malformed stems and simplified calyx details. Textures appear somewhat waxy with noticeable background pattern repetition.
three small yellow boxes,Controlnet/076-1.png,76,0.590886807548502,0.511678774314138,0.436804807169499,2,3,2,2,2,Two golden rectangular containers rest on a white surface before a grey wall. The left container shows an implausible stacked geometry with misaligned rims. Surfaces display repetitive pseudo-detail textures and lack fine detail.
three small yellow boxes,Controlnet/076-2.png,76,0.574170875548677,0.577095168122325,0.4294408182070839,3,4,3,3,3,"Three small square objects are arranged on a light wood surface. The geometric forms show slight distortion and poorly defined boundaries. Image features global oversmoothing and flat, unnatural textures."
three small yellow boxes,Controlnet/076-3.png,76,0.54504232063785,0.533625125704401,0.408699044299244,4,4,4,3,2,Two golden metallic cubes rest on a textured grey surface under soft lighting. The larger cube features distorted ribbed textures on its side face. Background surfaces exhibit repetitive pseudo-detail and softened object boundary transitions.
three small yellow boxes,Controlnet/076-4.png,76,0.529115847676268,0.511113097717681,0.432867869992637,3,4,2,2,2,Four yellow rectangular containers rest on a textured floor before a plain wall. The containers are recognizable but feature distorted proportions and misaligned lid perspectives. Waxy surfaces and repetitive background textures reduce overall perceptual realism.
three small yellow boxes,DALLE/076-1.png,76,0.595595934878989,0.60425490155948,0.6932969163489721,3,3,2,3,3,Three yellow boxes are stacked in a pyramid on a white background. The subjects show minor geometric fusion at contact points and softened corners. Box surfaces exhibit a waxy texture with softened edge definitions.
three small yellow boxes,DALLE/076-2.png,76,0.498456367003149,0.594429326252226,0.642186862656199,4,4,2,3,3,"A vertical stack of four bright yellow boxes sits on a white surface. The geometric structure of the boxes is coherent with consistent proportions. Fine details are softened, giving surfaces a smooth, waxy appearance."
three small yellow boxes,DALLE/076-3.png,76,0.6703519504233979,0.626307559143883,0.681596833277323,4,4,3,3,3,Three yellow cubes are stacked centrally against a minimalist white background. The primary subject exhibits stable geometry and clear semantic readability as building blocks. Surface textures are uniformly flat and edges show noticeable softening throughout.
three small yellow boxes,DALLE/076-4.png,76,0.586230754058507,0.594094642667146,0.627739638688139,4,4,4,3,3,A close-up view features three stacked yellow boxes against a neutral background. The subjects maintain stable geometry and clear semantic readability without distortion. Surfaces exhibit overly smooth textures and softened edge definitions throughout.
three small yellow boxes,Glide/076-1.png,76,0.475703767951557,0.455783415346715,0.459923284125253,2,3,2,3,1,Three yellow boxes are stacked against a gray stone wall. The box shapes remain structurally stable but lack any crisp detail. Severe global blur flattens all textures and obscures boundaries.
three small yellow boxes,Glide/076-2.png,76,0.440283025878753,0.4444011442269899,0.366141046660333,3,3,1,3,1,A solid yellow digital color field fills the frame without any visible subjects. No identifiable subject exists to assess for structural or semantic distortions. Vertical banding and slight edge aliasing affect the flat surface.
three small yellow boxes,Glide/076-3.png,76,0.429970625723723,0.435079574339263,0.407089970840777,2,2,2,2,3,A close-up view captures multiple yellow house-shaped objects in a row. The structures show softened contours and lack distinct geometric definition. Severe blur and flat waxy textures obscure all fine details.
three small yellow boxes,Glide/076-4.png,76,0.423698402942832,0.37112173588844,0.432033576060823,2,3,2,2,2,"A row of bright yellow filing cabinets stands against a plain wall. The subjects are structurally coherent, but surface details are visually indecipherable. Extreme global blur flattens textures and severely softens all object contours."
three small yellow boxes,Lafite/076-1.png,76,0.41172705414479,0.385476619152926,0.421501800486353,2,3,2,2,2,"Frontal view of abstract yellow blocks on a plain white background. The subject shows severe shape warping, irregular tearing, and zero semantic clarity. Textures are waxy with very soft, undefined edges."
three small yellow boxes,Lafite/076-2.png,76,0.409531290991374,0.40734501395204,0.372367943467784,1,2,1,1,1,Two yellow rectangular paper-like objects rest on a plain light background. The left subject exhibits a torn upper edge while the right maintains geometry. Global blur and softness reduce texture clarity.
three small yellow boxes,Lafite/076-3.png,76,0.437296220658879,0.474582007717733,0.424825184394946,1,1,1,1,1,Abstract yellow geometric panels are arranged on a plain white background. The central panel is malformed and displays incoherent geometric structure. Surfaces feature waxy textures and softened edge definitions.
three small yellow boxes,Lafite/076-4.png,76,0.3940079431416909,0.382059127386032,0.450765876201631,2,2,2,3,2,Four yellow abstract rectangular forms are arranged on a stark white background. The forms exhibit warped geometry and fragmented internal structures lacking clear semantics. Extreme oversmoothing flattens textures and blurs all visible edges.
three small yellow boxes,stable-diffusion/076-1.png,76,0.624448266698397,0.629454921216405,0.601041565734879,4,4,3,3,3,Three yellow plastic containers sit on a dark textured surface. The central container shows stable geometry and clear semantic readability. Surfaces exhibit a slightly waxy texture with flattened detail.
three small yellow boxes,stable-diffusion/076-2.png,76,0.493942534962477,0.463600257721125,0.493062905007853,2,2,2,2,2,A yellow rectangular panel on a grey wall overlooks blurred yellow shapes. The central object is stable while the lower forms are severely warped and illegible. Blurring and waxy textures obscure details and soften boundaries.
three small yellow boxes,stable-diffusion/076-3.png,76,0.572611241468006,0.552765607479741,0.5787900191405609,4,4,3,3,3,A cropped pink flower and three yellow rounded squares on a grey surface. The geometric shapes and flower petals appear structurally stable and clearly defined. Surfaces exhibit slight oversmoothing and a repetitive background texture pattern.
three small yellow boxes,stable-diffusion/076-4.png,76,0.549996294598905,0.5125065974259261,0.464045632595045,3,3,3,3,2,Four yellow containers sit on a rough dark surface under focused light. The containers maintain coherent geometry despite minor seam simplifications. Surfaces appear flat and waxy with repetitive background textures.
three small yellow boxes,Unidiffuser/076-1.png,76,0.4668081366377379,0.476578222671002,0.512450348947119,4,4,3,3,2,"Two yellow cubic objects sit on a grey surface in close-up. The left object features a malformed hole lacking clear geometric definition. Surfaces show an overly smooth, waxy texture with softened edges."
three small yellow boxes,Unidiffuser/076-2.png,76,0.452395930846057,0.484327627569399,0.476382216938954,2,1,2,1,2,Yellow cubic objects sit on a textured surface under soft lighting. The foreground block is structurally malformed with blurred and undefined edges. Heavy oversmoothing results in waxy textures and lost edge definition.
three small yellow boxes,Unidiffuser/076-3.png,76,0.551471712193174,0.5369462679246569,0.579852939312733,4,4,3,3,3,Three yellow labeled boxes rest on a grey textured background. Box geometry is coherent but label text is semantically illegible. Background exhibits repetitive tiling and surfaces lack fine material detail.
three small yellow boxes,Unidiffuser/076-4.png,76,0.623317519933113,0.584965385289052,0.518625837515468,3,3,2,3,1,A close-up shot captures a pile of brightly colored wrapped gift boxes. The subject contains malformed ribbon bows and physically inconsistent stacking alignment. Image quality suffers from waxy surfaces and extreme texture oversmoothing.
two pianos next to each other,Controlnet/077-1.png,77,0.576454948020348,0.5685910013931,0.597722670648764,3,3,3,2,3,Two black digital pianos sit in a wooded outdoor setting. The instruments show distorted geometries and structurally unstable leg placements. Textures appear globally oversmoothed with weakened edge clarity.
two pianos next to each other,Controlnet/077-2.png,77,0.607669325684407,0.585824526108063,0.631835727236854,4,4,4,3,3,Two grand pianos occupy the foreground of a formal room setting. Piano keys appear malformed and all visible text is semantically meaningless. Textures display a uniform waxy smoothness with reduced high-frequency detail.
two pianos next to each other,Controlnet/077-3.png,77,0.570007644956108,0.51034014631429,0.5539060473655301,4,4,4,3,3,Two grand pianos stand behind a large foreground piano keyboard indoors. Pianos are recognizable but feature distorted branding and inconsistent key geometry. Wood surfaces appear waxy and fine details lack crisp edge definition.
two pianos next to each other,Controlnet/077-4.png,77,0.551393138994865,0.513477381735115,0.532742750939257,3,3,3,3,3,Two upright pianos sit before a brick wall in a flat-lit scene. Subject structure is severely compromised by malformed keyboards and implausible leg geometry. Textures appear flat and edges lack sharp definition.
two pianos next to each other,DALLE/077-1.png,77,0.6866243502088121,0.657408376837586,0.697521248968311,4,4,4,2,3,A close-up shot features a black grand piano in a bright room. The keyboard area is structurally distorted with melted and fused key shapes. Surfaces exhibit waxy textures and softened edge definitions.
two pianos next to each other,DALLE/077-2.png,77,0.577001254989084,0.597530182264852,0.639917875320157,4,4,4,3,3,A close-up view captures two piano keyboards and their internal mechanisms. Instrument parts remain recognizable despite an ambiguous central structural junction. Heavy blurring and flat textures soften all visible edges and details.
two pianos next to each other,DALLE/077-3.png,77,0.514984212999058,0.503174339253599,0.47302848008603,3,3,3,2,3,A high-angle close-up view of piano keys under warm lighting. The keyboard structure is warped with inconsistently shaped and fused keys. Heavy oversmoothing eliminates fine texture and softens all boundaries.
two pianos next to each other,DALLE/077-4.png,77,0.606892022968381,0.614389800229314,0.622707036532702,3,3,2,3,3,A photorealistic image displays two grand pianos against a plain wall. The subject is coherent but features noticeable key fusion and flattened geometry. Global textures appear waxy with softened edges and weak shadow depth.
two pianos next to each other,Glide/077-1.png,77,0.373252831173213,0.43003305778212,0.422843490943584,1,2,2,2,2,A close-up view shows a wooden piano keyboard in a warm interior. The keyboard exhibits distorted key geometry and irregular spacing across the frame. Heavy global blur and smoothing obscure all fine textural details.
two pianos next to each other,Glide/077-2.png,77,0.434343291997421,0.479307601727849,0.45064822852589,2,2,2,2,2,A blurry electronic keyboard sits on a stand in a domestic room. The device features illegible text and lacks coherent structural geometry. Heavy blur and noise significantly degrade edge definition and texture clarity.
two pianos next to each other,Glide/077-3.png,77,0.440382729283742,0.383280484202971,0.376496576265782,3,3,3,2,1,An oblique close-up depicts piano keys in monochrome tones. The keyboard layout is clear but individual keys lack crisp separation. Pervasive blur and oversmoothing eliminate most textural details.
two pianos next to each other,Glide/077-4.png,77,0.416942452404674,0.471139129578413,0.42665929109346,3,3,3,2,2,A close-up view of piano keys set within a blurry interior scene. The subject structure is malformed with fused keys and broken perspective lines. Severe blurring and oversmoothing flatten textures and soften all visible edges.
two pianos next to each other,Lafite/077-1.png,77,0.4285895007865899,0.469936355980521,0.449168962491035,2,2,2,1,2,"A blurry, painterly image shows a grand piano in a dim room. The subject's structure is stable but lacks distinct surface features. Severe global blur creates flat textures and obscures fine details."
two pianos next to each other,Lafite/077-2.png,77,0.5014394404077079,0.501337242201647,0.5044082973448419,2,3,4,2,1,A dimly lit interior features a grand piano and two seated figures. The piano keys are illegible and the figures exhibit severe fusion distortion. Significant global blur and texture smearing affect the entire composition.
two pianos next to each other,Lafite/077-3.png,77,0.432574164368191,0.455416643888118,0.431121029034078,1,1,1,1,1,"Dark workshop scene features several indistinct objects on a long table. Main subjects show severe structural warping and fusion, rendering them semantically illegible. Waxy textures and heavy oversmoothing degrade global detail clarity."
two pianos next to each other,Lafite/077-4.png,77,0.440365011490696,0.423120730012565,0.473087091490526,3,2,2,1,2,A blurry painting depicts a grand piano in a dimly lit room. The piano structure is severely distorted with malformed keys and warped legs. Oversmoothing and flat textures hide all fine details.
two pianos next to each other,stable-diffusion/077-1.png,77,0.423876708264538,0.459601029610333,0.420819066864828,2,3,3,2,2,A black grand piano sits in a soft-focus outdoor courtyard. The subject is structurally recognizable but shows significant local detail decay. Global oversmoothing produces flat textures and indistinct boundaries throughout.
two pianos next to each other,stable-diffusion/077-2.png,77,0.635265181130341,0.625726123721392,0.644204117652891,4,4,4,3,3,Two upright pianos sit side-by-side in a room with curtained windows. Piano keys and sheet music contain repetitive patterns and illegible pseudo-text. Wood textures appear waxy and background elements show significant oversmoothing.
two pianos next to each other,stable-diffusion/077-3.png,77,0.543018544466279,0.55846767200077,0.614845438144912,3,3,2,2,2,"Two white upright pianos and a large foreground keyboard face a plain grey wall. Pianos show malformed keyboards and illegible text, while foreground keys exhibit repetitive warping. Textures appear oversmoothed with flat lighting and soft edges."
two pianos next to each other,stable-diffusion/077-4.png,77,0.544970340005046,0.544321216780826,0.557287909873141,4,4,4,3,3,Two upright pianos sit before a red brick wall in natural light. The piano structures are recognizable but show warped keys and softened geometry. Global textures appear flat with significant oversmoothing and weak edge definition.
two pianos next to each other,Unidiffuser/077-1.png,77,0.530176416036068,0.466398178688783,0.58179784550788,3,3,2,2,3,Two grand pianos sit in a carpeted room with a chair. The left piano features warped keys and implausible body geometry. Wood textures look waxy and edges lack sharp definition.
two pianos next to each other,Unidiffuser/077-2.png,77,0.392589442311798,0.46210148369905,0.473043350068095,1,1,1,1,3,A blurry interior shows a wooden chair beside an upright piano. The furniture forms are severely warped with melted limbs and fused boundaries. Intense global blurring removes all texture clarity and edge sharpness.
two pianos next to each other,Unidiffuser/077-3.png,77,0.520067213260597,0.44647856759235,0.413882408562526,3,3,2,2,1,A close-up view shows a dark wooden upright piano against a wall. The keyboard area exhibits severe distortion with malformed and illegible key shapes. Surfaces show waxy textures and inconsistent lighting.
two pianos next to each other,Unidiffuser/077-4.png,77,0.575302278583892,0.6266605065258201,0.657239315264308,4,4,4,3,3,Two upright pianos are placed in a simple room with flat lighting. The instruments display distorted pedals and unreadable text compromising structural plausibility. Surfaces appear waxy while background details lack definition.
a tennis court with three yellow cones on it,Controlnet/078-1.png,78,0.508808847432988,0.568858565445247,0.4166140670191749,4,4,4,3,1,A photorealistic outdoor tennis court scene featuring a fenced perimeter and trees. The court contains illogical yellow lines and a spatially confused foreground region. Background elements exhibit flattened textures and noticeable repetitive patterning.
a tennis court with three yellow cones on it,Controlnet/078-2.png,78,0.619066848043769,0.515515096963663,0.5300718917848399,3,3,2,2,2,"An overhead view shows a green tennis court with a central net. Yellow court markings are warped into illegible, melted shapes lacking structure. The upper background contains heavy grainy noise and repetitive textures."
a tennis court with three yellow cones on it,Controlnet/078-3.png,78,0.571360905239107,0.512518453398869,0.368580629066762,4,4,4,2,1,A photorealistic image shows a tennis court with a mesh fence and colorful background. The court layout is inconsistent and the floating yellow object lacks structural plausibility. Surface textures and details exhibit noticeable flatness and oversmoothing.
a tennis court with three yellow cones on it,Controlnet/078-4.png,78,0.523650855557258,0.520545714108778,0.424509396469632,4,4,4,2,1,An aerial view captures a green and orange tennis court with a net. The court's white line geometry is distorted and lacks spatial coherence. Textures show subtle repetitive noise and softened fine details.
a tennis court with three yellow cones on it,DALLE/078-1.png,78,0.585732030780282,0.5410556072791031,0.458355916348916,3,3,2,2,2,Two yellow cones rest on a tennis court surface under bright lighting. The foreground cone exhibits base warping and lacks a realistic contact shadow. Textures show waxy smoothing and faint repetitive patterns.
a tennis court with three yellow cones on it,DALLE/078-2.png,78,0.532874026820528,0.529844539367905,0.558502248485262,3,3,2,3,3,A high-angle view depicts yellow cones on a segmented sports court. The cones show coherent geometry but suffer from malformed and fused base regions. Textures across the scene appear overly smooth and lack natural grain.
a tennis court with three yellow cones on it,DALLE/078-3.png,78,0.556506752380674,0.5030779410666679,0.558953522647747,4,4,4,2,3,Yellow traffic cones and a tennis ball rest on a sports court. Distant cones are malformed and lack clear structural definition. Surface textures show softening and inconsistent line sharpness.
a tennis court with three yellow cones on it,DALLE/078-4.png,78,0.533648656906833,0.503479576850536,0.4336204496767369,3,3,3,3,2,A high-angle view shows two yellow cones and a ball on a court. The subjects are clear but feature overly smooth and simplified geometric structures. Textures appear flat and lack natural material granularity.
a tennis court with three yellow cones on it,Glide/078-1.png,78,0.469104814005321,0.513353443192564,0.510786545700888,1,3,2,3,1,A low-angle view shows yellow cones on a green turf surface. The subjects are structurally coherent and easily identified as training cones. Severe global blur and smoothing eliminate almost all fine surface detail.
a tennis court with three yellow cones on it,Glide/078-2.png,78,0.4347018584400179,0.458963062709074,0.3867012875479049,1,1,1,2,1,Red traffic cones sit on a sidewalk before a building in daylight. A central cone features fused panels that disrupt its geometric structure and meaning. Global blurring softens edges and flattens texture details.
a tennis court with three yellow cones on it,Glide/078-3.png,78,0.39306275834565,0.490579091193307,0.345032794643091,3,3,3,3,1,A close-up view depicts a metal wire mesh fence before a green lawn. The fence grid is structurally coherent and recognizable despite soft focus. Severe global blurring eliminates fine details and edge sharpness.
a tennis court with three yellow cones on it,Glide/078-4.png,78,0.412230321683689,0.433855832063222,0.374955546215752,2,2,2,2,1,A close-up shows a yellow cone on grey brick pavement in daylight. The cone's geometry is mostly preserved despite some localized melting at the base. Heavy blur and flat textures dominate the entire visual field.
a tennis court with three yellow cones on it,Lafite/078-1.png,78,0.506194816802075,0.491777863832223,0.471451896885148,1,1,1,1,2,Blurry yellow amorphous shapes occupy a green tennis court scene. The central forms are structurally fused and semantically illegible. Extreme global blur and flattened textures obscure all fine details.
a tennis court with three yellow cones on it,Lafite/078-2.png,78,0.424011123843905,0.4555085954544269,0.43996959687034,1,2,2,1,2,"Several yellow spherical objects appear on a green tennis court in daylight. These subjects are structurally incoherent, resembling melted and fused amorphous blobs. Extreme global blur and texture flattening dominate the visual field."
a tennis court with three yellow cones on it,Lafite/078-3.png,78,0.379202462074972,0.407701974289453,0.42585692889739,2,2,2,2,2,Several yellow malformed objects sit on an outdoor tennis court. The subjects exhibit severe structural distortion and lack semantic readability. Global blur and flat textures degrade overall perceptual clarity.
a tennis court with three yellow cones on it,Lafite/078-4.png,78,0.326307926032238,0.355946171759345,0.393483081607108,2,1,1,1,1,Heavily blurred yellow shapes occupy an outdoor tennis court setting. The central forms are structurally malformed and semantically unreadable. Global oversmoothing and blur eliminate most texture and edge clarity.
a tennis court with three yellow cones on it,stable-diffusion/078-1.png,78,0.615604234210627,0.646327109183427,0.4100630542274159,4,4,4,3,1,"A photorealistic view captures an empty tennis court beneath an overcast sky. The court structure remains intact, while background foliage and fences appear melted. Background textures exhibit oversmoothing and repetitive artifacts."
a tennis court with three yellow cones on it,stable-diffusion/078-2.png,78,0.499574242140702,0.505183464781492,0.429047933010843,4,4,4,3,2,A high-angle view depicts a multi-colored tennis court with a net and cone. Court lines exhibit minor geometric distortion while the overall structure remains recognizable. Surface textures appear oversmoothed and lack realistic micro-detail.
a tennis court with three yellow cones on it,stable-diffusion/078-3.png,78,0.526559475208625,0.489132751734408,0.417973501309839,3,3,2,2,2,"High-angle view of a sports court with a distorted grid and two cones. Markings are structurally incoherent, forming a warped maze-like pattern without geometric logic. Textures appear waxy with inconsistent edges and melting effects."
a tennis court with three yellow cones on it,stable-diffusion/078-4.png,78,0.484931145407307,0.4863658005111759,0.442044769185865,4,4,4,3,2,"A photorealistic outdoor tennis court features a central net and a yellow flag. The court geometry is coherent, but the flag attachment appears physically inconsistent. Global surfaces show flat textures and softened boundary definitions."
a tennis court with three yellow cones on it,Unidiffuser/078-1.png,78,0.475562270601528,0.446039402734091,0.460279329060245,2,2,2,3,2,Two orange cones sit on a green court flanked by yellow markers. Foreground cones display malformed bases that appear melted and structurally unstable. Surfaces lack fine detail and exhibit a uniform waxy smoothing effect.
a tennis court with three yellow cones on it,Unidiffuser/078-2.png,78,0.519089111451156,0.488613627012463,0.4401822046200089,4,2,2,1,1,"A photorealistic shot of yellow cones on a blue lined sports court. The primary subject is clear, though background cones show minor shape defects. Court textures appear overly smooth and lack natural surface micro-variation."
a tennis court with three yellow cones on it,Unidiffuser/078-3.png,78,0.410900289951966,0.374629089213387,0.408515594185516,1,2,2,3,3,Yellow training cones sit on a blurry blue court surface under flat light. Cone shapes are recognizable but suffer from extreme blurring and lack definition. Global sharpness is very low with heavy smoothing across textures.
a tennis court with three yellow cones on it,Unidiffuser/078-4.png,78,0.499753027636489,0.434494945360897,0.469154894101391,2,2,2,2,1,A high-angle shot depicts an orange sports court with disorganized white lines. The court markings are geometrically warped and lack a recognizable sporting layout. Surfaces exhibit flat textures and pervasive oversmoothing.
Times Square with thousands of dogs running around,Controlnet/079-1.png,79,0.522836251590415,0.506958595925402,0.496021514040235,4,4,4,2,3,Two dogs stand in a crowded city plaza surrounded by colorful digital billboards. Foreground canines exhibit malformed tails and distorted anatomy amidst a melted crowd. The image shows global oversmoothing and waxy surface textures.
Times Square with thousands of dogs running around,Controlnet/079-2.png,79,0.4643310592286749,0.443364398421736,0.402876137641275,3,3,3,2,3,Several distorted dogs occupy a brightly lit Times Square plaza at night. Canine subjects exhibit severe anatomical warping including malformed heads and unnatural limbs. Distant figures appear melted and ground textures show inconsistent detail.
Times Square with thousands of dogs running around,Controlnet/079-3.png,79,0.50324372908624,0.4206449298560699,0.537941802564596,2,2,2,2,1,Multiple distorted dogs occupy a busy city street with digital billboards. The canine subjects exhibit severe anatomical distortions including malformed limbs and impossible poses. Fur textures appear waxy while background details lack sharp definition.
Times Square with thousands of dogs running around,Controlnet/079-4.png,79,0.50219491994828,0.402977953147521,0.477580642092216,3,3,3,2,3,"A massive group of distorted dogs crowds a brightly lit city street. The dogs exhibit severe anatomical warping, fused bodies, and broken limb structures. Surfaces appear waxy with softened details and illegible background text."
Times Square with thousands of dogs running around,DALLE/079-1.png,79,0.443963660174679,0.479102082587397,0.416050713412479,3,2,2,1,2,"A massive crowd of dogs occupies a city street lined with digital billboards. Canine subjects are often malformed, fused, or feature distorted, implausible anatomies. Global detail is softened by blur and flat, pseudo-realistic texturing."
Times Square with thousands of dogs running around,DALLE/079-2.png,79,0.573131857146437,0.471714051615891,0.511415283737019,4,4,4,1,3,A pack of dogs runs through a city square with glowing neon billboards. Canine subjects display severe anatomical distortions including malformed limbs and fused bodies. Fur textures lack sharpness and background details appear softened.
Times Square with thousands of dogs running around,DALLE/079-3.png,79,0.5080170789550781,0.463963733379829,0.524535518488223,4,4,4,2,3,A pack of dogs runs across a city street with blurred pedestrians behind. The canine subjects show severe anatomical distortions with fused limbs and warped proportions. Heavy oversmoothing creates waxy textures and indistinct details.
Times Square with thousands of dogs running around,DALLE/079-4.png,79,0.565824169709047,0.52114197031006,0.532477683808547,3,3,3,2,2,A crowded city street scene features people and dogs amidst tall buildings. Human figures in the crowd display severe facial distortion and anatomical fusion. Distant textures appear oversmoothed with noticeable blur and background melting.
Times Square with thousands of dogs running around,Glide/079-1.png,79,0.407591340697983,0.414607194554607,0.388004505600991,1,2,2,1,1,A low-angle view of a neon-lit urban street at night. Building structures and signs are unrecognizable due to extreme blur. Pervasive motion smearing obliterates texture and sharp edge details.
Times Square with thousands of dogs running around,Glide/079-2.png,79,0.399348443011932,0.42780382988996,0.385033288775171,1,1,1,1,1,A heavily blurred figure stands within a vibrant neon city nightscape. The subject's form is structurally undefined and lacks semantic legibility. Extreme global blur obscures all edges and surface details.
Times Square with thousands of dogs running around,Glide/079-3.png,79,0.415154452424868,0.460216986363376,0.445446954750443,1,1,1,1,2,A blurry nighttime city street view features tall buildings with colorful billboards. Urban structures and signage are malformed and fused into indistinct vertical shapes. Global blurring eliminates all fine texture and edges.
Times Square with thousands of dogs running around,Glide/079-4.png,79,0.3409264332067859,0.3655905084379139,0.3746393224252229,3,2,2,3,2,A blurry nighttime city street features brightly lit billboards on tall buildings. The urban subject is recognizable but its geometry is heavily smeared. Extreme global blur destroys all fine texture and edge clarity.
Times Square with thousands of dogs running around,Lafite/079-1.png,79,0.401325052573289,0.41454062314471,0.461306309440394,1,1,3,1,3,"A massive crowd of malformed dogs fills a neon-lit urban street scene. Canine subjects show severe anatomical fusion, broken limbs, and indistinct facial features. Global blur, waxy textures, and melted background details degrade clarity."
Times Square with thousands of dogs running around,Lafite/079-2.png,79,0.403418360906444,0.394046305849325,0.4522098147350529,2,2,2,1,3,"A distorted multi-eyed furry creature stands on a busy urban street. The subject exhibits severe structural malformation with fused eyes and broken anatomy. The entire image is heavily blurred with flat, smeared textures."
Times Square with thousands of dogs running around,Lafite/079-3.png,79,0.369923543102227,0.392129392457161,0.488079164618252,3,3,2,3,3,"Multi-headed furry dogs stand on a busy, blurred city street. The subjects show severe facial fusion and malformed limb structures. Heavy blur and melted textures obscure all fine details."
Times Square with thousands of dogs running around,Lafite/079-4.png,79,0.391174224866179,0.408219479365693,0.425342864528919,1,1,1,1,3,A pack of distorted dogs occupies a busy urban street scene. Canine anatomy is severely fused with broken limbs and missing features. Extreme global blur and melting textures destroy edge definition throughout.
Times Square with thousands of dogs running around,stable-diffusion/079-1.png,79,0.530192086455357,0.495255251887476,0.499124765794102,3,4,4,3,3,"Multiple dogs occupy a paved city square surrounded by glowing billboards. The canine subjects exhibit severe anatomical warping, fused limbs, and unnatural poses. Fur textures appear waxy and background details lack sharp edge definition."
Times Square with thousands of dogs running around,stable-diffusion/079-2.png,79,0.55265839958762,0.5005247075332381,0.448018712105734,3,3,4,2,2,Distorted dogs occupy a busy urban plaza under bright digital billboards. Foreground canines show severe anatomical warping including fused limbs and malformed features. Heavy background blur and softened texture details degrade overall clarity.
Times Square with thousands of dogs running around,stable-diffusion/079-3.png,79,0.454299120293766,0.417201325234224,0.5155879090746059,2,2,4,2,3,A dense crowd of dogs fills a city street with a yellow school bus. Canine subjects are recognizable but frequently fused with unclear boundaries. Motion blur and flattened textures reduce global perceptual sharpness.
Times Square with thousands of dogs running around,stable-diffusion/079-4.png,79,0.441085916934608,0.388137047339572,0.520555069150162,3,3,3,2,3,"A photorealistic crowd of dogs occupies a busy urban plaza with bright billboards. Subjects show severe anatomical distortions including fused bodies, extra heads, and broken limbs. Fur appears waxy and background text is illegible."
Times Square with thousands of dogs running around,Unidiffuser/079-1.png,79,0.376276426472287,0.438166130603687,0.4542763994208429,2,2,3,2,3,A distorted crowd of people and dogs fills a neon-lit city street. Foreground animals show severe anatomical warping and semantically confusing body structures. Heavy oversmoothing flattens textures and obscures fine details.
Times Square with thousands of dogs running around,Unidiffuser/079-2.png,79,0.42484099098639,0.39735715261743,0.481107217543978,1,2,3,2,1,"A crowded city street scene features a massive herd of dogs among pedestrians. Subjects are densely packed with malformed anatomy and fused, indistinct body parts. Waxy textures and global softness degrade the visual fidelity."
Times Square with thousands of dogs running around,Unidiffuser/079-3.png,79,0.347355448746409,0.3738747112014179,0.408429959194244,1,2,1,1,2,"A blurry crowd of fluffy dogs stands before glowing neon city billboards. Individual canine forms are heavily fused, lacking distinct anatomy or clear separation. Heavy global blur and smoothing obscure all fine textures."
Times Square with thousands of dogs running around,Unidiffuser/079-4.png,79,0.534145801445403,0.487119727225405,0.547352497407219,4,4,4,3,3,A large pack of fluffy dogs fills a busy street with bright billboards. Many dogs exhibit malformed anatomy and fused bodies in the foreground. Waxy textures and background blur obscure fine details.
view of a giraffe and a zebra in the middle of a field,Controlnet/080-1.png,80,0.591470318988492,0.5462092193170051,0.490491512924289,4,4,3,2,2,A giraffe and a distorted zebra-like animal stand in a grassy field. The secondary subject exhibits malformed anatomy and inconsistent biological features. Fur textures appear waxy with softened edges and repetitive background patterns.
view of a giraffe and a zebra in the middle of a field,Controlnet/080-2.png,80,0.579840452026952,0.537331338730337,0.494878413730941,4,4,3,3,2,A photorealistic giraffe stands in a grassy field under a vibrant sunset sky. The animal's head and neck exhibit noticeable anatomical warping and pattern irregularities. Background elements lack sharpness and show repetitive textural smoothing.
view of a giraffe and a zebra in the middle of a field,Controlnet/080-3.png,80,0.546432390701011,0.545744349854538,0.4586174346005869,3,4,3,2,2,Two giraffes stand in an open grassy field under a cloudy sky. The adult giraffe exhibits malformed head features and inconsistent leg patterning. Background surfaces display noticeable oversmoothing and flat texture quality.
view of a giraffe and a zebra in the middle of a field,Controlnet/080-4.png,80,0.567536036345905,0.561674686217787,0.495144688325116,4,3,3,3,1,A photorealistic image features an adult and a juvenile giraffe in a golden savanna. The adult's head is distorted with malformed ossicones and a warped face. Surfaces appear waxy with softened details and inconsistent edge definitions.
view of a giraffe and a zebra in the middle of a field,DALLE/080-1.png,80,0.601031826049092,0.508715100742973,0.5609737412243949,4,4,4,3,3,A photorealistic scene features a giraffe and zebra standing in a grassy field. The subjects display prominent structural failures including distorted limbs and a malformed head. Image textures show pervasive oversmoothing and lack of sharp micro-detail throughout.
view of a giraffe and a zebra in the middle of a field,DALLE/080-2.png,80,0.635645434270332,0.616628341277507,0.5936230736171391,3,4,3,3,3,A realistic outdoor scene depicts a grazing zebra and a standing giraffe. Subjects show structural distortions like a malformed zebra neck and patchy giraffe coat. Distant details are oversmoothed and surface textures lack sharpness.
view of a giraffe and a zebra in the middle of a field,DALLE/080-3.png,80,0.587054229792616,0.554653402827898,0.609440876752036,2,3,3,2,3,A giraffe and a zebra stand on a sunny grassy hillside. The zebra displays significant body warping and semantically messy stripe patterns. Textures appear somewhat flat with a visible horizontal line in the sky.
view of a giraffe and a zebra in the middle of a field,DALLE/080-4.png,80,0.587263195659859,0.629255255590602,0.583466042412475,3,3,3,2,3,A photorealistic image depicts a zebra and a giraffe in a sunny field. The zebra's hindquarters display significant stripe distortion and anatomical instability. Coat textures show mild oversmoothing across the subjects.
view of a giraffe and a zebra in the middle of a field,Glide/080-1.png,80,0.377869547747468,0.3995888077345549,0.440233745376503,1,2,2,2,3,"Blurry giraffe-like figures stand in a bright, open savanna landscape. Subjects are indistinct, smeared silhouettes lacking clear anatomy or legible features. Severe global blur obscures all textures and sharp edges."
view of a giraffe and a zebra in the middle of a field,Glide/080-2.png,80,0.396937201347327,0.446154819454254,0.41779556526078,2,2,2,2,2,A blurry photorealistic image depicts a giraffe in a grassy field. The subject maintains basic anatomical coherence despite severe softening of its features. Heavy global blur and weak edges reduce perceptual clarity.
view of a giraffe and a zebra in the middle of a field,Glide/080-3.png,80,0.361338617133876,0.416964271070978,0.4314532737328129,2,3,2,2,3,"A blurry wide shot depicts a giraffe and another animal in a grassy field. The giraffe's anatomy is heavily softened, with limbs appearing fused and undefined. Extreme global oversmoothing flattens all visible textures and edges."
view of a giraffe and a zebra in the middle of a field,Glide/080-4.png,80,0.400496972124007,0.465659951774456,0.451705732272294,2,2,3,2,1,Two blurred zebras stand in a grassy field under natural light. The subjects show malformed heads and unstable limb structures. Heavy global blur flattens all textures and obscures edge definitions.
view of a giraffe and a zebra in the middle of a field,Lafite/080-1.png,80,0.400922102302428,0.414279947736452,0.463803193558673,1,1,1,1,1,A surreal animal hybrid stands in a grassy field under a blue sky. Its anatomy is malformed with a fused giraffe body and detached zebra head. Soft textures and a prominent semi-transparent text overlay appear.
view of a giraffe and a zebra in the middle of a field,Lafite/080-2.png,80,0.35456031263392,0.342293256088436,0.385112652274705,3,3,2,1,2,A partial giraffe stands in a grassy field under a blue sky. The subject's anatomy is severely malformed with a missing neck and distorted head. Global softness and blurry background details reduce overall clarity.
view of a giraffe and a zebra in the middle of a field,Lafite/080-3.png,80,0.3458769099161919,0.38619305233205,0.419675566771278,2,2,2,1,2,Multiple severely malformed giraffes stand in a bright grassy field. The subjects exhibit broken anatomy with fused bodies and floating heads. Textures appear flat and edges lack sharp definition.
view of a giraffe and a zebra in the middle of a field,Lafite/080-4.png,80,0.38421038005215,0.397899063310656,0.409563345228322,1,1,1,1,1,"A distorted giraffe-like figure stands in a grassy field under a clear sky. The subject's anatomy is broken into disconnected parts and floating head fragments. Visible blur, compression artifacts, and a watermark degrade the image."
view of a giraffe and a zebra in the middle of a field,stable-diffusion/080-1.png,80,0.6181671501103709,0.589976148718709,0.501835529945184,4,4,4,3,2,A photorealistic image shows two giraffes standing in a grassland. The right subject is a distorted giraffe-zebra hybrid with broken anatomy. Global textures exhibit mild oversmoothing and lack fine-grained detail.
view of a giraffe and a zebra in the middle of a field,stable-diffusion/080-2.png,80,0.389145661520498,0.357607167910327,0.406612653812274,2,2,2,2,1,A zebra stands in a field of tall dry grass. The subject is severely distorted with warped anatomy and smeared stripes. Global blur and flat textures reduce overall clarity.
view of a giraffe and a zebra in the middle of a field,stable-diffusion/080-3.png,80,0.562907833847664,0.457933993829526,0.429517961753997,3,3,2,2,2,A photorealistic savanna scene features a giraffe and a disembodied zebra head. The zebra head is structurally incomplete and the giraffe's head is malformed. Background textures exhibit subtle repetition and slight oversmoothing.
view of a giraffe and a zebra in the middle of a field,stable-diffusion/080-4.png,80,0.538993697883511,0.479370034572163,0.48494195366173,3,3,3,2,1,Two giraffes stand in a green field under bright daylight. Both subjects exhibit severe facial malformations and structurally implausible anatomy. Surface textures appear slightly smoothed while the background lacks fine detail.
view of a giraffe and a zebra in the middle of a field,Unidiffuser/080-1.png,80,0.559710647710452,0.460635577446291,0.468782167745905,4,4,4,1,2,A photorealistic scene features a severely distorted zebra in a striped field. The animal's anatomy is broken with fused bodies and inconsistent limb placement. Field textures show rigid repetition and lack subtle surface detail.
view of a giraffe and a zebra in the middle of a field,Unidiffuser/080-2.png,80,0.472787978724005,0.378048288565459,0.478033024469317,3,2,2,2,3,A striped giraffe-like hybrid and a zebra appear in a grassy field. The primary subject displays severe anatomical distortion and fused body parts. Widespread motion blur and smoothing obscure local texture details.
view of a giraffe and a zebra in the middle of a field,Unidiffuser/080-3.png,80,0.536488840729504,0.5353787811642,0.540152206972731,3,3,3,1,1,A photorealistic image depicts a zebra and giraffe in a field by water. The animals exhibit severe anatomical fusion with malformed bodies and impossible limb geometry. Background textures appear repetitive and edges lack sharp definition.
view of a giraffe and a zebra in the middle of a field,Unidiffuser/080-4.png,80,0.356084602616016,0.381774984937789,0.43794010016232,1,2,3,2,3,Two zebras stand in a green field before a hazy forested hill. The subjects show severe anatomical warping with elongated necks and smeared stripes. Pervasive softness and heavy grain obscure all fine textural details.
two people facing each other,Controlnet/081-1.png,81,0.492973185155997,0.487581592102614,0.565169536817721,3,3,4,2,3,Two human profiles face each other against a high-contrast background. Facial anatomy shows significant warping and distorted geometry at the noses. Surfaces exhibit waxy smoothing and inconsistent fine-grained detail.
two people facing each other,Controlnet/081-2.png,81,0.481660889108332,0.484864142390679,0.573235802365346,4,4,2,1,3,Two stylized figures stand on cracked earth under a heavy sky. The subjects show malformed facial features and structurally unstable bodies. Textures lack detail while edges remain consistently soft throughout.
two people facing each other,Controlnet/081-3.png,81,0.429465790449582,0.4536166808451309,0.49738717935921,3,4,4,2,2,A watercolor painting depicts a couple from behind in a misty field. The figures show simplified anatomy with malformed shoulders and fused head regions. Coarse grain texture overlays flat surfaces and indistinct background elements.
two people facing each other,Controlnet/081-4.png,81,0.56722196159459,0.53556302945359,0.5764962520074021,4,4,4,3,3,"Two silhouetted figures stand before a large textured concrete wall. Human silhouettes appear as flat, simplified cutouts lacking internal anatomical detail. Concrete surfaces exhibit repetitive pseudo-detailing and overly sharp figure edges."
two people facing each other,DALLE/081-1.png,81,0.6423346571420611,0.588599695472289,0.629771470219126,4,4,4,2,3,A photorealistic close-up captures a man and woman facing each other outdoors. Both subjects exhibit facial distortion with misaligned eyes and warped anatomy. Skin textures appear waxy with softened details and lack sharp definition.
two people facing each other,DALLE/081-2.png,81,0.607733658789069,0.632370901182535,0.6154327073418819,4,4,4,3,3,Two men face each other in profile against a plain background. Both subjects maintain plausible facial anatomy and clear semantic readability. Surfaces show waxy smoothing and weak micro-texture definition.
two people facing each other,DALLE/081-3.png,81,0.53512040415732,0.497387474353917,0.590065963217634,4,4,4,2,3,A girl in a pink shirt stands by a person on a path. The main subject's face shows subtle asymmetry as the other figure is cropped. Background foliage exhibits heavy oversmoothing and lacks texture.
two people facing each other,DALLE/081-4.png,81,0.569822448601213,0.612809664942638,0.601016755897958,4,4,3,2,3,"Two women face each other in a dramatic profile portrait. Facial anatomy exhibits subtle distortions, particularly around the nose and eyes. Skin texture appears waxy with softened details and blurred micro-structures."
two people facing each other,Glide/081-1.png,81,0.365453698780134,0.433744360078683,0.348456535163153,3,3,2,2,1,Two blurry dogs sit side-by-side in a grayscale outdoor setting. The subjects exhibit severe facial distortion and malformed body contours. Global oversmoothing and low resolution obscure all fine textural details.
two people facing each other,Glide/081-2.png,81,0.3256301087450199,0.318911600293908,0.315340610345258,2,2,2,2,1,A close-up view shows several blurry cats resting on a white surface. The primary orange cat subject is recognizable but exhibits smeared facial features. Extreme global blur flattens textures and eliminates all edge definition.
two people facing each other,Glide/081-3.png,81,0.40176408224811,0.398767175742918,0.335467145005675,1,2,2,1,1,"A blurry grayscale image captures a close-up of stacked rectangular blocks in a dark setting. Heavy blurring obscures the subject's structure, making its specific geometry illegible. Pervasive softness removes texture and blurs all boundaries."
two people facing each other,Glide/081-4.png,81,0.406531931081858,0.419723703679895,0.37105500529124,1,2,2,1,1,Two dogs rest on a light couch in a blurry close-up photo. The right dog's face and tongue appear malformed and lack structural stability. Heavy blur degrades texture and softens all edges.
two people facing each other,Lafite/081-1.png,81,0.381011146252099,0.349443539873808,0.4394539965695639,2,3,3,1,3,"A low-resolution digital portrait of two distorted faces against a plain background. Facial structures are severely malformed and fused, making key features unrecognizable and confusing. Heavy blur and melting textures characterize the global perceptual quality."
two people facing each other,Lafite/081-2.png,81,0.385707490587224,0.374159122267906,0.4131941166465809,2,3,3,1,2,"A close-up shows two distorted human figures facing each other. Facial features are severely malformed with fused eyes and warped noses. The image suffers from heavy blur and waxy, over-smoothed textures."
two people facing each other,Lafite/081-3.png,81,0.435938807821882,0.342388728290125,0.434081755506997,1,2,2,1,3,"A blurry close-up shows two people with distorted faces against a plain background. The human subjects exhibit extreme facial warping, feature fusion, and anatomical incoherence. Global blur and waxy textures obscure fine details and edges."
two people facing each other,Lafite/081-4.png,81,0.338131439168396,0.364975600748874,0.425410143159509,1,2,1,1,3,"A close-up portrait shows two figures facing each other on a plain background. Structure is malformed with fused faces, duplicated eyes, and broken anatomy. Severe blur creates over-smoothed waxy textures."
two people facing each other,stable-diffusion/081-1.png,81,0.485082787151337,0.489493782975871,0.427025400442442,4,4,4,3,2,High-contrast monochrome image shows two silhouetted figures on a wooded path. The figures display severe anatomical distortion with warped limbs and malformed feet. Ground textures appear oversmoothed while background branches show subtle repetition.
two people facing each other,stable-diffusion/081-2.png,81,0.355702404606128,0.36996891391964,0.300453913538115,1,2,3,3,1,A dense crowd of distorted figures fills the frame from a high-angle view. Individual subjects are malformed and lack recognizable anatomy or clear poses. Global oversmoothing and weak edge definition obscure all fine textures.
two people facing each other,stable-diffusion/081-3.png,81,0.583839814496015,0.5309449163273591,0.6182252004586161,2,2,2,2,3,Two people stand on a vast asphalt surface in a grainy monochrome aerial view. Small subjects maintain a coherent leaning pose with stable anatomy. Heavy grain and soft focus flatten textures and blur boundaries.
two people facing each other,stable-diffusion/081-4.png,81,0.5515183789705079,0.523923426368964,0.49711926014379,3,4,2,3,2,Two silhouetted figures face distant mountains from a plain under a gray sky. The human forms are coherent and well-separated from the hazy background. Graininess and softened edges reduce the overall detail definition.
two people facing each other,Unidiffuser/081-1.png,81,0.350945881996348,0.390757044685049,0.4921715165084629,2,2,2,2,3,A soft-focus portrait shows two people facing each other in profile. Subject faces exhibit significant smearing and lack coherent anatomical structure. Heavy oversmoothing results in flat textures and undefined boundaries throughout.
two people facing each other,Unidiffuser/081-2.png,81,0.548074512433069,0.524711719274792,0.569719444015907,3,4,3,2,3,A close-up portrait depicts a woman and a man facing one another. The central hand features distorted finger anatomy and fused joint structures. Waxy skin textures and a melted background affect visual clarity.
two people facing each other,Unidiffuser/081-3.png,81,0.474337374254116,0.480743946913271,0.455779666188295,1,2,1,1,1,Two people stand with their backs to the viewer against a teal wall. The central figure's structure is stable while the second person is heavily cropped. Heavy grain and waxy textures soften the overall image details.
two people facing each other,Unidiffuser/081-4.png,81,0.395904152937915,0.398396832103432,0.386793782524981,1,2,2,2,2,Two blurred faces are split by a vertical tear on a red background. Recognizable facial features appear warped and lack coherent anatomical structure. Extreme global blur and softness eliminate most fine textural detail.
an overhead view of a pickup truck with boxes in its flatbed,Controlnet/082-1.png,82,0.51623978599303,0.530543837588233,0.4298487051597079,3,3,2,2,3,A white pickup truck sits beside cardboard boxes on concrete from above. The vehicle's cab and bed geometry is warped and structurally implausible. Surfaces exhibit waxy textures and repetitive patterns with softened details.
an overhead view of a pickup truck with boxes in its flatbed,Controlnet/082-2.png,82,0.543347722487204,0.497648539729788,0.5442510786296451,3,3,3,2,2,High-angle view of trucks loaded with cardboard boxes in a warehouse. The vehicle structure is severely warped and fused into an illogical shape. Repetitive pseudo-details appear on box surfaces and soft background.
an overhead view of a pickup truck with boxes in its flatbed,Controlnet/082-3.png,82,0.64765727064472,0.5687478687868159,0.5598869325600639,4,3,3,2,2,A high-angle view shows a pickup truck overloaded with boxes on a road. The subject exhibits severe geometric distortion where cargo is fused or floating. Textures appear flat and lack sharp micro-detail throughout the scene.
an overhead view of a pickup truck with boxes in its flatbed,Controlnet/082-4.png,82,0.6003990299851281,0.565390389164915,0.496661233996615,4,4,4,3,2,A top-down view shows a car trunk overloaded with boxes and gear. The stacked items have implausible geometries and the printed text is nonsensical. Ground surfaces lack high-frequency detail and show slight texture tiling.
an overhead view of a pickup truck with boxes in its flatbed,DALLE/082-1.png,82,0.5851755622581291,0.565117689033656,0.5850141085555439,4,4,3,3,3,A white pickup truck carrying boxes is shown from an overhead perspective. The vehicle geometry exhibits subtle distortion around the cab windows and rear fender. Global textures show noticeable smoothing and a lack of fine surface detail.
an overhead view of a pickup truck with boxes in its flatbed,DALLE/082-2.png,82,0.6098850503553269,0.630746249389571,0.640082326800859,4,4,4,2,2,An overhead view shows a white pickup truck carrying boxes on asphalt. The truck is readable but contains a melted wheel and garbled door text. Textures appear waxy and lack high-frequency detail.
an overhead view of a pickup truck with boxes in its flatbed,DALLE/082-3.png,82,0.608801097357386,0.594765071367939,0.565509234987722,4,4,3,3,3,An overhead view depicts a white pickup truck carrying strapped boxes. The cargo features fused straps and visually confusing surface patterns. Tires and ground show heavy oversmoothing and melting.
an overhead view of a pickup truck with boxes in its flatbed,DALLE/082-4.png,82,0.568322596906197,0.5262840451924999,0.557994452881706,3,4,3,3,3,A top-down view shows a pickup truck bed loaded with various packages. The vehicle and cargo maintain a coherent structure with clear spatial arrangement. Surfaces exhibit noticeable oversmoothing and lack of fine textural detail.
an overhead view of a pickup truck with boxes in its flatbed,Glide/082-1.png,82,0.349730684189197,0.419709594870004,0.454800683068335,4,4,4,3,2,A distorted image shows a white truck parked near a wall. The vehicle geometry is malformed with broken lines and fused components. Severe global blur masks all fine details and edge definitions.
an overhead view of a pickup truck with boxes in its flatbed,Glide/082-2.png,82,0.365453887806808,0.421053835248433,0.4162196283201579,2,2,2,2,2,"A distorted vehicle sits against a brick wall in daylight. The subject's structure is severely warped, fusing truck and appliance parts into an incoherent shape. Heavy blurring and oversmoothing obscure all fine textures."
an overhead view of a pickup truck with boxes in its flatbed,Glide/082-3.png,82,0.358182645915058,0.380310755271073,0.4217103412377049,1,2,2,1,1,A heavily blurred close-up of an indistinct indoor scene with a dark central form. The subject lacks recognizable structure or semantic clarity from extreme detail loss. Severe global oversmoothing and blur obscure all textures and edges.
an overhead view of a pickup truck with boxes in its flatbed,Glide/082-4.png,82,0.405427250626024,0.3980564848088,0.391557705745118,1,2,2,1,1,"A low-angle view of intersecting painted beams inside a dim industrial structure. The beam geometry is distorted and fused, creating a confusing spatial layout. Global blur eliminates detail and softens all visible edges."
an overhead view of a pickup truck with boxes in its flatbed,Lafite/082-1.png,82,0.425461514756183,0.441817260267831,0.4557946105462679,1,1,3,1,1,A high-angle view shows a heavily warped boat on a paved lot. The subject's geometry is broken with fused parts and an incoherent layout. Surfaces exhibit waxy textures and softened details throughout.
an overhead view of a pickup truck with boxes in its flatbed,Lafite/082-2.png,82,0.425019729845254,0.4581113701293929,0.417625424958167,2,2,3,1,1,"A high-angle view shows a vertical stack of household items on a road. Items are severely warped and fused into an illogical mass. Heavy blurring, oversmoothing, and melting artifacts degrade clarity."
an overhead view of a pickup truck with boxes in its flatbed,Lafite/082-3.png,82,0.338584520205607,0.394350298525651,0.338992663942799,1,3,2,2,1,"A high-angle shot of a heavily distorted outdoor scene with abstract forms. Subject structures are completely malformed into fused and semantically unreadable shapes. Global textures show heavy melting, blurring, and repetitive tiling patterns."
an overhead view of a pickup truck with boxes in its flatbed,Lafite/082-4.png,82,0.400983916080972,0.420228573334143,0.400708089122571,2,1,2,1,2,A distorted composite of boxes and objects sits on an outdoor road. The subject structure is severely malformed with fused and unrecognizable parts. Textures appear waxy and lighting remains inconsistent across the scene.
an overhead view of a pickup truck with boxes in its flatbed,stable-diffusion/082-1.png,82,0.606326875383949,0.636386382187486,0.60039858080272,3,3,3,2,3,"An aerial view shows a silver pickup truck overloaded with cardboard boxes. The vehicle structure is malformed with a compressed cab and impossible box stacking. Surfaces show oversmoothing, repetitive textures, and softened edges."
an overhead view of a pickup truck with boxes in its flatbed,stable-diffusion/082-2.png,82,0.549937026540035,0.503579254517227,0.5166401060607619,3,3,3,2,2,High-angle view of flatbed trailers stacked with cardboard boxes in a yard. Boxes feature illegible pseudo-text and warped geometry with unstable wheel placement. Deep shadows obscure textures and background elements show heavy blurring.
an overhead view of a pickup truck with boxes in its flatbed,stable-diffusion/082-3.png,82,0.6062277228373361,0.574837247729854,0.6104276957005009,4,4,4,3,3,A high-angle shot shows a white pickup truck overloaded with cardboard boxes on asphalt. The vehicle's cab and bed are structurally fused and warped with impossible geometry. Surfaces exhibit flat textures and softened edge definitions throughout the scene.
an overhead view of a pickup truck with boxes in its flatbed,stable-diffusion/082-4.png,82,0.411609531814137,0.40812802843373,0.380585268091744,1,2,2,1,1,"An aerial view depicts a shipping yard filled with distorted stacked containers. The container structures are heavily warped, melted, and lack coherent geometric form. Image exhibits low sharpness, waxy textures, and indistinct object boundaries."
an overhead view of a pickup truck with boxes in its flatbed,Unidiffuser/082-1.png,82,0.571719878325457,0.483217872800045,0.525243063981662,4,4,3,1,3,An aerial view depicts a black pickup truck carrying boxes on a driveway. The truck's bed cover is severely warped and lacks any coherent structural geometry. Surfaces show mild oversmoothing and repetitive background textures.
an overhead view of a pickup truck with boxes in its flatbed,Unidiffuser/082-2.png,82,0.5466945931307621,0.475063041688428,0.538883202586835,4,4,4,1,3,A top-down view captures a pickup truck bed loaded with cardboard boxes. The vehicle structure and box placement display geometric distortion and unstable contact points. Image features waxy textures and globally softened fine details.
an overhead view of a pickup truck with boxes in its flatbed,Unidiffuser/082-3.png,82,0.594434664393816,0.519079351150054,0.556340695814878,4,4,2,1,3,A white pickup truck carries floating cardboard boxes on a flat surface. The vehicle is structurally stable but the cargo placement lacks physical plausibility. Surfaces exhibit flat textures and softened edge definition.
an overhead view of a pickup truck with boxes in its flatbed,Unidiffuser/082-4.png,82,0.512756429632145,0.4713403970489069,0.482398644533811,3,3,3,2,3,A high-angle view shows a white pickup truck among cardboard boxes. The vehicle's geometry is severely warped with a fused cab and distorted wheels. Repetitive textures and soft edges lower the image's overall quality.
view of a clock tower from above,Controlnet/083-1.png,83,0.541752834158018,0.553048533426052,0.563472784070531,3,4,4,2,3,"An ornate clock tower dominates a sprawling urban landscape under a heavy overcast sky. The tower is stable, but lower stacked clock faces show repetitive confusion. Distant buildings show melting geometry and inconsistent rooflines despite sharp textures."
view of a clock tower from above,Controlnet/083-2.png,83,0.607522007932186,0.532380790660326,0.60416835488647,4,4,4,2,3,A digital painting shows a clock tower above a dense city of red-tiled roofs. The tower is structurally sound but features an illegible symbol-filled clock face. Background textures display melting and lack sharp architectural detail.
view of a clock tower from above,Controlnet/083-3.png,83,0.587857899458164,0.5876449401553699,0.570676171598993,4,4,4,2,3,"Aerial view of a clock tower within a dense urban cityscape. The clock face is distorted, and surrounding buildings show warped geometry and illegible text. Background textures exhibit repetitive patterns and softened fine details."
view of a clock tower from above,Controlnet/083-4.png,83,0.568238143673384,0.556877936219499,0.619615701989282,4,4,4,2,3,"A low-angle view shows a red clock tower against a Gothic building facade. The tower's clocks are malformed, and the background architecture is highly repetitive. Surfaces show flat textures and repetitive pseudo-detailing."
view of a clock tower from above,DALLE/083-1.png,83,0.58548929998065,0.612409227166968,0.6155985840058,4,4,4,3,3,"A distorted clock face on a brick wall under a green glass roof. Clock numerals and hands are malformed and smeared, making the subject unreadable. Textures show waxy smoothing and jagged edges with inconsistent detail."
view of a clock tower from above,DALLE/083-2.png,83,0.549575552602751,0.570230806348246,0.585471972445696,3,3,3,2,3,A low-angle shot shows a masonry clock tower with a green dial. The clock face features illegible distorted symbols where numbers should be. Masonry surfaces show oversmoothing and lack fine textural detail.
view of a clock tower from above,DALLE/083-3.png,83,0.56672559847955,0.535832913091422,0.581747920452816,2,3,4,2,3,A digital painting depicts the upper corner of a stone clock tower. Clock faces and masonry show warped geometry and structurally unstable details. Thick textures soften edges and create melted architectural surface boundaries.
view of a clock tower from above,DALLE/083-4.png,83,0.517297703263751,0.4891515416776459,0.528247772464157,3,2,2,2,3,A low-angle view shows a large clock face on a stone building. The clock hands are structurally warped and merged into an illegible mass. Surface textures exhibit subtle flattening and edges lack sharpness.
view of a clock tower from above,Glide/083-1.png,83,0.4237108964960089,0.494113718012787,0.529169125164639,2,3,2,3,2,"A low-resolution photo shows a tall clock tower against a bright sky. The tower's form is clear, but its clock faces and ornaments appear distorted. Global blurring obscures textures and softens all visible edges."
view of a clock tower from above,Glide/083-2.png,83,0.447085383750865,0.5316043900646961,0.578436630623697,2,3,3,3,3,"A soft-focus white clock tower overlooks a sprawling city with red roofs. The architectural structure is plausible, yet the tower's emblem is unreadable. Pervasive blurring and loss of high-frequency detail affect the whole frame."
view of a clock tower from above,Glide/083-3.png,83,0.37594905262485,0.5016541027433921,0.504418036235379,3,3,2,3,2,A low-angle view depicts a colorful architectural tower against a blue sky. The tower structure is recognizable but contains malformed windows and blurred ornamentation. Global blurring flattens textures and obscures edge details.
view of a clock tower from above,Glide/083-4.png,83,0.416427969080321,0.512808595717686,0.3716918905658499,2,3,2,3,2,A low-angle shot shows a blurred brick clock tower against a bright sky. The tower's architecture is warped with illogical window placements and melting edges. Global oversmoothing creates waxy surfaces and destroys fine detail.
view of a clock tower from above,Lafite/083-1.png,83,0.382330484743373,0.376804560664723,0.371173730325864,3,3,2,3,3,An aerial view shows a vertically elongated and warped building over a landscape. The structure displays severe geometric distortion with repetitive windows and implausible proportions. Oversmoothing flattens textures and soft edges reduce clarity.
view of a clock tower from above,Lafite/083-2.png,83,0.374641687785213,0.365775637345158,0.371254411158518,2,3,2,3,3,An aerial view captures a severely warped tower over a hilly landscape. The central structure is structurally incoherent with broken geometry and fused windows. Surrounding details exhibit melting textures and inconsistent soft focus.
view of a clock tower from above,Lafite/083-3.png,83,0.374093821026626,0.392433215121264,0.424960418168029,2,2,3,2,3,A distorted multi-story tower dominates a warped aerial landscape scene. The central building exhibits severe architectural warping and fused structural elements. Global melting artifacts and soft textures degrade overall edge definition.
view of a clock tower from above,Lafite/083-4.png,83,0.449932048399099,0.428334504215127,0.450798437214738,2,2,1,1,1,"An aerial view depicts a tall, warped building towering over a landscape. The structure displays severe geometric distortion and incoherent floor-level stacking. Heavy oversmoothing and melted textures degrade detail across the entire image."
view of a clock tower from above,stable-diffusion/083-1.png,83,0.585013592644402,0.538115280710476,0.5654077664407859,4,4,3,2,3,"An aerial view features a tall clock tower in an urban landscape. The tower structure is stable, but its clock faces are malformed into illegible symbols. Background elements display melting textures and softened architectural details."
view of a clock tower from above,stable-diffusion/083-2.png,83,0.6219589636433129,0.581764549917844,0.657596552696175,4,4,4,3,3,"An ornate brick clock tower dominates an aerial view of a dense cityscape. The main structure is stable, yet the clock face holds obscure markings. Fine architectural edges appear softened with a slight waxy texture."
view of a clock tower from above,stable-diffusion/083-3.png,83,0.633232977957344,0.662966274413843,0.6932951643831871,4,3,3,2,3,A tall ornate clock tower dominates a dense urban aerial cityscape. The structure is stable but clock faces and upper details appear warped. Background textures appear flat and edges lack sharp definition.
view of a clock tower from above,stable-diffusion/083-4.png,83,0.44051877839105,0.469812866165692,0.5196423415043919,3,2,2,2,3,An aerial view captures a stone clock tower above a residential town. The clock face displays unreadable glyphs and the masonry shows geometric warping. Global textures appear oversmoothed with noticeable blur across the scene.
view of a clock tower from above,Unidiffuser/083-1.png,83,0.358149392899289,0.428555665790032,0.3842771988378179,2,2,2,2,3,"A soft-focus painting depicts a tall tower behind green foliage against a pale sky. The tower's vertical form is coherent but lacks distinct architectural features or sharpness. Extreme global oversmoothing produces a waxy, featureless texture."
view of a clock tower from above,Unidiffuser/083-2.png,83,0.570058174349941,0.530051360337303,0.487458708092292,3,4,4,2,3,Aerial view of a tall cylindrical tower surrounded by dense greenery and buildings. The tower displays malformed window openings and dripping textures that lack structural logic. Background elements show repetitive textures and softened detail definition.
view of a clock tower from above,Unidiffuser/083-3.png,83,0.498726010931178,0.429471639893663,0.447052680552299,2,3,1,1,1,"A complex symmetrical architectural structure with radiating beams is viewed from below. The subject's geometry is coherent, though some mechanical regions appear semantically ambiguous and fused. Textures show subtle flatness and repetitive surface patterns."
view of a clock tower from above,Unidiffuser/083-4.png,83,0.5601392178157549,0.57584934315978,0.474151638210898,3,4,2,3,2,A photorealistic low-angle shot of an ornate clock tower under a blue sky. The upper tower displays severe architectural fusion and semantically illegible details. Textures appear waxy with softened edges and inconsistent local detail.
a close-up of an old-fashioned cocktail,Controlnet/085-1.png,85,0.603067196588931,0.601111068822616,0.553272449852602,4,4,4,3,3,A photorealistic close-up shows a glass of iced water and citrus on a textured surface. The orange slice has unnatural geometry and the upper garnish is structurally ambiguous. Background textures show repetitive patterns lacking detail.
a close-up of an old-fashioned cocktail,Controlnet/085-2.png,85,0.53988849107412,0.551626587467666,0.619511244203479,4,4,4,3,3,"A close-up shows a glass of amber liquid with ice and a lime wedge. The glass structure is stable, while the ice and garnish appear slightly malformed. Oversmoothing causes waxy textures and softened global edge clarity."
a close-up of an old-fashioned cocktail,Controlnet/085-3.png,85,0.641853134618999,0.626055336957705,0.580023576275988,4,4,4,2,3,A photorealistic close-up captures a cocktail glass with amber liquid and ice. The internal ice structure exhibits unnatural geometric faceting and distorted forms. Textures show slight waxiness and inconsistent surface shadowing.
a close-up of an old-fashioned cocktail,Controlnet/085-4.png,85,0.630004297791139,0.622248545966816,0.6718257830751411,3,3,3,2,3,A photorealistic image shows a glass of iced beverage with a lime garnish. The lime garnish shows structural distortion with malformed geometry and fused parts. Textures are waxy and the background shows a smeared blur.
a close-up of an old-fashioned cocktail,DALLE/085-1.png,85,0.677956708836978,0.737191417157169,0.634918426461911,4,4,4,3,3,A close-up shot features an orange slice in a glass of liquid. The citrus subject shows fused internal segments and lacks sharp textural clarity. Global surfaces appear waxy and oversmoothed with softened edge transitions.
a close-up of an old-fashioned cocktail,DALLE/085-2.png,85,0.513216355244972,0.5094102563647229,0.513533860390226,3,3,3,2,3,A close-up shows a glass of iced beverage with an orange slice garnish. The orange garnish is structurally intact but features blurry and unreadable internal segments. Liquid and ice regions display noticeable oversmoothing and flattened textural details.
a close-up of an old-fashioned cocktail,DALLE/085-3.png,85,0.5560620424244,0.5297025252084601,0.566424652618587,4,4,4,2,3,A macro shot shows a glass of amber liquid containing a distorted object. The central subject is malformed and fused into a semantically confusing mass. Textures appear waxy with softened edges and subtle pseudo-detailing.
a close-up of an old-fashioned cocktail,DALLE/085-4.png,85,0.552372481282091,0.5506946810301749,0.531389704768991,4,4,4,3,3,A macro photograph captures a cocktail decorated with orange and lemon slices. The orange peel is well-formed but exhibits unnatural thickness and smoothness. Liquid surfaces display waxy textures and lack sharp crystalline edge definition.
a close-up of an old-fashioned cocktail,Glide/085-1.png,85,0.32275231717845,0.354512730712349,0.3767075100003469,2,2,2,1,1,A blurry close-up shows an abstract field of warm orange and red gradients. The image lacks any coherent subject structure or recognizable semantic content. Extreme global blur eliminates all fine texture and edge definition.
a close-up of an old-fashioned cocktail,Glide/085-2.png,85,0.449622976701571,0.4142288959591569,0.4697258641295889,1,1,1,1,1,A blurry close-up shows an orange glossy surface with a bright highlight. The subject lacks structure and semantic clarity due to extreme softness. Severe global blur removes all texture and edge definition.
a close-up of an old-fashioned cocktail,Glide/085-3.png,85,0.421122877885457,0.411081979315354,0.3836148184130939,1,2,2,2,3,A macro shot captures a vibrant red liquid surface inside a clear vessel. The liquid's surface contains recognizable bubbles but suffers from extreme softness. Heavy blur and low resolution eliminate most fine-grained visual information.
a close-up of an old-fashioned cocktail,Glide/085-4.png,85,0.355250964484993,0.4040605538600549,0.405374323133692,1,1,2,2,3,"A blurry close-up shows an orange-red circular shape with a faint rim. The subject's structure is lost to heavy blur, leaving only vague color masses. Global sharpness is absent, resulting in flat textures and completely soft boundaries."
a close-up of an old-fashioned cocktail,Lafite/085-1.png,85,0.428960114705717,0.415246099752298,0.394167926636885,1,3,1,1,1,"A close-up depicts a glossy, malformed orange figure against a dark backdrop. The subject's anatomy is distorted with fused features and an unstable topology. Heavy blur and waxy textures obscure all fine surface details."
a close-up of an old-fashioned cocktail,Lafite/085-2.png,85,0.450144374951522,0.390135201296112,0.431570156325701,2,1,1,1,1,"A cropped close-up shows a glossy, distorted orange torso with glittery patches. The subject's anatomy is severely warped with unnatural indentations and fused textures. Heavy blur and waxy textures degrade the image quality."
a close-up of an old-fashioned cocktail,Lafite/085-3.png,85,0.398825696109916,0.370275458254909,0.4010125002084699,2,2,2,1,1,A close-up shows a glass of beverage with ice in warm light. The glass and liquid structure are severely warped and lack geometric stability. Heavy global blur and softened edges obscure fine details.
a close-up of an old-fashioned cocktail,Lafite/085-4.png,85,0.400797969284383,0.3948486850241099,0.412798068323811,3,2,2,2,2,A close-up view captures a glossy orange-brown figurine in a dim setting. The subject's torso is warped with illegible text fused into its surface. Heavy blur and softened edges dominate the visual quality.
a close-up of an old-fashioned cocktail,stable-diffusion/085-1.png,85,0.579187235803771,0.606329411573746,0.6177540911306081,3,4,2,3,3,A pink cocktail with ice sits on a dark surface next to a small bowl. Ice cubes appear fused and the side bowl's liquid surface looks unnaturally rigid. Background textures show slight oversmoothing and repetitive grain.
a close-up of an old-fashioned cocktail,stable-diffusion/085-2.png,85,0.537024332267271,0.545667160857925,0.558371306982381,2,3,2,2,3,"A close-up shot features a glass of amber liquid with ice and garnish. The glass is stable, but the garnish is malformed and semantically unclear. Textures exhibit mild oversmoothing and edges lack sharpness."
a close-up of an old-fashioned cocktail,stable-diffusion/085-3.png,85,0.3821915071908819,0.36630324054722,0.4060792800497559,3,2,2,3,3,A close-up captures a transparent glass bottle with a small internal orange speck. The subject displays an unnatural repetitive scaly texture across its glass surface. Image details show significant blur and repetitive pseudo-texture artifacts.
a close-up of an old-fashioned cocktail,stable-diffusion/085-4.png,85,0.588791212684713,0.563584673373846,0.561340522775996,4,4,4,3,3,A photorealistic cocktail with ice and garnish sits on a wooden surface. The subject displays fused garnishes and amorphous ice cubes with weak geometric stability. Global textures exhibit mild waxiness and pervasive edge softening.
a close-up of an old-fashioned cocktail,Unidiffuser/085-1.png,85,0.567137382961702,0.57764723801978,0.558100672874776,3,3,2,2,3,A macro shot captures a cocktail glass with a crystalline rim and lemon slices. Internal ingredients appear fused and lack sharp geometric boundaries within the liquid. Heavy blur flattens textures and creates pseudo-details on the rim.
a close-up of an old-fashioned cocktail,Unidiffuser/085-2.png,85,0.57813830066966,0.5522685414998559,0.565503073338906,2,3,3,3,3,"A close-up shot displays a glass of iced drink with a lemon slice. The ice region is a malformed, fused mass lacking logical crystalline geometry. Surfaces show waxy smoothing and faint repetitive textural noise."
a close-up of an old-fashioned cocktail,Unidiffuser/085-3.png,85,0.4011195308595179,0.477575825053136,0.50786042500186,2,2,2,3,3,A blurry close-up shows a cocktail glass with liquid and a garnish. The subject is structurally coherent but the stem and garnish lack form. Global blur and oversmoothing hide fine texture and edge detail.
a close-up of an old-fashioned cocktail,Unidiffuser/085-4.png,85,0.647389386807715,0.637455202247844,0.679901263316797,4,4,3,3,3,A close-up shows a glass of dark iced beverage with a garnish. The rim garnish is malformed with fused and nonsensical internal textures. Liquid surfaces show slight waxiness while background details remain softly blurred.
an aerial view of a dining room,Controlnet/087-1.png,87,0.608606008332465,0.579551790144082,0.616769149949129,3,3,3,2,3,A high-angle view shows a modern dining room with round tables and chairs. Background chairs exhibit malformed geometry with fused legs and warped frames. Waxy surfaces show softened detail and inconsistent shadows.
an aerial view of a dining room,Controlnet/087-2.png,87,0.605370799084135,0.558876252610824,0.550746339575181,4,4,4,3,3,"A photorealistic luxury dining room contains a central table, chairs, and a large chandelier. Chair legs are malformed and fused with the floor, and mirror reflections are incoherent. Waxy textures and softened edges affect the image clarity."
an aerial view of a dining room,Controlnet/087-3.png,87,0.584624409358546,0.513419088604325,0.562169709134989,4,3,3,2,3,A top-down shot features a wooden table set with plates and cutlery. The cutlery is severely malformed with fused components and warped geometries. Metal surfaces show waxy textures and softened fine-grained visual details.
an aerial view of a dining room,Controlnet/087-4.png,87,0.586546249083714,0.557791503569654,0.5262931331580539,3,3,3,2,3,"A high-angle view depicts a modern dining table set with assorted tableware. Utensils and central dishes are heavily fused, malformed, and lack clear semantics. Perceptual quality suffers from oversmoothing, waxy textures, and softened boundaries."
an aerial view of a dining room,DALLE/087-1.png,87,0.612883768497922,0.576324451027436,0.547699027843054,4,4,4,3,3,An overhead view shows a round table and chairs on a tiled floor. Chair geometry is warped and the central arrangement lacks structural clarity. Textures appear flat and oversmoothed with softened edge definitions.
an aerial view of a dining room,DALLE/087-2.png,87,0.6441252907819051,0.662692540121382,0.6611919345533229,4,4,4,0,3,"High-angle view of several dining tables and chairs in a large room. Furniture shapes are malformed and table settings appear as flat, fused textures. Edges are softened and textures show repetitive pseudo-detail patterns."
an aerial view of a dining room,DALLE/087-3.png,87,0.656435824532998,0.627558991901881,0.627506707905824,4,4,4,3,3,An overhead view shows a dining table set with plates and flowers. Chairs are severely warped and table settings lack clear structural definition. Global oversmoothing yields waxy textures and flattened details throughout.
an aerial view of a dining room,DALLE/087-4.png,87,0.578227671683053,0.57486703998398,0.6574797006735309,3,4,4,3,3,"An overhead view shows a long dining table set within a furnished room. The tableware and chairs display significant blurring and distorted, melted structures. Heavy smoothing flattens textures and blurs all edges."
an aerial view of a dining room,Glide/087-1.png,87,0.414602574016891,0.490385224281223,0.5738475603868011,1,3,2,2,3,"A long dining table sits in a wood-paneled room under warm light. The scene is structurally coherent but heavily blurred, hiding object specifics. Extreme softness removes all texture detail and sharpness."
an aerial view of a dining room,Glide/087-2.png,87,0.386940627494087,0.5240136737291841,0.508818541278588,1,3,2,3,3,A soft-focus interior shot depicts a dining area with tables and chairs. The central table and surrounding chairs are structurally vague and poorly resolved. Extreme global blur washes out textures and destroys edge definition.
an aerial view of a dining room,Glide/087-3.png,87,0.379582373382571,0.469591457459297,0.457505672730178,2,2,2,2,2,The image shows a blurred interior dining room with tables and chairs. Subject furniture is recognizable but lacks clear boundaries and structural definition. Heavy global blur creates weak edges and flat textures.
an aerial view of a dining room,Glide/087-4.png,87,0.384418372180556,0.513539197469597,0.4351726608788639,1,2,2,3,2,A low-resolution interior shot depicts a long table and chairs near tall windows. Furniture geometry is roughly maintained but lacks fine structural detail or clarity. Pervasive global blurring flattens textures and removes all edge information.
an aerial view of a dining room,Lafite/087-1.png,87,0.405520994204633,0.406217997247659,0.4644756919711419,2,2,3,2,3,"A fisheye view of a cluttered interior with warped wooden furniture and a table setting. Furniture geometry is heavily distorted, creating an incoherent and confusing spatial arrangement. Softness and oversmoothing obscure fine textures and surface details."
an aerial view of a dining room,Lafite/087-2.png,87,0.434189866141841,0.3968615050235389,0.435954382919937,2,2,3,2,3,A fisheye view of a distorted interior room with warped furniture. The subject shows severe geometric warping and structural fusion making objects illegible. Global textures appear melted and edges lack sharpness throughout the frame.
an aerial view of a dining room,Lafite/087-3.png,87,0.424803244916719,0.426692531391082,0.497762623040074,2,2,1,1,3,"A high-angle view of a warped interior room containing a central table. Room geometry and furniture are severely melted, fused, and lack coherent structure. Surfaces appear waxy and oversmoothed with indistinct object boundaries."
an aerial view of a dining room,Lafite/087-4.png,87,0.341898193273901,0.380175213098205,0.47793155269848,2,2,3,2,3,A distorted dining room interior features a warped table and chairs. Furniture structures are melted and fused into an unrecognizable layout. Surfaces appear waxy with oversmoothed details and unclear edges.
an aerial view of a dining room,stable-diffusion/087-1.png,87,0.550267760810561,0.560154384343074,0.538926887784259,4,4,4,2,3,"A high-angle view shows a round dining table set in a bright room. Table settings and surrounding chairs exhibit severe warping, fusion, and malformed structures. Surfaces look waxy and details are softened throughout."
an aerial view of a dining room,stable-diffusion/087-2.png,87,0.418905716734819,0.436661319986621,0.52186104291839,1,2,2,3,3,"A blurred overhead view shows a dining table with indistinct food platters. Subjects are severely malformed and fused into structurally incoherent, semantically confusing shapes. Heavy global oversmoothing destroys texture clarity and edge definition everywhere."
an aerial view of a dining room,stable-diffusion/087-3.png,87,0.561117783183823,0.555013522586938,0.516760254832615,4,4,3,2,2,"A top-down shot captures a wooden table set with plates and cutlery. Most utensils are severely malformed with fused parts and impossible geometries. Wood grain repeats noticeably and white surfaces exhibit flat, waxy textures."
an aerial view of a dining room,stable-diffusion/087-4.png,87,0.6340855832810179,0.613454320792734,0.6471162631173679,3,3,4,3,3,A top-down view of a formal dining table set with plates and cutlery. Tableware exhibits malformed geometry and illegible decorative text on the central rim. Textures exhibit oversmoothing with softened edges and inconsistent detail.
an aerial view of a dining room,Unidiffuser/087-1.png,87,0.547889720012302,0.565778920418033,0.559638696878796,2,3,4,3,2,An overhead view captures a wooden dining table set in a formal room. Dining chairs appear heavily distorted with melted and unrecognizable shapes. Oversmoothing and weak edge definition create a pervasive lack of clarity.
an aerial view of a dining room,Unidiffuser/087-2.png,87,0.29160444549044,0.339522562156908,0.409859893265735,1,2,2,1,3,A blurry dining room shows a table and chairs under warm light. Furniture shapes are recognizable but appear structurally fused and lack distinct boundaries. Heavy global blur completely obscures texture and edge definition.
an aerial view of a dining room,Unidiffuser/087-3.png,87,0.610584381445826,0.616620228752642,0.546884303533379,4,4,4,3,3,"A formal dining room features a large set table beneath a crystal chandelier. Table settings are cluttered and semantically confusing, while chair geometry shows subtle distortion. Textures appear waxy with softened edges."
an aerial view of a dining room,Unidiffuser/087-4.png,87,0.5804223332049839,0.5514867614419461,0.621759859363072,3,3,3,2,3,"A high-angle view shows a large wooden dining table and chairs in a room. The table surface is severely warped and melted, making chair structures look unstable. Global oversmoothing and waxy textures obscure fine details everywhere."
a classroom without any students,Controlnet/091-1.png,91,0.552569243191472,0.563255683481911,0.593002567424602,2,2,2,2,3,A photorealistic wide-angle view of an empty classroom with blue desks and windows. Desk frames and window mullions show subtle geometric distortions and inconsistent perspective. Floor textures appear waxy and distant surfaces lack detail.
a classroom without any students,Controlnet/091-2.png,91,0.507654277445208,0.492192251443953,0.558712709260023,4,4,4,3,3,An empty classroom interior features rows of red desks and blue chairs. Furniture displays malformed geometry and inconsistent scale within the spatial layout. Surfaces show flat textures and repetitive patterns with softened boundaries.
a classroom without any students,Controlnet/091-3.png,91,0.59425471960832,0.593976224006353,0.574622907006508,4,4,4,3,3,A photorealistic view of an empty classroom with rows of desks. Furniture and wall decorations show distorted geometry and illegible scribbles. Textures appear flat and edges lack crisp definition.
a classroom without any students,Controlnet/091-4.png,91,0.626890441207873,0.607383432810509,0.62512374717775,4,4,4,3,3,A photorealistic interior view captures an empty classroom with desks and large windows. Several desks feature warped legs and fused frames that reduce structural coherence. Distant details soften and surfaces exhibit subtle waxy flatness.
a classroom without any students,DALLE/091-1.png,91,0.6066118637591,0.62577475041381,0.60148542713226,4,4,4,3,3,A bright classroom interior features rows of wooden desks and chairs near large windows. The furniture exhibits clear structural distortion with fused components and implausible geometry. Overexposed lighting and waxy textures degrade scene quality.
a classroom without any students,DALLE/091-2.png,91,0.541012107462041,0.57004352755638,0.562403471894466,3,3,3,2,3,A blurred interior view features orange classroom chairs and wall-mounted boards. Furniture structures are recognizable but lack geometric clarity and edge definition. Heavy global blur eliminates textures and smears details across the frame.
a classroom without any students,DALLE/091-3.png,91,0.562274949926416,0.544788873885969,0.565701745583159,3,3,3,3,3,"A photorealistic classroom interior contains rows of desks near large windows. Furniture structures are distorted with softened, overlapping desk legs and frames. Heavy global blurring and waxy textures obscure fine surface details."
a classroom without any students,DALLE/091-4.png,91,0.587908174410845,0.5608897561760829,0.60244960738793,4,4,4,3,3,An eye-level view of a bright classroom with rows of wooden desks. Furniture displays severe structural distortion with fused chair backs and broken geometries. Surfaces show waxy textures and inconsistent lighting across the frame.
a classroom without any students,Glide/091-1.png,91,0.4243343865395029,0.502099965220219,0.503113075474798,1,2,2,3,3,A dimly lit room interior shows several large rectangular tables. Table geometry is roughly maintained but lacks precise structural legibility. Extreme global blur flattens all textures and softens every boundary.
a classroom without any students,Glide/091-2.png,91,0.368371288206946,0.421276759024279,0.360418727697456,3,3,2,3,1,A blurry close-up shows a dark green book cover with gold text. The central text consists of malformed characters forming a semantically meaningless string. Significant blur and flat textures obscure fine details.
a classroom without any students,Glide/091-3.png,91,0.419911455936547,0.422258214985856,0.4100449328113509,2,2,2,2,3,"A blurry photo shows a room with furniture and a beamed ceiling. The subject lacks definition, making furniture structures and spatial layout hard to read. Heavy global blur obscures all texture and edge detail."
a classroom without any students,Glide/091-4.png,91,0.406636795804193,0.547313437359271,0.404452625937978,2,3,2,3,1,A long modern hallway shows white walls with green stripes under bright lighting. The corridor structure is geometrically stable with consistent perspective and patterns. Heavy global blur obscures fine details and softens visible edges.
a classroom without any students,Lafite/091-1.png,91,0.378419457494721,0.43289910158557,0.412125167161135,2,2,2,2,2,A blurry interior scene shows indistinct figures at tables in a yellow room. Subjects are heavily warped and lack recognizable anatomical or geometric structure. Extreme blur and smeared textures obscure all fine details.
a classroom without any students,Lafite/091-2.png,91,0.416589753492871,0.414520481704052,0.402389289846546,1,1,1,1,1,A blurry interior scene contains warped desks and illegible human figures. Furniture geometry is broken and subjects lack any recognizable anatomical structure. Global oversmoothing produces flat textures and indistinct boundaries everywhere.
a classroom without any students,Lafite/091-3.png,91,0.4140899380021799,0.399189420851475,0.409281499593467,3,2,1,2,3,A soft-focus painting shows people seated at a long table indoors. Subjects are heavily distorted with fused bodies and unrecognizable facial features. Extreme blurring and waxy textures obscure all fine details.
a classroom without any students,Lafite/091-4.png,91,0.38767360110013,0.429268749721554,0.446274170940212,1,2,1,1,2,"A blurry digital painting portrays a classroom with yellow walls and desks. Furniture and student silhouettes are severely warped, fused, and semantically unreadable. Global oversmoothing and flat textures mask all local structural edges."
a classroom without any students,stable-diffusion/091-1.png,91,0.587463201918651,0.622033030613257,0.6282769319456709,4,4,4,3,3,"A photorealistic view depicts a classroom with rows of desks and chairs. The desk surfaces are severely warped, fused, and lack coherent geometry. Surfaces show flat textures and inconsistent edge definition."
a classroom without any students,stable-diffusion/091-2.png,91,0.340579834202125,0.380278186550108,0.405708130459885,2,1,1,1,2,"A surreal interior scene shows warped furniture in a melting room environment. Subject structures are heavily fused and broken, lacking any geometric stability. Oversmoothing and flat textures destroy edge definition and local detail."
a classroom without any students,stable-diffusion/091-3.png,91,0.523240271638192,0.603648313348788,0.579903846909389,2,3,4,3,3,A wide-angle view captures an empty classroom with desks and whiteboards. Desks and chairs show warped geometry while wall text is semantically unreadable. Image quality suffers from significant blur and flattened texture details.
a classroom without any students,stable-diffusion/091-4.png,91,0.592763615388033,0.544016085148036,0.5650827010353899,4,4,4,3,3,A photorealistic classroom contains round tables and blue chairs under fluorescent lights. Chair legs and table supports show structural distortion and geometric instability. Textures appear waxy while background details lack sharp definition.
a classroom without any students,Unidiffuser/091-1.png,91,0.6096541582617401,0.578788883662316,0.595640009533756,4,4,4,2,3,An empty classroom displays rows of wooden desks beneath overhead fluorescent fixtures. Desk surfaces show significant geometric warping and inconsistent structural leg placements. Global oversmoothing leads to flat textures and softened edge clarity.
a classroom without any students,Unidiffuser/091-2.png,91,0.314284807738665,0.358532817091529,0.4014432021024,1,1,1,3,3,A heavily blurred indoor scene features indistinct furniture and figures under lights. Extreme blur renders the subject structure and semantic content totally illegible. Severe global smearing eliminates all texture and edge definition.
a classroom without any students,Unidiffuser/091-3.png,91,0.599834966506957,0.6089204502049089,0.579003856003872,4,4,4,3,3,"An empty classroom features rows of wooden desks under bright fluorescent lights. The room's structure is stable, though background furniture appears repetitive. Large surface areas exhibit flat, synthetic-looking textures."
a classroom without any students,Unidiffuser/091-4.png,91,0.557395598842402,0.533253581926692,0.6420242525044171,3,3,3,3,3,"A classroom interior contains yellow desks, red chairs, and a green chalkboard. Several chairs exhibit distorted geometry and unnatural positioning within the room. Overall image lacks sharpness while showing waxy surfaces and soft edges."
a car with no windows,Controlnet/092-1.png,92,0.549124005397805,0.459123885357738,0.447029482362613,3,3,3,3,2,A photorealistic brown minivan is positioned against a rough stone wall. The subject displays clear structural distortion with malformed wheels and warped geometry. Surfaces exhibit oversmoothing and repetitive background texture details.
a car with no windows,Controlnet/092-2.png,92,0.536967990352825,0.516628886474496,0.456710482805572,3,3,2,2,2,A dark gray hatchback car is positioned on a city street with modern buildings. The vehicle's body geometry and panel alignment appear structurally stable and clearly recognizable. Background details exhibit soft focus and repetitive texture patterns.
a car with no windows,Controlnet/092-3.png,92,0.634970110963033,0.553530212622495,0.486850051818987,4,4,4,3,2,A dark minivan stands before a classical building in a photorealistic style. The vehicle's front grille and headlights show geometric distortion and semantic confusion. Paint surfaces appear waxy and background architecture lacks coherent detail.
a car with no windows,Controlnet/092-4.png,92,0.444065621248205,0.432912405023758,0.397661120273829,2,3,2,2,2,A silver hatchback car sits on an asphalt road in a digital style. The body is coherent but wheels are malformed and lack plausible geometry. Background textures show softened details and weak edge definition.
a car with no windows,DALLE/092-1.png,92,0.558318597116269,0.552338806466117,0.540109293148865,3,3,3,3,3,A silver sedan sits parked amidst overgrown grass and leafy vegetation. The vehicle exhibits distorted door panels and unnaturally solid black windows. The entire frame lacks fine detail and displays waxy metallic textures.
a car with no windows,DALLE/092-2.png,92,0.437781505409043,0.459647434663095,0.431750893477926,3,3,3,2,2,A close-up shot features a damaged silver car door panel. The door handle is a malformed hollow and the frame geometry is broken. Metallic textures look waxy with softened detail and inconsistent highlights.
a car with no windows,DALLE/092-3.png,92,0.528790984373916,0.546279177043712,0.573809350239416,3,4,2,2,3,A close-up captures the interior dashboard and steering wheel of a white car. The steering wheel and dashboard exhibit severe geometric distortion and semantic confusion. Textures appear waxy with softened edges and flat lighting.
a car with no windows,DALLE/092-4.png,92,0.4698163581789329,0.468774716792897,0.433793257688637,3,3,2,2,1,A front view of a simplified 3D rendered car on a white background. The subject is coherent but features overly basic geometry and blocky components. Surfaces appear smooth and waxy with minimal texture definition.
a car with no windows,Glide/092-1.png,92,0.437514406084041,0.5040075393888199,0.464593522768767,2,3,2,3,2,"A pink station wagon sits before a building with dark windows. The car's main shape is clear, but hubcaps and window reflections are malformed. Heavy smoothing and low-frequency blur dominate the image's perceptual quality."
a car with no windows,Glide/092-2.png,92,0.431466288307319,0.525634696515802,0.417917427026045,2,3,3,3,2,"A low-resolution photo shows a white car from a front three-quarter view. The vehicle structure is recognizable but blurred, obscuring fine mechanical details. Global sharpness is extremely low with pervasive softness and pixelated edges."
a car with no windows,Glide/092-3.png,92,0.475492044884093,0.5136310589983271,0.435259018594896,3,3,3,3,1,A blurry side-view of a pink car before a house and greenery. The car is recognizable but features malformed wheels and lacks sharp panel lines. Heavy global blurring and oversmoothing flatten textures and obscure fine edges.
a car with no windows,Glide/092-4.png,92,0.443069184637375,0.45117686520863,0.436528553659302,2,3,2,2,2,A grayscale image shows a blurry vintage car in a dark setting. The vehicle is recognizable but has malformed headlights and fused wheel areas. Severe blur and flat textures obscure all fine surface details.
a car with no windows,Lafite/092-1.png,92,0.412543078431842,0.419311055263848,0.424749869380933,1,1,1,1,2,A side-profile view of a light blue car in a blurred environment. The subject shows severe structural warping with a fused wheel and melted panels. Heavy blurring and waxy textures eliminate most fine details.
a car with no windows,Lafite/092-2.png,92,0.386075520066358,0.365017240294171,0.4267876776622279,2,2,2,1,2,A side-profile view of a light blue car in a blurry outdoor setting. The vehicle body is severely warped with a torn panel and distorted roof. Heavy blurring and soft textures obscure fine details everywhere.
a car with no windows,Lafite/092-3.png,92,0.36750763414819,0.4003269803707009,0.432642859228792,3,3,2,1,3,A close-up shot features a light blue vintage car outdoors. The vehicle's body panels are severely warped with melted fenders and distorted wheels. Textures appear waxy and over-smoothed with pervasive blurring throughout.
a car with no windows,Lafite/092-4.png,92,0.408477264295988,0.384691501778974,0.414062878118962,2,2,2,1,2,A side-profile of a light blue station wagon before a building. The vehicle's body panels are warped and its wheels are malformed. Heavy global blur and waxy surfaces obscure all fine details.
a car with no windows,stable-diffusion/092-1.png,92,0.52710502266256,0.5545327447981659,0.43132775704997,4,4,4,3,2,"A white hatchback car sits in profile against a brown wall. The vehicle is coherent, yet the rear wheel geometry is clearly malformed. Surfaces appear waxy and the background has a flat, grainy texture."
a car with no windows,stable-diffusion/092-2.png,92,0.502721986494153,0.4451710186778579,0.473445191886027,3,4,3,3,2,"A stylized blue concept car rests on a road beside bare trees. The subject's overly simplified form lacks doors, mirrors, and realistic proportions. Background elements exhibit heavy grain and unnatural monochromatic tonal shifts."
a car with no windows,stable-diffusion/092-3.png,92,0.6248646496661681,0.598513517897483,0.454504562632871,4,4,3,3,2,"A dark minivan sits before a large stone building in daylight. The vehicle body is coherent, but grille and headlight details look distorted. Background textures repeat and surfaces exhibit slight waxy oversmoothing."
a car with no windows,stable-diffusion/092-4.png,92,0.3924160163300609,0.40204895027083,0.395834291926518,1,2,2,1,1,A high-angle photograph of a car half-submerged in a desert floor. The automobile's body is structurally warped and melted into the sand. Fine details are lost to global oversmoothing and indistinct boundaries.
a car with no windows,Unidiffuser/092-1.png,92,0.437440082275604,0.417296413657735,0.412152567572883,2,1,1,1,1,"A close-up shot depicts a blurry white vehicle against a muted background. The subject's structure is severely distorted by extreme blurring, reducing semantic readability. Heavy oversmoothing melts all textures and sharp boundaries."
a car with no windows,Unidiffuser/092-2.png,92,0.496297981454232,0.482503846884883,0.472162303610239,3,3,3,2,2,A close-up shows a vehicle's open window and interior seating in daylight. The seat structure is malformed and crossed by a semantically confusing bar. Blurry details and waxy textures soften edges and surface details.
a car with no windows,Unidiffuser/092-3.png,92,0.4847529214901089,0.470129097163006,0.474543310653273,3,2,2,2,3,A white sedan car is shown in profile against a textured wall. The car features malformed geometry with a fused wheel and empty windows. Heavy blur and flat textures degrade the image.
a car with no windows,Unidiffuser/092-4.png,92,0.4709912386598279,0.448908209120002,0.435706080382986,3,2,2,2,2,A silver car with a distorted body is parked near greenery. The vehicle's structure is severely warped with a melted hood and roof. Visible grain and waxy textures affect surface clarity.
a closet without clothes,Controlnet/093-1.png,93,0.649643325365418,0.572718323131906,0.450694108138899,4,4,4,3,2,"A photorealistic walk-in closet contains clothing, shoes, and white cabinetry under bright light. Subject structure is weakened by malformed shoe shapes and fused hat textures. Surfaces exhibit flat textures and slightly softened details."
a closet without clothes,Controlnet/093-2.png,93,0.554774618097653,0.556519654314664,0.404145384974807,4,4,4,3,1,"A photorealistic image shows a large wooden closet system filled with clothes. The frame is stable, but garments display fused textures and warped shapes. Waxy textures and oversmoothing degrade detail across the scene."
a closet without clothes,Controlnet/093-3.png,93,0.572668077709815,0.54966847507899,0.425911249648722,4,3,2,2,2,A photorealistic view shows a wooden walk-in closet with clothes and shoes. Shoes and garments exhibit significant structural fusion and malformation across the units. Dense regions show repetitive textures and softened edges lowering perceptual realism.
a closet without clothes,Controlnet/093-4.png,93,0.5860338148751191,0.560661181917871,0.32961547628539,4,4,4,3,2,"A large organized wooden wardrobe system displays clothing and storage boxes. The structure is stable, though garment folds and drawer contents lack definition. Textures appear waxy with softened details throughout."
a closet without clothes,DALLE/093-1.png,93,0.662849940508578,0.560231346063363,0.611603237954242,4,4,4,2,3,"A low-angle shot captures a light wooden wardrobe with open interior shelves. Cabinet geometry is plausible, yet handles are malformed and seams appear as dark cracks. Surfaces show flat, waxy textures lacking natural grain detail."
a closet without clothes,DALLE/093-2.png,93,0.511340875197146,0.501200667939588,0.527188556285966,4,4,4,3,3,"A frontal view shows an empty built-in closet with multiple shelves. The shelving structure is recognizable but exhibits inconsistent shadows and warped edges. Global sharpness is low, resulting in flat textures and softened details."
a closet without clothes,DALLE/093-3.png,93,0.528288314687655,0.545104846054598,0.516703718209576,4,4,3,3,3,A low-angle view of white built-in shelving units in a bright room. The shelving structure is warped with illogical perspective and fused vertical elements. Lighting is overexposed with soft edges and flat surface textures.
a closet without clothes,DALLE/093-4.png,93,0.595142503193409,0.661111224124917,0.6422695080544559,4,4,2,3,3,A photorealistic image shows an empty built-in closet with shelves and a rod. The subject structure is stable but has minor geometric flaws at the rod mount. Flat textures and soft edges reduce surface detail clarity.
a closet without clothes,Glide/093-1.png,93,0.3518684484473129,0.384740699424469,0.4368733839969039,1,1,1,1,1,A blurry view shows dark fabric and a partial figure in a room. The central subject is a malformed dark mass lacking coherent structural definition. heavy blurring flattens textures and softens boundaries.
a closet without clothes,Glide/093-2.png,93,0.440999439690818,0.505023423513347,0.5132139599334851,2,1,1,3,3,"A blurry interior view shows a doorway, a dark door, and a partial railing. The railing structure is indistinct and the room's geometry appears softened. Global blur flattens textures and obscures all edges."
a closet without clothes,Glide/093-3.png,93,0.373390079925276,0.452958438006378,0.4337105422394839,1,2,3,1,1,A blurry interior shot captures clothes hanging in a dimly lit closet. The subject's structure is heavily obscured by severe global blurring. Fine details are lost under pervasive softness and low-resolution artifacts.
a closet without clothes,Glide/093-4.png,93,0.410141097223619,0.417300364483159,0.424673364320937,2,2,3,3,1,A blurry view of various clothes hanging inside a wooden closet. The subject is recognizable but lacks clear structural boundaries or detail. Severe global blur and oversmoothing eliminate texture and edge definition.
a closet without clothes,Lafite/093-1.png,93,0.346388940144358,0.386437901876877,0.324466404822669,1,2,2,2,2,"A blurry digital photograph shows an open closet filled with hanging clothes. The subject structure is severely blurred, making individual items indistinct and fused. Global oversmoothing eliminates fine textures and sharp edges throughout the scene."
a closet without clothes,Lafite/093-2.png,93,0.440606540446266,0.395241544406963,0.421358005560079,2,2,3,2,2,"An interior view of a wooden closet with open doors revealing distorted clothing. The central hanging object and right-side garments are heavily fused and structurally incoherent. Surfaces exhibit pervasive oversmoothing, waxy textures, and melted edge definitions."
a closet without clothes,Lafite/093-3.png,93,0.426164839742039,0.439063769196237,0.4006182042732619,2,2,2,2,2,A blurry interior view shows an open closet filled with various items. The closet geometry is warped and the contents are visually confusing. Heavy blur and soft edges obscure fine details.
a closet without clothes,Lafite/093-4.png,93,0.434697639385707,0.448178994409173,0.400827495243901,2,1,2,1,2,A frontal view depicts an open closet containing distorted clothing and shelves. Closet contents are severely malformed into fused shapes with broken geometry. Textures appear waxy and oversmoothed with weak edge definition.
a closet without clothes,stable-diffusion/093-1.png,93,0.4874437049073969,0.44672813572249,0.445065046508304,2,2,2,2,2,A sketch-style image depicts a closet interior with hanging clothes and shelved items. Fused clothing shapes and indistinct shelf items compromise structural plausibility. Heavy oversmoothing causes flat textures and weak edge definition throughout.
a closet without clothes,stable-diffusion/093-2.png,93,0.471785081350616,0.565865216037747,0.422554051794613,3,4,4,3,1,"An open closet displays organized clothing, shoes, and accessories on white shelving. Repetitive shoe patterns show significant malformation, fusion, and loss of anatomical detail. Global oversmoothing flattens textures and softens object boundaries throughout the scene."
a closet without clothes,stable-diffusion/093-3.png,93,0.50988982864927,0.514569958488959,0.3801695338188189,4,4,4,3,1,A photorealistic walk-in closet displays rows of shoes and hanging garments. Shoe racks exhibit severe repetition and structural distortion across many pairs. Surfaces show waxy textures and softened edge details.
a closet without clothes,stable-diffusion/093-4.png,93,0.568859774089554,0.528961300989121,0.385228378644739,3,4,4,3,2,A large white wardrobe system is filled with neatly folded and hanging clothing. The subject structure remains coherent but displays minor inconsistencies in garment folds. Textures appear slightly smoothed and lack sharp micro-details.
a closet without clothes,Unidiffuser/093-1.png,93,0.413383597105814,0.374064343311108,0.416411066881579,2,3,3,1,1,"Open closet shelves show cropped human limbs and bodies in warm lighting.The bodies are heavily fragmented, malformed, and semantically confusing within compartments.Textures appear softened, waxy, and unevenly detailed."
a closet without clothes,Unidiffuser/093-2.png,93,0.494605010292078,0.521550163980538,0.404997922179449,4,4,4,3,1,A frontal view depicts an open wardrobe containing clothes and various shelf items. Shelved objects are severely distorted and garments lack coherent fabric structure. Heavy blur and oversmoothing flatten textures and obscure fine details.
a closet without clothes,Unidiffuser/093-3.png,93,0.3729794186582609,0.4245824656579159,0.476441867500769,2,3,2,3,3,A heavily blurred close-up view of a plain brown interior surface. The subject lacks identifiable features due to extreme global softness and blur. Severe oversmoothing flattens all textures and obscures every edge boundary.
a closet without clothes,Unidiffuser/093-4.png,93,0.329885491315962,0.336348616392576,0.338804229704648,1,1,1,1,1,Heavily blurred vertical orange and white bands fill the tightly cropped frame. The subject is structurally illegible and semantically unreadable from extreme obscuration. Severe global blur eliminates all texture and edge definition.
a banana without its peel,Controlnet/094-1.png,94,0.472355510298091,0.469726825178203,0.412205596089896,2,2,2,2,1,"Three stylized bananas hang against a soft, blurred gradient background. Subject forms are recognizable but feature slightly warped tips and stems. The image displays background melting and overly smoothed surface textures."
a banana without its peel,Controlnet/094-2.png,94,0.5238395609253,0.510037082706977,0.403268767307403,2,3,2,2,2,Two yellow bananas with green stems sit on a plain gray background. The fruit stems and tips appear fused with unclear anatomical separation. Image surfaces display heavy grain and dark outlines around subject contours.
a banana without its peel,Controlnet/094-3.png,94,0.500099972403929,0.464672909183539,0.441584582249699,4,4,4,3,1,Two bunches of ripe bananas rest on a smooth brown surface. The banana stems appear slightly malformed and lack botanical structural clarity. Surfaces exhibit a waxy smoothness with softened edges and pseudo-details.
a banana without its peel,Controlnet/094-4.png,94,0.510324484939944,0.450071395965131,0.498425406721899,4,4,4,3,2,"A peeled banana lies on a wooden surface in a close-up shot. The subject shows a malformed, fused structure with indistinct fruit and peel boundaries. Textures appear waxy and smooth with subtle background repetition."
a banana without its peel,DALLE/094-1.png,94,0.591351626769032,0.542874579246535,0.489099102075051,3,3,3,2,2,A close-up shot features a partially peeled banana against a plain background. The fruit's interior shows unnatural textures and lacks plausible organic structural detail. Surfaces exhibit waxy smoothing with subtle repetitive pseudo-detailing throughout.
a banana without its peel,DALLE/094-2.png,94,0.590093260338042,0.58033465323637,0.4799428978106149,4,3,4,3,1,A photorealistic image of a partially peeled banana on a white background. The banana subject is structurally stable but features some awkward peel folding. Textures show mild oversmoothing and lack sharp organic surface definition.
a banana without its peel,DALLE/094-3.png,94,0.639837419336688,0.586388162367355,0.537924479649962,4,4,2,3,2,A photorealistic close-up of a partially peeled banana against a dark background. The banana subject is clear but features unnatural texture and malformed geometry. The fruit surface shows repetitive pseudo-details and softened edges.
a banana without its peel,DALLE/094-4.png,94,0.552063013921123,0.566013331221376,0.42963724031787,3,3,2,3,1,A photorealistic close-up features a partially peeled banana on a white surface. The subject is recognizable but exhibits distorted geometry and fused peel boundaries. Textures appear waxy with repetitive pseudo-detail artifacts.
a banana without its peel,Glide/094-1.png,94,0.427140129940862,0.476247926411693,0.4258259715364489,2,3,2,3,1,A tightly cropped macro shot depicts two yellow bananas in soft focus. The fruit anatomy is plausible although the stem region appears slightly malformed. Significant oversmoothing flattens textures and obscures all fine surface details.
a banana without its peel,Glide/094-2.png,94,0.3979539233757199,0.458964366557303,0.406421913279441,1,3,2,3,1,A yellow banana appears in a close-up against a dark background. The subject maintains a coherent shape but lacks detailed surface texture. Global oversmoothing flattens textures and softens all object boundaries.
a banana without its peel,Glide/094-3.png,94,0.400217582755562,0.4190750622256189,0.385728754329523,3,4,4,3,1,"Three yellow bananas lie on a dark surface in a top-down view. Banana stems are malformed and fused, compromising local structural integrity. Edges exhibit aliasing and textures appear waxy and flat."
a banana without its peel,Glide/094-4.png,94,0.4168114588339209,0.444019257360693,0.458982341157476,2,2,2,2,2,A close-up shows a bunch of yellow bananas against a blurred background. The fruit structure is coherent though individual banana boundaries are indistinct. The image exhibits oversmoothed textures and a lack of fine surface detail.
a banana without its peel,Lafite/094-1.png,94,0.418209451603442,0.3898614012407669,0.337564674488128,2,1,1,1,2,A blurry close-up shows a yellow amorphous blob-like creature on a plain background. The subject exhibits severe structural distortion with malformed anatomy and unreadable features. Heavy global blur and smoothing obscure all fine textural details.
a banana without its peel,Lafite/094-2.png,94,0.4383398955020889,0.437142061461165,0.457342977421251,1,3,1,1,1,A close-up of a malformed yellow organic object on a plain surface. The subject's shape is heavily warped and lacks coherent botanical structure. Severe global blur and oversmoothing eliminate fine details and edge definition.
a banana without its peel,Lafite/094-3.png,94,0.4122973678850309,0.378490072718009,0.411174445576131,2,2,2,2,2,A close-up view shows a yellow amorphous object on a plain background. The subject is severely warped and lacks a coherent structural form. Global blur and oversmoothing significantly degrade visual fidelity.
a banana without its peel,Lafite/094-4.png,94,0.373692806433947,0.384685777929169,0.3541690561722659,2,2,2,1,1,"A close-up shows a yellow amorphous mass on a white surface. The subject's structure is severely warped and lacks recognizable anatomical features. The image exhibits heavy blurring, soft textures, and low-resolution artifacts."
a banana without its peel,stable-diffusion/094-1.png,94,0.611739417236428,0.601607646691082,0.37654941835627,4,4,4,3,2,Three yellow bananas rest on a grey background in a top-down view. Subject anatomy is mostly stable though stem regions show mild fusion. Textures appear somewhat waxy with slightly softened micro-details.
a banana without its peel,stable-diffusion/094-2.png,94,0.597472754237668,0.547512172124445,0.377368214897198,4,4,3,3,1,"Two yellow bananas sit on a plain grey background in a studio style. The subject shape is stable, but the stem tips show minor fusion. Surfaces display a pervasive waxy smoothness and flat texture."
a banana without its peel,stable-diffusion/094-3.png,94,0.578718477541074,0.5532810460264129,0.421782233791275,3,4,3,2,1,"Two bunches of yellow bananas lie on a neutral grey background. The banana structures are clear but the stems appear oddly fused together. Textures lack organic grain, appearing waxy with painted-on dark spots."
a banana without its peel,stable-diffusion/094-4.png,94,0.413990717969467,0.403025951446276,0.42626820047451,2,3,2,1,1,Two green elongated fruits and a nut rest on a wooden surface. The fruits are structurally fused at the stem with melted base regions. Edges are softened and background textures appear flatly repetitive.
a banana without its peel,Unidiffuser/094-1.png,94,0.514840055391819,0.4597563782553069,0.390693932563412,3,3,2,1,3,A photorealistic close-up depicts a bunch of yellow bananas on a dark surface. The fruit bodies are malformed and fused into a structurally confusing mass. Textures appear overly smooth while edges lack sharp definition.
a banana without its peel,Unidiffuser/094-2.png,94,0.340193822916491,0.350101518540558,0.3013265221308019,1,1,1,1,1,A macro view of a partially visible banana on a brown background. The subject is recognizable but the tip is malformed and lacks structural clarity. Heavy global blur creates flat textures and eliminates fine surface details.
a banana without its peel,Unidiffuser/094-3.png,94,0.419425293388717,0.4147899990220089,0.388901616405191,2,3,1,3,1,A close-up shot shows a yellow banana against a plain background. The fruit maintains a plausible shape but lacks realistic skin texture. Surfaces appear flat and waxy with softened edge definition.
a banana without its peel,Unidiffuser/094-4.png,94,0.395386940870111,0.385375970133446,0.340288118239512,3,3,2,2,1,A close-up captures a smooth white object with a green stripe by a yellow surface. The subject's simple shape remains coherent despite soft edges and partial framing. Global blur and waxy textures soften visible details.
a plate that has no bananas on it. there is a glass without orange juice next to it.,Controlnet/095-1.png,95,0.519703646300026,0.506260819384506,0.457915651165648,3,4,3,2,2,"A grey plate, banana, and white object sit on a beige cloth. The central white object is structurally malformed with unclear semantic identity. Surfaces show slight oversmoothing and waxy pseudo-detailing across the frame."
a plate that has no bananas on it. there is a glass without orange juice next to it.,Controlnet/095-2.png,95,0.59833045877854,0.478245020949868,0.457581229772695,4,4,3,2,2,A photorealistic close-up shows lemons on a gray plate near a patterned cloth. The central lemon slice is severely malformed with implausible geometry. Textures show subtle graininess and inconsistent fine detail.
a plate that has no bananas on it. there is a glass without orange juice next to it.,Controlnet/095-3.png,95,0.569532652459078,0.61356918211836,0.520626534848839,4,4,4,3,3,"A top-down view of an orange slice, cup, and yellow shapes on a plate. The cup handle is malformed and fused, and yellow objects are semantically unclear. Textures appear flat and waxy with softened edges."
a plate that has no bananas on it. there is a glass without orange juice next to it.,Controlnet/095-4.png,95,0.533231435057802,0.510633418484716,0.471944174759709,4,3,3,2,2,A top-down view shows bananas and a lemon on a ceramic plate. The fruit structures appear fused and lack organic complexity. Textures are overly smooth and edges lack sharp definition.
a plate that has no bananas on it. there is a glass without orange juice next to it.,DALLE/095-1.png,95,0.589725665956446,0.525517072341402,0.3782282335726419,4,4,4,3,2,An overhead view of a banana on a plate beside a juice glass. The banana stem region is slightly fused with the plate surface. Wood textures show heavy smoothing and lack fine local detail.
a plate that has no bananas on it. there is a glass without orange juice next to it.,DALLE/095-2.png,95,0.564128342613087,0.556018388460211,0.40543249691661,3,3,2,3,2,A top-down view shows a banana and juice glass on a patterned plate. The banana features strange markings and the plate rim contains distorted geometric shapes. Global textures appear softened with noticeable blur across all object edges.
a plate that has no bananas on it. there is a glass without orange juice next to it.,DALLE/095-3.png,95,0.659929481162646,0.605435759545138,0.461703276175029,4,4,4,3,1,A banana rests on a plate beside a glass on a textured surface. The subjects are clear but the plate rim displays unnatural fused granular textures. Textures appear waxy with repetitive swirling patterns.
a plate that has no bananas on it. there is a glass without orange juice next to it.,DALLE/095-4.png,95,0.526248261004945,0.501093529747783,0.422159186805371,4,4,4,3,1,A banana sits on a white plate with orange rings on a green surface. The fruit exhibits minor anatomical distortion at the tips but stays structurally coherent. Overall textures appear oversmoothed with softened edge definitions.
a plate that has no bananas on it. there is a glass without orange juice next to it.,Glide/095-1.png,95,0.4416017179402209,0.435314173969946,0.417383914959545,2,3,2,2,2,Two yellow mangoes sit on a white plate against a red background. The mangoes are recognizable but the spoon is severely distorted and fused. Extreme oversmoothing results in flat textures and poorly defined edges.
a plate that has no bananas on it. there is a glass without orange juice next to it.,Glide/095-2.png,95,0.397339224652559,0.439661056612931,0.434410783784239,2,2,2,3,3,A yellow cup of orange liquid sits on a white plate. The subject's form is coherent but lacks clear boundaries and internal detail. Extreme global blur and oversmoothing flatten all textures and obscure edges.
a plate that has no bananas on it. there is a glass without orange juice next to it.,Glide/095-3.png,95,0.3881146953948999,0.393221286728131,0.401610389001994,2,3,2,1,2,A digital image displays a banana and orange on a white plate. The banana forms an unnatural ring and the orange lacks organic detail. Global oversmoothing flattens textures and softens all object boundaries.
a plate that has no bananas on it. there is a glass without orange juice next to it.,Glide/095-4.png,95,0.358965831401297,0.424330589708883,0.432326369985565,4,4,4,3,1,A close-up of a citrus fruit cross-section on a dark background. The subject is semantically clear but its internal anatomy is poorly defined. Severe global blur and oversmoothing flatten all textures and edges.
a plate that has no bananas on it. there is a glass without orange juice next to it.,Lafite/095-1.png,95,0.3906700674307529,0.405971654839622,0.351780793446592,1,1,1,1,1,A photorealistic close-up of a distorted egg yolk inside a clear container. The subject displays fused internal structures and lacks coherent organic geometry. Significant oversmoothing and waxy textures reduce surface detail clarity.
a plate that has no bananas on it. there is a glass without orange juice next to it.,Lafite/095-2.png,95,0.390682698947487,0.323602303204687,0.319224815946462,1,1,1,1,1,"A macro view captures a yellow organic mass in a clear bowl. The subject's internal structure is malformed and semantically ambiguous, lacking coherent geometric logic. Global textures appear waxy and oversmoothed with weak edge definition."
a plate that has no bananas on it. there is a glass without orange juice next to it.,Lafite/095-3.png,95,0.410740746149643,0.385617842452212,0.3771600382169059,1,1,1,1,1,A close-up shows a warped white plate with a blurred orange substance. The subject is structurally malformed with an irregular rim and incoherent contents. Heavy oversmoothing and lack of detail affect the image's overall clarity.
a plate that has no bananas on it. there is a glass without orange juice next to it.,Lafite/095-4.png,95,0.399408650250812,0.384245327619007,0.3408865718916929,1,1,1,1,1,"A soft-focus shot depicts a white dish containing amorphous yellow contents. The subject is structurally incoherent, appearing as a fused and unrecognizable mass. Severe blurring and oversmoothing eliminate texture and edge definition entirely."
a plate that has no bananas on it. there is a glass without orange juice next to it.,stable-diffusion/095-1.png,95,0.616088038453963,0.575700659005163,0.474667969179846,4,4,4,3,2,"A white plate holds a banana and yellow fruit on a blue cloth. The main subject is stable, but the side fruit's structure is slightly distorted. Fabric textures show subtle repetition and softened detail."
a plate that has no bananas on it. there is a glass without orange juice next to it.,stable-diffusion/095-2.png,95,0.400182031219192,0.40287833527307,0.4700334181057179,2,2,2,1,2,"A soft-focus digital painting depicts a distorted table setting with plates and fruit. Tableware and food are heavily warped, fused, and lack clear structural integrity. Severe blurring and waxy textures obscure details and edges."
a plate that has no bananas on it. there is a glass without orange juice next to it.,stable-diffusion/095-3.png,95,0.552376501708538,0.590789803658279,0.362016091781706,4,4,4,3,2,"A top-down view shows a plate with bananas, a strawberry, and juice. Subjects are clear though the strawberry and plate rim show minor warping. Surfaces are smooth with a melting artifact at the image base."
a plate that has no bananas on it. there is a glass without orange juice next to it.,stable-diffusion/095-4.png,95,0.623034448406426,0.630225497172742,0.510569732330295,4,3,3,3,2,A photorealistic still life shows a glass of yellow liquid and yellow objects. Yellow objects appear structurally malformed with fused edges and unreadable printed text. Surfaces exhibit waxy oversmoothing and inconsistent background texture patterns.
a plate that has no bananas on it. there is a glass without orange juice next to it.,Unidiffuser/095-1.png,95,0.576697693762766,0.505887902698426,0.454046949308832,3,4,3,2,1,A photorealistic close-up shows two split bananas on a plate near a drink. The bananas show unnatural shapes and fused textures with confusing dark central slits. Background textures show repetitive noise and softened edges.
a plate that has no bananas on it. there is a glass without orange juice next to it.,Unidiffuser/095-2.png,95,0.496584934875229,0.468020659612456,0.4293206556957439,4,4,4,2,1,An overhead shot features a bowl of orange liquid and a plate of malformed fruit. The yellow fruit exhibits severe structural fusion and unnatural tied shapes. Global textures appear slightly waxy and oversmoothed with softened detail.
a plate that has no bananas on it. there is a glass without orange juice next to it.,Unidiffuser/095-3.png,95,0.3627815553146309,0.402669802737192,0.436484392453118,2,2,2,2,2,A heavily blurred close-up shows a glass and food on a table. The subject's structure is severely distorted by melting and loss of form. Excessive blur removes all discernible texture and edge information.
a plate that has no bananas on it. there is a glass without orange juice next to it.,Unidiffuser/095-4.png,95,0.45350021009553,0.47709728484081,0.418940520528945,3,3,3,3,3,A white plate holds orange slices and yellowish food on a dark table. The food items are recognizable but exhibit slight shape fusion and blurring. Global blur and compression noise significantly reduce texture clarity.
We painted the wall with cracks.,Controlnet/096-1.png,96,0.62515613404244,0.597867739139567,0.5437598700727669,4,4,4,3,3,A close-up shot depicts a cracked interior wall next to a door frame. The wall damage is recognizable but features implausibly thin and flat fissures. The image exhibits global oversmoothing and significantly softened surface textures.
We painted the wall with cracks.,Controlnet/096-2.png,96,0.6464746518566029,0.597621697745356,0.62633704821553,4,4,3,2,3,A man on a ladder repairs a large crack in an interior wall. The subject's hands are malformed with fused fingers contacting the wall surface. Textures and edges show pervasive oversmoothing and blurred detail.
We painted the wall with cracks.,Controlnet/096-3.png,96,0.539918477361645,0.5361601647272211,0.517463665129626,3,4,3,2,3,"A realistic photo shows an interior wall with large, dark, jagged crack patterns. The crack structures lack physical depth and appear as flat, implausible drawings. Edges show mild softness and textures appear somewhat flat."
We painted the wall with cracks.,Controlnet/096-4.png,96,0.654869260317131,0.584149579893715,0.58764349487834,3,4,4,3,3,"Two blonde figures stand before a dark wall with painted white cracks. The left figure exhibits severe anatomical confusion with malformed limbs and fused attire. Surfaces appear overly smooth with muddy, inconsistent texture."
We painted the wall with cracks.,DALLE/096-1.png,96,0.536812600239972,0.534626744814206,0.513596384412544,3,4,3,3,3,"A close-up shows a pale blue painted surface with prominent cracks and peeling. The main crack structure is coherent, while finer fissures show inconsistent depth. Textures appear overly smooth and lack natural micro-grain detail."
We painted the wall with cracks.,DALLE/096-2.png,96,0.61580017166811,0.578991476530132,0.513228524464117,3,3,3,3,2,A close-up shows a light grey wall surface with prominent dark cracks. The crack network is mostly coherent though some intersections appear geometrically artificial. Surface textures look slightly waxy with softened detail and inconsistent grain.
We painted the wall with cracks.,DALLE/096-3.png,96,0.6423277533299501,0.607900220792284,0.616234457895844,4,4,3,3,3,A close-up depicts a cracked and peeling light-colored wall surface. The damaged area is readable but shows unnatural flatness along the fracture lines. Textures exhibit mild oversmoothing and a lack of fine surface grain.
We painted the wall with cracks.,DALLE/096-4.png,96,0.590545968014041,0.612226640190353,0.582186289140666,4,4,2,3,3,"A close-up shot features a vertical crack on a white plastered wall. The main fissure is clear, with a small malformed artifact at the base. Textures show smoothing and lack authentic material grain."
We painted the wall with cracks.,Glide/096-1.png,96,0.409671602007961,0.3891916283386959,0.313471106754312,1,1,1,1,1,The image presents a plain abstract color gradient with no visible subject. No identifiable structures or objects exist to assess for semantic readability. The field is dominated by extreme oversmoothing and a total absence of texture.
We painted the wall with cracks.,Glide/096-2.png,96,0.431651352480212,0.486108942724693,0.355913573455502,2,2,1,2,1,"A close-up view of a plain light-colored wall under soft lighting. The simple planar structure of the wall and corner is structurally stable. The image shows noticeable blur, oversmoothing, and flat textures."
We painted the wall with cracks.,Glide/096-3.png,96,0.481554462280598,0.481731750478933,0.418241266256067,2,3,2,3,2,A blurry interior shot features a plain wall and a doorway. The basic geometric structure of the room remains coherent and readable. Severe blurring eliminates all surface textures and sharp edges.
We painted the wall with cracks.,Glide/096-4.png,96,0.456324683377638,0.4434305495030169,0.382691918793862,2,2,2,2,1,A blurry image shows a plain wall illuminated by warm indoor light. The simple planar subject maintains basic geometric coherence without distortion. Extreme global blur and oversmoothing completely flatten texture and edges.
We painted the wall with cracks.,Lafite/096-1.png,96,0.473174706591875,0.460220213829589,0.507003917497113,2,2,2,2,3,"A blurry photo captures a concrete wall with abstract colorful markings. The markings are malformed and lack any recognizable structural coherence. Global quality suffers from severe blur, grain, and softened edges."
We painted the wall with cracks.,Lafite/096-2.png,96,0.448283371167628,0.478555331931206,0.476978246356153,3,2,2,2,2,"A close-up shows a cracked concrete wall with faint, distorted markings. The wall structure is stable, but the markings are semantically unreadable. Global blur and grainy noise obscure fine details."
We painted the wall with cracks.,Lafite/096-3.png,96,0.439634906125032,0.4900545317006,0.500741520592002,4,4,4,3,3,A close-up view captures a cracked grey wall with colorful paint splatters. The colorful markings are structurally ambiguous and lack distinct boundary clarity. Textures show significant oversmoothing and a pervasive waxy appearance throughout.
We painted the wall with cracks.,Lafite/096-4.png,96,0.422584342624601,0.446029210017629,0.46107677728886,2,3,2,2,3,A close-up shows a weathered concrete wall with peeling paint and graffiti. The wall structure is stable but the markings are incoherent and illegible. Heavy blur and noise obscure fine details and soften edges.
We painted the wall with cracks.,stable-diffusion/096-1.png,96,0.6508095317438329,0.663104158701578,0.628514962100201,3,4,4,3,3,A close-up shows a cracked interior wall beside a white door frame. The wall's jagged fractures show minor geometric inconsistencies but remain semantically readable. Textures show mild noise and softened detail in dark regions.
We painted the wall with cracks.,stable-diffusion/096-2.png,96,0.407001741129341,0.368749486760162,0.385911569266511,3,1,1,2,1,"An abstract image features a tree-like form and white branches on a dark background. The subject is poorly defined and fused with the background, appearing structurally unstable. Heavy oversmoothing and flat textures obscure fine details."
We painted the wall with cracks.,stable-diffusion/096-3.png,96,0.506420024283264,0.528364344491881,0.530534389455637,2,3,3,2,3,A photorealistic interior view features a wall with large white crack-like patterns. The subject exhibits structurally implausible vein-like markings and a poorly defined baseboard. Significant blur and grainy noise degrade the overall perceptual sharpness.
We painted the wall with cracks.,stable-diffusion/096-4.png,96,0.6533539407785609,0.634249211249869,0.6554080148815601,4,4,4,3,3,Two women stand before a cracked wall and an exposed brick section. The figures show distorted anatomy with blurry hands and unnatural body contours. Heavy blur and smeared textures degrade the global perceptual quality.
We painted the wall with cracks.,Unidiffuser/096-1.png,96,0.60817054840951,0.607401944757583,0.5263962956100771,4,4,4,3,2,A close-up view captures a textured wall with prominent dark cracks. The cracks appear as flat overlays lacking realistic depth or material displacement. Surface texture shows uniform graininess and flat lighting across the frame.
We painted the wall with cracks.,Unidiffuser/096-2.png,96,0.403926893279724,0.4534212729455379,0.4849959641492299,3,3,3,3,2,A close-up view shows a blurred wall surface with prominent dark cracks. The crack geometry is coherent but lacks realistic depth and sharp edges. Global oversmoothing creates a waxy appearance and removes all fine texture.
We painted the wall with cracks.,Unidiffuser/096-3.png,96,0.626938694845545,0.6503716463010091,0.599225032180133,4,4,4,3,3,A close-up shows a light surface covered in a dense network of dark cracks. The crack pattern is structurally coherent and readable despite minor line inconsistencies. Surface textures appear smooth and lack fine-grained micro-detail.
We painted the wall with cracks.,Unidiffuser/096-4.png,96,0.63202829281161,0.585974617715136,0.601162793707885,4,4,4,3,3,A close-up view depicts a pale surface with a complex network of dark cracks. The crack structure is largely plausible though it features some illogical intersections. Surface details are minimal and crack boundaries exhibit slight softening.
a kitchen without a refrigerator,Controlnet/097-1.png,97,0.584973155712126,0.526601821491469,0.453068327814747,4,4,4,3,1,A photorealistic kitchen interior displays various stainless steel appliances and white cabinets. The under-counter appliance structure is malformed and contains visually confusing internal items. Surfaces show waxy smoothing and background text is completely illegible.
a kitchen without a refrigerator,Controlnet/097-2.png,97,0.6468764415307681,0.6029568337068469,0.38254549295121,4,4,4,3,2,A realistic modern kitchen interior features wooden cabinetry and stainless steel appliances. Appliance surfaces display semantically confusing reflections and distorted internal details. Metallic textures appear waxy with repetitive pseudo-detailing.
a kitchen without a refrigerator,Controlnet/097-3.png,97,0.606681562512409,0.618761701988463,0.410326656446433,3,4,4,3,2,A modern kitchen interior features a central island and multiple stainless steel appliances. The spatial layout is semantically confusing due to the redundant placement of two refrigerators. Metallic surfaces exhibit subtle pseudo-detailing and slightly waxy textures.
a kitchen without a refrigerator,Controlnet/097-4.png,97,0.6577788744874521,0.702623029788106,0.5403205559027799,4,4,4,3,2,A photorealistic modern kitchen interior with grey cabinets and stainless steel appliances. Subject structure is compromised by misplaced wall fruit and distorted appliance interfaces. Surfaces show waxy oversmoothing and repetitive pseudo-detailing.
a kitchen without a refrigerator,DALLE/097-1.png,97,0.498714211487464,0.487963971581457,0.484611133645686,4,3,3,2,2,A cluttered room corner shows a rusty refrigerator and a malformed appliance. The central machine exhibits severe structural fusion and poor semantic readability. Surfaces exhibit oversmoothing and inconsistent textural details.
a kitchen without a refrigerator,DALLE/097-2.png,97,0.523667374866409,0.4947884267779039,0.455496868210017,4,4,4,3,1,A low-angle view captures tangled cables and boxes against a plain wall. Cable routing lacks physical logic and the box structure is geometrically distorted. Textures appear waxy with softened edges and flat detail.
a kitchen without a refrigerator,DALLE/097-3.png,97,0.496436263998509,0.5597650775623709,0.480205125001674,3,3,2,3,3,A photorealistic interior shows unfinished walls and wooden cabinets above a plastic-covered counter. The cabinet contains a malformed device and the wall texture shows repetitive patterns. Surfaces appear waxy and oversmoothed with inconsistent local lighting.
a kitchen without a refrigerator,DALLE/097-4.png,97,0.603228451754812,0.600381992395844,0.561954389635858,4,4,3,3,3,"A photorealistic kitchen corner contains empty upper cabinets and a small oven. Major structures remain plausible, though internal cabinet geometry lacks logical consistency. Image surfaces exhibit significant oversmoothing and flattened textural details."
a kitchen without a refrigerator,Glide/097-1.png,97,0.3815915035214889,0.40090714913427,0.468027337867631,2,3,3,2,2,A blurry interior shot shows a kitchen counter with wooden cabinets and appliances. The scene is structurally coherent but lacks readable detail due to heavy obscuration. Severe global blur eliminates texture and sharpness across the entire frame.
a kitchen without a refrigerator,Glide/097-2.png,97,0.441688324279185,0.4252541712848199,0.411977165549011,3,3,3,3,2,A blurred interior scene features a red object in a vase by a cabinet. The subject's structure is unrecognizable due to extreme lack of focal clarity. Pervasive softness eliminates all surface texture and sharp details.
a kitchen without a refrigerator,Glide/097-3.png,97,0.416880209287236,0.5141449593538581,0.55835779188544,2,3,2,3,2,"A blurry kitchen interior shows white cabinets, shelves, and a cluttered counter. Objects are recognizable but structurally indistinct and lack clear geometric definition. Severe global blur flattens textures and eliminates all edge definition."
a kitchen without a refrigerator,Glide/097-4.png,97,0.373785309556297,0.506933554919857,0.521106163452443,1,2,3,3,3,A low-fidelity interior view shows wooden kitchen cabinets and white appliances. The subject's spatial layout is plausible but lacks precise geometric definition. Heavy global blur flattens textures and obscures all fine edge details.
a kitchen without a refrigerator,Lafite/097-1.png,97,0.428141809681765,0.43366999959714,0.4377147636458939,2,1,2,2,3,A distorted digital rendering of a modern kitchen interior featuring fruit. The cabinetry and appliances exhibit severe geometric warping and spatial inconsistency. Global oversmoothing and waxy textures obscure fine surface details.
a kitchen without a refrigerator,Lafite/097-2.png,97,0.462522887019528,0.430211169061722,0.475753501269665,2,3,3,1,1,"A heavily blurred digital painting depicts a distorted kitchen interior with appliances. The main subject exhibits severe warping and fusion of cabinet and oven structures. Global oversmoothing eliminates textures and creates waxy, indistinct surface appearances throughout."
a kitchen without a refrigerator,Lafite/097-3.png,97,0.450966573511038,0.480869394827222,0.537523257274282,2,1,1,1,3,"A soft-focus digital rendering depicts a warped kitchen interior with cabinetry. The subject displays severe geometric distortion and fused structures that impair readability. Global oversmoothing results in flat, waxy textures lacking sharp detail."
a kitchen without a refrigerator,Lafite/097-4.png,97,0.422584164993074,0.447113169586744,0.434526659557969,2,2,2,1,1,A soft-focus digital painting depicts a warped kitchen interior with appliances. Subject geometry is severely distorted as appliances and cabinetry fuse into illegible shapes. Oversmoothing and melting edges flatten textures and obscure details.
a kitchen without a refrigerator,stable-diffusion/097-1.png,97,0.471682219742529,0.497693639798022,0.559600757541214,3,2,2,1,3,A photorealistic modern kitchen interior features light wood cabinets and a white island. The subject exhibits distorted appliance geometry and melted cabinet boundaries reducing clarity. Global oversmoothing creates flat textures and softened edges everywhere.
a kitchen without a refrigerator,stable-diffusion/097-2.png,97,0.527903046635429,0.537474431617378,0.44618804915195,4,4,4,3,2,A realistic kitchen interior features white cabinetry and a dark refrigerator. The subject structure is stable with plausible geometry and clear separation. Surfaces exhibit slightly flat textures and subtle repetitive grain patterns.
a kitchen without a refrigerator,stable-diffusion/097-3.png,97,0.590046753495334,0.645562347609874,0.485885374949256,3,3,3,3,2,A photorealistic kitchen interior features dark cabinetry and dual refrigerators. The kitchen layout is semantically confused by the redundant placement of two refrigerators. Surfaces exhibit waxy textures and softened edge definitions throughout the scene.
a kitchen without a refrigerator,stable-diffusion/097-4.png,97,0.559167701792803,0.529345118919489,0.433115990648471,3,3,3,2,1,A modern kitchen interior features a stainless steel refrigerator and wooden cabinetry. The refrigerator and cabinet structures are largely stable but show minor surface inconsistencies. Surfaces exhibit oversmoothing with flat textures and weak fine details.
a kitchen without a refrigerator,Unidiffuser/097-1.png,97,0.556260769452686,0.567244683994403,0.436384791744212,3,3,2,2,1,A photorealistic kitchen scene features a tall stacked refrigerator and white cabinetry. The main appliance stack exhibits warped geometry and illegible surface markings. Textures appear waxy and edges lack sharp definition across the image.
a kitchen without a refrigerator,Unidiffuser/097-2.png,97,0.359777800922896,0.408113900941178,0.394881541572771,1,1,1,1,1,A heavily blurred interior scene contains wooden cabinets and a wall. The subject forms are indistinct and lack readable structural details. Severe global blur flattens all textures and softens every boundary.
a kitchen without a refrigerator,Unidiffuser/097-3.png,97,0.553583755535886,0.534194704632706,0.490125204709009,3,3,3,2,2,A photorealistic kitchen scene features a large refrigerator and wooden cabinetry. Kitchen fixtures and cabinet geometry appear warped with indistinct appliance details. Surfaces exhibit heavy oversmoothing and lack fine textural definition.
a kitchen without a refrigerator,Unidiffuser/097-4.png,97,0.491841854366487,0.493614346483296,0.395090850379635,4,4,4,3,2,A white refrigerator stands in a kitchen with red cabinets and a counter. The appliance features an implausible central screen displaying a distorted and confusing view. Global blur creates flat textures and indistinct object boundaries.
a street without vehicles,Controlnet/098-1.png,98,0.561925696490776,0.534895804001399,0.593433285270698,4,4,4,3,3,"A sunlit, eye-level view of a colorful cobblestone street lined with buildings. Architectural features like windows and balconies show inconsistent scales and illogical placements. Cobblestone patterns are repetitive and surfaces look somewhat waxy."
a street without vehicles,Controlnet/098-2.png,98,0.562003191892261,0.602279555727511,0.603272770988365,3,4,3,3,3,"A photorealistic street scene features trees and storefronts under soft evening light. The street structure is stable, while background foliage appears visually fused. Surfaces exhibit a waxy texture with softened details and blurred edges."
a street without vehicles,Controlnet/098-3.png,98,0.525576182412779,0.447900102499525,0.497506368203383,3,3,2,2,1,A photorealistic eye-level view of a person on a colorful city street. The distant vehicle is heavily distorted and building geometry appears warped. Global blur flattens textures and softens edges.
a street without vehicles,Controlnet/098-4.png,98,0.5663104369555441,0.5424231910126059,0.604763201808155,3,3,3,2,3,A photorealistic eye-level view of a narrow street between tall buildings at dusk. Architecture features fused windows and repetitive patterns while distant people are malformed. Surfaces show waxy textures and inconsistent lighting.
a street without vehicles,DALLE/098-1.png,98,0.637942203966787,0.64174280376021,0.6037576921159851,4,4,4,3,3,"A photorealistic street scene shows a paved road, dense trees, and a blue signpost. Road markings and trees are warped, rendering the sign text semantically illegible. Global textures appear smooth with softened edges and repetitive patterns."
a street without vehicles,DALLE/098-2.png,98,0.6267081817748911,0.606060733245339,0.590129237783062,4,3,3,3,2,A low-angle view depicts a massive concrete overpass above a city road. The subject displays distorted pavement markings and implausible pillar connections. Textures lack sharpness and exhibit a consistent oversmoothing effect.
a street without vehicles,DALLE/098-3.png,98,0.627273362238587,0.657460884289965,0.604719583113344,4,4,4,3,3,A photorealistic street view captures a curved road with trees and lamps. Lamp posts show distorted curvature and background structures appear melted. Textures are overly smooth with noticeable blurring across all surfaces.
a street without vehicles,DALLE/098-4.png,98,0.592008052619864,0.580625787241632,0.59796374569071,4,4,4,3,3,A photorealistic view of a road between a brick building and tall fences. Road markings and fence lines display warped perspective and inconsistent scaling. Distant regions are oversmoothed and textures lack sharp edge definition.
a street without vehicles,Glide/098-1.png,98,0.415234874824119,0.505938926291372,0.40206437945266,2,3,2,2,1,A blurry nighttime street scene features a distorted vehicle in the foreground. The primary vehicle shows severe geometric warping and structurally implausible front-end details. Heavy global blur and noise degrade overall edge definition and clarity.
a street without vehicles,Glide/098-2.png,98,0.3958100744721269,0.521187271276342,0.327808426085282,2,2,2,3,2,A blurred eye-level view of a residential street with parked cars and buildings. Vehicles and architecture lack clear structural definition from pervasive global smoothing. Heavy blur flattens textures and obscures fine details.
a street without vehicles,Glide/098-3.png,98,0.3938349781704229,0.508079053536084,0.540942756788967,1,2,2,3,3,A blurry nighttime scene shows a vehicle on a snowy street near buildings. Extreme motion or focus blur renders the subject's structure unrecognizable and semantically unreadable. Severe global blur and heavy halos dominate the entire image.
a street without vehicles,Glide/098-4.png,98,0.319785044279203,0.382643552293726,0.421343211582887,1,2,1,1,3,A blurry nighttime shot features elongated light streaks on a paved road. Road perspective and light alignment remain spatially logical and readable. Extreme global softness eliminates texture detail and blurs all boundaries.
a street without vehicles,Lafite/098-1.png,98,0.393623424688989,0.421904814992903,0.441401097566322,1,2,2,1,3,"A distorted eye-level view of a coastal town street flanked by buildings. Architectural forms are severely warped with melted windows and broken geometric logic. Extreme oversmoothing eliminates detail and creates flat, waxy surface textures."
a street without vehicles,Lafite/098-2.png,98,0.446932669994926,0.402241231464179,0.5175897097496179,2,2,2,2,3,"A distorted eye-level view of a street flanked by buildings in daylight. Buildings and objects are severely warped, fused, and lack coherent geometry. Extreme blur, oversmoothing, and flat waxy textures dominate the visual field."
a street without vehicles,Lafite/098-3.png,98,0.41155782114043,0.416740278241272,0.4702968595058079,3,3,3,2,3,A blurry eye-level shot shows a narrow street flanked by warped buildings. Building geometry is severely distorted with melted features and inconsistent window placements. Oversmoothing and weak edge definition obscure fine surface details.
a street without vehicles,Lafite/098-4.png,98,0.442528239589608,0.434812116603265,0.415619263306641,2,2,3,2,3,"A distorted urban street scene features warped buildings and parked vehicles under daylight. Building geometries are severely warped and fused, causing significant spatial confusion. Widespread oversmoothing and flat textures reduce perceptual sharpness."
a street without vehicles,stable-diffusion/098-1.png,98,0.58891660853316,0.524129622376084,0.516024544065661,3,3,3,3,3,A photorealistic view of a narrow urban street lined with colorful buildings. Architecture displays malformed frames and illogical attachments that compromise structural plausibility. Cobblestone textures are repetitive and flat while distant details appear oversmoothed.
a street without vehicles,stable-diffusion/098-2.png,98,0.628822462188967,0.620562012717549,0.5435399745549789,4,3,2,2,1,A photorealistic eye-level view of a tree-lined street with distant pedestrians. Distant pedestrians are vague blobs and storefront text is semantically unreadable. Foliage looks waxy and fine details are softened throughout.
a street without vehicles,stable-diffusion/098-3.png,98,0.647675496105954,0.613900230822765,0.616222217235563,4,3,3,3,3,A central-perspective view of a narrow street between detailed historic-style buildings. Facade structures contain malformed window geometries and repetitive pseudo-architectural details. Image-wide oversmoothing flattens textures and softens all high-frequency boundaries.
a street without vehicles,stable-diffusion/098-4.png,98,0.420474893231997,0.456253837208866,0.4513315346995519,1,2,2,3,2,"A top-down view of a distorted urban street intersection with vehicles. Vehicles and infrastructure are malformed, fused, and lack clear geometric structure. Global blurring, smearing, and flat textures dominate the visual field."
a street without vehicles,Unidiffuser/098-1.png,98,0.375917297962074,0.432948497171483,0.375692676543224,1,1,1,1,3,A blurry urban street view contains indistinct buildings and vehicle shapes. Subject structures are fused and semantically unreadable from heavy smoothing. Global oversmoothing flattens textures and dissolves all object boundaries.
a street without vehicles,Unidiffuser/098-2.png,98,0.573080362506149,0.589192317642449,0.428255499760054,3,3,3,1,1,A photorealistic street scene depicts a silver car on a narrow road. The vehicle exhibits severe structural warping and malformed rear panel details. Textures show oversmoothing and weak edge definition.
a street without vehicles,Unidiffuser/098-3.png,98,0.639866259316469,0.575664868781431,0.481080370666974,3,2,2,2,1,A photorealistic eye-level view of a sunlit street flanked by buildings. The street layout contains malformed traffic elements and inconsistent lane marking geometry. Textures appear waxy and distant architectural details are heavily softened.
a street without vehicles,Unidiffuser/098-4.png,98,0.504428545868589,0.439035461212162,0.4116523167111189,4,4,2,2,2,A realistic street scene shows cars and buildings under overcast light. The central vehicle is severely malformed and warped into an unrecognizable fused mass. Distant details lack sharpness and some surfaces appear overly smoothed.
An aerial view of Ha Long Bay without any boats,Controlnet/099-1.png,99,0.553393285295609,0.537377407451334,0.496651849233748,4,4,4,3,2,An aerial view shows a green river between karst mountains and boats. The foreground vessel is severely malformed with fused and broken structural parts. Waxy textures and extreme saturation degrade the global perceptual quality.
An aerial view of Ha Long Bay without any boats,Controlnet/099-2.png,99,0.562467471580787,0.52369688714923,0.518818567775215,4,4,4,3,2,An aerial view shows lush limestone karsts in bright blue water. The geological forms are recognizable but exhibit softening and base fusion. Waxy textures and high saturation obscure fine surface details.
An aerial view of Ha Long Bay without any boats,Controlnet/099-3.png,99,0.587823786616794,0.507959155185328,0.476754802797269,2,3,4,3,3,A vibrant high-angle landscape depicts limestone karsts and boats in a green bay. Mountain forms are stable while boat structures appear distorted and lack detail. Textures appear waxy and oversaturated with visible global oversmoothing.
An aerial view of Ha Long Bay without any boats,Controlnet/099-4.png,99,0.5443274741110671,0.490935516881021,0.513542561315961,4,4,4,3,2,An aerial view displays vibrant limestone karsts within a highly saturated bay. The central island structure is clear while background formations show minor fusion. High saturation creates a plastic-like look with softened fine details.
An aerial view of Ha Long Bay without any boats,DALLE/099-1.png,99,0.640256425764484,0.585875217092742,0.564248126372787,3,3,3,2,3,"An aerial view shows a vast bay filled with numerous rocky islands under hazy light. The main island's shoreline has unnatural transitions, and smaller islets lack distinct structure. Textures appear flat and repetitive, with softened definitions."
An aerial view of Ha Long Bay without any boats,DALLE/099-2.png,99,0.568953919619902,0.554760064404215,0.572693533064434,4,4,4,3,3,A high-angle view captures rocky islands in turquoise water under a hazy sky. The formations show consistent structure and clear spatial layout without distortion. Textures appear flat and edges show subtle global softening.
An aerial view of Ha Long Bay without any boats,DALLE/099-3.png,99,0.642479189073399,0.584329777460052,0.579537586433433,4,4,4,3,3,"Aerial view of limestone karst islands scattered across a calm bay. Island structures are mostly coherent, but small boats show simplified and indistinct shapes. Distant textures appear softened while the water surface lacks fine detail."
An aerial view of Ha Long Bay without any boats,DALLE/099-4.png,99,0.573078528417878,0.589716563765192,0.432473382564342,3,4,4,2,2,An aerial photorealistic view depicts a vast bay with scattered limestone islands. Island structures are coherent though distant vessels lack clear semantic definition. Distant textures exhibit significant oversmoothing and flattened surface detail.
An aerial view of Ha Long Bay without any boats,Glide/099-1.png,99,0.45021955268927,0.497514530900343,0.479609787366563,1,2,2,3,1,"An aerial view shows colorful boats on turquoise water near green islands. Vessels appear as indistinct, fused blobs lacking clear hulls or definition. Extreme oversmoothing removes all texture and edge definition."
An aerial view of Ha Long Bay without any boats,Glide/099-2.png,99,0.4311245223810699,0.4614985700458709,0.4527956689912579,2,2,2,3,2,A hazy aerial view of a bay with karst peaks and vessels. The landscape maintains a plausible layout despite pervasive low-resolution blurring. Extreme smoothing removes all natural texture and edge clarity.
An aerial view of Ha Long Bay without any boats,Glide/099-3.png,99,0.365154647021775,0.4195606259058489,0.419179177858504,1,2,2,1,1,A blurry aerial view shows rocky islands and boats on green water. Island geometry is stable but vessel details are completely lacking semantic clarity. Pervasive oversmoothing results in flat textures and extremely softened boundaries.
An aerial view of Ha Long Bay without any boats,Glide/099-4.png,99,0.376649637120397,0.4189563274146259,0.411677408674144,1,2,2,3,2,"A blurry aerial view from a plane shows red boats on blue water. The boat subjects are small, structurally vague, and lack readable details. Severe global blur eliminates edge definition and flattens surface textures."
An aerial view of Ha Long Bay without any boats,Lafite/099-1.png,99,0.42414472466508,0.539106558074646,0.508205317362091,2,3,3,2,3,An aerial view shows a hazy coastal port with several ships. Vessel structures are malformed and the port layout lacks spatial coherence. Heavy global blur and flat textures obscure all fine details.
An aerial view of Ha Long Bay without any boats,Lafite/099-2.png,99,0.4461206929939609,0.518906229858451,0.495100742073759,1,3,2,3,2,"An aerial view captures a hazy coastal port with ships and docks. Ships and dockside structures are malformed, fused blobs lacking geometric coherence. Severe global blur and oversmoothing eliminate most fine textural details."
An aerial view of Ha Long Bay without any boats,Lafite/099-3.png,99,0.421181295408487,0.444732475419155,0.487373187365094,2,2,2,1,1,An aerial view depicts a hazy industrial port with ships along a coastline. Ships and docks appear softened with indistinct geometry and poor object separation. Heavy blur and waxy textures mask fine surface details.
An aerial view of Ha Long Bay without any boats,Lafite/099-4.png,99,0.438392484171875,0.4922517616317099,0.4623653525093399,3,2,3,2,3,"An aerial shot shows a hazy coastal shipyard with various vessels. The vessels suffer from severe structural distortion and melted, unrecognizable hull shapes. Global oversmoothing and low resolution eliminate most fine textural details."
An aerial view of Ha Long Bay without any boats,stable-diffusion/099-1.png,99,0.6591876759729939,0.668132505279941,0.556558900847115,4,4,4,3,2,"An aerial view captures a turquoise river flanked by karst mountains and docked boats. The landscape is coherent, though many boats appear malformed and fused with shores. Textures display heavy saturation and waxy smoothing across the scene."
An aerial view of Ha Long Bay without any boats,stable-diffusion/099-2.png,99,0.664390939694428,0.606213788425923,0.565119438628351,4,4,4,3,2,An aerial photo displays lush limestone karsts across vibrant turquoise water. Primary landmasses are structurally coherent and maintain a plausible geographic arrangement. Unreadable bottom text and waxy water textures diminish global detail realism.
An aerial view of Ha Long Bay without any boats,stable-diffusion/099-3.png,99,0.643967489479534,0.568310638800143,0.50524408319126,4,4,4,3,2,An aerial view depicts green limestone karsts and boats in a saturated turquoise bay. The island structures are geometrically stable while small vessels show simplified forms. Water surfaces exhibit a waxy texture with overly defined coastal edges.
An aerial view of Ha Long Bay without any boats,stable-diffusion/099-4.png,99,0.406221141125164,0.405482154523577,0.401210198687515,1,1,1,3,2,An aerial view shows a hazy harbor filled with numerous small boats. Boat structures are repetitive and lack clear geometric definition or separation. Global softness and flat textures reduce overall visual clarity.
An aerial view of Ha Long Bay without any boats,Unidiffuser/099-1.png,99,0.283842389909566,0.3049990318164239,0.324419778819535,1,1,1,3,3,A blurred abstract image features blue and green gradients with a dark center. The central region is structurally undefined and lacks any semantic readability. Heavy smoothing and grainy noise obscure all fine details.
An aerial view of Ha Long Bay without any boats,Unidiffuser/099-2.png,99,0.634570512299899,0.612471613612898,0.547504582029,4,4,4,3,3,"An aerial view captures lush karst islands within a vibrant turquoise bay. Large rock formations are stable, while small vessels appear distorted and smeared. Water and foliage textures exhibit a pervasive waxy oversmoothing effect."
An aerial view of Ha Long Bay without any boats,Unidiffuser/099-3.png,99,0.593803007434366,0.563593635219664,0.546829848878988,4,4,4,2,3,"An aerial view shows green karst islands scattered across blue water. Island structures are coherent, but some cliff edges lack sharp definition. Foliage textures appear slightly flat and lack fine-grained natural detail."
An aerial view of Ha Long Bay without any boats,Unidiffuser/099-4.png,99,0.648807660549869,0.5944764953944199,0.646453420633611,4,4,4,3,3,"A high-angle shot captures verdant limestone islands amidst calm teal seawater. The karst structures are well-formed, though some base regions show fused geometry. Global textures appear overly smooth with waxy artifacts on stone surfaces."
