prompt,image_name,index,quality_score,std_quality,mos_align,std_align
statue of a man,AttnGAN_normal_000.jpg,0,0.965602553,0.223270101,0.40889324,0.615607722
statue of a man,DALLE2_normal_000.jpg,0,3.058757207,0.538696487,3.481534167,0.46101074
statue of a man,glide_normal_000.jpg,0,1.478221045,0.512782138,1.511295292,1.049921294
statue of a man,midjourney_lowstep_000.jpg,0,2.837204233,0.410622239,4.093672499,0.493239159
statue of a man,midjourney_normal_000.jpg,0,4.324875409,0.596421622,4.04858855,0.2982765
statue of a man,sd1.5_highcorr_000.jpg,0,3.283005153,0.723740275,3.185246111,0.592719018
statue of a man,sd1.5_lowcorr_000.jpg,0,3.263456549,0.436511135,3.831912184,0.464478632
statue of a man,sd1.5_lowstep_000.jpg,0,3.389757837,0.386878257,4.180579424,0.381638488
statue of a man,sd1.5_normal_000.jpg,0,0.44999057,0.319877891,0.678198368,0.488624139
statue of a man,xl2.2_normal_000.jpg,0,3.088457462,0.495642922,3.458082253,0.571191471
house of the dragon,AttnGAN_normal_005.jpg,5,1.106599613,0.448890123,0.70896187,0.593561806
house of the dragon,DALLE2_normal_005.jpg,5,3.430745058,0.865400549,3.202040316,0.337856509
house of the dragon,glide_normal_005.jpg,5,1.539115041,0.272476936,1.698194229,0.93653824
house of the dragon,midjourney_lowstep_005.jpg,5,2.731010208,0.632427665,2.971918712,0.674021424
house of the dragon,midjourney_normal_005.jpg,5,3.773032655,0.550466888,3.433697306,0.670514487
house of the dragon,sd1.5_highcorr_005.jpg,5,3.43455948,0.550046299,2.653500595,0.766464444
house of the dragon,sd1.5_lowcorr_005.jpg,5,2.64254653,0.811467431,2.982848125,0.57081922
house of the dragon,sd1.5_lowstep_005.jpg,5,3.421003889,0.841415181,2.960067189,0.84593764
house of the dragon,sd1.5_normal_005.jpg,5,2.61389334,0.397467103,2.445567744,0.990118601
house of the dragon,xl2.2_normal_005.jpg,5,3.324474137,0.609880881,2.745874276,1.240522135
a river in a forest,AttnGAN_normal_006.jpg,6,1.062470367,0.665815742,0.626274844,0.998303735
a river in a forest,DALLE2_normal_006.jpg,6,3.330022312,0.851156854,3.944689199,0.593399912
a river in a forest,glide_normal_006.jpg,6,1.343816114,0.329223598,3.112865772,0.915899406
a river in a forest,midjourney_lowstep_006.jpg,6,1.445015122,0.644375539,1.837474519,1.33223782
a river in a forest,midjourney_normal_006.jpg,6,3.756916035,0.744029567,3.930743523,0.750581128
a river in a forest,sd1.5_highcorr_006.jpg,6,3.896040489,0.518657969,3.831912184,0.706517961
a river in a forest,sd1.5_lowcorr_006.jpg,6,3.502054974,0.51933781,3.994551072,0.582417049
a river in a forest,sd1.5_lowstep_006.jpg,6,3.460260441,1.10483099,3.603910098,1.170851153
a river in a forest,sd1.5_normal_006.jpg,6,3.263456549,0.567213654,3.615310202,0.530166825
a river in a forest,xl2.2_normal_006.jpg,6,3.572719808,0.386334369,3.831912184,0.396420043
joe biden very happy,AttnGAN_normal_008.jpg,8,1.230273953,0.574807841,0.577911226,0.711439334
joe biden very happy,glide_normal_008.jpg,8,1.599484777,0.377380508,1.519124647,1.464568543
joe biden very happy,midjourney_lowstep_008.jpg,8,2.74826005,0.280607807,3.588197866,0.29803017
joe biden very happy,midjourney_normal_008.jpg,8,2.736106345,0.64307607,3.391795303,0.805137727
joe biden very happy,sd1.5_highcorr_008.jpg,8,3.330022312,0.575477002,4.106087774,0.37188477
joe biden very happy,sd1.5_lowcorr_008.jpg,8,3.238537588,0.450337076,3.491984103,0.807906209
joe biden very happy,sd1.5_lowstep_008.jpg,8,2.598262134,0.296827369,3.832951723,0.606471401
joe biden very happy,sd1.5_normal_008.jpg,8,3.162256259,0.765122134,3.647455477,0.234010576
joe biden very happy,xl2.2_normal_008.jpg,8,3.790180796,0.674059997,3.654274032,0.848578602
girl from fight club,AttnGAN_normal_009.jpg,9,1.222173929,0.637559058,0.420831212,0.549756696
girl from fight club,DALLE2_normal_009.jpg,9,3.127756575,0.73335884,3.4459796,0.810489819
girl from fight club,glide_normal_009.jpg,9,0.754308478,0.323115349,0.277575547,0.515737277
girl from fight club,midjourney_lowstep_009.jpg,9,3.421003889,0.665631714,3.161543067,0.472613666
girl from fight club,midjourney_normal_009.jpg,9,3.792972629,0.465549183,3.323925447,0.621589414
girl from fight club,sd1.5_highcorr_009.jpg,9,3.025091285,0.842785869,3.022343767,0.53010911
girl from fight club,sd1.5_lowcorr_009.jpg,9,2.874527714,0.653036503,2.275412354,1.103290064
girl from fight club,sd1.5_lowstep_009.jpg,9,2.574642925,0.357780324,1.928094768,0.672509907
girl from fight club,sd1.5_normal_009.jpg,9,3.986962403,0.206308784,2.775303755,1.170266041
girl from fight club,xl2.2_normal_009.jpg,9,3.757702826,0.420776374,3.381448298,0.66965805
face shot of a woman,AttnGAN_normal_010.jpg,10,1.311956077,0.754244761,0.178657573,0.569770583
face shot of a woman,DALLE2_normal_010.jpg,10,2.841733922,0.448757939,3.159306031,1.317152981
face shot of a woman,glide_normal_010.jpg,10,1.106599613,0.8161563,0.341602936,0.341917555
face shot of a woman,midjourney_lowstep_010.jpg,10,3.066652656,0.426446392,3.592509994,0.774877561
face shot of a woman,midjourney_normal_010.jpg,10,4.172725551,0.769329252,4.286204297,0.549834454
face shot of a woman,sd1.5_highcorr_010.jpg,10,0.887752418,0.543146071,1.460690493,1.184797491
face shot of a woman,sd1.5_lowcorr_010.jpg,10,2.897434093,0.646565153,3.763463406,0.654049046
face shot of a woman,sd1.5_lowstep_010.jpg,10,3.659493494,0.386315776,3.915003482,0.423033914
face shot of a woman,sd1.5_normal_010.jpg,10,2.83450926,0.59033734,3.576346344,1.019465776
face shot of a woman,xl2.2_normal_010.jpg,10,3.931077949,0.428812245,3.814814682,0.349437528
the prince of the sun,AttnGAN_normal_011.jpg,11,1.373098268,0.432051187,0.647652682,0.72337619
the prince of the sun,DALLE2_normal_011.jpg,11,3.430745058,0.365402584,0.983010198,0.671414952
the prince of the sun,glide_normal_011.jpg,11,1.719307075,1.034112523,1.848675793,0.983798401
the prince of the sun,midjourney_lowstep_011.jpg,11,2.315150439,0.708509956,3.080096813,0.88535704
the prince of the sun,midjourney_normal_011.jpg,11,3.825753384,0.835835845,3.113705614,1.275609717
the prince of the sun,sd1.5_highcorr_011.jpg,11,2.742340814,0.790415043,3.430465396,0.794066568
the prince of the sun,sd1.5_lowcorr_011.jpg,11,3.116324583,0.41998477,2.979908012,0.639901652
the prince of the sun,sd1.5_lowstep_011.jpg,11,1.977251303,0.616732069,2.11394401,0.853111778
the prince of the sun,sd1.5_normal_011.jpg,11,2.203182133,0.422209804,2.486100389,1.168908991
the prince of the sun,xl2.2_normal_011.jpg,11,3.524062705,1.060968213,3.627943604,0.606038082
life bar and mana bar,AttnGAN_normal_012.jpg,12,1.337589887,0.548578888,0.936285696,0.523195868
life bar and mana bar,DALLE2_normal_012.jpg,12,2.792237956,1.089499638,2.69321342,0.892229676
life bar and mana bar,glide_normal_012.jpg,12,1.010879855,0.226619409,0.731218487,0.967764084
life bar and mana bar,midjourney_lowstep_012.jpg,12,2.610261314,0.490237202,1.976390846,1.182303538
life bar and mana bar,midjourney_normal_012.jpg,12,3.530547546,0.486796202,0.993286217,1.03687994
life bar and mana bar,sd1.5_highcorr_012.jpg,12,3.093256891,0.410565617,2.059351502,1.156654434
life bar and mana bar,sd1.5_lowcorr_012.jpg,12,2.627511156,0.492987338,1.454923869,0.835780542
life bar and mana bar,sd1.5_lowstep_012.jpg,12,2.093677968,0.599045989,1.758483236,1.173974248
life bar and mana bar,sd1.5_normal_012.jpg,12,2.989757839,0.429197186,2.142312157,1.000489566
life bar and mana bar,xl2.2_normal_012.jpg,12,3.601888857,0.416466271,1.019587617,1.234648149
everything is a dream,AttnGAN_normal_013.jpg,13,1.230273953,0.54561589,1.146784292,1.117565554
everything is a dream,DALLE2_normal_013.jpg,13,3.010422973,0.389494056,1.18708799,1.160976524
everything is a dream,glide_normal_013.jpg,13,0.862881799,0.757172769,1.231874682,0.931758647
everything is a dream,midjourney_lowstep_013.jpg,13,0.862881799,0.786103358,1.047561688,0.706540313
everything is a dream,midjourney_normal_013.jpg,13,4.119921239,0.553005726,3.512765992,0.687413695
everything is a dream,sd1.5_highcorr_013.jpg,13,0.120426254,0.422839449,1.650442341,1.464131141
everything is a dream,sd1.5_lowcorr_013.jpg,13,2.771446817,0.730046325,2.669101547,0.649559483
everything is a dream,sd1.5_lowstep_013.jpg,13,2.67293154,0.64884122,3.646722598,0.698647445
everything is a dream,sd1.5_normal_013.jpg,13,2.874527714,0.705562312,2.616801603,0.453937889
everything is a dream,xl2.2_normal_013.jpg,13,4.31612288,0.23337979,2.187651086,1.212306542
a small leopard gecko,AttnGAN_normal_014.jpg,14,0.919776796,0.669515599,0.613465793,0.713436676
a small leopard gecko,DALLE2_normal_014.jpg,14,2.954193289,0.812933299,3.752111454,0.466311259
a small leopard gecko,glide_normal_014.jpg,14,1.943986542,0.554337473,2.851195987,0.883144202
a small leopard gecko,midjourney_lowstep_014.jpg,14,2.871898573,0.611918654,3.558776637,0.930029454
a small leopard gecko,midjourney_normal_014.jpg,14,3.248505469,0.478225242,3.683010044,0.666667627
a small leopard gecko,sd1.5_highcorr_014.jpg,14,2.550308113,0.412023623,3.691835574,0.346105293
a small leopard gecko,sd1.5_lowcorr_014.jpg,14,3.048358432,0.538957806,3.572455852,0.438835632
a small leopard gecko,sd1.5_lowstep_014.jpg,14,3.288125226,0.30327621,3.580006984,0.614398847
a small leopard gecko,sd1.5_normal_014.jpg,14,3.404030758,0.300872209,3.774911662,0.392592035
a small leopard gecko,xl2.2_normal_014.jpg,14,3.516316957,0.433368338,3.738509136,0.241830352
santa claus on drugs,AttnGAN_normal_015.jpg,15,0.91586726,0.403143871,0.571482359,0.516367865
santa claus on drugs,DALLE2_normal_015.jpg,15,2.505030811,0.409191015,3.345634382,0.652234055
santa claus on drugs,glide_normal_015.jpg,15,0.563430702,0.546433261,0.60877307,0.535029947
santa claus on drugs,midjourney_lowstep_015.jpg,15,2.630872609,0.413256802,2.851503215,0.787262618
santa claus on drugs,midjourney_normal_015.jpg,15,3.657064334,0.419378629,2.931303945,0.876163186
santa claus on drugs,sd1.5_highcorr_015.jpg,15,2.717733183,0.469201298,2.169304869,0.527900993
santa claus on drugs,sd1.5_lowcorr_015.jpg,15,2.251322245,0.421310603,2.70330186,0.372103707
santa claus on drugs,sd1.5_lowstep_015.jpg,15,2.926078447,0.428291684,1.893894456,0.559833102
santa claus on drugs,sd1.5_normal_015.jpg,15,2.675811291,0.69621607,2.706378634,1.015146095
santa claus on drugs,xl2.2_normal_015.jpg,15,3.240419025,0.544233908,2.603839495,0.614847811
tragedy of the commons,AttnGAN_normal_017.jpg,17,1.006207915,0.554580887,0.751353207,0.657638334
tragedy of the commons,DALLE2_normal_017.jpg,17,2.939794687,0.379931977,2.055944631,0.907742704
tragedy of the commons,glide_normal_017.jpg,17,1.391281461,0.405474968,0.666005895,0.590813802
tragedy of the commons,midjourney_lowstep_017.jpg,17,1.910721781,0.744763119,1.653161525,1.26287672
tragedy of the commons,midjourney_normal_017.jpg,17,3.252116811,1.194628036,3.280474413,0.363547724
tragedy of the commons,sd1.5_highcorr_017.jpg,17,2.396625776,0.914284139,1.510472273,0.878983413
tragedy of the commons,sd1.5_lowcorr_017.jpg,17,2.80733647,0.886549681,3.112865772,0.709039588
tragedy of the commons,sd1.5_lowstep_017.jpg,17,2.166977719,0.845650652,1.700092683,1.144708255
tragedy of the commons,sd1.5_normal_017.jpg,17,2.429568642,0.784404918,1.495248703,1.499120066
tragedy of the commons,xl2.2_normal_017.jpg,17,3.835000098,0.614133655,1.087526681,1.207144479
big boss eating dinner,AttnGAN_normal_019.jpg,19,0.821435934,0.777334433,1.02066036,1.93353151
big boss eating dinner,DALLE2_normal_019.jpg,19,2.729274555,0.421459155,3.489909055,0.744348527
big boss eating dinner,glide_normal_019.jpg,19,0.763754201,0.355813306,0.739160734,0.662631083
big boss eating dinner,midjourney_lowstep_019.jpg,19,2.29958451,0.356486417,3.659137873,0.615620901
big boss eating dinner,midjourney_normal_019.jpg,19,3.657121751,0.549470473,3.377804541,0.816266287
big boss eating dinner,sd1.5_highcorr_019.jpg,19,2.640862716,0.610255337,2.354782696,1.159090147
big boss eating dinner,sd1.5_lowcorr_019.jpg,19,2.010516065,0.427383526,2.838030773,0.912261298
big boss eating dinner,sd1.5_lowstep_019.jpg,19,0.298444431,0.317696732,2.355533995,1.208614768
big boss eating dinner,sd1.5_normal_019.jpg,19,2.179358212,0.431085844,2.389907299,1.077244433
big boss eating dinner,xl2.2_normal_019.jpg,19,3.369254363,0.579101221,2.960067189,1.009931205
panda chef in a kitchen,AttnGAN_normal_022.jpg,22,1.428382741,0.692444828,0.784257411,0.776146893
panda chef in a kitchen,DALLE2_normal_022.jpg,22,2.568394371,0.508204609,4.118503049,0.567993321
panda chef in a kitchen,glide_normal_022.jpg,22,1.527555519,0.522455718,0.909339471,0.608624901
panda chef in a kitchen,midjourney_lowstep_022.jpg,22,2.686140018,0.485625473,3.72764949,0.448157575
panda chef in a kitchen,midjourney_normal_022.jpg,22,3.605176603,0.589711699,3.948399749,0.332678014
panda chef in a kitchen,sd1.5_highcorr_022.jpg,22,2.5465021,0.633350225,3.506852145,0.366757999
panda chef in a kitchen,sd1.5_lowcorr_022.jpg,22,3.257944615,0.886491428,2.877526414,0.460652316
panda chef in a kitchen,sd1.5_lowstep_022.jpg,22,2.776694622,0.598887109,2.462224445,1.077395701
panda chef in a kitchen,sd1.5_normal_022.jpg,22,2.600314118,0.917060762,2.868587123,0.984522835
panda chef in a kitchen,xl2.2_normal_022.jpg,22,2.954193289,0.654214567,3.877512601,0.249321372
goddess of mystic unity,AttnGAN_normal_024.jpg,24,0.979308463,0.692335046,0.310309712,0.508539438
goddess of mystic unity,DALLE2_normal_024.jpg,24,2.790423236,0.888633917,2.701605789,1.527958588
goddess of mystic unity,glide_normal_024.jpg,24,1.312728533,0.589689332,0.528272961,0.794562287
goddess of mystic unity,midjourney_lowstep_024.jpg,24,2.886258786,0.31954806,3.4459796,0.415966744
goddess of mystic unity,midjourney_normal_024.jpg,24,4.255753145,0.330675853,4.014160821,0.314817977
goddess of mystic unity,sd1.5_highcorr_024.jpg,24,3.010422973,0.736941498,3.432908534,0.578376817
goddess of mystic unity,sd1.5_lowcorr_024.jpg,24,2.674859949,0.468550548,3.006960745,0.805281669
goddess of mystic unity,sd1.5_lowstep_024.jpg,24,3.193169444,0.372102935,3.524109368,0.753193782
goddess of mystic unity,sd1.5_normal_024.jpg,24,3.108824919,0.249741309,3.535509472,0.608158043
goddess of mystic unity,xl2.2_normal_024.jpg,24,3.44620302,0.427607331,3.854712392,0.307186015
the large cresting waves,AttnGAN_normal_027.jpg,27,0.934897999,0.496275127,0.726968261,0.798565759
the large cresting waves,DALLE2_normal_027.jpg,27,2.731010208,0.660265604,3.374870467,0.433080649
the large cresting waves,glide_normal_027.jpg,27,1.378485599,0.83958531,2.798535131,0.543410228
the large cresting waves,midjourney_lowstep_027.jpg,27,1.49383774,0.502659367,3.309820466,0.543355209
the large cresting waves,midjourney_normal_027.jpg,27,3.657121751,0.847638231,3.720100101,0.554704306
the large cresting waves,sd1.5_highcorr_027.jpg,27,3.375915916,0.449940811,3.923113018,0.378377349
the large cresting waves,sd1.5_lowcorr_027.jpg,27,2.161765422,0.485685397,3.576346344,0.556044309
the large cresting waves,sd1.5_lowstep_027.jpg,27,1.97566987,0.70280171,3.146889346,0.889781994
the large cresting waves,sd1.5_normal_027.jpg,27,1.678769845,0.674854537,2.379342601,0.963561553
the large cresting waves,xl2.2_normal_027.jpg,27,3.008458905,1.055804681,3.548952321,0.469385366
maroon to black gradient,AttnGAN_normal_028.jpg,28,1.527555519,0.734475663,0.686697692,0.609546191
maroon to black gradient,DALLE2_normal_028.jpg,28,1.104874015,0.746620722,1.809261893,1.138048759
maroon to black gradient,glide_normal_028.jpg,28,1.310287954,0.46841795,1.209905872,0.624367824
maroon to black gradient,midjourney_lowstep_028.jpg,28,1.877457019,0.671840807,1.482013745,1.369323381
maroon to black gradient,midjourney_normal_028.jpg,28,2.546528083,0.8602909,2.338498523,1.716534757
maroon to black gradient,sd1.5_highcorr_028.jpg,28,0.713190373,0.890613963,1.152883399,1.316564835
maroon to black gradient,sd1.5_lowcorr_028.jpg,28,0.577009925,1.167318011,0.642169337,0.716782899
maroon to black gradient,sd1.5_lowstep_028.jpg,28,1.313948351,0.482293295,1.920999368,1.261267856
maroon to black gradient,sd1.5_normal_028.jpg,28,2.903508628,0.656135352,1.229744947,1.220082233
maroon to black gradient,xl2.2_normal_028.jpg,28,3.908627165,0.417020503,2.199589058,1.653672054
legendary river of slugs,AttnGAN_normal_029.jpg,29,0.747278376,0.747544955,0.530505137,0.639145334
legendary river of slugs,DALLE2_normal_029.jpg,29,3.127756575,0.701500633,1.846024102,1.411717257
legendary river of slugs,glide_normal_029.jpg,29,0.612055936,0.242380104,1.225743967,1.106163576
legendary river of slugs,midjourney_lowstep_029.jpg,29,1.267302782,0.580181528,2.589300817,0.982882993
legendary river of slugs,midjourney_normal_029.jpg,29,3.593502309,0.688805336,3.422276555,0.836900578
legendary river of slugs,sd1.5_highcorr_029.jpg,29,3.307841757,0.973647671,2.956517697,0.862643902
legendary river of slugs,sd1.5_lowcorr_029.jpg,29,3.208047473,0.894120113,2.35091786,1.515254285
legendary river of slugs,sd1.5_lowstep_029.jpg,29,2.742340814,0.843031869,2.824865559,1.49280996
legendary river of slugs,sd1.5_normal_029.jpg,29,2.974361596,0.535464952,1.934023105,0.881262156
legendary river of slugs,xl2.2_normal_029.jpg,29,3.507430325,0.903631583,2.917022056,1.333162974
brand logo fruit company,AttnGAN_normal_030.jpg,30,1.014269206,0.559228261,0.605682672,0.678309106
brand logo fruit company,DALLE2_normal_030.jpg,30,3.034849246,1.025747232,3.180285613,0.777579257
brand logo fruit company,glide_normal_030.jpg,30,0.986154364,0.348167326,1.164287781,0.538881024
brand logo fruit company,midjourney_lowstep_030.jpg,30,1.834018423,0.695191613,2.616373046,0.925985584
brand logo fruit company,midjourney_normal_030.jpg,30,2.433989441,0.536688873,2.988713021,0.704842281
brand logo fruit company,sd1.5_highcorr_030.jpg,30,2.83450926,0.533069673,3.280058289,0.920527596
brand logo fruit company,sd1.5_lowcorr_030.jpg,30,2.39306082,0.714935726,2.851195987,0.6482781
brand logo fruit company,sd1.5_lowstep_030.jpg,30,2.86026573,0.94445038,3.055730638,0.810084084
brand logo fruit company,sd1.5_normal_030.jpg,30,2.736106345,0.555075352,3.247078147,0.689118541
brand logo fruit company,xl2.2_normal_030.jpg,30,2.912021026,0.422026357,2.817302903,0.767429826
black mickey mouse skull,AttnGAN_normal_031.jpg,31,0.821435934,0.354271932,0.742358137,0.980585945
black mickey mouse skull,DALLE2_normal_031.jpg,31,1.977251303,1.140480122,2.495735212,0.93269573
black mickey mouse skull,glide_normal_031.jpg,31,1.328588457,0.54927107,0.915909549,0.742299026
black mickey mouse skull,midjourney_lowstep_031.jpg,31,3.389757837,0.321436009,2.951467196,0.533848304
black mickey mouse skull,midjourney_normal_031.jpg,31,4.37231412,0.756369971,3.825421812,0.967820386
black mickey mouse skull,sd1.5_highcorr_031.jpg,31,2.92075847,0.561490012,3.031176323,0.711475471
black mickey mouse skull,sd1.5_lowcorr_031.jpg,31,2.426325581,0.736445946,1.916465803,1.581185354
black mickey mouse skull,sd1.5_lowstep_031.jpg,31,0.620661421,0.217660999,2.315698314,1.462896946
black mickey mouse skull,sd1.5_normal_031.jpg,31,2.851759102,0.698872865,2.74673979,0.746797429
black mickey mouse skull,xl2.2_normal_031.jpg,31,3.727517958,0.334557438,0.564086878,0.635111809
an emo portrait painting,AttnGAN_normal_032.jpg,32,1.057775532,0.612666679,0.803090148,0.525455468
an emo portrait painting,DALLE2_normal_032.jpg,32,2.478791084,1.026343194,2.777653346,0.550424752
an emo portrait painting,glide_normal_032.jpg,32,1.55289045,0.22121462,1.585786942,1.307099671
an emo portrait painting,midjourney_lowstep_032.jpg,32,2.941741401,0.528265518,2.579008945,0.442937276
an emo portrait painting,midjourney_normal_032.jpg,32,3.195617381,0.608302957,2.603839495,0.805435538
an emo portrait painting,sd1.5_highcorr_032.jpg,32,2.389620285,0.517439159,2.653379023,1.355114235
an emo portrait painting,sd1.5_lowcorr_032.jpg,32,3.240419025,0.585332937,2.951467196,0.381386511
an emo portrait painting,sd1.5_lowstep_032.jpg,32,2.274412771,0.587751302,2.389907299,0.734107688
an emo portrait painting,sd1.5_normal_032.jpg,32,2.355888108,0.526639961,2.824058767,0.538260639
an emo portrait painting,xl2.2_normal_032.jpg,32,3.150997182,0.228452955,3.432908534,0.809430058
rat portrait as a warrior,AttnGAN_normal_034.jpg,34,1.508930173,0.551647733,0.385017296,0.559629168
rat portrait as a warrior,DALLE2_normal_034.jpg,34,2.686140018,0.399180914,2.366720668,0.892574459
rat portrait as a warrior,glide_normal_034.jpg,34,0.513601805,0.764367316,0.297144498,0.519616982
rat portrait as a warrior,midjourney_lowstep_034.jpg,34,2.309898917,0.640505878,3.232987189,0.554593461
rat portrait as a warrior,midjourney_normal_034.jpg,34,3.44620302,0.339150857,3.74071135,0.493576401
rat portrait as a warrior,sd1.5_highcorr_034.jpg,34,3.576252467,0.762175533,3.434128078,0.496570111
rat portrait as a warrior,sd1.5_lowcorr_034.jpg,34,2.841733922,0.501771785,2.14469675,0.47950432
rat portrait as a warrior,sd1.5_lowstep_034.jpg,34,1.594706548,0.685175385,1.587335456,0.460303967
rat portrait as a warrior,sd1.5_normal_034.jpg,34,2.609281769,0.488739355,2.245596149,1.084802758
rat portrait as a warrior,xl2.2_normal_034.jpg,34,3.430745058,0.487108732,3.701931716,0.526657927
gnome warfare at walmart,AttnGAN_normal_036.jpg,36,1.116526892,0.196692972,0.468583101,0.56108141
gnome warfare at walmart,DALLE2_normal_036.jpg,36,2.506762262,0.633179291,1.62084518,1.25875967
gnome warfare at walmart,glide_normal_036.jpg,36,1.558020951,0.799588025,0.554208182,0.625545276
gnome warfare at walmart,midjourney_lowstep_036.jpg,36,1.916425889,0.200288738,2.342844724,1.00542466
gnome warfare at walmart,midjourney_normal_036.jpg,36,3.196755943,0.547887298,2.971918712,0.763404796
gnome warfare at walmart,sd1.5_highcorr_036.jpg,36,2.701232452,0.388189715,1.996643532,0.848162574
gnome warfare at walmart,sd1.5_lowcorr_036.jpg,36,3.106014094,0.677009032,1.958245193,1.414878401
gnome warfare at walmart,sd1.5_lowstep_036.jpg,36,2.703383915,0.302327474,1.982792998,0.892086408
gnome warfare at walmart,sd1.5_normal_036.jpg,36,2.731010208,0.636159344,2.580818479,0.782890585
gnome warfare at walmart,xl2.2_normal_036.jpg,36,3.583898292,0.453484735,2.976297746,1.006300653
demon queen with red eyes,AttnGAN_normal_037.jpg,37,1.134741777,0.172072178,0.803624615,0.583353591
demon queen with red eyes,DALLE2_normal_037.jpg,37,3.645914271,0.651330986,3.658965437,0.455270145
demon queen with red eyes,glide_normal_037.jpg,37,0.991945932,0.582904548,0.422156431,0.428829097
demon queen with red eyes,midjourney_lowstep_037.jpg,37,2.972896262,0.545480585,3.238192633,0.632500712
demon queen with red eyes,midjourney_normal_037.jpg,37,4.305784597,0.824311773,4.128221731,0.467201257
demon queen with red eyes,sd1.5_highcorr_037.jpg,37,0.550374317,0.336533677,0.970486009,0.528936184
demon queen with red eyes,sd1.5_lowcorr_037.jpg,37,0.578489159,0.338629699,1.289688929,1.503517138
demon queen with red eyes,sd1.5_lowstep_037.jpg,37,3.024257523,0.464251279,3.102285456,0.460362887
demon queen with red eyes,sd1.5_normal_037.jpg,37,2.883906185,0.698594008,3.683710828,0.360479723
demon queen with red eyes,xl2.2_normal_037.jpg,37,3.9689969,0.447164098,3.679897602,0.68220337
christmas at kelly family,AttnGAN_normal_038.jpg,38,1.092275216,0.755572093,0.803090148,0.860914555
christmas at kelly family,DALLE2_normal_038.jpg,38,2.520123245,0.641037714,2.927805358,0.703430582
christmas at kelly family,glide_normal_038.jpg,38,1.291447579,0.465966876,1.909638159,1.053723941
christmas at kelly family,midjourney_lowstep_038.jpg,38,2.279437086,0.649559041,2.828703007,1.094088316
christmas at kelly family,midjourney_normal_038.jpg,38,3.688435461,0.24748921,3.919858649,0.342843287
christmas at kelly family,sd1.5_highcorr_038.jpg,38,2.65898745,0.532768026,2.452499565,0.927400639
christmas at kelly family,sd1.5_lowcorr_038.jpg,38,3.727351438,0.303214847,3.695110932,0.677353447
christmas at kelly family,sd1.5_lowstep_038.jpg,38,3.524162768,0.534315477,3.386001822,0.757400808
christmas at kelly family,sd1.5_normal_038.jpg,38,2.523592728,0.729275144,3.696383698,0.499744673
christmas at kelly family,xl2.2_normal_038.jpg,38,3.207226865,0.629460473,3.945913227,0.405501461
a raspberry made of metal,AttnGAN_normal_041.jpg,41,1.079102747,0.745080493,0.389300995,0.489332456
a raspberry made of metal,DALLE2_normal_041.jpg,41,2.532418004,0.80740896,3.491984103,0.700947549
a raspberry made of metal,glide_normal_041.jpg,41,1.759312513,0.456202562,1.82549383,0.740571076
a raspberry made of metal,midjourney_lowstep_041.jpg,41,1.943986542,0.78098823,2.614222137,1.170639312
a raspberry made of metal,midjourney_normal_041.jpg,41,3.917498726,0.31863116,4.004060194,0.328519145
a raspberry made of metal,sd1.5_highcorr_041.jpg,41,2.489938377,0.257658021,2.199589058,0.445485749
a raspberry made of metal,sd1.5_lowcorr_041.jpg,41,2.874527714,0.657026325,2.177872569,0.724892681
a raspberry made of metal,sd1.5_lowstep_041.jpg,41,2.804002459,0.457795087,2.456699832,0.610503627
a raspberry made of metal,sd1.5_normal_041.jpg,41,3.274744941,0.755657843,1.9250157,0.822831973
a raspberry made of metal,xl2.2_normal_041.jpg,41,3.076007049,0.267370941,1.51418148,0.936711899
a man jumping off a cliff,AttnGAN_normal_042.jpg,42,1.253245361,0.403445987,1.004686321,1.301381217
a man jumping off a cliff,DALLE2_normal_042.jpg,42,3.231077294,0.860222223,2.958190852,1.293121376
a man jumping off a cliff,glide_normal_042.jpg,42,0.536272256,0.262779761,0.742358137,0.626394756
a man jumping off a cliff,midjourney_lowstep_042.jpg,42,2.64254653,0.428792262,1.890135375,1.319796989
a man jumping off a cliff,midjourney_normal_042.jpg,42,4.076497886,0.641375104,3.137840023,0.916460342
a man jumping off a cliff,sd1.5_highcorr_042.jpg,42,2.927618961,0.508914931,3.787339351,0.573071204
a man jumping off a cliff,sd1.5_lowcorr_042.jpg,42,3.335114676,0.75794871,2.330906752,1.063907569
a man jumping off a cliff,sd1.5_lowstep_042.jpg,42,3.231077294,0.69448833,3.787279028,0.592418874
a man jumping off a cliff,sd1.5_normal_042.jpg,42,2.763264791,0.736226076,3.447455747,0.535980761
a man jumping off a cliff,xl2.2_normal_042.jpg,42,3.088457462,0.896793067,3.506852145,0.303933018
a frog wearing police cap,AttnGAN_normal_043.jpg,43,1.23918794,0.91838711,0.605682672,0.788806643
a frog wearing police cap,DALLE2_normal_043.jpg,43,2.660597966,0.462006216,3.67754677,0.939010903
a frog wearing police cap,glide_normal_043.jpg,43,1.677868451,0.495970421,0.6789357,0.736886716
a frog wearing police cap,midjourney_lowstep_043.jpg,43,3.231255627,0.49622256,3.256355245,0.815760489
a frog wearing police cap,midjourney_normal_043.jpg,43,3.699236596,0.485243741,3.923113018,0.346015229
a frog wearing police cap,sd1.5_highcorr_043.jpg,43,3.455805152,0.596598709,3.703493793,0.415965946
a frog wearing police cap,sd1.5_lowcorr_043.jpg,43,1.76550155,0.509767547,3.238192633,0.523450869
a frog wearing police cap,sd1.5_lowstep_043.jpg,43,2.73141732,0.3781469,1.698194229,0.354414098
a frog wearing police cap,sd1.5_normal_043.jpg,43,2.776844014,0.579217535,3.191417702,0.750123733
a frog wearing police cap,xl2.2_normal_043.jpg,43,3.038537814,0.808497686,3.626710307,0.867953799
male warrior silver armor,AttnGAN_normal_044.jpg,44,1.106599613,0.524232798,0.553112625,0.466850533
male warrior silver armor,DALLE2_normal_044.jpg,44,2.459590343,0.44106585,3.44363061,0.826287868
male warrior silver armor,glide_normal_044.jpg,44,1.834018423,0.382660546,0.92160537,0.522624875
male warrior silver armor,midjourney_lowstep_044.jpg,44,2.132904587,0.982378921,3.055730638,0.505044888
male warrior silver armor,midjourney_normal_044.jpg,44,3.590592228,0.43065865,3.891247881,0.590716065
male warrior silver armor,sd1.5_highcorr_044.jpg,44,2.355888108,0.578381295,3.269342324,0.568790701
male warrior silver armor,sd1.5_lowcorr_044.jpg,44,3.257944615,0.518867863,3.325143686,0.561324901
male warrior silver armor,sd1.5_lowstep_044.jpg,44,3.214375205,0.426768092,3.799277323,0.24529812
male warrior silver armor,sd1.5_normal_044.jpg,44,2.899057018,0.58837098,3.146889346,0.672234921
male warrior silver armor,xl2.2_normal_044.jpg,44,3.479361124,0.484904087,3.857782273,0.667536859
superman punches the pope,AttnGAN_normal_045.jpg,45,1.252358797,0.630744468,0.325327435,0.533822636
superman punches the pope,DALLE2_normal_045.jpg,45,2.209149982,0.685703915,3.809111975,0.671474416
superman punches the pope,glide_normal_045.jpg,45,0.929924681,0.688061985,0.423281003,0.498508127
superman punches the pope,sd1.5_highcorr_045.jpg,45,3.235341707,0.916091733,2.509500087,0.775779367
superman punches the pope,sd1.5_lowcorr_045.jpg,45,2.520123245,0.837140463,2.31896878,1.069897922
superman punches the pope,sd1.5_lowstep_045.jpg,45,2.418144251,0.600207823,2.787496228,0.958706981
superman punches the pope,sd1.5_normal_045.jpg,45,3.008458905,0.587191575,1.995457086,0.703606545
superman punches the pope,xl2.2_normal_045.jpg,45,2.954193289,0.421191192,2.577900713,1.163017846
the drowned and the saved,AttnGAN_normal_046.jpg,46,1.220137663,0.303008871,0.873277939,1.064109172
the drowned and the saved,DALLE2_normal_046.jpg,46,2.917313663,0.663990387,2.080332784,0.936792314
the drowned and the saved,glide_normal_046.jpg,46,0.488530746,0.761755232,0.411989915,0.604931801
the drowned and the saved,midjourney_lowstep_046.jpg,46,2.084303652,0.58380406,1.33235885,0.678924492
the drowned and the saved,midjourney_normal_046.jpg,46,4.104828805,0.510973257,2.31896878,0.505271924
the drowned and the saved,sd1.5_highcorr_046.jpg,46,2.491680335,0.626307704,2.568020722,0.936318255
the drowned and the saved,sd1.5_lowcorr_046.jpg,46,2.550308113,0.523686007,3.238192633,0.641577817
the drowned and the saved,sd1.5_lowstep_046.jpg,46,2.532240117,0.664543182,1.653596222,1.345114337
the drowned and the saved,sd1.5_normal_046.jpg,46,2.218274567,0.541928969,1.996643532,0.823988603
the drowned and the saved,xl2.2_normal_046.jpg,46,3.469384375,0.533882174,1.911227475,0.719768568
stalin tapdancing on stage,AttnGAN_normal_047.jpg,47,0.86802727,0.698879262,0.411989915,0.445736623
stalin tapdancing on stage,glide_normal_047.jpg,47,1.49383774,0.267439768,0.265637574,0.468348897
stalin tapdancing on stage,midjourney_lowstep_047.jpg,47,2.896939758,0.501070911,4.056426674,0.386403509
stalin tapdancing on stage,midjourney_normal_047.jpg,47,3.457533183,0.603171498,3.588447963,0.451391541
stalin tapdancing on stage,sd1.5_highcorr_047.jpg,47,3.145006417,0.386283181,2.616373046,0.962984816
stalin tapdancing on stage,sd1.5_lowcorr_047.jpg,47,2.689121932,0.534780838,3.336157521,0.323391175
stalin tapdancing on stage,sd1.5_lowstep_047.jpg,47,2.625914149,0.66030894,2.719543848,0.396426043
stalin tapdancing on stage,sd1.5_normal_047.jpg,47,2.233367001,0.327660304,2.820363609,1.368970073
stalin tapdancing on stage,xl2.2_normal_047.jpg,47,3.800500414,0.609227857,3.813376788,0.609634754
scottish highlands at dawn,AttnGAN_normal_048.jpg,48,0.735230234,0.326858888,0.519696217,0.534904966
scottish highlands at dawn,DALLE2_normal_048.jpg,48,3.259652507,0.433340294,3.572455852,0.420171213
scottish highlands at dawn,glide_normal_048.jpg,48,2.630872609,0.887937929,2.452499565,1.279408958
scottish highlands at dawn,midjourney_lowstep_048.jpg,48,1.713269529,0.623011002,2.486006301,1.05307304
scottish highlands at dawn,midjourney_normal_048.jpg,48,3.797638542,1.082493276,3.50130916,0.850781365
scottish highlands at dawn,sd1.5_highcorr_048.jpg,48,4.039711731,0.409328398,3.93726766,0.725572118
scottish highlands at dawn,sd1.5_lowcorr_048.jpg,48,3.572719808,0.605618532,3.455708742,0.836237302
scottish highlands at dawn,sd1.5_lowstep_048.jpg,48,3.316649193,0.842205713,3.336157521,0.638051125
scottish highlands at dawn,sd1.5_normal_048.jpg,48,3.944657172,0.221794793,3.93726766,0.639162304
scottish highlands at dawn,xl2.2_normal_048.jpg,48,3.657064334,0.47548068,3.273307074,1.223685853
portrait of evil alchemist,AttnGAN_normal_049.jpg,49,0.649658335,0.525468227,0.288039227,0.239239529
portrait of evil alchemist,DALLE2_normal_049.jpg,49,2.625914149,0.978664452,3.483126252,1.085315278
portrait of evil alchemist,glide_normal_049.jpg,49,2.02640351,0.50032836,0.571482359,0.594629404
portrait of evil alchemist,midjourney_lowstep_049.jpg,49,2.472262578,0.565429931,3.173394589,0.687710414
portrait of evil alchemist,midjourney_normal_049.jpg,49,3.92737756,0.522641898,3.708798973,1.474879694
portrait of evil alchemist,sd1.5_highcorr_049.jpg,49,3.559002625,0.743401157,3.505237211,0.540817857
portrait of evil alchemist,sd1.5_lowcorr_049.jpg,49,1.463287163,0.573066265,2.181720144,0.902243796
portrait of evil alchemist,sd1.5_lowstep_049.jpg,49,3.288125226,0.430748807,3.604391931,0.547669416
portrait of evil alchemist,sd1.5_normal_049.jpg,49,2.940135868,0.354424696,2.885703528,1.259086075
portrait of evil alchemist,xl2.2_normal_049.jpg,49,2.896939758,0.472623029,3.584646223,0.52054444
logo design of a full moon,AttnGAN_normal_050.jpg,50,2.010516065,0.557545506,0.178657573,0.574420866
logo design of a full moon,DALLE2_normal_050.jpg,50,2.825502717,0.713531868,3.10133505,0.755226678
logo design of a full moon,glide_normal_050.jpg,50,1.154843415,0.284550484,1.916694664,1.140091776
logo design of a full moon,midjourney_lowstep_050.jpg,50,1.901333455,0.670623233,2.068271365,1.015345111
logo design of a full moon,midjourney_normal_050.jpg,50,3.058356047,1.006463942,2.548396068,1.17504019
logo design of a full moon,sd1.5_highcorr_050.jpg,50,2.632073999,0.914094703,1.775520954,1.167082385
logo design of a full moon,sd1.5_lowcorr_050.jpg,50,3.482963598,0.715445511,4.004060194,0.605967927
logo design of a full moon,sd1.5_lowstep_050.jpg,50,2.580492981,0.473130473,2.963619274,0.847535668
logo design of a full moon,sd1.5_normal_050.jpg,50,2.852156791,0.560566444,3.130750884,0.450949921
logo design of a full moon,xl2.2_normal_050.jpg,50,3.210551263,0.765538101,3.386001822,0.383351038
hanging gardens of babylon,AttnGAN_normal_051.jpg,51,1.062470367,0.623660348,0.981735619,0.76164381
hanging gardens of babylon,DALLE2_normal_051.jpg,51,2.927618961,0.96837507,2.139899198,1.298750507
hanging gardens of babylon,glide_normal_051.jpg,51,1.428382741,0.578207009,1.60050067,1.386441329
hanging gardens of babylon,midjourney_lowstep_051.jpg,51,2.323921604,0.648105458,3.369510326,0.622170435
hanging gardens of babylon,midjourney_normal_051.jpg,51,3.878442297,0.288003288,3.847029211,0.318315498
hanging gardens of babylon,sd1.5_highcorr_051.jpg,51,3.645914271,0.477898507,3.514248281,1.056068743
hanging gardens of babylon,sd1.5_lowcorr_051.jpg,51,3.630412823,0.479711494,3.055730638,0.810248273
hanging gardens of babylon,sd1.5_lowstep_051.jpg,51,3.34717137,0.596652105,3.581040815,0.700610184
hanging gardens of babylon,sd1.5_normal_051.jpg,51,3.279275256,0.519982969,3.592172903,0.418834137
hanging gardens of babylon,xl2.2_normal_051.jpg,51,3.165054602,0.856642388,3.478508951,0.688891256
concept art of giant ogres,AttnGAN_normal_052.jpg,52,1.168900836,0.472985683,0.845084862,0.641668615
concept art of giant ogres,DALLE2_normal_052.jpg,52,2.92075847,0.767190259,3.078582412,0.9195149
concept art of giant ogres,glide_normal_052.jpg,52,1.177351713,0.539715068,1.446324178,0.886446827
concept art of giant ogres,midjourney_lowstep_052.jpg,52,1.527555519,0.27642482,2.890851301,0.756954899
concept art of giant ogres,midjourney_normal_052.jpg,52,3.524162768,0.49081556,2.790068621,1.537157932
concept art of giant ogres,sd1.5_highcorr_052.jpg,52,3.063450866,0.553394699,3.369510326,0.702509894
concept art of giant ogres,sd1.5_lowcorr_052.jpg,52,3.229467639,0.491495294,3.72764949,0.430043653
concept art of giant ogres,sd1.5_lowstep_052.jpg,52,2.867071995,0.446989912,3.808121173,0.43081433
concept art of giant ogres,sd1.5_normal_052.jpg,52,2.852156791,0.68146831,2.462224445,1.29259016
concept art of giant ogres,xl2.2_normal_052.jpg,52,3.591686053,0.339003413,3.548579908,0.502986972
castle from howl's sticker,AttnGAN_normal_053.jpg,53,1.084556311,0.326742089,0.845084862,0.442218359
castle from howl's sticker,DALLE2_normal_053.jpg,53,2.405953874,0.643446948,2.919903841,1.108147358
castle from howl's sticker,glide_normal_053.jpg,53,1.012573225,0.744960462,0.981735619,0.592176071
castle from howl's sticker,midjourney_lowstep_053.jpg,53,1.696019687,0.87769098,2.841551967,0.632415009
castle from howl's sticker,midjourney_normal_053.jpg,53,3.307841757,0.910429463,4.115056517,0.379821074
castle from howl's sticker,sd1.5_highcorr_053.jpg,53,2.803217798,1.340229125,3.470274726,0.349137299
castle from howl's sticker,sd1.5_lowcorr_053.jpg,53,3.307841757,0.791820938,3.50945668,0.85249769
castle from howl's sticker,sd1.5_lowstep_053.jpg,53,3.973136983,0.652712499,3.943908737,0.406662073
castle from howl's sticker,sd1.5_normal_053.jpg,53,2.817259418,0.861971668,3.315612856,1.217579403
castle from howl's sticker,xl2.2_normal_053.jpg,53,3.700231162,0.590692769,3.480852014,0.811836447
beautiful white fluffy cat,AttnGAN_normal_054.jpg,54,1.149675658,0.334483367,0.220106689,0.435309485
beautiful white fluffy cat,DALLE2_normal_054.jpg,54,3.915652487,0.437957248,3.90920376,0.586600437
beautiful white fluffy cat,glide_normal_054.jpg,54,2.196265106,0.391044488,2.877106534,0.802402597
beautiful white fluffy cat,midjourney_lowstep_054.jpg,54,3.516223883,0.594717784,4.085788654,0.203331648
beautiful white fluffy cat,midjourney_normal_054.jpg,54,3.300254995,0.656541545,3.943743533,0.485808144
beautiful white fluffy cat,sd1.5_highcorr_054.jpg,54,3.27751397,0.478592522,3.82051208,0.389598097
beautiful white fluffy cat,sd1.5_lowcorr_054.jpg,54,2.65898745,0.429897704,3.444308638,0.552721618
beautiful white fluffy cat,sd1.5_lowstep_054.jpg,54,3.628699936,0.272601348,3.969519749,0.543121164
beautiful white fluffy cat,sd1.5_normal_054.jpg,54,3.0785433,0.508847934,3.548579908,0.726600954
beautiful white fluffy cat,xl2.2_normal_054.jpg,54,3.754548053,0.612601475,3.981796016,0.597071203
a small ocean full of life,AttnGAN_normal_055.jpg,55,1.161804194,0.315363014,0.504397017,0.663185181
a small ocean full of life,DALLE2_normal_055.jpg,55,3.001476926,0.585732885,2.963882471,0.873890113
a small ocean full of life,glide_normal_055.jpg,55,1.614577211,0.44124668,3.082998995,0.85463265
a small ocean full of life,midjourney_lowstep_055.jpg,55,1.977251303,0.697641955,1.495178959,1.12967246
a small ocean full of life,midjourney_normal_055.jpg,55,3.502054974,0.668823758,3.080115584,1.037816116
a small ocean full of life,sd1.5_highcorr_055.jpg,55,3.39100366,0.341050285,3.720100101,0.5539138
a small ocean full of life,sd1.5_lowcorr_055.jpg,55,3.386504205,0.491298606,3.813376788,0.51800485
a small ocean full of life,sd1.5_lowstep_055.jpg,55,3.108253189,0.953067966,3.167161119,1.166571625
a small ocean full of life,sd1.5_normal_055.jpg,55,2.058266369,0.644567027,2.711185223,0.844196893
a small ocean full of life,xl2.2_normal_055.jpg,55,2.654631009,1.150592532,3.247078147,0.973165871
sartre hugging a sad alien,AttnGAN_normal_057.jpg,57,1.112367509,0.758240123,0.652605272,1.333069062
sartre hugging a sad alien,DALLE2_normal_057.jpg,57,1.829599618,0.388165887,3.432908534,0.593375157
sartre hugging a sad alien,glide_normal_057.jpg,57,0.0,1.012662656,0.293474693,0.479069102
sartre hugging a sad alien,midjourney_lowstep_057.jpg,57,3.031344688,0.512054623,3.609476773,0.409428947
sartre hugging a sad alien,midjourney_normal_057.jpg,57,4.143844218,0.404732706,3.726316663,0.605461695
sartre hugging a sad alien,sd1.5_highcorr_057.jpg,57,2.628129896,0.359560217,1.734770243,1.110217995
sartre hugging a sad alien,sd1.5_lowcorr_057.jpg,57,2.765509892,0.497543111,1.62084518,1.122546083
sartre hugging a sad alien,sd1.5_lowstep_057.jpg,57,2.671047584,0.671895488,2.056333393,1.069018893
sartre hugging a sad alien,sd1.5_normal_057.jpg,57,2.420011295,0.705383824,1.631692057,0.612355424
sartre hugging a sad alien,xl2.2_normal_057.jpg,57,2.897963605,0.481181578,2.78310259,0.585748437
hairy man in eagle costume,AttnGAN_normal_058.jpg,58,1.000336846,0.358423691,0.69188714,0.358839142
hairy man in eagle costume,glide_normal_058.jpg,58,0.712802152,0.422377358,1.02066036,0.639804694
hairy man in eagle costume,midjourney_lowstep_058.jpg,58,2.692443672,0.731774351,2.732709062,0.911978817
hairy man in eagle costume,midjourney_normal_058.jpg,58,3.98539484,0.696850244,3.926135571,0.399518422
hairy man in eagle costume,sd1.5_highcorr_058.jpg,58,3.136939761,0.508817674,3.58110989,0.417471873
hairy man in eagle costume,sd1.5_lowcorr_058.jpg,58,2.888789697,0.540522204,3.275195155,0.476954865
hairy man in eagle costume,sd1.5_lowstep_058.jpg,58,0.580131327,0.784437885,0.757926983,0.490602063
hairy man in eagle costume,sd1.5_normal_058.jpg,58,3.093256891,0.530696941,3.078582412,0.613214407
hairy man in eagle costume,xl2.2_normal_058.jpg,58,0.712778692,0.756830043,0.826793192,0.634644364
barak obama as master chief,AttnGAN_normal_059.jpg,59,0.753539821,0.355756524,0.441791736,0.296513671
barak obama as master chief,glide_normal_059.jpg,59,0.635396352,0.176931204,0.288039227,0.211923591
barak obama as master chief,midjourney_lowstep_059.jpg,59,3.407636041,0.597186436,3.627943604,0.89618239
barak obama as master chief,midjourney_normal_059.jpg,59,3.208047473,0.533691262,2.890691628,1.046454853
barak obama as master chief,sd1.5_highcorr_059.jpg,59,3.837774272,0.264782207,3.895028099,0.451062094
barak obama as master chief,sd1.5_lowcorr_059.jpg,59,3.27751397,0.286821834,3.626710307,0.419388643
barak obama as master chief,sd1.5_lowstep_059.jpg,59,2.782759734,0.481363463,3.173394589,0.735349604
barak obama as master chief,sd1.5_normal_059.jpg,59,2.926215464,0.344658378,3.158021435,0.807738085
barak obama as master chief,xl2.2_normal_059.jpg,59,3.835000098,0.704624045,3.5526433,0.418555939
"artwork with only triangles, anime style",AttnGAN_normal_060.jpg,60,0.919776796,0.719282241,0.850496237,0.842552058
"artwork with only triangles, anime style",DALLE2_normal_060.jpg,60,2.817259418,1.041876621,1.715657358,0.612244778
"artwork with only triangles, anime style",glide_normal_060.jpg,60,1.063255848,0.447317489,1.507286544,0.988836031
"artwork with only triangles, anime style",midjourney_lowstep_060.jpg,60,2.852156791,0.682305992,2.689045915,0.607658595
"artwork with only triangles, anime style",midjourney_normal_060.jpg,60,3.523701266,0.593471822,2.846322945,1.150749691
"artwork with only triangles, anime style",sd1.5_highcorr_060.jpg,60,2.120377936,0.706087249,1.709939693,0.84991724
"artwork with only triangles, anime style",sd1.5_lowcorr_060.jpg,60,2.927618961,0.354531201,2.927805358,0.816263213
"artwork with only triangles, anime style",sd1.5_lowstep_060.jpg,60,2.792402589,0.455431566,1.970660469,0.638320618
"artwork with only triangles, anime style",sd1.5_normal_060.jpg,60,3.162256259,0.734972763,2.651927612,1.295763077
"artwork with only triangles, anime style",xl2.2_normal_060.jpg,60,3.568964411,0.486342725,1.759600793,0.674568896
"a yellow rendition of venom, sci-fi style",AttnGAN_normal_061.jpg,61,0.678182301,0.409283535,0.409963958,0.28187264
"a yellow rendition of venom, sci-fi style",DALLE2_normal_061.jpg,61,1.815542197,0.590795755,2.486699878,0.790906117
"a yellow rendition of venom, sci-fi style",glide_normal_061.jpg,61,1.494912264,0.667057786,1.231874682,0.530558064
"a yellow rendition of venom, sci-fi style",midjourney_lowstep_061.jpg,61,3.165054602,0.626977397,3.706511037,0.514244187
"a yellow rendition of venom, sci-fi style",midjourney_normal_061.jpg,61,2.994111578,0.984666704,3.62556917,0.516253325
"a yellow rendition of venom, sci-fi style",sd1.5_highcorr_061.jpg,61,2.774693831,0.722920973,2.836266121,0.718025029
"a yellow rendition of venom, sci-fi style",sd1.5_lowcorr_061.jpg,61,2.576017007,0.791252523,2.732709062,1.084038937
"a yellow rendition of venom, sci-fi style",sd1.5_lowstep_061.jpg,61,2.871898573,0.572156501,3.135757257,0.198365644
"a yellow rendition of venom, sci-fi style",sd1.5_normal_061.jpg,61,2.14357511,0.835865144,2.548396068,1.29137607
"a yellow rendition of venom, sci-fi style",xl2.2_normal_061.jpg,61,3.235341707,0.970120249,3.364507908,0.797693524
"overwatch small hut building, abstract style",AttnGAN_normal_063.jpg,63,0.986154364,0.339139321,0.70828361,0.497767609
"overwatch small hut building, abstract style",DALLE2_normal_063.jpg,63,0.997965831,0.457119446,1.677453607,1.103444372
"overwatch small hut building, abstract style",glide_normal_063.jpg,63,1.402772373,0.854983986,2.071203024,0.962921551
"overwatch small hut building, abstract style",midjourney_lowstep_063.jpg,63,2.610261314,0.70406541,2.960067189,0.584609742
"overwatch small hut building, abstract style",midjourney_normal_063.jpg,63,3.700231162,0.507153164,3.369531125,1.067820653
"overwatch small hut building, abstract style",sd1.5_highcorr_063.jpg,63,2.157904831,0.473940152,2.700983887,1.460210061
"overwatch small hut building, abstract style",sd1.5_lowcorr_063.jpg,63,3.374371279,0.848518036,2.561561282,0.901862108
"overwatch small hut building, abstract style",sd1.5_lowstep_063.jpg,63,3.333743653,0.567562364,3.136505822,0.477019823
"overwatch small hut building, abstract style",sd1.5_normal_063.jpg,63,2.883906185,0.800125638,2.840103111,0.869061311
"overwatch small hut building, abstract style",xl2.2_normal_063.jpg,63,3.334754679,0.385216799,3.2326522,0.99288332
"monsters playing board games, baroque style",AttnGAN_normal_064.jpg,64,0.935417685,0.635748859,1.184861428,0.861777552
"monsters playing board games, baroque style",DALLE2_normal_064.jpg,64,2.545997226,0.420468896,3.169153524,0.4860513
"monsters playing board games, baroque style",glide_normal_064.jpg,64,1.149675658,0.382144021,1.536125842,0.796046179
"monsters playing board games, baroque style",midjourney_lowstep_064.jpg,64,1.972017159,0.848402628,3.066730889,0.678979312
"monsters playing board games, baroque style",midjourney_normal_064.jpg,64,3.938212751,0.428877216,3.729311245,0.400158366
"monsters playing board games, baroque style",sd1.5_highcorr_064.jpg,64,2.657997659,0.669047612,2.479686745,0.229075464
"monsters playing board games, baroque style",sd1.5_lowcorr_064.jpg,64,2.426325581,0.449314086,2.508900426,0.54554126
"monsters playing board games, baroque style",sd1.5_lowstep_064.jpg,64,2.760431848,0.698141268,3.531237092,0.804110642
"monsters playing board games, baroque style",sd1.5_normal_064.jpg,64,2.518413241,0.254873902,2.999704571,0.750853424
"monsters playing board games, baroque style",xl2.2_normal_064.jpg,64,3.837774272,0.230753835,3.882612824,0.603967843
"an environmental concept art, anime style",AttnGAN_normal_065.jpg,65,1.388190702,0.478764802,1.077419679,0.746786189
"an environmental concept art, anime style",DALLE2_normal_065.jpg,65,1.791832549,0.331856324,2.864560271,0.672598229
"an environmental concept art, anime style",glide_normal_065.jpg,65,1.644270161,0.750119945,1.289002558,0.633327284
"an environmental concept art, anime style",midjourney_lowstep_065.jpg,65,1.904712856,0.486211786,2.519261818,1.08271376
"an environmental concept art, anime style",midjourney_normal_065.jpg,65,4.488740784,0.852978805,3.891247881,0.561549883
"an environmental concept art, anime style",sd1.5_highcorr_065.jpg,65,2.994111578,0.822401806,3.158021435,1.092773732
"an environmental concept art, anime style",sd1.5_lowcorr_065.jpg,65,2.203182133,0.66245011,2.856177525,0.814933094
"an environmental concept art, anime style",sd1.5_lowstep_065.jpg,65,3.059933495,0.699048522,3.421504833,0.564373714
"an environmental concept art, anime style",sd1.5_normal_065.jpg,65,3.188291344,0.439853365,3.40931236,0.341160493
"an environmental concept art, anime style",xl2.2_normal_065.jpg,65,3.718303223,0.560614965,4.006765574,0.226592887
"a pizza with chocolate on it, sci-fi style",AttnGAN_normal_066.jpg,66,0.761394747,0.381926037,0.604980215,0.34332712
"a pizza with chocolate on it, sci-fi style",DALLE2_normal_066.jpg,66,2.307551928,1.247985118,2.771702485,0.728237709
"a pizza with chocolate on it, sci-fi style",glide_normal_066.jpg,66,1.619473192,0.405757443,2.714341389,0.635633267
"a pizza with chocolate on it, sci-fi style",midjourney_lowstep_066.jpg,66,1.76550155,0.868481691,2.390596612,0.916434107
"a pizza with chocolate on it, sci-fi style",midjourney_normal_066.jpg,66,3.561501185,0.754337926,3.381448298,1.004987076
"a pizza with chocolate on it, sci-fi style",sd1.5_highcorr_066.jpg,66,3.159767378,0.609720922,3.506852145,0.578883502
"a pizza with chocolate on it, sci-fi style",sd1.5_lowcorr_066.jpg,66,2.956675282,0.634418802,2.864560271,0.489780018
"a pizza with chocolate on it, sci-fi style",sd1.5_lowstep_066.jpg,66,2.858767479,0.879299449,3.061839408,1.3245433
"a pizza with chocolate on it, sci-fi style",sd1.5_normal_066.jpg,66,2.785504238,0.690011978,2.794502694,0.711808641
"a pizza with chocolate on it, sci-fi style",xl2.2_normal_066.jpg,66,3.034849246,0.575420603,3.046700546,0.437975639
"a woman in newspaper clothes, realistic style",AttnGAN_normal_067.jpg,67,1.042384048,0.356275928,0.457481316,0.655446631
"a woman in newspaper clothes, realistic style",glide_normal_067.jpg,67,1.077517831,1.205676334,0.507503744,0.452524682
"a woman in newspaper clothes, realistic style",midjourney_lowstep_067.jpg,67,2.966953132,1.024947036,2.757266234,0.624717733
"a woman in newspaper clothes, realistic style",midjourney_normal_067.jpg,67,3.757702826,0.408567695,2.844239553,0.866302306
"a woman in newspaper clothes, realistic style",sd1.5_highcorr_067.jpg,67,2.791787056,0.748437822,1.996643532,1.147252049
"a woman in newspaper clothes, realistic style",sd1.5_lowcorr_067.jpg,67,2.23076479,1.103444836,0.957159937,0.39527749
"a woman in newspaper clothes, realistic style",sd1.5_lowstep_067.jpg,67,2.785504238,0.592610287,2.201697271,0.789768267
"a woman in newspaper clothes, realistic style",sd1.5_normal_067.jpg,67,3.058356047,0.696130168,1.77164845,0.973993727
"a woman in newspaper clothes, realistic style",xl2.2_normal_067.jpg,67,3.613766055,0.424919691,3.572230948,0.340805983
"yog sothoth chef in a kitchen, abstract style",AttnGAN_normal_068.jpg,68,0.685643707,0.354790592,0.497452181,0.414730649
"yog sothoth chef in a kitchen, abstract style",DALLE2_normal_068.jpg,68,2.293736737,0.525272753,1.793698006,0.830939638
"yog sothoth chef in a kitchen, abstract style",glide_normal_068.jpg,68,1.432500959,0.459368528,0.497452181,0.290819267
"yog sothoth chef in a kitchen, abstract style",midjourney_lowstep_068.jpg,68,1.006207915,0.217255663,1.458516652,1.206281034
"yog sothoth chef in a kitchen, abstract style",midjourney_normal_068.jpg,68,3.530578941,0.628949085,2.324182247,1.279266346
"yog sothoth chef in a kitchen, abstract style",sd1.5_highcorr_068.jpg,68,2.938008313,0.895728784,1.478626914,0.781446452
"yog sothoth chef in a kitchen, abstract style",sd1.5_lowcorr_068.jpg,68,1.48681785,0.586860559,0.575376803,0.693930726
"yog sothoth chef in a kitchen, abstract style",sd1.5_lowstep_068.jpg,68,2.318310369,0.457068269,1.531671491,1.248312487
"yog sothoth chef in a kitchen, abstract style",sd1.5_normal_068.jpg,68,1.894194533,0.681574592,0.987264094,0.678620653
"yog sothoth chef in a kitchen, abstract style",xl2.2_normal_068.jpg,68,2.804002459,0.62523771,1.499340184,1.13541232
"synthwave astronaut tabby cat, baroque style",AttnGAN_normal_069.jpg,69,1.116526892,0.546724078,0.564086878,0.561682749
"synthwave astronaut tabby cat, baroque style",DALLE2_normal_069.jpg,69,3.259652507,0.624191314,3.465014103,0.342307315
"synthwave astronaut tabby cat, baroque style",glide_normal_069.jpg,69,1.785560751,0.641949575,2.122737165,0.955360435
"synthwave astronaut tabby cat, baroque style",midjourney_lowstep_069.jpg,69,3.093635734,0.652367095,3.417262215,0.786285678
"synthwave astronaut tabby cat, baroque style",midjourney_normal_069.jpg,69,3.856710319,0.900860721,3.733265315,0.582633591
"synthwave astronaut tabby cat, baroque style",sd1.5_highcorr_069.jpg,69,2.869848764,0.730790855,3.239106761,0.692906121
"synthwave astronaut tabby cat, baroque style",sd1.5_lowcorr_069.jpg,69,3.270286787,0.474447757,3.311510172,0.366984563
"synthwave astronaut tabby cat, baroque style",sd1.5_lowstep_069.jpg,69,2.92680752,0.395842556,3.237018522,0.4639974
"synthwave astronaut tabby cat, baroque style",sd1.5_normal_069.jpg,69,3.169097903,0.441855523,1.877263811,0.65958608
"synthwave astronaut tabby cat, baroque style",xl2.2_normal_069.jpg,69,3.421003889,0.698975222,3.363018944,0.442720824
"painted portrait of snake man, realistic style",AttnGAN_normal_072.jpg,72,1.086342024,0.356270515,0.623776738,0.597267351
"painted portrait of snake man, realistic style",DALLE2_normal_072.jpg,72,3.174029361,0.63508014,2.37295214,0.948266639
"painted portrait of snake man, realistic style",glide_normal_072.jpg,72,0.693938742,0.437094032,1.316179121,0.805591297
"painted portrait of snake man, realistic style",midjourney_lowstep_072.jpg,72,2.844740127,0.723248592,2.846322945,0.67661553
"painted portrait of snake man, realistic style",midjourney_normal_072.jpg,72,3.330911176,0.700210869,2.360759667,1.07685647
"painted portrait of snake man, realistic style",sd1.5_highcorr_072.jpg,72,1.954767317,0.897682803,2.687482179,0.587787579
"painted portrait of snake man, realistic style",sd1.5_lowcorr_072.jpg,72,2.598262134,0.454270375,2.628670045,0.940463711
"painted portrait of snake man, realistic style",sd1.5_lowstep_072.jpg,72,2.671047584,0.465007827,2.342844724,1.04191989
"painted portrait of snake man, realistic style",sd1.5_normal_072.jpg,72,2.359796059,0.648336764,2.11394401,0.999357393
"painted portrait of snake man, realistic style",xl2.2_normal_072.jpg,72,3.590592228,0.624604202,3.50945668,0.470565083
"otter making a disgusted face, abstract style",AttnGAN_normal_073.jpg,73,1.269550286,0.538479111,0.452923825,0.51185974
"otter making a disgusted face, abstract style",DALLE2_normal_073.jpg,73,2.899057018,0.614928119,3.124625168,0.770011767
"otter making a disgusted face, abstract style",glide_normal_073.jpg,73,0.662833684,0.555022842,0.924885591,0.621933444
"otter making a disgusted face, abstract style",midjourney_lowstep_073.jpg,73,2.226737013,0.444608591,2.666882993,0.64142839
"otter making a disgusted face, abstract style",midjourney_normal_073.jpg,73,4.029748353,0.69490508,3.165462896,0.560750396
"otter making a disgusted face, abstract style",sd1.5_highcorr_073.jpg,73,3.048428469,0.535107707,2.47896401,1.132938519
"otter making a disgusted face, abstract style",sd1.5_lowcorr_073.jpg,73,3.374823956,0.524537699,2.305872894,0.543444195
"otter making a disgusted face, abstract style",sd1.5_lowstep_073.jpg,73,2.715217134,0.57973726,2.70330186,0.511054154
"otter making a disgusted face, abstract style",sd1.5_normal_073.jpg,73,2.517978134,0.422201523,2.64118655,0.83780352
"otter making a disgusted face, abstract style",xl2.2_normal_073.jpg,73,2.518413241,0.632678054,3.056705093,0.57348578
"concept art of octopus attack, anime style",AttnGAN_normal_075.jpg,75,0.495534588,0.427708156,0.597640981,0.607389432
"concept art of octopus attack, anime style",DALLE2_normal_075.jpg,75,2.239848985,0.473337942,3.609476773,0.847745688
"concept art of octopus attack, anime style",glide_normal_075.jpg,75,0.912778941,0.651780193,1.455683318,1.204233542
"concept art of octopus attack, anime style",midjourney_lowstep_075.jpg,75,2.429568642,0.426363224,3.357572354,0.620502712
"concept art of octopus attack, anime style",midjourney_normal_075.jpg,75,3.558662387,0.552319507,3.968713435,0.417104882
"concept art of octopus attack, anime style",sd1.5_highcorr_075.jpg,75,0.291846246,0.210786682,0.731226048,0.548499112
"concept art of octopus attack, anime style",sd1.5_lowcorr_075.jpg,75,2.886258786,0.515880676,3.007473278,0.581115498
"concept art of octopus attack, anime style",sd1.5_lowstep_075.jpg,75,2.695368677,0.645356936,3.146889346,0.978020553
"concept art of octopus attack, anime style",sd1.5_normal_075.jpg,75,2.462183558,0.542785794,2.94270405,0.679589178
"concept art of octopus attack, anime style",xl2.2_normal_075.jpg,75,3.60083465,0.622510555,3.489909055,0.62498948
"a anthropomorphic cat warrior, realistic style",AttnGAN_normal_077.jpg,77,1.119807896,0.414666646,0.257352514,0.453073617
"a anthropomorphic cat warrior, realistic style",DALLE2_normal_077.jpg,77,2.765509892,0.535754342,3.2326522,0.428753784
"a anthropomorphic cat warrior, realistic style",glide_normal_077.jpg,77,1.539115041,0.266201801,2.139899198,0.76685555
"a anthropomorphic cat warrior, realistic style",midjourney_lowstep_077.jpg,77,2.888789697,0.401168009,3.40931236,0.415427298
"a anthropomorphic cat warrior, realistic style",midjourney_normal_077.jpg,77,3.645251835,0.497801412,3.754119177,0.282738251
"a anthropomorphic cat warrior, realistic style",sd1.5_highcorr_077.jpg,77,3.017147546,0.669231435,3.433697306,0.254206561
"a anthropomorphic cat warrior, realistic style",sd1.5_lowcorr_077.jpg,77,2.966953132,0.700603358,3.436323658,0.410341054
"a anthropomorphic cat warrior, realistic style",sd1.5_lowstep_077.jpg,77,2.46452189,0.940010961,2.7906625,0.632632737
"a anthropomorphic cat warrior, realistic style",sd1.5_normal_077.jpg,77,2.560585504,0.676818123,2.840103111,0.905552315
"a anthropomorphic cat warrior, realistic style",xl2.2_normal_077.jpg,77,3.345173159,0.411776319,3.592199458,0.4937446
"tree of life embroidered scene, abstract style",AttnGAN_normal_078.jpg,78,0.970469084,0.524149704,0.393920539,0.468201514
"tree of life embroidered scene, abstract style",DALLE2_normal_078.jpg,78,2.247254325,0.812249717,3.124625168,0.676973935
"tree of life embroidered scene, abstract style",glide_normal_078.jpg,78,1.034731881,0.409632974,1.897445686,1.021906227
"tree of life embroidered scene, abstract style",midjourney_lowstep_078.jpg,78,1.771981528,0.54563282,2.37877521,0.722280859
"tree of life embroidered scene, abstract style",midjourney_normal_078.jpg,78,3.344956193,0.645564813,3.410832372,0.893313365
"tree of life embroidered scene, abstract style",sd1.5_highcorr_078.jpg,78,3.093635734,0.661875301,3.047185079,0.534819491
"tree of life embroidered scene, abstract style",sd1.5_lowcorr_078.jpg,78,2.817479781,1.345106116,3.445889779,1.0500641
"tree of life embroidered scene, abstract style",sd1.5_lowstep_078.jpg,78,3.074195478,0.624005707,3.214232789,0.613594159
"tree of life embroidered scene, abstract style",sd1.5_normal_078.jpg,78,3.707018893,0.564325919,3.522621893,0.326936641
"tree of life embroidered scene, abstract style",xl2.2_normal_078.jpg,78,3.30238721,0.487585817,3.799471502,0.44372683
"the infernal dark gun magicks , baroque style",AttnGAN_normal_079.jpg,79,1.402772373,1.07214882,1.004566026,0.767461712
"the infernal dark gun magicks , baroque style",DALLE2_normal_079.jpg,79,2.491680335,0.670347814,2.90198339,1.0108635
"the infernal dark gun magicks , baroque style",glide_normal_079.jpg,79,0.247032957,0.903092575,0.43569296,0.542147308
"the infernal dark gun magicks , baroque style",midjourney_lowstep_079.jpg,79,1.954767317,0.577429129,2.118609113,1.397365117
"the infernal dark gun magicks , baroque style",midjourney_normal_079.jpg,79,3.700231162,0.844881086,2.401039388,1.167818513
"the infernal dark gun magicks , baroque style",sd1.5_highcorr_079.jpg,79,2.418144251,0.506189215,1.946215579,1.164780465
"the infernal dark gun magicks , baroque style",sd1.5_lowcorr_079.jpg,79,2.233367001,0.633270141,2.187651086,1.171348814
"the infernal dark gun magicks , baroque style",sd1.5_lowstep_079.jpg,79,2.817259418,0.70437811,2.071203024,1.291253377
"the infernal dark gun magicks , baroque style",sd1.5_normal_079.jpg,79,2.942711395,0.463965784,3.33369641,0.870332318
"the infernal dark gun magicks , baroque style",xl2.2_normal_079.jpg,79,3.307841757,0.587161116,2.074448369,0.843636917
"painted portrait of goblin man, anime style",AttnGAN_normal_080.jpg,80,0.812984657,0.735026903,0.481457492,0.339049937
"painted portrait of goblin man, anime style",DALLE2_normal_080.jpg,80,1.881435837,0.382788467,3.895028099,0.419523597
"painted portrait of goblin man, anime style",glide_normal_080.jpg,80,1.012573225,0.62023562,1.745318022,1.014279127
"painted portrait of goblin man, anime style",midjourney_lowstep_080.jpg,80,2.659178911,0.500052159,3.075004622,0.622659371
"painted portrait of goblin man, anime style",midjourney_normal_080.jpg,80,3.727351438,0.428866791,3.797711871,0.332301154
"painted portrait of goblin man, anime style",sd1.5_highcorr_080.jpg,80,2.61389334,0.565137792,3.202549791,0.390807278
"painted portrait of goblin man, anime style",sd1.5_lowcorr_080.jpg,80,2.808870337,0.623779528,3.61477839,0.605983668
"painted portrait of goblin man, anime style",sd1.5_lowstep_080.jpg,80,2.746169865,0.705615384,3.250810209,0.527947873
"painted portrait of goblin man, anime style",sd1.5_normal_080.jpg,80,2.210104633,0.354777468,3.232987189,0.546220084
"painted portrait of goblin man, anime style",xl2.2_normal_080.jpg,80,2.956675282,0.522167942,4.081257224,0.44648019
"large purple lovecraftian void, sci-fi style",AttnGAN_normal_081.jpg,81,0.955535203,0.23871129,0.406335814,0.601449218
"large purple lovecraftian void, sci-fi style",DALLE2_normal_081.jpg,81,1.523022688,0.421786868,2.951467196,1.209974957
"large purple lovecraftian void, sci-fi style",glide_normal_081.jpg,81,0.972096944,0.477226561,1.152887677,0.551809779
"large purple lovecraftian void, sci-fi style",midjourney_lowstep_081.jpg,81,1.433419401,0.57752649,2.268627069,1.725818411
"large purple lovecraftian void, sci-fi style",midjourney_normal_081.jpg,81,2.742340814,0.567789616,3.364639327,0.713031127
"large purple lovecraftian void, sci-fi style",sd1.5_highcorr_081.jpg,81,2.23076479,0.871842915,2.474154779,1.003016435
"large purple lovecraftian void, sci-fi style",sd1.5_lowcorr_081.jpg,81,2.455012736,0.628208702,2.308233468,1.211470878
"large purple lovecraftian void, sci-fi style",sd1.5_lowstep_081.jpg,81,1.642493738,0.8376555,3.398417097,0.493691075
"large purple lovecraftian void, sci-fi style",sd1.5_normal_081.jpg,81,1.237266363,0.741880859,2.629356055,1.251352555
"large purple lovecraftian void, sci-fi style",xl2.2_normal_081.jpg,81,1.827559877,0.529236512,2.271926577,0.907286386
"lanky young half - orc warrior, realistic style",AttnGAN_normal_082.jpg,82,0.905232817,0.414046621,0.516334989,0.532775663
"lanky young half - orc warrior, realistic style",DALLE2_normal_082.jpg,82,1.821700312,0.411716488,1.809261893,1.02549582
"lanky young half - orc warrior, realistic style",glide_normal_082.jpg,82,0.69922293,0.430660377,0.653301426,0.873003168
"lanky young half - orc warrior, realistic style",midjourney_lowstep_082.jpg,82,2.855791343,0.278071525,2.714701964,0.673135419
"lanky young half - orc warrior, realistic style",midjourney_normal_082.jpg,82,3.449493362,0.80687651,2.839729721,1.367512393
"lanky young half - orc warrior, realistic style",sd1.5_highcorr_082.jpg,82,0.4524598,0.325296124,0.886412125,0.52887676
"lanky young half - orc warrior, realistic style",sd1.5_lowcorr_082.jpg,82,2.423784221,0.450350728,2.968775923,0.684165507
"lanky young half - orc warrior, realistic style",sd1.5_lowstep_082.jpg,82,2.687102292,0.591023703,2.726102068,1.00112242
"lanky young half - orc warrior, realistic style",sd1.5_normal_082.jpg,82,3.00308113,0.370702737,3.059123051,0.863088579
"lanky young half - orc warrior, realistic style",xl2.2_normal_082.jpg,82,3.502054974,0.321079495,3.019153218,0.866760123
"eiffel tower drenched in blood, abstract style",AttnGAN_normal_083.jpg,83,0.763087515,0.701361348,0.560448775,0.629124546
"eiffel tower drenched in blood, abstract style",DALLE2_normal_083.jpg,83,1.368272689,0.666101762,3.291909811,1.032780485
"eiffel tower drenched in blood, abstract style",glide_normal_083.jpg,83,1.388190702,0.342705919,1.435558842,0.236067451
"eiffel tower drenched in blood, abstract style",sd1.5_highcorr_083.jpg,83,2.195092561,0.620702392,3.387308117,0.71568793
"eiffel tower drenched in blood, abstract style",sd1.5_lowcorr_083.jpg,83,2.293266536,0.836387204,2.508900426,0.481758248
"eiffel tower drenched in blood, abstract style",sd1.5_lowstep_083.jpg,83,3.197799919,0.887237802,2.746134145,0.817352845
"eiffel tower drenched in blood, abstract style",sd1.5_normal_083.jpg,83,2.041016527,0.932921526,3.161543067,1.001215529
"eiffel tower drenched in blood, abstract style",xl2.2_normal_083.jpg,83,3.214375205,0.680825826,3.72764949,0.39379
"grumpy minions sitting in a bar, anime style",AttnGAN_normal_085.jpg,85,0.776328629,0.259128152,0.232521964,0.459285357
"grumpy minions sitting in a bar, anime style",DALLE2_normal_085.jpg,85,2.239848985,0.414425311,3.497739298,0.853688125
"grumpy minions sitting in a bar, anime style",glide_normal_085.jpg,85,1.464106675,0.404317808,1.095887156,0.887489974
"grumpy minions sitting in a bar, anime style",midjourney_lowstep_085.jpg,85,2.23273847,0.509239625,2.031562891,1.05913564
"grumpy minions sitting in a bar, anime style",midjourney_normal_085.jpg,85,4.039711731,0.897644529,2.924247568,1.186098851
"grumpy minions sitting in a bar, anime style",sd1.5_highcorr_085.jpg,85,3.150997182,0.940823309,3.387308117,0.31574907
"grumpy minions sitting in a bar, anime style",sd1.5_lowcorr_085.jpg,85,2.912021026,0.329460818,2.589300817,0.847445473
"grumpy minions sitting in a bar, anime style",sd1.5_lowstep_085.jpg,85,0.402281536,0.819661468,0.637168837,0.649431079
"grumpy minions sitting in a bar, anime style",sd1.5_normal_085.jpg,85,3.041723666,0.87738985,2.680048206,1.130166611
"grumpy minions sitting in a bar, anime style",xl2.2_normal_085.jpg,85,3.482963598,0.756091586,3.080096813,1.209459766
"a very drunk person named aaron, sci-fi style",AttnGAN_normal_086.jpg,86,1.161274584,0.716601129,0.767535581,0.797303011
"a very drunk person named aaron, sci-fi style",DALLE2_normal_086.jpg,86,3.773548415,0.934402033,2.982848125,0.889851756
"a very drunk person named aaron, sci-fi style",glide_normal_086.jpg,86,1.075025374,0.679539917,0.720129493,0.496435028
"a very drunk person named aaron, sci-fi style",midjourney_lowstep_086.jpg,86,2.955258155,0.664580461,2.841551967,1.109379733
"a very drunk person named aaron, sci-fi style",midjourney_normal_086.jpg,86,3.9689969,0.179142069,3.715711518,0.467427911
"a very drunk person named aaron, sci-fi style",sd1.5_highcorr_086.jpg,86,1.544809406,0.579673452,2.206100508,0.888704119
"a very drunk person named aaron, sci-fi style",sd1.5_lowcorr_086.jpg,86,2.874527714,0.679680279,2.116910203,0.50741751
"a very drunk person named aaron, sci-fi style",sd1.5_lowstep_086.jpg,86,2.223207403,0.482324333,1.734292996,1.140776424
"a very drunk person named aaron, sci-fi style",sd1.5_normal_086.jpg,86,2.65595515,0.798843897,2.283154863,0.806050454
"a very drunk person named aaron, sci-fi style",xl2.2_normal_086.jpg,86,3.984089334,0.193628665,1.9250157,1.293892309
"a tonalism portrait of a ghost , realistic style",AttnGAN_normal_087.jpg,87,0.965602553,0.285318521,0.659590655,0.816063936
"a tonalism portrait of a ghost , realistic style",DALLE2_normal_087.jpg,87,1.834018423,1.006215574,2.414897168,1.165914841
"a tonalism portrait of a ghost , realistic style",glide_normal_087.jpg,87,1.931518323,0.575500634,1.328117093,0.783684031
"a tonalism portrait of a ghost , realistic style",midjourney_lowstep_087.jpg,87,3.75546628,0.705646043,2.258697793,1.129046792
"a tonalism portrait of a ghost , realistic style",midjourney_normal_087.jpg,87,2.758973195,0.775130189,2.75903949,0.534372539
"a tonalism portrait of a ghost , realistic style",sd1.5_highcorr_087.jpg,87,0.621134369,0.284509809,1.702366115,1.271379617
"a tonalism portrait of a ghost , realistic style",sd1.5_lowcorr_087.jpg,87,2.010516065,0.740772782,2.377248288,0.870247219
"a tonalism portrait of a ghost , realistic style",sd1.5_lowstep_087.jpg,87,2.195092561,0.570442354,2.327098418,1.138633875
"a tonalism portrait of a ghost , realistic style",sd1.5_normal_087.jpg,87,2.831160905,0.632531523,2.991040101,0.542488853
"a tonalism portrait of a ghost , realistic style",xl2.2_normal_087.jpg,87,3.352004521,0.80586692,2.877106534,1.195024311
"a space shuttle flying in space, abstract style",AttnGAN_normal_088.jpg,88,1.22513052,0.413156708,1.02748653,0.685047874
"a space shuttle flying in space, abstract style",DALLE2_normal_088.jpg,88,3.334754679,0.773188707,3.517088733,0.262245683
"a space shuttle flying in space, abstract style",glide_normal_088.jpg,88,1.086342024,0.711934289,2.139899198,1.127248295
"a space shuttle flying in space, abstract style",midjourney_lowstep_088.jpg,88,1.946610757,0.615916575,3.142688856,1.034744675
"a space shuttle flying in space, abstract style",midjourney_normal_088.jpg,88,3.643633817,0.66297103,3.212187972,0.681037795
"a space shuttle flying in space, abstract style",sd1.5_highcorr_088.jpg,88,3.016410807,0.691599545,2.752822796,0.941943519
"a space shuttle flying in space, abstract style",sd1.5_lowcorr_088.jpg,88,2.545997226,0.607744007,2.556888633,0.947716349
"a space shuttle flying in space, abstract style",sd1.5_lowstep_088.jpg,88,2.188089699,0.526953369,2.987495218,0.506771856
"a space shuttle flying in space, abstract style",sd1.5_normal_088.jpg,88,1.933236823,0.31146248,2.092525257,0.609445663
"a space shuttle flying in space, abstract style",xl2.2_normal_088.jpg,88,2.284650629,0.662398361,2.144474319,0.738508841
"a crocodile in a new york sewer, baroque style",AttnGAN_normal_089.jpg,89,0.712802152,0.396698587,0.530848447,0.677700073
"a crocodile in a new york sewer, baroque style",DALLE2_normal_089.jpg,89,3.244560073,0.424047171,2.880053469,0.525186272
"a crocodile in a new york sewer, baroque style",glide_normal_089.jpg,89,0.794277489,0.577755739,1.922359564,0.745929075
"a crocodile in a new york sewer, baroque style",midjourney_lowstep_089.jpg,89,2.023766685,0.533157738,2.936364145,0.936990503
"a crocodile in a new york sewer, baroque style",midjourney_normal_089.jpg,89,3.657064334,0.361576533,3.375908012,0.711484282
"a crocodile in a new york sewer, baroque style",sd1.5_highcorr_089.jpg,89,3.197799919,0.618709339,3.146889346,0.982733537
"a crocodile in a new york sewer, baroque style",sd1.5_lowcorr_089.jpg,89,2.974361596,0.960491703,3.445889779,0.537365214
"a crocodile in a new york sewer, baroque style",sd1.5_lowstep_089.jpg,89,2.630872609,0.689422857,3.033904884,0.78539895
"a crocodile in a new york sewer, baroque style",sd1.5_normal_089.jpg,89,2.792402589,0.36741291,3.001128296,0.579814184
"a crocodile in a new york sewer, baroque style",xl2.2_normal_089.jpg,89,3.145006417,0.881662598,2.829700445,0.845159641
"little girl with a mushroom hat, anime style",AttnGAN_normal_090.jpg,90,1.209411183,0.379049878,0.344259439,0.653426234
"little girl with a mushroom hat, anime style",DALLE2_normal_090.jpg,90,2.254782866,0.430317711,2.740407521,0.542471432
"little girl with a mushroom hat, anime style",glide_normal_090.jpg,90,1.296708731,0.382408553,1.143113339,0.838034727
"little girl with a mushroom hat, anime style",midjourney_lowstep_090.jpg,90,2.788955814,0.716836379,3.506852145,0.628736472
"little girl with a mushroom hat, anime style",midjourney_normal_090.jpg,90,3.806813177,0.645283031,3.601613177,1.341048527
"little girl with a mushroom hat, anime style",sd1.5_highcorr_090.jpg,90,3.906607461,0.738197744,3.720100101,0.865273617
"little girl with a mushroom hat, anime style",sd1.5_lowcorr_090.jpg,90,3.145006417,0.649519132,3.683010044,0.796383471
"little girl with a mushroom hat, anime style",sd1.5_lowstep_090.jpg,90,1.575270793,0.569769455,2.474154779,0.830851533
"little girl with a mushroom hat, anime style",sd1.5_normal_090.jpg,90,3.162256259,0.33223573,3.268206767,0.951977448
"little girl with a mushroom hat, anime style",xl2.2_normal_090.jpg,90,3.188291344,0.656075444,3.665354297,0.279499099
"ufo ignoring the laws of phyics, sci-fi style",AttnGAN_normal_091.jpg,91,0.863588083,0.400213922,0.702583315,0.420071168
"ufo ignoring the laws of phyics, sci-fi style",DALLE2_normal_091.jpg,91,3.369254363,0.875017465,2.723036745,0.894760281
"ufo ignoring the laws of phyics, sci-fi style",glide_normal_091.jpg,91,0.574779956,0.868042726,1.751211925,1.199376722
"ufo ignoring the laws of phyics, sci-fi style",midjourney_lowstep_091.jpg,91,2.326531297,0.870211283,2.719543848,0.79240443
"ufo ignoring the laws of phyics, sci-fi style",midjourney_normal_091.jpg,91,3.344956193,0.837870988,3.485324022,0.565165134
"ufo ignoring the laws of phyics, sci-fi style",sd1.5_highcorr_091.jpg,91,3.43455948,0.569380474,3.609476773,0.73686929
"ufo ignoring the laws of phyics, sci-fi style",sd1.5_lowcorr_091.jpg,91,1.946610757,0.662234932,2.760673748,0.716725644
"ufo ignoring the laws of phyics, sci-fi style",sd1.5_lowstep_091.jpg,91,2.852156791,0.464188588,3.33369641,0.789315051
"ufo ignoring the laws of phyics, sci-fi style",sd1.5_normal_091.jpg,91,2.423784221,0.834796164,2.968775923,0.55618542
"ufo ignoring the laws of phyics, sci-fi style",xl2.2_normal_091.jpg,91,3.662501677,0.745034586,3.659307,0.50748604
"steampunk walter white portrait , realistic style",AttnGAN_normal_092.jpg,92,0.845580156,0.476308659,0.54868215,0.600504075
"steampunk walter white portrait , realistic style",DALLE2_normal_092.jpg,92,2.974361596,0.553719554,2.433914506,1.0900711
"steampunk walter white portrait , realistic style",glide_normal_092.jpg,92,0.91586726,0.714305492,1.118687364,1.239855938
"steampunk walter white portrait , realistic style",midjourney_lowstep_092.jpg,92,3.007007681,0.537773339,3.481534167,0.288748979
"steampunk walter white portrait , realistic style",midjourney_normal_092.jpg,92,3.593502309,0.601946937,3.754119177,0.515938828
"steampunk walter white portrait , realistic style",sd1.5_highcorr_092.jpg,92,3.460260441,0.430027694,3.18210624,0.773456044
"steampunk walter white portrait , realistic style",sd1.5_lowcorr_092.jpg,92,3.263456549,0.258187736,2.988304467,0.527167538
"steampunk walter white portrait , realistic style",sd1.5_lowstep_092.jpg,92,2.991826524,0.643467635,3.075004622,0.754976498
"steampunk walter white portrait , realistic style",sd1.5_normal_092.jpg,92,3.210551263,0.347661639,3.112865772,0.532267172
"steampunk walter white portrait , realistic style",xl2.2_normal_092.jpg,92,3.464427243,0.471391554,3.199772697,0.631785892
"photo of tony danza eating chili, abstract style",AttnGAN_normal_093.jpg,93,1.478164096,0.644720816,0.696883506,0.501431398
"photo of tony danza eating chili, abstract style",DALLE2_normal_093.jpg,93,2.476240979,0.57620571,3.227706657,0.587682229
"photo of tony danza eating chili, abstract style",glide_normal_093.jpg,93,0.986154364,0.43733238,1.050286739,0.483895995
"photo of tony danza eating chili, abstract style",midjourney_lowstep_093.jpg,93,3.116981428,0.903665277,2.702148916,0.711977881
"photo of tony danza eating chili, abstract style",midjourney_normal_093.jpg,93,3.956504603,1.006628303,3.588447963,0.635718282
"photo of tony danza eating chili, abstract style",sd1.5_highcorr_093.jpg,93,2.986543045,0.505309462,2.355533995,0.683890224
"photo of tony danza eating chili, abstract style",sd1.5_lowcorr_093.jpg,93,3.150815738,0.488077234,2.330703444,0.989466456
"photo of tony danza eating chili, abstract style",sd1.5_lowstep_093.jpg,93,2.351513684,0.66449215,2.154163679,0.826343689
"photo of tony danza eating chili, abstract style",sd1.5_normal_093.jpg,93,2.776844014,0.98511615,2.7906625,0.871787195
"photo of tony danza eating chili, abstract style",xl2.2_normal_093.jpg,93,3.531316317,0.495127609,2.820363609,0.600809989
"moon sea with stars and galaxies, anime style",AttnGAN_normal_095.jpg,95,1.020469898,0.531171361,0.422156431,0.494782666
"moon sea with stars and galaxies, anime style",DALLE2_normal_095.jpg,95,3.048428469,0.787819464,3.52538037,0.737317353
"moon sea with stars and galaxies, anime style",glide_normal_095.jpg,95,0.641923698,0.556188949,1.461634192,1.012561195
"moon sea with stars and galaxies, anime style",midjourney_lowstep_095.jpg,95,3.074195478,0.522327485,3.470274726,0.471474378
"moon sea with stars and galaxies, anime style",midjourney_normal_095.jpg,95,3.572719808,0.510375084,3.615310202,0.663759053
"moon sea with stars and galaxies, anime style",sd1.5_highcorr_095.jpg,95,3.124885569,0.378838377,3.114500264,0.940548081
"moon sea with stars and galaxies, anime style",sd1.5_lowcorr_095.jpg,95,2.903508628,0.764851076,3.469682644,0.741319952
"moon sea with stars and galaxies, anime style",sd1.5_lowstep_095.jpg,95,3.145505394,0.757041718,3.080115584,0.815425236
"moon sea with stars and galaxies, anime style",sd1.5_normal_095.jpg,95,2.92075847,0.63431255,3.173394589,0.391492563
"moon sea with stars and galaxies, anime style",xl2.2_normal_095.jpg,95,2.912636241,0.880256397,3.325002769,0.270443062
"meme about making peanut butter , sci-fi style",AttnGAN_normal_096.jpg,96,1.295323696,0.523710839,0.547283561,0.799152537
"meme about making peanut butter , sci-fi style",DALLE2_normal_096.jpg,96,1.956105243,0.596717738,2.36794927,0.824680526
"meme about making peanut butter , sci-fi style",glide_normal_096.jpg,96,1.597692094,0.289039018,0.803624615,0.509314803
"meme about making peanut butter , sci-fi style",midjourney_lowstep_096.jpg,96,1.311956077,0.510626694,2.061283155,0.951227111
"meme about making peanut butter , sci-fi style",midjourney_normal_096.jpg,96,2.603550033,0.605285554,2.958190852,0.76347272
"meme about making peanut butter , sci-fi style",sd1.5_highcorr_096.jpg,96,0.293108755,0.338753948,0.361194066,0.363500637
"meme about making peanut butter , sci-fi style",sd1.5_lowcorr_096.jpg,96,2.419055559,0.735275052,1.585786942,1.426458895
"meme about making peanut butter , sci-fi style",sd1.5_lowstep_096.jpg,96,0.4524598,0.288546154,0.40889324,0.470122453
"meme about making peanut butter , sci-fi style",sd1.5_normal_096.jpg,96,0.437367366,0.149301214,0.396955268,0.491120719
"meme about making peanut butter , sci-fi style",xl2.2_normal_096.jpg,96,3.345173159,0.457768405,2.397337086,1.311560971
"donald trump playing in the rain, realistic style",AttnGAN_normal_097.jpg,97,0.895799678,0.396296943,0.170445589,0.476335408
"donald trump playing in the rain, realistic style",glide_normal_097.jpg,97,0.663293231,0.81142886,0.047005435,0.457883741
"donald trump playing in the rain, realistic style",midjourney_lowstep_097.jpg,97,2.86026573,0.471702186,2.628994077,0.783695298
"donald trump playing in the rain, realistic style",midjourney_normal_097.jpg,97,3.643633817,0.435575717,2.740407521,0.764291983
"donald trump playing in the rain, realistic style",sd1.5_highcorr_097.jpg,97,2.432406235,0.492548024,2.848458594,0.549211296
"donald trump playing in the rain, realistic style",sd1.5_lowcorr_097.jpg,97,2.351513684,0.454838935,2.794145879,0.775762641
"donald trump playing in the rain, realistic style",sd1.5_lowstep_097.jpg,97,3.207226865,0.591369715,2.395499044,0.621791439
"donald trump playing in the rain, realistic style",sd1.5_normal_097.jpg,97,2.646335983,0.386111938,2.458299452,1.147638213
"donald trump playing in the rain, realistic style",xl2.2_normal_097.jpg,97,2.509487485,0.655945537,2.719543848,0.552042948
"cute fox in suit dancing in club, abstract style",AttnGAN_normal_098.jpg,98,0.820802133,0.313167937,0.970817724,0.37635206
"cute fox in suit dancing in club, abstract style",DALLE2_normal_098.jpg,98,2.120377936,0.544950258,3.001128296,0.685550494
"cute fox in suit dancing in club, abstract style",glide_normal_098.jpg,98,1.419805428,0.203738096,1.714558588,0.5811903
"cute fox in suit dancing in club, abstract style",midjourney_lowstep_098.jpg,98,2.989757839,0.762224664,3.635603955,0.302534464
"cute fox in suit dancing in club, abstract style",midjourney_normal_098.jpg,98,3.195617381,0.653234111,3.187357422,0.71459478
"cute fox in suit dancing in club, abstract style",sd1.5_highcorr_098.jpg,98,1.971039124,0.484404746,2.54176312,0.721839723
"cute fox in suit dancing in club, abstract style",sd1.5_lowcorr_098.jpg,98,2.746169865,0.433195486,2.37295214,0.805978198
"cute fox in suit dancing in club, abstract style",sd1.5_lowstep_098.jpg,98,2.006980492,0.470267792,2.37865864,0.864523692
"cute fox in suit dancing in club, abstract style",sd1.5_normal_098.jpg,98,2.939794687,0.87395685,3.080096813,0.993227993
"cute fox in suit dancing in club, abstract style",xl2.2_normal_098.jpg,98,3.374329815,0.973526158,3.358399036,1.187163793
"brain floating out of a portrait, baroque style",AttnGAN_normal_099.jpg,99,0.8493261,0.379767394,0.544081163,0.277659336
"brain floating out of a portrait, baroque style",DALLE2_normal_099.jpg,99,2.657997659,0.386321661,3.274264347,0.729044868
"brain floating out of a portrait, baroque style",glide_normal_099.jpg,99,0.67179146,0.441228524,0.753963515,0.458253475
"brain floating out of a portrait, baroque style",midjourney_lowstep_099.jpg,99,2.096690615,0.259116902,2.247297688,0.774708041
"brain floating out of a portrait, baroque style",midjourney_normal_099.jpg,99,3.510122043,0.399517644,3.235946058,0.764939553
"brain floating out of a portrait, baroque style",sd1.5_highcorr_099.jpg,99,3.316649193,1.072846962,2.994768272,0.743330074
"brain floating out of a portrait, baroque style",sd1.5_lowcorr_099.jpg,99,3.576252467,0.405010629,3.256355245,0.608079723
"brain floating out of a portrait, baroque style",sd1.5_lowstep_099.jpg,99,3.386504205,0.452204115,2.604521523,0.981659527
"brain floating out of a portrait, baroque style",sd1.5_normal_099.jpg,99,2.942711395,0.621080958,2.15183717,0.756594916
"brain floating out of a portrait, baroque style",xl2.2_normal_099.jpg,99,3.307841757,0.752518437,2.706378634,1.204093369
"a small garden buzzing with bees, anime style",AttnGAN_normal_100.jpg,100,1.178897031,0.633309209,1.02123126,0.925723273
"a small garden buzzing with bees, anime style",DALLE2_normal_100.jpg,100,2.248459435,0.501948358,3.274006549,0.23328333
"a small garden buzzing with bees, anime style",glide_normal_100.jpg,100,1.358005834,0.806326564,1.411682898,0.815104534
"a small garden buzzing with bees, anime style",midjourney_lowstep_100.jpg,100,1.295323696,0.714997482,2.219265721,0.91839975
"a small garden buzzing with bees, anime style",midjourney_normal_100.jpg,100,3.903999466,0.762064063,3.611900911,0.796702028
"a small garden buzzing with bees, anime style",sd1.5_highcorr_100.jpg,100,2.410204999,0.387821818,2.47896401,0.805884317
"a small garden buzzing with bees, anime style",sd1.5_lowcorr_100.jpg,100,3.138913035,0.53338824,2.736797804,0.966829773
"a small garden buzzing with bees, anime style",sd1.5_lowstep_100.jpg,100,3.091620808,0.641526015,3.009178553,0.621283601
"a small garden buzzing with bees, anime style",sd1.5_normal_100.jpg,100,2.701159713,0.700532236,3.489909055,0.402954605
"a small garden buzzing with bees, anime style",xl2.2_normal_100.jpg,100,3.135881857,0.304981488,3.882612824,0.399310051
"a man playing an invisible cello, sci-fi style",AttnGAN_normal_101.jpg,101,0.829617037,0.668279123,0.994900832,0.744714303
"a man playing an invisible cello, sci-fi style",DALLE2_normal_101.jpg,101,2.731907882,0.45636461,2.202257515,0.988189209
"a man playing an invisible cello, sci-fi style",glide_normal_101.jpg,101,0.0,0.201756042,0.190499441,0.154827399
"a man playing an invisible cello, sci-fi style",midjourney_lowstep_101.jpg,101,3.143483028,0.82549973,2.768398323,0.798830013
"a man playing an invisible cello, sci-fi style",midjourney_normal_101.jpg,101,3.740283654,0.730270465,3.167161119,0.826453571
"a man playing an invisible cello, sci-fi style",sd1.5_highcorr_101.jpg,101,2.308829171,0.515926101,2.796487664,0.481584786
"a man playing an invisible cello, sci-fi style",sd1.5_lowcorr_101.jpg,101,3.374371279,1.006049033,2.390413502,0.421096661
"a man playing an invisible cello, sci-fi style",sd1.5_lowstep_101.jpg,101,2.588700346,0.635772991,2.076296124,0.791971763
"a man playing an invisible cello, sci-fi style",sd1.5_normal_101.jpg,101,2.542752246,0.542004527,2.969682911,0.81350221
"a man playing an invisible cello, sci-fi style",xl2.2_normal_101.jpg,101,2.747600946,0.704339701,3.013543571,0.876285197
"a grand stag in a fantasy forest, realistic style",AttnGAN_normal_102.jpg,102,0.799027902,0.749671265,1.087526681,1.192546223
"a grand stag in a fantasy forest, realistic style",DALLE2_normal_102.jpg,102,3.352004521,0.898085543,3.374870467,0.48128529
"a grand stag in a fantasy forest, realistic style",glide_normal_102.jpg,102,0.223775025,0.263707727,0.431166364,0.344089767
"a grand stag in a fantasy forest, realistic style",midjourney_lowstep_102.jpg,102,2.73141732,0.645471592,3.345634382,0.506887645
"a grand stag in a fantasy forest, realistic style",midjourney_normal_102.jpg,102,4.162747096,0.794430273,3.718564611,0.481717094
"a grand stag in a fantasy forest, realistic style",sd1.5_highcorr_102.jpg,102,3.305628811,0.421683211,3.18210624,0.754461624
"a grand stag in a fantasy forest, realistic style",sd1.5_lowcorr_102.jpg,102,2.761602188,0.618467558,2.509976334,0.722559049
"a grand stag in a fantasy forest, realistic style",sd1.5_lowstep_102.jpg,102,3.361858495,0.420831429,3.353107804,0.498555214
"a grand stag in a fantasy forest, realistic style",sd1.5_normal_102.jpg,102,3.490003257,0.797304639,3.374870467,0.58025695
"a grand stag in a fantasy forest, realistic style",xl2.2_normal_102.jpg,102,3.244560073,0.761877701,2.963619274,0.902192059
"a giant rock floating in the air, abstract style",AttnGAN_normal_103.jpg,103,0.929924681,0.291859613,0.78808434,0.688698947
"a giant rock floating in the air, abstract style",DALLE2_normal_103.jpg,103,3.162256259,0.78356873,3.1259885,0.681765755
"a giant rock floating in the air, abstract style",glide_normal_103.jpg,103,0.45479692,0.254632895,1.721981963,0.869123171
"a giant rock floating in the air, abstract style",midjourney_lowstep_103.jpg,103,1.48681785,0.697328904,3.158021435,0.530670701
"a giant rock floating in the air, abstract style",midjourney_normal_103.jpg,103,2.821971923,0.417819862,3.548579908,0.575292504
"a giant rock floating in the air, abstract style",sd1.5_highcorr_103.jpg,103,1.590623463,0.378844548,2.133296646,0.438013678
"a giant rock floating in the air, abstract style",sd1.5_lowcorr_103.jpg,103,3.257944615,0.674756139,2.785369917,0.891633127
"a giant rock floating in the air, abstract style",sd1.5_lowstep_103.jpg,103,0.676891105,0.549546942,1.460690493,1.059285728
"a giant rock floating in the air, abstract style",sd1.5_normal_103.jpg,103,2.716324886,0.355940919,1.841449895,0.700515704
"a giant rock floating in the air, abstract style",xl2.2_normal_103.jpg,103,2.803217798,0.610697304,3.482467199,0.523919182
"a biomechanical cybertronic frog, baroque style",AttnGAN_normal_104.jpg,104,0.784493346,0.291900877,0.468583101,0.617734883
"a biomechanical cybertronic frog, baroque style",DALLE2_normal_104.jpg,104,2.686140018,0.601714702,3.154626828,0.590882101
"a biomechanical cybertronic frog, baroque style",glide_normal_104.jpg,104,1.632795725,0.294272108,2.178897063,0.514063738
"a biomechanical cybertronic frog, baroque style",midjourney_lowstep_104.jpg,104,2.505030811,0.568262633,3.178502772,0.485423712
"a biomechanical cybertronic frog, baroque style",midjourney_normal_104.jpg,104,3.662501677,0.731596219,3.635603955,0.635935866
"a biomechanical cybertronic frog, baroque style",sd1.5_highcorr_104.jpg,104,2.852156791,0.549321673,3.214316689,0.706774038
"a biomechanical cybertronic frog, baroque style",sd1.5_lowcorr_104.jpg,104,3.430745058,0.347061602,3.433697306,0.485876913
"a biomechanical cybertronic frog, baroque style",sd1.5_lowstep_104.jpg,104,3.524162768,0.494729729,3.410832372,0.642517547
"a biomechanical cybertronic frog, baroque style",sd1.5_normal_104.jpg,104,2.804002459,1.111505684,3.358399036,0.642459183
"a biomechanical cybertronic frog, baroque style",xl2.2_normal_104.jpg,104,3.714251203,0.771773493,3.671158522,0.645354468
"a 2 d guitarist character design, anime style",AttnGAN_normal_105.jpg,105,1.045837986,0.595915999,0.85008348,0.864606757
"a 2 d guitarist character design, anime style",DALLE2_normal_105.jpg,105,2.172997265,0.395706045,3.465014103,0.71877828
"a 2 d guitarist character design, anime style",glide_normal_105.jpg,105,1.012573225,0.740208205,1.245039896,1.394164653
"a 2 d guitarist character design, anime style",midjourney_lowstep_105.jpg,105,2.218274567,0.553147202,3.488890048,0.81214521
"a 2 d guitarist character design, anime style",midjourney_normal_105.jpg,105,3.830080588,0.74148655,3.94578118,0.776964725
"a 2 d guitarist character design, anime style",sd1.5_highcorr_105.jpg,105,2.974361596,0.400070054,3.189847843,0.631605647
"a 2 d guitarist character design, anime style",sd1.5_lowcorr_105.jpg,105,2.328729662,0.663795793,3.013304279,0.641144209
"a 2 d guitarist character design, anime style",sd1.5_lowstep_105.jpg,105,2.368763526,0.50945286,3.031176323,0.661724763
"a 2 d guitarist character design, anime style",sd1.5_normal_105.jpg,105,2.736106345,0.843901463,3.180285613,0.366844283
"a 2 d guitarist character design, anime style",xl2.2_normal_105.jpg,105,3.214005785,0.764594543,3.410425033,0.645156978
"vaporware yosemite amusement park, sci-fi style",AttnGAN_normal_106.jpg,106,1.537956569,0.699429731,1.039514841,0.915072172
"vaporware yosemite amusement park, sci-fi style",DALLE2_normal_106.jpg,106,2.339014038,0.57073773,2.390596612,0.853209068
"vaporware yosemite amusement park, sci-fi style",glide_normal_106.jpg,106,1.24239184,0.460287427,1.009528271,0.932503914
"vaporware yosemite amusement park, sci-fi style",midjourney_lowstep_106.jpg,106,2.14357511,0.856947557,2.377248288,1.150511224
"vaporware yosemite amusement park, sci-fi style",midjourney_normal_106.jpg,106,3.618755825,0.642223769,3.458587836,0.764094445
"vaporware yosemite amusement park, sci-fi style",sd1.5_highcorr_106.jpg,106,2.586734895,0.665697649,2.723869967,1.144248808
"vaporware yosemite amusement park, sci-fi style",sd1.5_lowcorr_106.jpg,106,2.996365552,0.740808381,2.94270405,0.905302314
"vaporware yosemite amusement park, sci-fi style",sd1.5_lowstep_106.jpg,106,2.896939758,0.733674745,3.572230948,0.501397157
"vaporware yosemite amusement park, sci-fi style",sd1.5_normal_106.jpg,106,3.561501185,0.659340528,3.572455852,0.386026504
"vaporware yosemite amusement park, sci-fi style",xl2.2_normal_106.jpg,106,3.906607461,0.853304399,3.377804541,0.812027859
"spritesheet game asset vector art, realistic style",AttnGAN_normal_107.jpg,107,1.014269206,0.583958032,0.856484966,0.597655792
"spritesheet game asset vector art, realistic style",DALLE2_normal_107.jpg,107,2.713760366,0.440479774,2.971918712,0.213385477
"spritesheet game asset vector art, realistic style",glide_normal_107.jpg,107,1.056157156,0.525501471,1.578814508,1.183469649
"spritesheet game asset vector art, realistic style",midjourney_lowstep_107.jpg,107,2.48951242,0.576377002,2.699333701,0.789405695
"spritesheet game asset vector art, realistic style",midjourney_normal_107.jpg,107,2.931575646,0.585183079,3.17765537,0.524333997
"spritesheet game asset vector art, realistic style",sd1.5_highcorr_107.jpg,107,2.701232452,0.561306758,2.54579025,1.03244652
"spritesheet game asset vector art, realistic style",sd1.5_lowcorr_107.jpg,107,2.377839033,0.987196057,2.885703528,0.627325418
"spritesheet game asset vector art, realistic style",sd1.5_lowstep_107.jpg,107,2.957803829,0.470691892,2.891991441,0.620136906
"spritesheet game asset vector art, realistic style",sd1.5_normal_107.jpg,107,2.85831935,0.573974455,2.835190856,0.982562334
"spritesheet game asset vector art, realistic style",xl2.2_normal_107.jpg,107,3.235341707,0.554705545,2.794502694,1.079455403
"portrait of a dancing eagle woman, abstract style",AttnGAN_normal_108.jpg,108,0.678279008,0.790858843,0.696426448,0.597760319
"portrait of a dancing eagle woman, abstract style",DALLE2_normal_108.jpg,108,1.619473192,0.837949082,1.87306074,1.423172588
"portrait of a dancing eagle woman, abstract style",glide_normal_108.jpg,108,2.138862877,0.502916652,1.608891849,0.790658744
"portrait of a dancing eagle woman, abstract style",midjourney_lowstep_108.jpg,108,3.224679853,0.958140586,3.27248283,0.664463679
"portrait of a dancing eagle woman, abstract style",midjourney_normal_108.jpg,108,4.093747728,0.678018268,3.469682644,0.473781805
"portrait of a dancing eagle woman, abstract style",sd1.5_highcorr_108.jpg,108,2.988623579,1.203449631,2.568031711,1.427273358
"portrait of a dancing eagle woman, abstract style",sd1.5_lowcorr_108.jpg,108,1.747030906,0.879954158,2.430025645,1.264995298
"portrait of a dancing eagle woman, abstract style",sd1.5_lowstep_108.jpg,108,2.586734895,0.675678523,2.991040101,1.211330807
"portrait of a dancing eagle woman, abstract style",sd1.5_normal_108.jpg,108,2.625770283,0.940302498,2.987495218,0.81558232
"portrait of a dancing eagle woman, abstract style",xl2.2_normal_108.jpg,108,2.975194143,0.764258359,3.061839408,0.76067896
"photograph of beautiful landscape, baroque style",AttnGAN_normal_109.jpg,109,1.104874015,0.406617329,0.54290384,0.653092562
"photograph of beautiful landscape, baroque style",DALLE2_normal_109.jpg,109,3.058757207,0.909877896,3.090433934,0.887605707
"photograph of beautiful landscape, baroque style",glide_normal_109.jpg,109,1.567824332,0.555968835,1.796846618,1.050983296
"photograph of beautiful landscape, baroque style",midjourney_lowstep_109.jpg,109,3.001476926,0.298063771,3.174942147,0.425878247
"photograph of beautiful landscape, baroque style",midjourney_normal_109.jpg,109,3.561501185,0.550646833,3.536641936,0.406595423
"photograph of beautiful landscape, baroque style",sd1.5_highcorr_109.jpg,109,3.359435142,0.475345828,3.665354297,0.449410182
"photograph of beautiful landscape, baroque style",sd1.5_lowcorr_109.jpg,109,3.756916035,1.083402033,3.720100101,1.054525458
"photograph of beautiful landscape, baroque style",sd1.5_lowstep_109.jpg,109,3.744508689,0.416114511,3.653161823,0.729514112
"photograph of beautiful landscape, baroque style",sd1.5_normal_109.jpg,109,3.455854147,0.614308301,3.441138159,0.707427718
"photograph of beautiful landscape, baroque style",xl2.2_normal_109.jpg,109,3.537280489,0.575150517,3.703493793,0.587766095
"painted portrait of intense woman, anime style",AttnGAN_normal_110.jpg,110,0.779719895,0.71599579,0.231318429,0.609472893
"painted portrait of intense woman, anime style",DALLE2_normal_110.jpg,110,2.251322245,0.841685076,2.805902798,0.887255671
"painted portrait of intense woman, anime style",glide_normal_110.jpg,110,0.229783115,1.008224322,0.388286871,0.514066765
"painted portrait of intense woman, anime style",midjourney_lowstep_110.jpg,110,3.39100366,0.778064364,3.548952321,0.703001786
"painted portrait of intense woman, anime style",midjourney_normal_110.jpg,110,3.9689969,0.434139214,3.321758438,0.759495466
"painted portrait of intense woman, anime style",sd1.5_highcorr_110.jpg,110,2.442957962,0.432635852,2.785369917,0.628746866
"painted portrait of intense woman, anime style",sd1.5_lowcorr_110.jpg,110,2.043565984,0.525573362,2.27858641,0.775822009
"painted portrait of intense woman, anime style",sd1.5_lowstep_110.jpg,110,2.7089479,0.562640047,2.545756544,0.647984848
"painted portrait of intense woman, anime style",sd1.5_normal_110.jpg,110,2.423784221,0.661641013,2.890851301,0.431622988
"painted portrait of intense woman, anime style",xl2.2_normal_110.jpg,110,3.972998834,0.77338241,3.659307,0.355395237
"grand canyon full of potato salad, sci-fi style",AttnGAN_normal_111.jpg,111,1.178897031,0.887921448,0.534118347,0.439784078
"grand canyon full of potato salad, sci-fi style",DALLE2_normal_111.jpg,111,2.580492981,0.448099293,1.316179121,0.478965237
"grand canyon full of potato salad, sci-fi style",glide_normal_111.jpg,111,1.419805428,0.530972454,1.202474715,0.621929457
"grand canyon full of potato salad, sci-fi style",midjourney_lowstep_111.jpg,111,1.761030355,0.89489989,2.11394401,1.043523894
"grand canyon full of potato salad, sci-fi style",midjourney_normal_111.jpg,111,2.92075847,0.823313652,2.106757591,1.043626471
"grand canyon full of potato salad, sci-fi style",sd1.5_highcorr_111.jpg,111,2.722527122,0.667997494,1.621793163,0.668996225
"grand canyon full of potato salad, sci-fi style",sd1.5_lowcorr_111.jpg,111,2.713760366,0.704018572,1.526033003,0.981476179
"grand canyon full of potato salad, sci-fi style",sd1.5_lowstep_111.jpg,111,2.523592728,0.541352835,1.511295292,0.879871317
"grand canyon full of potato salad, sci-fi style",sd1.5_normal_111.jpg,111,3.138913035,0.590777354,1.829511923,0.320232364
"grand canyon full of potato salad, sci-fi style",xl2.2_normal_111.jpg,111,3.558662387,0.712251735,2.235897584,0.938260899
"gorgeous young scandanavian woman, realistic style",AttnGAN_normal_112.jpg,112,0.789350472,0.257226969,0.594282567,0.459973271
"gorgeous young scandanavian woman, realistic style",DALLE2_normal_112.jpg,112,2.64254653,0.588156894,2.93018727,1.060021121
"gorgeous young scandanavian woman, realistic style",glide_normal_112.jpg,112,1.006207915,0.483646191,0.519696217,0.427905339
"gorgeous young scandanavian woman, realistic style",midjourney_lowstep_112.jpg,112,3.231255627,0.563412826,3.410425033,0.605335419
"gorgeous young scandanavian woman, realistic style",midjourney_normal_112.jpg,112,4.191246327,0.582222135,3.717911141,0.962136034
"gorgeous young scandanavian woman, realistic style",sd1.5_highcorr_112.jpg,112,2.86026573,0.440992951,2.628994077,1.036316266
"gorgeous young scandanavian woman, realistic style",sd1.5_lowcorr_112.jpg,112,3.714251203,0.556010456,3.5526433,0.920783175
"gorgeous young scandanavian woman, realistic style",sd1.5_lowstep_112.jpg,112,3.490797944,0.912805822,3.351474113,0.324961291
"gorgeous young scandanavian woman, realistic style",sd1.5_normal_112.jpg,112,3.127756575,0.598706097,3.054879367,0.714209477
"gorgeous young scandanavian woman, realistic style",xl2.2_normal_112.jpg,112,3.360750593,0.721483737,3.480852014,0.459137976
"epic colourful scene from a dream, abstract style",AttnGAN_normal_113.jpg,113,0.879514179,0.769726539,0.731596555,0.450480551
"epic colourful scene from a dream, abstract style",DALLE2_normal_113.jpg,113,0.889332048,0.577938545,1.44367974,0.456340619
"epic colourful scene from a dream, abstract style",glide_normal_113.jpg,113,0.298444431,0.273761388,2.41761037,1.472143015
"epic colourful scene from a dream, abstract style",midjourney_lowstep_113.jpg,113,0.977683949,0.756180393,2.568031711,1.127569438
"epic colourful scene from a dream, abstract style",midjourney_normal_113.jpg,113,3.401488261,0.590802517,3.73689006,0.500353722
"epic colourful scene from a dream, abstract style",sd1.5_highcorr_113.jpg,113,0.64666085,0.724729776,1.705822381,0.893907526
"epic colourful scene from a dream, abstract style",sd1.5_lowcorr_113.jpg,113,3.150815738,1.002826357,3.820536448,0.38622845
"epic colourful scene from a dream, abstract style",sd1.5_lowstep_113.jpg,113,1.079441167,0.57578861,3.046700546,1.260452188
"epic colourful scene from a dream, abstract style",sd1.5_normal_113.jpg,113,2.66201084,0.984634049,3.1259885,0.904725988
"epic colourful scene from a dream, abstract style",xl2.2_normal_113.jpg,113,2.586734895,0.977837348,3.380663214,0.480103284
"donut glazed with white chocolate, baroque style",AttnGAN_normal_114.jpg,114,1.038703499,0.533338568,0.631037248,0.885547035
"donut glazed with white chocolate, baroque style",DALLE2_normal_114.jpg,114,2.837204233,0.711862584,2.790068621,0.80525371
"donut glazed with white chocolate, baroque style",glide_normal_114.jpg,114,1.448560438,0.379723617,2.402534584,0.489732639
"donut glazed with white chocolate, baroque style",midjourney_lowstep_114.jpg,114,2.420513052,0.934810359,3.493385689,0.395661902
"donut glazed with white chocolate, baroque style",midjourney_normal_114.jpg,114,3.430745058,0.737115378,3.40931236,0.532222314
"donut glazed with white chocolate, baroque style",sd1.5_highcorr_114.jpg,114,3.893534731,0.48797569,3.118812912,0.731200886
"donut glazed with white chocolate, baroque style",sd1.5_lowcorr_114.jpg,114,3.091080213,0.566032177,2.703161695,0.551671285
"donut glazed with white chocolate, baroque style",sd1.5_lowstep_114.jpg,114,3.421003889,0.449611039,3.683010044,0.479935145
"donut glazed with white chocolate, baroque style",sd1.5_normal_114.jpg,114,3.031344688,0.464676776,3.174942147,0.637571547
"donut glazed with white chocolate, baroque style",xl2.2_normal_114.jpg,114,3.472753415,0.398648605,3.481534167,0.87555236
"ocean of canvas that catches fire, anime style",AttnGAN_normal_115.jpg,115,1.112671152,0.267555626,1.278288824,0.732760249
"ocean of canvas that catches fire, anime style",DALLE2_normal_115.jpg,115,1.696019687,0.788312703,2.094906068,0.904052991
"ocean of canvas that catches fire, anime style",glide_normal_115.jpg,115,0.720968251,0.342467312,0.653813422,0.964934574
"ocean of canvas that catches fire, anime style",midjourney_lowstep_115.jpg,115,1.644270161,0.776611834,1.952687802,1.018464203
"ocean of canvas that catches fire, anime style",midjourney_normal_115.jpg,115,4.472108404,0.87394065,3.167161119,0.891393643
"ocean of canvas that catches fire, anime style",sd1.5_highcorr_115.jpg,115,2.210104633,0.566071278,2.298257005,0.725490512
"ocean of canvas that catches fire, anime style",sd1.5_lowcorr_115.jpg,115,2.104380621,1.206198658,1.848675793,1.630097441
"ocean of canvas that catches fire, anime style",sd1.5_lowstep_115.jpg,115,2.560764083,0.668898127,2.677763969,0.8351375
"ocean of canvas that catches fire, anime style",sd1.5_normal_115.jpg,115,2.575026067,0.543464247,2.238834935,0.929424918
"ocean of canvas that catches fire, anime style",xl2.2_normal_115.jpg,115,3.008458905,0.563139161,3.153995905,0.876364266
"portrait of beautiful armored girl, sci-fi style",AttnGAN_normal_116.jpg,116,1.463287163,0.504604401,0.455996915,0.564498202
"portrait of beautiful armored girl, sci-fi style",DALLE2_normal_116.jpg,116,3.131243411,0.424621109,1.824290847,1.04348603
"portrait of beautiful armored girl, sci-fi style",glide_normal_116.jpg,116,1.147337281,0.506084149,0.374999202,0.308000394
"portrait of beautiful armored girl, sci-fi style",midjourney_lowstep_116.jpg,116,2.757389397,0.317265041,3.239106761,0.489428098
"portrait of beautiful armored girl, sci-fi style",midjourney_normal_116.jpg,116,4.285938012,0.358971126,4.12160257,0.148067236
"portrait of beautiful armored girl, sci-fi style",sd1.5_highcorr_116.jpg,116,3.801556621,0.660932872,3.64096935,0.666815816
"portrait of beautiful armored girl, sci-fi style",sd1.5_lowcorr_116.jpg,116,2.610677849,0.546946891,3.035247107,0.595134651
"portrait of beautiful armored girl, sci-fi style",sd1.5_lowstep_116.jpg,116,2.791787056,0.797650807,3.381448298,0.98340644
"portrait of beautiful armored girl, sci-fi style",sd1.5_normal_116.jpg,116,2.939794687,0.51331042,3.269342324,0.788648046
"portrait of beautiful armored girl, sci-fi style",xl2.2_normal_116.jpg,116,3.662501677,0.480029839,3.837079833,0.57107132
"portrait of a cloaked female devil, realistic style",AttnGAN_normal_117.jpg,117,1.012573225,0.694820241,0.929074763,0.943111693
"portrait of a cloaked female devil, realistic style",DALLE2_normal_117.jpg,117,2.176839871,0.785229781,2.443074357,0.785800386
"portrait of a cloaked female devil, realistic style",glide_normal_117.jpg,117,1.011545053,0.545776208,0.653301426,0.596414647
"portrait of a cloaked female devil, realistic style",midjourney_lowstep_117.jpg,117,3.008458905,0.492722201,3.048674194,0.65610737
"portrait of a cloaked female devil, realistic style",midjourney_normal_117.jpg,117,4.149074065,0.465611348,3.66091062,0.926996164
"portrait of a cloaked female devil, realistic style",sd1.5_highcorr_117.jpg,117,3.438253731,0.770307068,3.054879367,0.664427953
"portrait of a cloaked female devil, realistic style",sd1.5_lowcorr_117.jpg,117,3.576593619,0.585149894,3.094936968,0.640179845
"portrait of a cloaked female devil, realistic style",sd1.5_lowstep_117.jpg,117,3.438253731,0.752850955,3.398573511,0.469478862
"portrait of a cloaked female devil, realistic style",sd1.5_normal_117.jpg,117,2.391896453,0.794684475,2.78310259,0.556961473
"portrait of a cloaked female devil, realistic style",xl2.2_normal_117.jpg,117,3.145006417,0.697237104,3.244503722,0.613284584
"foxes judging a cheese competition, abstract style",AttnGAN_normal_118.jpg,118,1.112367509,0.645308149,0.547283561,0.615938553
"foxes judging a cheese competition, abstract style",DALLE2_normal_118.jpg,118,1.747030906,0.19660676,3.274264347,0.918755709
"foxes judging a cheese competition, abstract style",glide_normal_118.jpg,118,0.507518767,0.289973409,0.927777366,1.308975039
"foxes judging a cheese competition, abstract style",midjourney_lowstep_118.jpg,118,2.446668218,0.551323166,2.921613433,0.459813536
"foxes judging a cheese competition, abstract style",midjourney_normal_118.jpg,118,3.601888857,0.34027011,3.482467199,0.588218906
"foxes judging a cheese competition, abstract style",sd1.5_highcorr_118.jpg,118,2.111462098,0.859741196,2.679341611,0.903825088
"foxes judging a cheese competition, abstract style",sd1.5_lowcorr_118.jpg,118,2.687102292,0.768805409,2.737502173,0.786996345
"foxes judging a cheese competition, abstract style",sd1.5_lowstep_118.jpg,118,2.632073999,0.567216899,2.982575799,0.92376341
"foxes judging a cheese competition, abstract style",sd1.5_normal_118.jpg,118,2.254782866,0.411238367,1.920999368,0.707133373
"foxes judging a cheese competition, abstract style",xl2.2_normal_118.jpg,118,3.059933495,0.406633929,3.421504833,0.484643365
"die cut sticker of a pair of lips , warm color",AttnGAN_normal_120.jpg,120,0.940601322,0.32253825,0.69188714,0.257002627
"die cut sticker of a pair of lips , warm color",DALLE2_normal_120.jpg,120,2.261262436,1.068172636,3.348349994,0.649337936
"die cut sticker of a pair of lips , warm color",glide_normal_120.jpg,120,1.04513849,0.443190099,1.734770243,1.194379884
"die cut sticker of a pair of lips , warm color",midjourney_lowstep_120.jpg,120,3.162256259,1.01436335,3.268206767,1.206600793
"die cut sticker of a pair of lips , warm color",midjourney_normal_120.jpg,120,3.002885562,0.633037755,1.860868266,1.755311611
"die cut sticker of a pair of lips , warm color",sd1.5_highcorr_120.jpg,120,2.135311817,0.876753497,3.510154573,0.527472029
"die cut sticker of a pair of lips , warm color",sd1.5_lowcorr_120.jpg,120,2.659178911,0.846416853,2.75903949,0.770234617
"die cut sticker of a pair of lips , warm color",sd1.5_lowstep_120.jpg,120,1.834018423,0.625649197,2.651927612,0.936152054
"die cut sticker of a pair of lips , warm color",sd1.5_normal_120.jpg,120,2.314518391,0.383097883,3.609476773,0.646056883
"die cut sticker of a pair of lips , warm color",xl2.2_normal_120.jpg,120,2.493724965,0.511189422,3.472908747,0.507604417
"cute green tabby cat made of leaves, cold color",AttnGAN_normal_121.jpg,121,0.8493261,0.471642938,0.470926324,0.469024804
"cute green tabby cat made of leaves, cold color",DALLE2_normal_121.jpg,121,2.657997659,0.824010943,3.001128296,1.614171826
"cute green tabby cat made of leaves, cold color",glide_normal_121.jpg,121,1.511544645,0.714213013,2.206100508,1.164050731
"cute green tabby cat made of leaves, cold color",midjourney_lowstep_121.jpg,121,2.632073999,0.419532253,3.116693004,0.725113931
"cute green tabby cat made of leaves, cold color",midjourney_normal_121.jpg,121,4.076716372,0.442244523,4.056426674,0.326161347
"cute green tabby cat made of leaves, cold color",sd1.5_highcorr_121.jpg,121,3.744508689,0.4437334,2.275412354,1.203754617
"cute green tabby cat made of leaves, cold color",sd1.5_lowcorr_121.jpg,121,3.091620808,0.901731985,2.271926577,0.804286955
"cute green tabby cat made of leaves, cold color",sd1.5_lowstep_121.jpg,121,3.685179175,0.464854496,2.281498001,0.556046536
"cute green tabby cat made of leaves, cold color",sd1.5_normal_121.jpg,121,3.685179175,0.360482027,2.247297688,0.767187268
"cute green tabby cat made of leaves, cold color",xl2.2_normal_121.jpg,121,3.424268421,0.65961704,3.311978472,1.16805351
"chinese demon god character design, top view",AttnGAN_normal_122.jpg,122,1.1267749,0.730391994,0.672723404,0.802221475
"chinese demon god character design, top view",DALLE2_normal_122.jpg,122,1.961760789,1.252515082,2.092525257,1.360204547
"chinese demon god character design, top view",glide_normal_122.jpg,122,1.328588457,0.612021554,2.034952727,1.208356226
"chinese demon god character design, top view",midjourney_lowstep_122.jpg,122,3.007007681,0.515410263,3.374870467,0.699379452
"chinese demon god character design, top view",midjourney_normal_122.jpg,122,3.387909038,0.582215558,3.291606502,0.969510924
"chinese demon god character design, top view",sd1.5_highcorr_122.jpg,122,0.331720329,0.164938718,1.089357651,0.891027716
"chinese demon god character design, top view",sd1.5_lowcorr_122.jpg,122,3.041723666,0.844090638,3.351474113,0.650915208
"chinese demon god character design, top view",sd1.5_lowstep_122.jpg,122,2.842135098,0.668887702,3.404134969,0.553780594
"chinese demon god character design, top view",sd1.5_normal_122.jpg,122,2.996365552,0.732795705,2.70330186,0.853829344
"chinese demon god character design, top view",xl2.2_normal_122.jpg,122,3.610752151,0.525088718,3.374870467,0.589255789
"action shot of woman pole vaulting, close-up",AttnGAN_normal_124.jpg,124,1.23918794,0.312406208,0.46888142,0.61366378
"action shot of woman pole vaulting, close-up",DALLE2_normal_124.jpg,124,2.541261946,0.43430406,2.877106534,0.644253646
"action shot of woman pole vaulting, close-up",glide_normal_124.jpg,124,0.165703556,0.48582684,0.325327435,0.536731635
"action shot of woman pole vaulting, close-up",midjourney_lowstep_124.jpg,124,3.64048937,0.64648153,3.588447963,0.64446483
"action shot of woman pole vaulting, close-up",midjourney_normal_124.jpg,124,3.700231162,0.881946886,3.325002769,0.849026975
"action shot of woman pole vaulting, close-up",sd1.5_highcorr_124.jpg,124,3.017147546,0.78086905,3.067923111,0.890967997
"action shot of woman pole vaulting, close-up",sd1.5_lowcorr_124.jpg,124,2.960099613,0.771057427,3.067923111,1.368022068
"action shot of woman pole vaulting, close-up",sd1.5_lowstep_124.jpg,124,2.760431848,0.749464479,2.945998379,1.066186032
"action shot of woman pole vaulting, close-up",sd1.5_normal_124.jpg,124,2.689121932,1.147705037,2.592416657,1.30984506
"action shot of woman pole vaulting, close-up",xl2.2_normal_124.jpg,124,2.260001775,1.006411741,3.167161119,1.27977728
"the shogoth wearing a santa costume, blurred detail",AttnGAN_normal_126.jpg,126,1.567824332,0.42503937,0.778794065,0.812616838
"the shogoth wearing a santa costume, blurred detail",DALLE2_normal_126.jpg,126,2.409693201,0.783374119,2.166604866,1.021288391
"the shogoth wearing a santa costume, blurred detail",glide_normal_126.jpg,126,0.253642787,0.328085899,0.406335814,0.393904261
"the shogoth wearing a santa costume, blurred detail",midjourney_lowstep_126.jpg,126,1.880615311,0.83231057,2.37877521,1.215757703
"the shogoth wearing a santa costume, blurred detail",midjourney_normal_126.jpg,126,3.509228886,0.465030262,2.318288169,1.296119526
"the shogoth wearing a santa costume, blurred detail",sd1.5_highcorr_126.jpg,126,2.660597966,0.512021961,2.482684398,0.737491204
"the shogoth wearing a santa costume, blurred detail",sd1.5_lowcorr_126.jpg,126,2.093677968,0.630471724,2.429909143,0.493816693
"the shogoth wearing a santa costume, blurred detail",sd1.5_lowstep_126.jpg,126,3.024257523,0.367206582,3.327464378,0.845728834
"the shogoth wearing a santa costume, blurred detail",sd1.5_normal_126.jpg,126,1.931518323,0.200283157,3.262068577,0.822965095
"the shogoth wearing a santa costume, blurred detail",xl2.2_normal_126.jpg,126,3.667148222,0.45649962,3.345634382,0.474995295
"robots building robots in a factory, hyper detail",AttnGAN_normal_127.jpg,127,0.663293231,0.75499726,0.283979284,0.492795873
"robots building robots in a factory, hyper detail",DALLE2_normal_127.jpg,127,3.091620808,0.995929938,3.259317616,0.668779865
"robots building robots in a factory, hyper detail",glide_normal_127.jpg,127,1.065861944,0.82674863,1.410283473,1.100739316
"robots building robots in a factory, hyper detail",midjourney_lowstep_127.jpg,127,0.60927964,0.74641888,1.194190381,1.103877657
"robots building robots in a factory, hyper detail",midjourney_normal_127.jpg,127,3.685179175,0.73886234,3.649510515,0.435199975
"robots building robots in a factory, hyper detail",sd1.5_highcorr_127.jpg,127,2.671047584,0.477838158,2.486100389,0.614058715
"robots building robots in a factory, hyper detail",sd1.5_lowcorr_127.jpg,127,3.501131449,0.657529943,3.608269769,0.502365438
"robots building robots in a factory, hyper detail",sd1.5_lowstep_127.jpg,127,2.989757839,0.44009768,3.102285456,0.772295947
"robots building robots in a factory, hyper detail",sd1.5_normal_127.jpg,127,3.320022242,0.478221653,3.345634382,0.748730296
"robots building robots in a factory, hyper detail",xl2.2_normal_127.jpg,127,3.225485144,0.524247796,3.174942147,0.446691696
"portrait of a beautiful young woman, HDR lighting",AttnGAN_normal_129.jpg,129,0.466029791,0.486386145,0.38908069,0.561460044
"portrait of a beautiful young woman, HDR lighting",DALLE2_normal_129.jpg,129,3.61615084,0.379964553,3.506852145,0.322021207
"portrait of a beautiful young woman, HDR lighting",glide_normal_129.jpg,129,1.717140251,0.816976869,0.525881942,0.687629313
"portrait of a beautiful young woman, HDR lighting",midjourney_lowstep_129.jpg,129,2.695368677,0.410187717,3.113493079,0.498614839
"portrait of a beautiful young woman, HDR lighting",midjourney_normal_129.jpg,129,3.867642035,0.197819726,3.597061498,0.519828863
"portrait of a beautiful young woman, HDR lighting",sd1.5_highcorr_129.jpg,129,0.76123563,0.2612992,2.110496437,1.178379625
"portrait of a beautiful young woman, HDR lighting",sd1.5_lowcorr_129.jpg,129,3.330022312,0.236067301,3.510154573,0.724252232
"portrait of a beautiful young woman, HDR lighting",sd1.5_lowstep_129.jpg,129,3.416483075,0.554882139,3.275195155,0.472256127
"portrait of a beautiful young woman, HDR lighting",sd1.5_normal_129.jpg,129,3.001476926,0.453002581,3.137696322,0.6267561
"portrait of a beautiful young woman, HDR lighting",xl2.2_normal_129.jpg,129,3.825753384,0.454836944,3.866112497,0.382657471
"photography of a happy blonde girl , warm color",AttnGAN_normal_130.jpg,130,0.195283431,0.94753818,0.364583826,0.550765321
"photography of a happy blonde girl , warm color",DALLE2_normal_130.jpg,130,2.472262578,0.539184938,3.1259885,0.972795131
"photography of a happy blonde girl , warm color",glide_normal_130.jpg,130,2.010516065,0.90379362,0.836918266,0.661848465
"photography of a happy blonde girl , warm color",midjourney_lowstep_130.jpg,130,3.421003889,0.701623319,3.765970699,0.659670827
"photography of a happy blonde girl , warm color",midjourney_normal_130.jpg,130,4.050672118,0.408509485,3.945913227,0.406445886
"photography of a happy blonde girl , warm color",sd1.5_highcorr_130.jpg,130,3.359890074,0.389167057,3.795705898,0.436396903
"photography of a happy blonde girl , warm color",sd1.5_lowcorr_130.jpg,130,1.747769213,0.575456998,2.331936513,1.243115243
"photography of a happy blonde girl , warm color",sd1.5_lowstep_130.jpg,130,3.108253189,0.584948577,3.562117535,0.526503699
"photography of a happy blonde girl , warm color",sd1.5_normal_130.jpg,130,3.360750593,0.389271786,3.480852014,0.414291084
"photography of a happy blonde girl , warm color",xl2.2_normal_130.jpg,130,3.952270172,0.476524519,3.763511558,0.593806398
"cute fluffy baby panda lion hybrid , cold color",AttnGAN_normal_131.jpg,131,0.971526322,0.722197991,0.471247526,0.514682855
"cute fluffy baby panda lion hybrid , cold color",DALLE2_normal_131.jpg,131,3.387959109,0.378517324,3.153270423,0.916821172
"cute fluffy baby panda lion hybrid , cold color",glide_normal_131.jpg,131,1.594706548,0.4927619,2.127109224,0.980757529
"cute fluffy baby panda lion hybrid , cold color",midjourney_lowstep_131.jpg,131,2.980532355,1.083276837,2.712737878,0.808511307
"cute fluffy baby panda lion hybrid , cold color",midjourney_normal_131.jpg,131,3.401488261,0.30973113,2.16726552,1.357272333
"cute fluffy baby panda lion hybrid , cold color",sd1.5_highcorr_131.jpg,131,3.208047473,1.012928204,2.890691628,1.19892577
"cute fluffy baby panda lion hybrid , cold color",sd1.5_lowcorr_131.jpg,131,2.980532355,0.603574748,2.723869967,0.4276736
"cute fluffy baby panda lion hybrid , cold color",sd1.5_lowstep_131.jpg,131,3.252116811,1.123322952,3.10236099,0.819761074
"cute fluffy baby panda lion hybrid , cold color",sd1.5_normal_131.jpg,131,3.718303223,0.466944517,1.933414643,1.403902789
"cute fluffy baby panda lion hybrid , cold color",xl2.2_normal_131.jpg,131,3.193169444,0.492226457,3.068105197,0.780094379
"a girl with rainbow in white shirt , top view",AttnGAN_normal_132.jpg,132,1.29901447,0.844875178,0.158030314,0.446677932
"a girl with rainbow in white shirt , top view",DALLE2_normal_132.jpg,132,3.402221092,1.008400409,3.64096935,0.458670749
"a girl with rainbow in white shirt , top view",glide_normal_132.jpg,132,1.717163144,0.384809747,1.250574517,0.684631068
"a girl with rainbow in white shirt , top view",midjourney_lowstep_132.jpg,132,2.442957962,0.471319936,2.838030773,0.618081757
"a girl with rainbow in white shirt , top view",midjourney_normal_132.jpg,132,3.896040489,0.581125791,3.900312809,0.505798439
"a girl with rainbow in white shirt , top view",sd1.5_highcorr_132.jpg,132,2.822270352,0.68537227,1.784431343,0.801535975
"a girl with rainbow in white shirt , top view",sd1.5_lowcorr_132.jpg,132,0.713190373,0.723813015,1.416187676,0.982283038
"a girl with rainbow in white shirt , top view",sd1.5_lowstep_132.jpg,132,2.610261314,0.458517849,2.367491079,0.843111741
"a girl with rainbow in white shirt , top view",sd1.5_normal_132.jpg,132,2.090510173,0.533239076,3.038374121,1.377258381
"a girl with rainbow in white shirt , top view",xl2.2_normal_132.jpg,132,3.628001993,0.638229396,3.114136978,0.672713311
"a biomechanical orchid heart fusion, close-up",AttnGAN_normal_134.jpg,134,1.646853146,0.676823078,1.084487051,0.831167112
"a biomechanical orchid heart fusion, close-up",DALLE2_normal_134.jpg,134,0.902911271,0.528971723,1.276698406,0.893498483
"a biomechanical orchid heart fusion, close-up",glide_normal_134.jpg,134,1.478164096,0.536704269,1.996495394,0.771233708
"a biomechanical orchid heart fusion, close-up",midjourney_lowstep_134.jpg,134,1.212161793,0.744978468,1.890135375,1.113430708
"a biomechanical orchid heart fusion, close-up",midjourney_normal_134.jpg,134,2.746509754,0.608978207,3.035247107,1.144709116
"a biomechanical orchid heart fusion, close-up",sd1.5_highcorr_134.jpg,134,2.96825071,1.201532224,2.78310259,0.861442985
"a biomechanical orchid heart fusion, close-up",sd1.5_lowcorr_134.jpg,134,3.00308113,0.845032166,2.71292186,1.050939945
"a biomechanical orchid heart fusion, close-up",sd1.5_lowstep_134.jpg,134,2.917313663,1.389773395,2.653379023,1.28374806
"a biomechanical orchid heart fusion, close-up",sd1.5_normal_134.jpg,134,3.150815738,0.763457447,2.61625477,1.024163486
"a biomechanical orchid heart fusion, close-up",xl2.2_normal_134.jpg,134,3.347801074,0.498134063,3.524109368,0.617234554
"man in his late 40 s wearing a suit, blurred detail",AttnGAN_normal_136.jpg,136,0.778016184,0.460218385,0.617236002,0.684357761
"man in his late 40 s wearing a suit, blurred detail",DALLE2_normal_136.jpg,136,3.108728168,0.572480138,3.154626828,0.462788241
"man in his late 40 s wearing a suit, blurred detail",glide_normal_136.jpg,136,0.283510549,0.404464609,0.182860864,0.415381174
"man in his late 40 s wearing a suit, blurred detail",midjourney_lowstep_136.jpg,136,2.883906185,0.344390465,3.569709785,0.486935697
"man in his late 40 s wearing a suit, blurred detail",midjourney_normal_136.jpg,136,3.257944615,0.48980857,3.351474113,0.477364469
"man in his late 40 s wearing a suit, blurred detail",sd1.5_highcorr_136.jpg,136,3.410576846,0.595894176,3.572455852,0.578699258
"man in his late 40 s wearing a suit, blurred detail",sd1.5_lowcorr_136.jpg,136,2.195092561,0.740081481,2.121896541,1.103338916
"man in his late 40 s wearing a suit, blurred detail",sd1.5_lowstep_136.jpg,136,1.14671176,0.420966276,3.417262215,0.80776616
"man in his late 40 s wearing a suit, blurred detail",sd1.5_normal_136.jpg,136,3.537280489,0.888189765,3.31387068,0.786724435
"man in his late 40 s wearing a suit, blurred detail",xl2.2_normal_136.jpg,136,3.179506101,0.863717359,3.303761333,0.903120844
"white fur furry mothman movie scene , hyper detail",AttnGAN_normal_137.jpg,137,0.943982102,0.523426012,0.537282046,0.542051647
"white fur furry mothman movie scene , hyper detail",DALLE2_normal_137.jpg,137,1.131619326,0.337375552,2.008581504,1.543083168
"white fur furry mothman movie scene , hyper detail",glide_normal_137.jpg,137,1.405543444,0.581477013,2.129102676,0.784282731
"white fur furry mothman movie scene , hyper detail",midjourney_lowstep_137.jpg,137,1.541134741,0.552565501,2.178397609,0.848077185
"white fur furry mothman movie scene , hyper detail",midjourney_normal_137.jpg,137,3.730246705,0.366204728,2.897228486,0.926279953
"white fur furry mothman movie scene , hyper detail",sd1.5_highcorr_137.jpg,137,2.518838781,0.420306696,2.957643834,0.641997943
"white fur furry mothman movie scene , hyper detail",sd1.5_lowcorr_137.jpg,137,1.446080182,0.559929568,2.178397609,1.12171001
"white fur furry mothman movie scene , hyper detail",sd1.5_lowstep_137.jpg,137,2.896939758,0.378800605,3.050789396,0.497480398
"white fur furry mothman movie scene , hyper detail",sd1.5_normal_137.jpg,137,2.363781612,0.69973155,2.794502694,0.736477591
"white fur furry mothman movie scene , hyper detail",xl2.2_normal_137.jpg,137,3.074988427,0.700525707,3.153995905,0.871004093
"render of dreamy beautiful landscape, soft lighting",AttnGAN_normal_138.jpg,138,0.880865797,0.317320028,2.380364545,0.786547584
"render of dreamy beautiful landscape, soft lighting",DALLE2_normal_138.jpg,138,2.39306082,0.931456905,3.140830692,0.545854668
"render of dreamy beautiful landscape, soft lighting",glide_normal_138.jpg,138,0.701659223,0.273446802,1.585786942,1.451410518
"render of dreamy beautiful landscape, soft lighting",midjourney_lowstep_138.jpg,138,1.956105243,0.633426044,3.361171272,0.486962419
"render of dreamy beautiful landscape, soft lighting",midjourney_normal_138.jpg,138,2.888789697,0.531110329,3.323965048,0.635594577
"render of dreamy beautiful landscape, soft lighting",sd1.5_highcorr_138.jpg,138,3.265755311,0.686139538,3.256355245,0.926042319
"render of dreamy beautiful landscape, soft lighting",sd1.5_lowcorr_138.jpg,138,3.757702826,0.623705811,3.906719072,0.535626699
"render of dreamy beautiful landscape, soft lighting",sd1.5_lowstep_138.jpg,138,3.490003257,0.640677587,3.185246111,0.58636812
"render of dreamy beautiful landscape, soft lighting",sd1.5_normal_138.jpg,138,3.673198773,0.69378057,3.726316663,0.594816011
"render of dreamy beautiful landscape, soft lighting",xl2.2_normal_138.jpg,138,3.193169444,0.726732262,3.569709785,0.441784637
"digital painting of a lake at sunset, HDR lighting",AttnGAN_normal_139.jpg,139,1.435991833,0.556396706,1.221288303,1.189454258
"digital painting of a lake at sunset, HDR lighting",DALLE2_normal_139.jpg,139,2.625770283,0.684216028,2.915867386,0.968028555
"digital painting of a lake at sunset, HDR lighting",glide_normal_139.jpg,139,1.006207915,0.534287314,1.629211276,1.061454994
"digital painting of a lake at sunset, HDR lighting",midjourney_lowstep_139.jpg,139,1.921352979,0.828247388,2.913115479,1.3902629
"digital painting of a lake at sunset, HDR lighting",midjourney_normal_139.jpg,139,3.808864944,0.573783568,3.781418415,0.441179738
"digital painting of a lake at sunset, HDR lighting",sd1.5_highcorr_139.jpg,139,1.678769845,0.770325933,2.462303257,1.118537851
"digital painting of a lake at sunset, HDR lighting",sd1.5_lowcorr_139.jpg,139,2.874527714,0.458830614,3.189847843,0.587564824
"digital painting of a lake at sunset, HDR lighting",sd1.5_lowstep_139.jpg,139,2.377839033,0.614357839,2.908503737,1.02303798
"digital painting of a lake at sunset, HDR lighting",sd1.5_normal_139.jpg,139,3.897509797,0.722405054,3.435662922,0.879119534
"digital painting of a lake at sunset, HDR lighting",xl2.2_normal_139.jpg,139,3.089166137,0.445107788,3.425191569,0.676576705
"cute great old ones sitting in a bar, warm color",AttnGAN_normal_140.jpg,140,0.780698266,0.636568211,0.809150671,0.898241166
"cute great old ones sitting in a bar, warm color",DALLE2_normal_140.jpg,140,3.319686232,0.50937099,2.86290332,1.04960063
"cute great old ones sitting in a bar, warm color",glide_normal_140.jpg,140,1.388617757,0.527942727,0.729132965,0.658686852
"cute great old ones sitting in a bar, warm color",midjourney_lowstep_140.jpg,140,1.540771109,0.67272521,2.817848923,0.444241977
"cute great old ones sitting in a bar, warm color",midjourney_normal_140.jpg,140,3.917498726,0.535288372,3.792550504,0.517406117
"cute great old ones sitting in a bar, warm color",sd1.5_highcorr_140.jpg,140,3.265696033,0.265856405,1.510472273,1.028170478
"cute great old ones sitting in a bar, warm color",sd1.5_lowcorr_140.jpg,140,2.39306082,0.846976622,3.180326333,0.845804481
"cute great old ones sitting in a bar, warm color",sd1.5_lowstep_140.jpg,140,3.507430325,0.526371039,1.679491953,0.718834646
"cute great old ones sitting in a bar, warm color",sd1.5_normal_140.jpg,140,2.671047584,0.420442844,3.262068577,0.465174541
"cute great old ones sitting in a bar, warm color",xl2.2_normal_140.jpg,140,3.197799919,0.364794616,1.432547651,0.810657653
"portrait of squids swarming the ocean, elevation view",AttnGAN_normal_143.jpg,143,0.735230234,0.365980305,0.653813422,0.536947976
"portrait of squids swarming the ocean, elevation view",DALLE2_normal_143.jpg,143,1.463652872,0.501326651,1.805635978,0.501890153
"portrait of squids swarming the ocean, elevation view",glide_normal_143.jpg,143,2.166977719,0.614305072,1.255488616,0.66933851
"portrait of squids swarming the ocean, elevation view",midjourney_lowstep_143.jpg,143,1.731197672,0.713435659,1.688692578,1.096883662
"portrait of squids swarming the ocean, elevation view",midjourney_normal_143.jpg,143,2.903508628,0.715033285,3.4459796,0.253458407
"portrait of squids swarming the ocean, elevation view",sd1.5_highcorr_143.jpg,143,1.956105243,0.517525479,1.883753543,0.832936621
"portrait of squids swarming the ocean, elevation view",sd1.5_lowcorr_143.jpg,143,2.600314118,0.808938022,2.968775923,0.672392872
"portrait of squids swarming the ocean, elevation view",sd1.5_lowstep_143.jpg,143,2.851759102,0.894127491,2.166015202,0.550344023
"portrait of squids swarming the ocean, elevation view",sd1.5_normal_143.jpg,143,2.309898917,1.086186803,1.890135375,0.861333496
"portrait of squids swarming the ocean, elevation view",xl2.2_normal_143.jpg,143,3.024480393,0.675445922,2.680501651,0.718605819
"pendant of a silver starfish necklace, close-up",AttnGAN_normal_144.jpg,144,1.16308973,1.160317658,0.739160734,1.285544458
"pendant of a silver starfish necklace, close-up",DALLE2_normal_144.jpg,144,3.334754679,0.458620229,3.884485921,0.43874522
"pendant of a silver starfish necklace, close-up",glide_normal_144.jpg,144,1.927354161,0.568725954,2.732709062,1.05665395
"pendant of a silver starfish necklace, close-up",midjourney_lowstep_144.jpg,144,2.988623579,0.585309139,3.701931716,0.452048922
"pendant of a silver starfish necklace, close-up",midjourney_normal_144.jpg,144,3.559002625,0.538073614,3.943743533,0.350430328
"pendant of a silver starfish necklace, close-up",sd1.5_highcorr_144.jpg,144,3.123820601,0.660922095,3.703773546,0.565504714
"pendant of a silver starfish necklace, close-up",sd1.5_lowcorr_144.jpg,144,3.357738899,0.57886394,3.548952321,0.721979061
"pendant of a silver starfish necklace, close-up",sd1.5_lowstep_144.jpg,144,3.486039015,0.638759799,4.038036765,0.242974448
"pendant of a silver starfish necklace, close-up",sd1.5_normal_144.jpg,144,3.428646707,0.53557543,3.770286326,0.532663848
"pendant of a silver starfish necklace, close-up",xl2.2_normal_144.jpg,144,4.106196029,0.935232489,3.575282749,0.960824187
"kraken is using large sponge for bath, long-shot",AttnGAN_normal_145.jpg,145,1.106041797,0.423951925,0.739160734,0.406148152
"kraken is using large sponge for bath, long-shot",DALLE2_normal_145.jpg,145,3.048358432,0.380960927,1.972767588,0.340659148
"kraken is using large sponge for bath, long-shot",glide_normal_145.jpg,145,0.563430702,0.292561854,0.697829781,0.697705953
"kraken is using large sponge for bath, long-shot",midjourney_lowstep_145.jpg,145,1.860824639,0.528090495,2.074448369,0.811055414
"kraken is using large sponge for bath, long-shot",midjourney_normal_145.jpg,145,3.685179175,0.880950653,2.714701964,0.501910459
"kraken is using large sponge for bath, long-shot",sd1.5_highcorr_145.jpg,145,2.777468708,0.807211006,1.660278593,1.21228004
"kraken is using large sponge for bath, long-shot",sd1.5_lowcorr_145.jpg,145,2.326531297,0.917069093,1.929631016,0.620513963
"kraken is using large sponge for bath, long-shot",sd1.5_lowstep_145.jpg,145,2.223207403,0.648224843,2.076296124,0.842069806
"kraken is using large sponge for bath, long-shot",sd1.5_normal_145.jpg,145,2.161428554,0.395444296,1.06835751,0.769046059
"kraken is using large sponge for bath, long-shot",xl2.2_normal_145.jpg,145,3.61615084,0.40195996,3.287387628,0.256450267
"bill gates and jason statham fight m , hyper detail",AttnGAN_normal_147.jpg,147,1.230273953,0.621344636,0.577911226,0.754104312
"bill gates and jason statham fight m , hyper detail",glide_normal_147.jpg,147,1.048993865,0.437124392,0.56846611,0.274266954
"bill gates and jason statham fight m , hyper detail",midjourney_lowstep_147.jpg,147,2.757389397,0.648647191,2.258697793,0.634811859
"bill gates and jason statham fight m , hyper detail",midjourney_normal_147.jpg,147,3.939872222,0.686213821,2.508900426,0.860756441
"bill gates and jason statham fight m , hyper detail",sd1.5_highcorr_147.jpg,147,2.771446817,0.605996792,3.079505301,0.946566129
"bill gates and jason statham fight m , hyper detail",sd1.5_lowcorr_147.jpg,147,2.478791084,0.564328295,1.548541117,0.701366909
"bill gates and jason statham fight m , hyper detail",sd1.5_lowstep_147.jpg,147,2.478101113,0.616176591,1.432547651,0.929152242
"bill gates and jason statham fight m , hyper detail",sd1.5_normal_147.jpg,147,3.131243411,0.627204933,1.787713427,0.752952995
"bill gates and jason statham fight m , hyper detail",xl2.2_normal_147.jpg,147,4.205990313,0.865700504,2.087613583,0.924420663
"a plasticine model of a goblin raider, HDR lighting",AttnGAN_normal_149.jpg,149,0.792278167,0.506241108,1.56824891,1.571595243
"a plasticine model of a goblin raider, HDR lighting",DALLE2_normal_149.jpg,149,1.727765593,0.531589478,2.614222137,0.921668639
"a plasticine model of a goblin raider, HDR lighting",glide_normal_149.jpg,149,1.14671176,0.459559997,1.554938564,0.861836568
"a plasticine model of a goblin raider, HDR lighting",midjourney_lowstep_149.jpg,149,2.791787056,0.413327866,3.190440744,0.807854721
"a plasticine model of a goblin raider, HDR lighting",midjourney_normal_149.jpg,149,3.502432704,0.34323302,3.410108325,0.66018086
"a plasticine model of a goblin raider, HDR lighting",sd1.5_highcorr_149.jpg,149,2.644930029,0.494356534,2.828703007,0.727620392
"a plasticine model of a goblin raider, HDR lighting",sd1.5_lowcorr_149.jpg,149,2.152199766,0.645163779,2.913115479,0.602958234
"a plasticine model of a goblin raider, HDR lighting",sd1.5_lowstep_149.jpg,149,2.097882875,0.94809456,2.679341611,0.961507982
"a plasticine model of a goblin raider, HDR lighting",sd1.5_normal_149.jpg,149,2.67293154,0.381447206,3.013543571,0.64202414
"a plasticine model of a goblin raider, HDR lighting",xl2.2_normal_149.jpg,149,3.199282771,0.272306632,3.369510326,0.764212623
"portrait of ciri as a samurai assassin, warm color",AttnGAN_normal_150.jpg,150,0.862173603,0.834132411,0.931603649,1.167900828
"portrait of ciri as a samurai assassin, warm color",DALLE2_normal_150.jpg,150,2.846003747,0.759986896,3.092308057,0.718711248
"portrait of ciri as a samurai assassin, warm color",glide_normal_150.jpg,150,2.65595515,0.649815015,1.149047512,1.128314293
"portrait of ciri as a samurai assassin, warm color",midjourney_lowstep_150.jpg,150,2.971609163,0.329490022,2.914221371,0.574199978
"portrait of ciri as a samurai assassin, warm color",midjourney_normal_150.jpg,150,4.029366636,0.447867237,3.978346905,0.237850608
"portrait of ciri as a samurai assassin, warm color",sd1.5_highcorr_150.jpg,150,3.241312234,0.757604465,3.061839408,0.903415667
"portrait of ciri as a samurai assassin, warm color",sd1.5_lowcorr_150.jpg,150,2.588700346,0.581332534,2.600700921,0.57994114
"portrait of ciri as a samurai assassin, warm color",sd1.5_lowstep_150.jpg,150,3.490003257,0.464218773,3.0193248,0.519977757
"portrait of ciri as a samurai assassin, warm color",sd1.5_normal_150.jpg,150,2.613196015,0.532012389,2.864560271,1.048380653
"portrait of ciri as a samurai assassin, warm color",xl2.2_normal_150.jpg,150,3.317504837,0.507287015,3.528940255,0.471197163
"photo of a white fashion jewelry store, cold color",AttnGAN_normal_151.jpg,151,1.147337281,0.594769093,0.786886493,0.61450857
"photo of a white fashion jewelry store, cold color",DALLE2_normal_151.jpg,151,3.041723666,0.892926011,2.917022056,0.776004298
"photo of a white fashion jewelry store, cold color",glide_normal_151.jpg,151,1.787427355,0.492877787,2.06489602,0.880226787
"photo of a white fashion jewelry store, cold color",midjourney_lowstep_151.jpg,151,2.355888108,0.792922947,2.946511745,1.130432113
"photo of a white fashion jewelry store, cold color",midjourney_normal_151.jpg,151,2.233675103,0.691106348,2.868587123,0.833646187
"photo of a white fashion jewelry store, cold color",sd1.5_highcorr_151.jpg,151,3.018173564,0.566524025,3.703773546,0.397585389
"photo of a white fashion jewelry store, cold color",sd1.5_lowcorr_151.jpg,151,2.911873639,0.551772,3.510154573,0.609056439
"photo of a white fashion jewelry store, cold color",sd1.5_lowstep_151.jpg,151,3.369254363,0.404220506,3.386721989,0.501477969
"photo of a white fashion jewelry store, cold color",sd1.5_normal_151.jpg,151,3.127756575,0.347850329,3.351167422,0.353034727
"photo of a white fashion jewelry store, cold color",xl2.2_normal_151.jpg,151,3.873342699,0.775669348,3.351474113,0.552258555
"grumpy king in yellow sitting in a bar, elevation view",AttnGAN_normal_153.jpg,153,0.862173603,0.49386126,0.575376803,0.311337579
"grumpy king in yellow sitting in a bar, elevation view",DALLE2_normal_153.jpg,153,2.960099613,0.803361859,3.336157521,0.522135682
"grumpy king in yellow sitting in a bar, elevation view",glide_normal_153.jpg,153,0.726381375,0.279671159,0.775754404,0.30926261
"grumpy king in yellow sitting in a bar, elevation view",midjourney_lowstep_153.jpg,153,2.80733647,0.537112557,2.827314446,0.780856526
"grumpy king in yellow sitting in a bar, elevation view",midjourney_normal_153.jpg,153,3.773032655,0.414347187,3.311772574,0.372194663
"grumpy king in yellow sitting in a bar, elevation view",sd1.5_highcorr_153.jpg,153,3.300254995,0.827669868,1.300854081,0.723531489
"grumpy king in yellow sitting in a bar, elevation view",sd1.5_lowcorr_153.jpg,153,0.313378312,0.135405029,0.753963515,0.767215156
"grumpy king in yellow sitting in a bar, elevation view",sd1.5_lowstep_153.jpg,153,2.643063777,0.510322754,2.64108532,0.515475513
"grumpy king in yellow sitting in a bar, elevation view",sd1.5_normal_153.jpg,153,2.46452189,0.509300923,2.389907299,0.405857172
"grumpy king in yellow sitting in a bar, elevation view",xl2.2_normal_153.jpg,153,3.080710077,0.524864484,3.02250478,0.658478693
"cute fluffy baby poodle giraffe hybrid, close-up",AttnGAN_normal_154.jpg,154,1.038703499,0.548947732,0.742358137,0.688651218
"cute fluffy baby poodle giraffe hybrid, close-up",DALLE2_normal_154.jpg,154,3.576252467,0.58368866,3.090433934,0.996391963
"cute fluffy baby poodle giraffe hybrid, close-up",glide_normal_154.jpg,154,1.827559877,0.772820102,2.653717779,0.687814816
"cute fluffy baby poodle giraffe hybrid, close-up",midjourney_lowstep_154.jpg,154,2.152199766,0.525581869,2.556888633,0.336390328
"cute fluffy baby poodle giraffe hybrid, close-up",midjourney_normal_154.jpg,154,3.989769364,0.58621704,3.548952321,0.852095048
"cute fluffy baby poodle giraffe hybrid, close-up",sd1.5_highcorr_154.jpg,154,3.673754131,0.563785892,3.562117535,0.772152983
"cute fluffy baby poodle giraffe hybrid, close-up",sd1.5_lowcorr_154.jpg,154,3.024257523,0.410214248,2.805997401,1.113093096
"cute fluffy baby poodle giraffe hybrid, close-up",sd1.5_lowstep_154.jpg,154,3.39100366,0.669846261,3.311978472,0.968194529
"cute fluffy baby poodle giraffe hybrid, close-up",sd1.5_normal_154.jpg,154,3.438253731,0.466742673,2.960067189,1.011286158
"cute fluffy baby poodle giraffe hybrid, close-up",xl2.2_normal_154.jpg,154,2.871898573,0.570821549,3.135757257,0.437438063
"an auto rickshaw driving through paris, long-shot",AttnGAN_normal_155.jpg,155,0.720968251,0.359412637,0.702583315,1.165494249
"an auto rickshaw driving through paris, long-shot",DALLE2_normal_155.jpg,155,3.510122043,0.70475533,3.569908726,0.568642305
"an auto rickshaw driving through paris, long-shot",glide_normal_155.jpg,155,1.239278945,0.342845602,0.66705659,0.647853809
"an auto rickshaw driving through paris, long-shot",midjourney_lowstep_155.jpg,155,2.39306082,0.633468043,2.469404785,0.885723149
"an auto rickshaw driving through paris, long-shot",midjourney_normal_155.jpg,155,3.667148222,0.451718032,3.441138159,0.561847905
"an auto rickshaw driving through paris, long-shot",sd1.5_highcorr_155.jpg,155,2.442957962,0.325275966,2.75903949,0.739754234
"an auto rickshaw driving through paris, long-shot",sd1.5_lowcorr_155.jpg,155,2.248014632,0.529553029,2.687482179,0.829263129
"an auto rickshaw driving through paris, long-shot",sd1.5_lowstep_155.jpg,155,2.628129896,0.655758396,2.206550694,0.779848796
"an auto rickshaw driving through paris, long-shot",sd1.5_normal_155.jpg,155,3.062007692,0.492089214,3.068964724,0.592155244
"an auto rickshaw driving through paris, long-shot",xl2.2_normal_155.jpg,155,3.449493362,0.487986761,2.876975546,0.580680124
"an adventure party resting in a tavern, blurred detail",AttnGAN_normal_156.jpg,156,1.977251303,0.805914217,1.310865965,0.738623848
"an adventure party resting in a tavern, blurred detail",DALLE2_normal_156.jpg,156,2.127265738,0.758140461,2.000093891,1.102507733
"an adventure party resting in a tavern, blurred detail",glide_normal_156.jpg,156,0.776328629,0.432207255,1.325066167,1.217743496
"an adventure party resting in a tavern, blurred detail",midjourney_lowstep_156.jpg,156,1.5484512,0.980154547,2.600700921,1.471091263
"an adventure party resting in a tavern, blurred detail",midjourney_normal_156.jpg,156,3.324474137,0.792160381,3.654274032,0.395306435
"an adventure party resting in a tavern, blurred detail",sd1.5_highcorr_156.jpg,156,2.660597966,0.541175308,3.17765537,0.531286865
"an adventure party resting in a tavern, blurred detail",sd1.5_lowcorr_156.jpg,156,2.792237956,0.570244225,2.851195987,0.92702345
"an adventure party resting in a tavern, blurred detail",sd1.5_lowstep_156.jpg,156,2.179358212,0.939290652,2.467831921,1.100523498
"an adventure party resting in a tavern, blurred detail",sd1.5_normal_156.jpg,156,2.831741764,0.792100743,3.275195155,0.624372634
"an adventure party resting in a tavern, blurred detail",xl2.2_normal_156.jpg,156,3.214375205,0.265775247,3.584393825,0.453250583
"photograph of a stone cairn in scotland, soft lighting",AttnGAN_normal_158.jpg,158,0.912778941,0.610751777,0.968570405,0.590980929
"photograph of a stone cairn in scotland, soft lighting",DALLE2_normal_158.jpg,158,3.207226865,0.585044293,3.3417077,0.502017349
"photograph of a stone cairn in scotland, soft lighting",glide_normal_158.jpg,158,1.373098268,0.993008421,2.486100389,0.913861709
"photograph of a stone cairn in scotland, soft lighting",midjourney_lowstep_158.jpg,158,1.627559856,0.513306138,3.112865772,0.507362123
"photograph of a stone cairn in scotland, soft lighting",midjourney_normal_158.jpg,158,3.643633817,0.646199973,3.919858649,0.357348589
"photograph of a stone cairn in scotland, soft lighting",sd1.5_highcorr_158.jpg,158,3.211379142,1.051008477,3.180285613,1.247387411
"photograph of a stone cairn in scotland, soft lighting",sd1.5_lowcorr_158.jpg,158,3.048358432,0.695799891,3.190440744,0.764418105
"photograph of a stone cairn in scotland, soft lighting",sd1.5_lowstep_158.jpg,158,3.727389608,0.646926037,3.73689006,0.576633026
"photograph of a stone cairn in scotland, soft lighting",sd1.5_normal_158.jpg,158,3.530547546,0.335915298,3.524109368,0.454486
"photograph of a stone cairn in scotland, soft lighting",xl2.2_normal_158.jpg,158,3.658567698,0.486573661,3.671553148,0.875172777
"person walking inside a timeless bubble, HDR lighting",AttnGAN_normal_159.jpg,159,0.733120788,0.546329794,0.765284132,0.556714558
"person walking inside a timeless bubble, HDR lighting",DALLE2_normal_159.jpg,159,2.717645898,0.649116875,2.714341389,0.700441339
"person walking inside a timeless bubble, HDR lighting",glide_normal_159.jpg,159,0.590589147,0.265357693,0.686697692,0.444490268
"person walking inside a timeless bubble, HDR lighting",midjourney_lowstep_159.jpg,159,1.83340294,0.700948019,2.994768272,0.800980232
"person walking inside a timeless bubble, HDR lighting",midjourney_normal_159.jpg,159,3.445007041,0.81335553,3.189847843,1.172829809
"person walking inside a timeless bubble, HDR lighting",sd1.5_highcorr_159.jpg,159,2.243369394,0.649939948,2.653717779,0.529518357
"person walking inside a timeless bubble, HDR lighting",sd1.5_lowcorr_159.jpg,159,2.831741764,0.316199735,2.982575799,0.514832452
"person walking inside a timeless bubble, HDR lighting",sd1.5_lowstep_159.jpg,159,2.247000453,0.983127353,2.921613433,0.438141979
"person walking inside a timeless bubble, HDR lighting",sd1.5_normal_159.jpg,159,3.998974063,0.497114405,3.558776637,0.994378651
"person walking inside a timeless bubble, HDR lighting",xl2.2_normal_159.jpg,159,3.781706499,0.613663446,3.414059481,0.877624168
"cute soul ghost in infinity mirror room, warm color",AttnGAN_normal_160.jpg,160,0.754308478,0.359846635,0.683466599,0.803703371
"cute soul ghost in infinity mirror room, warm color",DALLE2_normal_160.jpg,160,2.391896453,0.799034494,3.227706657,0.523921781
"cute soul ghost in infinity mirror room, warm color",glide_normal_160.jpg,160,1.377019478,0.69797473,2.409529559,0.980744027
"cute soul ghost in infinity mirror room, warm color",midjourney_lowstep_160.jpg,160,2.293736737,0.794043185,3.56051788,0.841346535
"cute soul ghost in infinity mirror room, warm color",midjourney_normal_160.jpg,160,3.14151795,1.038160048,3.167161119,0.865856698
"cute soul ghost in infinity mirror room, warm color",sd1.5_highcorr_160.jpg,160,2.110015896,0.842657074,2.509709346,0.836867853
"cute soul ghost in infinity mirror room, warm color",sd1.5_lowcorr_160.jpg,160,1.720224248,0.972390715,1.244551289,0.574645106
"cute soul ghost in infinity mirror room, warm color",sd1.5_lowstep_160.jpg,160,2.844740127,0.655067603,2.367643121,0.900259887
"cute soul ghost in infinity mirror room, warm color",sd1.5_normal_160.jpg,160,2.409693201,1.198050929,1.876970161,1.533901353
"cute soul ghost in infinity mirror room, warm color",xl2.2_normal_160.jpg,160,2.941741401,0.417529038,2.603839495,0.753667272
"cute fluffy baby lop eared bunny rabbit, cold color",AttnGAN_normal_161.jpg,161,0.780698266,0.525135047,0.486320092,0.359803384
"cute fluffy baby lop eared bunny rabbit, cold color",DALLE2_normal_161.jpg,161,2.956675282,0.502636758,3.708798973,0.379960879
"cute fluffy baby lop eared bunny rabbit, cold color",glide_normal_161.jpg,161,1.609770477,0.59722743,2.035648457,0.775939134
"cute fluffy baby lop eared bunny rabbit, cold color",midjourney_lowstep_161.jpg,161,2.060413207,0.640432575,2.811700345,0.863234587
"cute fluffy baby lop eared bunny rabbit, cold color",midjourney_normal_161.jpg,161,3.516223883,0.665541805,3.715711518,0.527201215
"cute fluffy baby lop eared bunny rabbit, cold color",sd1.5_highcorr_161.jpg,161,3.438253731,0.641002899,3.090433934,1.195349784
"cute fluffy baby lop eared bunny rabbit, cold color",sd1.5_lowcorr_161.jpg,161,2.776694622,0.537814837,3.130750884,0.745565268
"cute fluffy baby lop eared bunny rabbit, cold color",sd1.5_lowstep_161.jpg,161,2.559576449,0.644300361,2.245190143,0.760073972
"cute fluffy baby lop eared bunny rabbit, cold color",sd1.5_normal_161.jpg,161,3.136939761,0.420529841,3.239106761,0.636753764
"cute fluffy baby lop eared bunny rabbit, cold color",xl2.2_normal_161.jpg,161,3.701722739,0.470483743,3.665354297,0.452256588
"a portrait of girl boxer in a red dress, elevation view",AttnGAN_normal_163.jpg,163,0.929411321,0.615798839,0.968570405,0.891154721
"a portrait of girl boxer in a red dress, elevation view",DALLE2_normal_163.jpg,163,3.718303223,0.269369401,3.001128296,0.532322822
"a portrait of girl boxer in a red dress, elevation view",glide_normal_163.jpg,163,1.761964787,0.581879537,0.59256494,0.642184299
"a portrait of girl boxer in a red dress, elevation view",midjourney_lowstep_163.jpg,163,2.954193289,0.323190499,3.079505301,0.446891494
"a portrait of girl boxer in a red dress, elevation view",midjourney_normal_163.jpg,163,3.741408859,0.422313642,2.62350113,0.798836876
"a portrait of girl boxer in a red dress, elevation view",sd1.5_highcorr_163.jpg,163,2.33566677,0.441435942,1.848294038,0.766983256
"a portrait of girl boxer in a red dress, elevation view",sd1.5_lowcorr_163.jpg,163,2.785504238,0.702297217,1.916694664,0.507977233
"a portrait of girl boxer in a red dress, elevation view",sd1.5_lowstep_163.jpg,163,2.224915104,0.508448699,1.399557817,0.686077772
"a portrait of girl boxer in a red dress, elevation view",sd1.5_normal_163.jpg,163,3.031344688,0.69441181,2.44244092,0.783055121
"a portrait of girl boxer in a red dress, elevation view",xl2.2_normal_163.jpg,163,3.541752783,0.726907296,3.161543067,0.884764444
"a pig sitting in a chair smoking a pipe, close-up",AttnGAN_normal_164.jpg,164,0.812984657,0.703477886,0.362970567,0.583409133
"a pig sitting in a chair smoking a pipe, close-up",DALLE2_normal_164.jpg,164,3.403754047,0.428600355,3.635603955,0.823254371
"a pig sitting in a chair smoking a pipe, close-up",glide_normal_164.jpg,164,0.821435934,0.342913953,1.221037961,0.786143803
"a pig sitting in a chair smoking a pipe, close-up",midjourney_lowstep_164.jpg,164,2.414476208,0.435519683,2.868115497,0.591805513
"a pig sitting in a chair smoking a pipe, close-up",midjourney_normal_164.jpg,164,3.455805152,0.622396653,3.302738591,0.882417335
"a pig sitting in a chair smoking a pipe, close-up",sd1.5_highcorr_164.jpg,164,2.248459435,0.400991389,2.521914306,0.605672314
"a pig sitting in a chair smoking a pipe, close-up",sd1.5_lowcorr_164.jpg,164,2.817259418,0.834181639,3.1259885,0.617145613
"a pig sitting in a chair smoking a pipe, close-up",sd1.5_lowstep_164.jpg,164,3.031344688,0.713809415,2.281042344,0.260319421
"a pig sitting in a chair smoking a pipe, close-up",sd1.5_normal_164.jpg,164,3.080710077,0.435294339,2.897103633,1.023344967
"a pig sitting in a chair smoking a pipe, close-up",xl2.2_normal_164.jpg,164,3.033265998,0.319544439,3.978346905,0.326550929
"a female hand holding a red fresh apple, long-shot",AttnGAN_normal_165.jpg,165,1.197015678,0.272404007,0.685483402,0.991186492
"a female hand holding a red fresh apple, long-shot",DALLE2_normal_165.jpg,165,2.837204233,0.691200208,2.864560271,0.642546252
"a female hand holding a red fresh apple, long-shot",glide_normal_165.jpg,165,1.311956077,0.611615037,0.376135781,0.448357682
"a female hand holding a red fresh apple, long-shot",midjourney_lowstep_165.jpg,165,2.65595515,0.349880048,2.653231999,0.70165969
"a female hand holding a red fresh apple, long-shot",midjourney_normal_165.jpg,165,3.389973337,0.575376749,3.330307595,0.680939897
"a female hand holding a red fresh apple, long-shot",sd1.5_highcorr_165.jpg,165,2.831160905,0.79038275,2.991040101,0.686528047
"a female hand holding a red fresh apple, long-shot",sd1.5_lowcorr_165.jpg,165,2.166977719,0.905516817,2.087696228,0.77152498
"a female hand holding a red fresh apple, long-shot",sd1.5_lowstep_165.jpg,165,2.29958451,0.479094672,2.51693257,0.401369279
"a female hand holding a red fresh apple, long-shot",sd1.5_normal_165.jpg,165,1.727765593,0.448468672,2.219265721,0.801773003
"a female hand holding a red fresh apple, long-shot",xl2.2_normal_165.jpg,165,3.229467639,0.420078448,2.844239553,0.575329421
"a cybertronic metallic green tree frog , blurred detail",AttnGAN_normal_166.jpg,166,1.284080589,0.808942906,0.74154824,0.807056989
"a cybertronic metallic green tree frog , blurred detail",DALLE2_normal_166.jpg,166,1.903017791,1.170724221,3.137840023,0.988403669
"a cybertronic metallic green tree frog , blurred detail",glide_normal_166.jpg,166,2.403882268,0.47099903,2.811881174,0.523423959
"a cybertronic metallic green tree frog , blurred detail",midjourney_lowstep_166.jpg,166,2.974361596,0.452943451,3.531237092,0.430758907
"a cybertronic metallic green tree frog , blurred detail",midjourney_normal_166.jpg,166,3.673072716,0.478161576,3.402927392,0.532600888
"a cybertronic metallic green tree frog , blurred detail",sd1.5_highcorr_166.jpg,166,2.925297001,0.991186099,2.996013339,1.279008416
"a cybertronic metallic green tree frog , blurred detail",sd1.5_lowcorr_166.jpg,166,3.010422973,0.485791694,2.885703528,0.708720837
"a cybertronic metallic green tree frog , blurred detail",sd1.5_lowstep_166.jpg,166,2.610677849,0.556104867,2.689045915,1.046392634
"a cybertronic metallic green tree frog , blurred detail",sd1.5_normal_166.jpg,166,3.966327593,0.267072644,3.113705614,0.983584447
"a cybertronic metallic green tree frog , blurred detail",xl2.2_normal_166.jpg,166,2.67293154,0.786611122,2.653500595,0.353966763
"two women working in a recording studio, hyper detail",AttnGAN_normal_167.jpg,167,1.337589887,0.689156899,0.491681629,0.503353788
"two women working in a recording studio, hyper detail",DALLE2_normal_167.jpg,167,2.321609349,0.438716814,2.78310259,1.059207108
"two women working in a recording studio, hyper detail",glide_normal_167.jpg,167,0.747178209,0.329033038,0.78808434,0.337559331
"two women working in a recording studio, hyper detail",midjourney_lowstep_167.jpg,167,2.463857203,0.375794952,2.926636646,0.396438768
"two women working in a recording studio, hyper detail",midjourney_normal_167.jpg,167,3.550859712,0.525908235,3.658965437,0.606641784
"two women working in a recording studio, hyper detail",sd1.5_highcorr_167.jpg,167,2.782759734,0.468796599,3.291909811,0.488210145
"two women working in a recording studio, hyper detail",sd1.5_lowcorr_167.jpg,167,1.866501955,0.475149339,2.926636646,0.37306119
"two women working in a recording studio, hyper detail",sd1.5_lowstep_167.jpg,167,2.532418004,0.710765635,2.568020722,1.033538605
"two women working in a recording studio, hyper detail",sd1.5_normal_167.jpg,167,2.888789697,0.890036097,3.628776877,0.530361359
"two women working in a recording studio, hyper detail",xl2.2_normal_167.jpg,167,3.578018157,0.48788932,3.647833348,0.385462045
"the celestial realm of the elven deities, soft lighting",AttnGAN_normal_168.jpg,168,1.012573225,0.600545307,0.876413908,0.739243317
"the celestial realm of the elven deities, soft lighting",DALLE2_normal_168.jpg,168,2.016407538,0.398392695,2.311982676,0.782362407
"the celestial realm of the elven deities, soft lighting",glide_normal_168.jpg,168,0.463704663,0.905442634,0.323474926,0.485157083
"the celestial realm of the elven deities, soft lighting",midjourney_lowstep_168.jpg,168,0.641923698,0.320680488,1.709939693,0.970860743
"the celestial realm of the elven deities, soft lighting",midjourney_normal_168.jpg,168,4.039666506,0.963442358,3.641108818,0.347551586
"the celestial realm of the elven deities, soft lighting",sd1.5_highcorr_168.jpg,168,2.806879489,0.616069006,3.548579908,0.51262523
"the celestial realm of the elven deities, soft lighting",sd1.5_lowcorr_168.jpg,168,3.058356047,0.960122431,3.535787107,0.362736725
"the celestial realm of the elven deities, soft lighting",sd1.5_lowstep_168.jpg,168,3.359435142,0.683713265,3.482467199,1.079699537
"the celestial realm of the elven deities, soft lighting",sd1.5_normal_168.jpg,168,3.154005469,0.454130504,3.584393825,0.467886839
"the celestial realm of the elven deities, soft lighting",xl2.2_normal_168.jpg,168,4.165198541,0.584237009,3.679897602,0.320153815
"portrait of butterflies swarming flowers, warm color",AttnGAN_normal_170.jpg,170,1.04513849,0.439440104,0.927777366,0.722836313
"portrait of butterflies swarming flowers, warm color",DALLE2_normal_170.jpg,170,3.442225929,0.71045732,3.057832635,1.021493556
"portrait of butterflies swarming flowers, warm color",glide_normal_170.jpg,170,1.492221516,0.497908489,1.540491223,0.621854357
"portrait of butterflies swarming flowers, warm color",midjourney_lowstep_170.jpg,170,2.160207491,0.639222736,2.640552565,0.684971387
"portrait of butterflies swarming flowers, warm color",midjourney_normal_170.jpg,170,3.923239841,0.85106794,3.575282749,0.886597311
"portrait of butterflies swarming flowers, warm color",sd1.5_highcorr_170.jpg,170,2.532240117,0.795762124,3.031345691,0.991418536
"portrait of butterflies swarming flowers, warm color",sd1.5_lowcorr_170.jpg,170,3.403754047,0.667702471,3.5526433,0.396662166
"portrait of butterflies swarming flowers, warm color",sd1.5_lowstep_170.jpg,170,3.018173564,0.345599911,2.748735776,0.966422716
"portrait of butterflies swarming flowers, warm color",sd1.5_normal_170.jpg,170,3.573959847,0.664801772,2.772204703,0.574197033
"portrait of butterflies swarming flowers, warm color",xl2.2_normal_170.jpg,170,2.941929382,0.96814895,2.956517697,0.795202484
"grumpy disney princess sitting in a cave, cold color",AttnGAN_normal_171.jpg,171,1.1267749,0.730365211,0.720129493,0.825266215
"grumpy disney princess sitting in a cave, cold color",DALLE2_normal_171.jpg,171,1.956116406,0.428474341,2.771702485,1.037614916
"grumpy disney princess sitting in a cave, cold color",glide_normal_171.jpg,171,0.212533273,0.929852104,0.518653615,0.616824934
"grumpy disney princess sitting in a cave, cold color",midjourney_lowstep_171.jpg,171,2.444661076,0.270523329,3.202378717,0.599633921
"grumpy disney princess sitting in a cave, cold color",midjourney_normal_171.jpg,171,3.008458905,0.511018394,2.969682911,0.661814686
"grumpy disney princess sitting in a cave, cold color",sd1.5_highcorr_171.jpg,171,3.007007681,0.431612519,2.711185223,0.680634317
"grumpy disney princess sitting in a cave, cold color",sd1.5_lowcorr_171.jpg,171,1.860824639,0.555100191,2.429909143,1.057197034
"grumpy disney princess sitting in a cave, cold color",sd1.5_lowstep_171.jpg,171,2.45975351,0.514876387,2.31896878,0.717925545
"grumpy disney princess sitting in a cave, cold color",sd1.5_normal_171.jpg,171,1.851568074,0.300052278,2.430025645,0.806387037
"grumpy disney princess sitting in a cave, cold color",xl2.2_normal_171.jpg,171,2.18011346,0.523941731,2.49210202,0.337978438
"art of a mimic from dungeons and dragons, top view",AttnGAN_normal_172.jpg,172,0.940601322,0.307129064,1.101591216,0.223370827
"art of a mimic from dungeons and dragons, top view",DALLE2_normal_172.jpg,172,3.359435142,0.432799213,1.763328481,1.503791291
"art of a mimic from dungeons and dragons, top view",glide_normal_172.jpg,172,0.392090064,0.386079014,0.277575547,0.480763569
"art of a mimic from dungeons and dragons, top view",midjourney_lowstep_172.jpg,172,1.821700312,0.568021286,1.474049467,1.138108673
"art of a mimic from dungeons and dragons, top view",midjourney_normal_172.jpg,172,3.208047473,0.912775819,3.088169836,0.940454187
"art of a mimic from dungeons and dragons, top view",sd1.5_highcorr_172.jpg,172,1.92623748,0.659518234,1.995491019,0.863633346
"art of a mimic from dungeons and dragons, top view",sd1.5_lowcorr_172.jpg,172,2.681789454,0.873922316,2.879719212,1.371679293
"art of a mimic from dungeons and dragons, top view",sd1.5_lowstep_172.jpg,172,3.490003257,0.670690795,3.220800678,0.431044548
"art of a mimic from dungeons and dragons, top view",sd1.5_normal_172.jpg,172,1.921352979,1.023334936,2.47896401,0.991874856
"art of a mimic from dungeons and dragons, top view",xl2.2_normal_172.jpg,172,2.771446817,0.511397973,2.429699357,1.136037706
"ancient japanese fantasy garden at night, elevation view",AttnGAN_normal_173.jpg,173,1.197015678,0.463075247,0.970486009,0.802485632
"ancient japanese fantasy garden at night, elevation view",DALLE2_normal_173.jpg,173,3.034849246,0.442576692,3.191417702,0.753532223
"ancient japanese fantasy garden at night, elevation view",glide_normal_173.jpg,173,0.255168478,0.472382651,0.514481837,0.525405703
"ancient japanese fantasy garden at night, elevation view",midjourney_lowstep_173.jpg,173,1.794295116,0.435944596,2.601056923,0.954981303
"ancient japanese fantasy garden at night, elevation view",midjourney_normal_173.jpg,173,3.713294017,0.252976573,3.375908012,0.881169833
"ancient japanese fantasy garden at night, elevation view",sd1.5_highcorr_173.jpg,173,3.143483028,0.596522821,3.180285613,0.682360181
"ancient japanese fantasy garden at night, elevation view",sd1.5_lowcorr_173.jpg,173,3.544604966,0.298876066,2.509500087,0.973290956
"ancient japanese fantasy garden at night, elevation view",sd1.5_lowstep_173.jpg,173,3.316649193,0.489481515,3.165462896,0.693726418
"ancient japanese fantasy garden at night, elevation view",sd1.5_normal_173.jpg,173,3.255352906,0.663616483,1.846507718,0.931447291
"ancient japanese fantasy garden at night, elevation view",xl2.2_normal_173.jpg,173,3.610752151,0.697232294,2.888958056,0.914331912
"a painting of pink panther as a vampire , blurred detail",AttnGAN_normal_176.jpg,176,0.806196391,0.274460761,0.977438466,0.946666669
"a painting of pink panther as a vampire , blurred detail",DALLE2_normal_176.jpg,176,2.093677968,0.594285576,2.824865559,0.938637449
"a painting of pink panther as a vampire , blurred detail",glide_normal_176.jpg,176,1.435991833,0.420521866,1.859694143,0.593368564
"a painting of pink panther as a vampire , blurred detail",midjourney_lowstep_176.jpg,176,2.314518391,0.544983077,1.834092443,1.180530656
"a painting of pink panther as a vampire , blurred detail",midjourney_normal_176.jpg,176,3.191415092,1.083277698,2.390413502,1.187034819
"a painting of pink panther as a vampire , blurred detail",sd1.5_highcorr_176.jpg,176,2.278644303,0.145977424,2.127961226,0.870337456
"a painting of pink panther as a vampire , blurred detail",sd1.5_lowcorr_176.jpg,176,1.554713964,0.897304503,1.165377517,0.723289205
"a painting of pink panther as a vampire , blurred detail",sd1.5_lowstep_176.jpg,176,2.03716536,0.468285967,2.77261172,1.057264971
"a painting of pink panther as a vampire , blurred detail",sd1.5_normal_176.jpg,176,1.627971309,0.52741589,2.52206564,0.8244914
"a painting of pink panther as a vampire , blurred detail",xl2.2_normal_176.jpg,176,3.1806835,0.62824393,1.101591216,0.803705817
"a huge wooden carving sculpture of a fox, hyper detail",AttnGAN_normal_177.jpg,177,0.86802727,0.631159093,0.566059704,0.669367555
"a huge wooden carving sculpture of a fox, hyper detail",DALLE2_normal_177.jpg,177,2.524012104,0.759348523,3.244503722,0.350395238
"a huge wooden carving sculpture of a fox, hyper detail",glide_normal_177.jpg,177,0.128895573,0.376052061,0.341602936,0.402970126
"a huge wooden carving sculpture of a fox, hyper detail",midjourney_lowstep_177.jpg,177,2.193472252,0.655902932,3.075004622,0.305986943
"a huge wooden carving sculpture of a fox, hyper detail",midjourney_normal_177.jpg,177,3.701722739,0.365064393,3.836048921,0.383865762
"a huge wooden carving sculpture of a fox, hyper detail",sd1.5_highcorr_177.jpg,177,2.630872609,0.817683258,2.931303945,0.825641471
"a huge wooden carving sculpture of a fox, hyper detail",sd1.5_lowcorr_177.jpg,177,3.270286787,0.508810222,3.857782273,0.545872101
"a huge wooden carving sculpture of a fox, hyper detail",sd1.5_lowstep_177.jpg,177,3.231255627,0.635984485,3.623752433,0.213621079
"a huge wooden carving sculpture of a fox, hyper detail",sd1.5_normal_177.jpg,177,3.773548415,1.093912215,3.469961038,0.882058808
"a huge wooden carving sculpture of a fox, hyper detail",xl2.2_normal_177.jpg,177,3.835000098,0.77531894,2.308233468,1.009455158
"a car crawling with human hands and feet, soft lighting",AttnGAN_normal_178.jpg,178,0.358179955,0.202805781,0.282183064,0.437292499
"a car crawling with human hands and feet, soft lighting",DALLE2_normal_178.jpg,178,2.410204999,0.914702789,2.211793876,0.768327417
"a car crawling with human hands and feet, soft lighting",glide_normal_178.jpg,178,0.658485261,0.40438436,0.631037248,0.613450795
"a car crawling with human hands and feet, soft lighting",midjourney_lowstep_178.jpg,178,2.000906886,0.342485137,3.212187972,0.772762228
"a car crawling with human hands and feet, soft lighting",midjourney_normal_178.jpg,178,3.305628811,0.563967461,1.574691536,0.666362574
"a car crawling with human hands and feet, soft lighting",sd1.5_highcorr_178.jpg,178,2.788955814,0.773983212,2.251027408,1.087482857
"a car crawling with human hands and feet, soft lighting",sd1.5_lowcorr_178.jpg,178,2.326531297,0.622553485,1.297700751,1.313642588
"a car crawling with human hands and feet, soft lighting",sd1.5_lowstep_178.jpg,178,2.289786403,0.562533891,1.165897295,0.574649773
"a car crawling with human hands and feet, soft lighting",sd1.5_normal_178.jpg,178,2.018808722,0.776356792,1.848675793,0.679664477
"a car crawling with human hands and feet, soft lighting",xl2.2_normal_178.jpg,178,2.518413241,0.486194206,1.768493308,0.790450891
"underwater photography of the rough ocean, HDR lighting",AttnGAN_normal_179.jpg,179,1.063255848,0.78982614,0.641620949,0.990660571
"underwater photography of the rough ocean, HDR lighting",DALLE2_normal_179.jpg,179,1.867036088,1.452292988,2.746134145,1.025820001
"underwater photography of the rough ocean, HDR lighting",glide_normal_179.jpg,179,0.014779217,0.463898319,1.280365205,1.261637146
"underwater photography of the rough ocean, HDR lighting",midjourney_lowstep_179.jpg,179,1.39381957,0.536152058,2.22449748,1.005848848
"underwater photography of the rough ocean, HDR lighting",midjourney_normal_179.jpg,179,3.387959109,0.555317104,3.348349994,0.552597797
"underwater photography of the rough ocean, HDR lighting",sd1.5_highcorr_179.jpg,179,2.763264791,0.782812658,3.191417702,0.951550179
"underwater photography of the rough ocean, HDR lighting",sd1.5_lowcorr_179.jpg,179,1.539115041,0.756031265,2.163775142,1.144469359
"underwater photography of the rough ocean, HDR lighting",sd1.5_lowstep_179.jpg,179,2.83450926,0.696498434,3.102285456,0.666702837
"underwater photography of the rough ocean, HDR lighting",sd1.5_normal_179.jpg,179,2.317014,0.939157041,2.995621756,0.542345208
"underwater photography of the rough ocean, HDR lighting",xl2.2_normal_179.jpg,179,3.017147546,0.953347932,3.116693004,0.809315817
"muscular cyborg girl with prosthetic arms, warm color, anime style",AttnGAN_normal_180.jpg,180,0.885277112,0.729984785,1.194190381,0.36623068
"muscular cyborg girl with prosthetic arms, warm color, anime style",DALLE2_normal_180.jpg,180,2.627511156,0.376761037,3.197097634,0.933023174
"muscular cyborg girl with prosthetic arms, warm color, anime style",glide_normal_180.jpg,180,0.676891105,0.396165456,0.537282046,0.53975154
"muscular cyborg girl with prosthetic arms, warm color, anime style",midjourney_lowstep_180.jpg,180,1.851268265,0.656642841,3.137840023,1.153962228
"muscular cyborg girl with prosthetic arms, warm color, anime style",midjourney_normal_180.jpg,180,3.048358432,0.591136746,3.667959629,0.515265649
"muscular cyborg girl with prosthetic arms, warm color, anime style",sd1.5_highcorr_180.jpg,180,2.124805457,0.324989204,2.840103111,0.60843828
"muscular cyborg girl with prosthetic arms, warm color, anime style",sd1.5_lowcorr_180.jpg,180,2.344386154,0.508029715,2.914221371,0.645141816
"muscular cyborg girl with prosthetic arms, warm color, anime style",sd1.5_lowstep_180.jpg,180,2.084303652,0.493856733,2.300850587,0.838220113
"muscular cyborg girl with prosthetic arms, warm color, anime style",sd1.5_normal_180.jpg,180,3.052595235,0.662522201,3.524109368,0.684892025
"muscular cyborg girl with prosthetic arms, warm color, anime style",xl2.2_normal_180.jpg,180,3.57336489,0.344872603,3.299580101,0.912855577
"an underwater photo of coral in the ocean, cold color, sci-fi style",AttnGAN_normal_181.jpg,181,1.212161793,0.579393772,0.626274844,0.706989487
"an underwater photo of coral in the ocean, cold color, sci-fi style",DALLE2_normal_181.jpg,181,2.758973195,0.730085994,3.114500264,0.42331136
"an underwater photo of coral in the ocean, cold color, sci-fi style",glide_normal_181.jpg,181,0.641923698,0.349148726,2.430025645,1.348894623
"an underwater photo of coral in the ocean, cold color, sci-fi style",midjourney_lowstep_181.jpg,181,2.376428439,0.954005209,2.140274438,0.584992483
"an underwater photo of coral in the ocean, cold color, sci-fi style",midjourney_normal_181.jpg,181,3.143483028,1.209072657,3.402927392,0.661578125
"an underwater photo of coral in the ocean, cold color, sci-fi style",sd1.5_highcorr_181.jpg,181,1.960618923,0.746618178,2.8643612,0.857362231
"an underwater photo of coral in the ocean, cold color, sci-fi style",sd1.5_lowcorr_181.jpg,181,3.094767498,0.729081056,3.045304988,0.857184731
"an underwater photo of coral in the ocean, cold color, sci-fi style",sd1.5_lowstep_181.jpg,181,2.161765422,0.668476306,2.877106534,0.630485448
"an underwater photo of coral in the ocean, cold color, sci-fi style",sd1.5_normal_181.jpg,181,2.852156791,0.511581055,3.011371163,0.652671792
"an underwater photo of coral in the ocean, cold color, sci-fi style",xl2.2_normal_181.jpg,181,2.867249225,0.52783085,3.142688856,0.509894417
"a female warrior in charming phenix armor, top view, realistic style",AttnGAN_normal_182.jpg,182,1.010879855,0.442529208,0.373079324,0.430669632
"a female warrior in charming phenix armor, top view, realistic style",DALLE2_normal_182.jpg,182,2.939794687,0.768642655,3.035568457,0.662470489
"a female warrior in charming phenix armor, top view, realistic style",glide_normal_182.jpg,182,1.255971063,0.644909035,1.354623028,1.099963697
"a female warrior in charming phenix armor, top view, realistic style",midjourney_lowstep_182.jpg,182,2.374253916,0.463461571,2.51693257,0.666409779
"a female warrior in charming phenix armor, top view, realistic style",midjourney_normal_182.jpg,182,3.541752783,0.722994669,3.066730889,0.944390611
"a female warrior in charming phenix armor, top view, realistic style",sd1.5_highcorr_182.jpg,182,3.214005785,0.487492188,2.486006301,0.899949787
"a female warrior in charming phenix armor, top view, realistic style",sd1.5_lowcorr_182.jpg,182,3.074195478,0.287917391,2.202257515,0.929140436
"a female warrior in charming phenix armor, top view, realistic style",sd1.5_lowstep_182.jpg,182,3.221284286,0.74670814,2.988304467,0.624263807
"a female warrior in charming phenix armor, top view, realistic style",sd1.5_normal_182.jpg,182,2.574642925,0.657907623,2.566500608,0.518613262
"a female warrior in charming phenix armor, top view, realistic style",xl2.2_normal_182.jpg,182,3.270286787,0.71606245,2.653500595,0.772479381
"radioactive alien mushrooms in the forest , elevation view, abstract style",AttnGAN_normal_183.jpg,183,1.871148587,0.586890464,1.471372759,1.007367299
"radioactive alien mushrooms in the forest , elevation view, abstract style",DALLE2_normal_183.jpg,183,1.785560751,1.055417817,2.6904737,0.742115236
"radioactive alien mushrooms in the forest , elevation view, abstract style",glide_normal_183.jpg,183,0.392090064,0.341478939,0.814784292,0.524473831
"radioactive alien mushrooms in the forest , elevation view, abstract style",midjourney_lowstep_183.jpg,183,2.747600946,0.269887622,3.038374121,0.714368708
"radioactive alien mushrooms in the forest , elevation view, abstract style",midjourney_normal_183.jpg,183,3.733237104,0.401074545,3.261849072,0.560023038
"radioactive alien mushrooms in the forest , elevation view, abstract style",sd1.5_highcorr_183.jpg,183,2.746509754,0.767713103,2.330906752,0.739087182
"radioactive alien mushrooms in the forest , elevation view, abstract style",sd1.5_lowcorr_183.jpg,183,1.633735176,0.92493173,1.763328481,1.127249682
"radioactive alien mushrooms in the forest , elevation view, abstract style",sd1.5_lowstep_183.jpg,183,2.573155672,0.92173072,2.456699832,0.964490573
"radioactive alien mushrooms in the forest , elevation view, abstract style",sd1.5_normal_183.jpg,183,2.717645898,0.24582392,3.14107795,0.346104967
"radioactive alien mushrooms in the forest , elevation view, abstract style",xl2.2_normal_183.jpg,183,2.643063777,0.570203449,3.224603247,0.765005376
"professional studio logo for robot artists, close-up, baroque style",AttnGAN_normal_184.jpg,184,0.712802152,0.324312882,1.321226762,1.325963262
"professional studio logo for robot artists, close-up, baroque style",DALLE2_normal_184.jpg,184,2.248459435,0.645560772,3.094936968,0.895687389
"professional studio logo for robot artists, close-up, baroque style",glide_normal_184.jpg,184,1.373098268,0.375649667,1.495248703,0.804718734
"professional studio logo for robot artists, close-up, baroque style",midjourney_lowstep_184.jpg,184,2.83450926,0.501446006,3.303761333,0.516239894
"professional studio logo for robot artists, close-up, baroque style",midjourney_normal_184.jpg,184,4.016980847,0.299679506,3.683968423,0.570090304
"professional studio logo for robot artists, close-up, baroque style",sd1.5_highcorr_184.jpg,184,3.62187092,0.737092824,3.775401378,0.483814865
"professional studio logo for robot artists, close-up, baroque style",sd1.5_lowcorr_184.jpg,184,2.821971923,0.505900128,3.274006549,0.484808483
"professional studio logo for robot artists, close-up, baroque style",sd1.5_lowstep_184.jpg,184,3.058757207,0.318259904,2.888958056,0.848390558
"professional studio logo for robot artists, close-up, baroque style",sd1.5_normal_184.jpg,184,2.85831935,0.950838873,3.302738591,0.726110358
"professional studio logo for robot artists, close-up, baroque style",xl2.2_normal_184.jpg,184,2.526119865,0.709728211,2.93018727,0.868942491
"die cut sticker of chibi cute golf player , long-shot, anime style",AttnGAN_normal_185.jpg,185,0.794277489,0.300310956,0.775754404,0.7212959
"die cut sticker of chibi cute golf player , long-shot, anime style",DALLE2_normal_185.jpg,185,2.799561659,1.005560689,3.296107282,0.622194002
"die cut sticker of chibi cute golf player , long-shot, anime style",glide_normal_185.jpg,185,1.539115041,0.391281575,1.447496815,1.1738707
"die cut sticker of chibi cute golf player , long-shot, anime style",midjourney_lowstep_185.jpg,185,2.560585504,0.642368089,2.999704571,0.863080312
"die cut sticker of chibi cute golf player , long-shot, anime style",midjourney_normal_185.jpg,185,3.30238721,0.704124685,3.116693004,0.547736767
"die cut sticker of chibi cute golf player , long-shot, anime style",sd1.5_highcorr_185.jpg,185,3.007007681,0.71407042,3.137840023,0.617152858
"die cut sticker of chibi cute golf player , long-shot, anime style",sd1.5_lowcorr_185.jpg,185,2.432406235,0.834369002,2.921613433,0.171697789
"die cut sticker of chibi cute golf player , long-shot, anime style",sd1.5_lowstep_185.jpg,185,2.329452272,0.701718582,2.069982669,0.90680701
"die cut sticker of chibi cute golf player , long-shot, anime style",sd1.5_normal_185.jpg,185,2.732667064,0.656962456,2.740407521,0.894166355
"die cut sticker of chibi cute golf player , long-shot, anime style",xl2.2_normal_185.jpg,185,3.613766055,0.211469853,3.013543571,0.572433515
"softboy aesthetic in ancient greek clothing, hyper detail, realistic style",AttnGAN_normal_187.jpg,187,0.902526954,0.715325564,0.874199281,0.907045198
"softboy aesthetic in ancient greek clothing, hyper detail, realistic style",DALLE2_normal_187.jpg,187,2.657997659,0.814296348,1.672693868,0.722191936
"softboy aesthetic in ancient greek clothing, hyper detail, realistic style",glide_normal_187.jpg,187,1.782268897,0.605110388,1.502329958,0.842131387
"softboy aesthetic in ancient greek clothing, hyper detail, realistic style",midjourney_lowstep_187.jpg,187,2.852156791,0.413610383,2.366720668,0.596493898
"softboy aesthetic in ancient greek clothing, hyper detail, realistic style",midjourney_normal_187.jpg,187,4.180290975,0.496579398,2.60548011,0.930066458
"softboy aesthetic in ancient greek clothing, hyper detail, realistic style",sd1.5_highcorr_187.jpg,187,3.590592228,0.670322525,2.232430935,1.195146127
"softboy aesthetic in ancient greek clothing, hyper detail, realistic style",sd1.5_lowcorr_187.jpg,187,2.375358302,0.508196995,2.592416657,0.492229952
"softboy aesthetic in ancient greek clothing, hyper detail, realistic style",sd1.5_lowstep_187.jpg,187,0.739960598,0.744842911,1.009528271,0.691204646
"softboy aesthetic in ancient greek clothing, hyper detail, realistic style",sd1.5_normal_187.jpg,187,3.131243411,0.830152306,2.531454291,1.012180968
"softboy aesthetic in ancient greek clothing, hyper detail, realistic style",xl2.2_normal_187.jpg,187,3.673198773,0.479241731,2.251027408,1.089632117
"portrait painting of a west hightland white, soft lighting, abstract style",AttnGAN_normal_188.jpg,188,1.252358797,0.496913564,1.137109539,1.334494852
"portrait painting of a west hightland white, soft lighting, abstract style",DALLE2_normal_188.jpg,188,2.7089479,0.762192787,1.54386854,1.111350073
"portrait painting of a west hightland white, soft lighting, abstract style",glide_normal_188.jpg,188,0.946043702,0.649256797,0.692100914,0.748421558
"portrait painting of a west hightland white, soft lighting, abstract style",midjourney_lowstep_188.jpg,188,3.007007681,0.296995664,3.054879367,0.690740024
"portrait painting of a west hightland white, soft lighting, abstract style",midjourney_normal_188.jpg,188,4.289152216,1.066529724,3.957073951,0.622421457
"portrait painting of a west hightland white, soft lighting, abstract style",sd1.5_highcorr_188.jpg,188,1.478221045,0.173463242,1.461634192,0.638610374
"portrait painting of a west hightland white, soft lighting, abstract style",sd1.5_lowcorr_188.jpg,188,1.702229262,0.272857513,2.59142422,0.545337372
"portrait painting of a west hightland white, soft lighting, abstract style",sd1.5_lowstep_188.jpg,188,1.594706548,0.715585856,1.94279623,1.024343545
"portrait painting of a west hightland white, soft lighting, abstract style",sd1.5_normal_188.jpg,188,2.075516212,1.156605301,2.414897168,1.281412433
"portrait painting of a west hightland white, soft lighting, abstract style",xl2.2_normal_188.jpg,188,3.818072561,0.619838758,3.094936968,1.102800191
"lobster human hybrid in fashion photography, HDR lighting, baroque style",AttnGAN_normal_189.jpg,189,1.029205605,0.602847094,1.087057329,0.846514544
"lobster human hybrid in fashion photography, HDR lighting, baroque style",DALLE2_normal_189.jpg,189,2.660597966,0.777615619,2.494876872,1.213585592
"lobster human hybrid in fashion photography, HDR lighting, baroque style",glide_normal_189.jpg,189,0.885277112,0.68206272,1.13493277,1.056009781
"lobster human hybrid in fashion photography, HDR lighting, baroque style",midjourney_lowstep_189.jpg,189,2.165778989,0.405877062,2.846322945,0.448191776
"lobster human hybrid in fashion photography, HDR lighting, baroque style",midjourney_normal_189.jpg,189,3.92415533,0.563133388,3.478508951,0.459725325
"lobster human hybrid in fashion photography, HDR lighting, baroque style",sd1.5_highcorr_189.jpg,189,2.660597966,0.650760223,3.17765537,0.490796044
"lobster human hybrid in fashion photography, HDR lighting, baroque style",sd1.5_lowcorr_189.jpg,189,2.869008944,0.529002862,2.723036745,0.822774247
"lobster human hybrid in fashion photography, HDR lighting, baroque style",sd1.5_lowstep_189.jpg,189,2.869008944,1.03524383,3.1259885,0.802865666
"lobster human hybrid in fashion photography, HDR lighting, baroque style",sd1.5_normal_189.jpg,189,2.994111578,0.783310141,3.180285613,0.682360181
"lobster human hybrid in fashion photography, HDR lighting, baroque style",xl2.2_normal_189.jpg,189,3.224958365,0.385756919,3.013304279,0.505007954
"delicious peanut butter donut with glazing , warm color, anime style",AttnGAN_normal_190.jpg,190,0.875752826,0.486958233,0.831414849,1.016169053
"delicious peanut butter donut with glazing , warm color, anime style",DALLE2_normal_190.jpg,190,2.67293154,0.602921629,3.485324022,0.774307739
"delicious peanut butter donut with glazing , warm color, anime style",glide_normal_190.jpg,190,1.704085415,0.668183214,2.490096099,0.8869874
"delicious peanut butter donut with glazing , warm color, anime style",midjourney_lowstep_190.jpg,190,2.48951242,0.731428893,3.457831122,0.38390976
"delicious peanut butter donut with glazing , warm color, anime style",midjourney_normal_190.jpg,190,3.249399128,0.633932125,3.079505301,0.650599786
"delicious peanut butter donut with glazing , warm color, anime style",sd1.5_highcorr_190.jpg,190,3.074988427,0.543730053,3.232987189,0.737328773
"delicious peanut butter donut with glazing , warm color, anime style",sd1.5_lowcorr_190.jpg,190,2.92680752,0.611580675,2.653500595,0.476254439
"delicious peanut butter donut with glazing , warm color, anime style",sd1.5_lowstep_190.jpg,190,2.885477796,0.981219804,3.402927392,0.517912489
"delicious peanut butter donut with glazing , warm color, anime style",sd1.5_normal_190.jpg,190,2.912526527,0.512537203,2.963619274,0.686100975
"delicious peanut butter donut with glazing , warm color, anime style",xl2.2_normal_190.jpg,190,3.645251835,0.627092043,3.197097634,0.78340086
"beautiful ancient temple in a formal garden, top view, realistic style",AttnGAN_normal_192.jpg,192,1.144024742,0.561674132,0.957159937,0.733296098
"beautiful ancient temple in a formal garden, top view, realistic style",DALLE2_normal_192.jpg,192,3.108728168,0.453790697,3.644083685,0.405556266
"beautiful ancient temple in a formal garden, top view, realistic style",glide_normal_192.jpg,192,0.879514179,0.741091111,1.732152809,0.829841522
"beautiful ancient temple in a formal garden, top view, realistic style",midjourney_lowstep_192.jpg,192,1.597692094,0.78038786,3.137696322,0.255024718
"beautiful ancient temple in a formal garden, top view, realistic style",midjourney_normal_192.jpg,192,3.806813177,0.914128652,3.917578309,0.592072241
"beautiful ancient temple in a formal garden, top view, realistic style",sd1.5_highcorr_192.jpg,192,3.116981428,0.953992013,3.543429565,0.546592727
"beautiful ancient temple in a formal garden, top view, realistic style",sd1.5_lowcorr_192.jpg,192,2.689121932,0.975464223,3.299580101,0.351749682
"beautiful ancient temple in a formal garden, top view, realistic style",sd1.5_lowstep_192.jpg,192,2.883906185,0.51102625,3.296107282,0.389751567
"beautiful ancient temple in a formal garden, top view, realistic style",sd1.5_normal_192.jpg,192,3.127756575,0.434395421,3.517088733,0.320616138
"beautiful ancient temple in a formal garden, top view, realistic style",xl2.2_normal_192.jpg,192,3.679751519,0.863573691,3.137840023,0.446891223
"a cyborg jellyfish swimming in a vast ocean, close-up, baroque style",AttnGAN_normal_194.jpg,194,0.775293051,0.342112504,0.86788507,0.328406516
"a cyborg jellyfish swimming in a vast ocean, close-up, baroque style",DALLE2_normal_194.jpg,194,2.493724965,0.788517999,3.050789396,0.994837245
"a cyborg jellyfish swimming in a vast ocean, close-up, baroque style",glide_normal_194.jpg,194,0.971526322,0.88597858,1.905281713,1.102303923
"a cyborg jellyfish swimming in a vast ocean, close-up, baroque style",midjourney_lowstep_194.jpg,194,2.674859949,0.677165933,2.87284354,1.107021331
"a cyborg jellyfish swimming in a vast ocean, close-up, baroque style",midjourney_normal_194.jpg,194,3.438253731,0.968037989,3.434128078,0.669408468
"a cyborg jellyfish swimming in a vast ocean, close-up, baroque style",sd1.5_highcorr_194.jpg,194,3.150815738,0.495001918,3.075619946,0.651388175
"a cyborg jellyfish swimming in a vast ocean, close-up, baroque style",sd1.5_lowcorr_194.jpg,194,2.746509754,0.335896245,3.142688856,0.760513263
"a cyborg jellyfish swimming in a vast ocean, close-up, baroque style",sd1.5_lowstep_194.jpg,194,3.110506733,0.535084177,3.327464378,0.708664672
"a cyborg jellyfish swimming in a vast ocean, close-up, baroque style",sd1.5_normal_194.jpg,194,3.063450866,0.550197002,3.285944521,0.479663706
"a cyborg jellyfish swimming in a vast ocean, close-up, baroque style",xl2.2_normal_194.jpg,194,3.29157139,0.605402541,3.250506865,0.785516359
"unique epic pink space elf knight adventurer, long-shot, anime style",AttnGAN_normal_195.jpg,195,1.16308973,0.664967772,0.605043529,0.255005611
"unique epic pink space elf knight adventurer, long-shot, anime style",DALLE2_normal_195.jpg,195,2.4902984,0.648247261,2.988304467,0.474649507
"unique epic pink space elf knight adventurer, long-shot, anime style",glide_normal_195.jpg,195,0.447072282,0.913460746,0.086501076,0.637555745
"unique epic pink space elf knight adventurer, long-shot, anime style",midjourney_lowstep_195.jpg,195,2.472262578,0.598583792,3.149691545,0.556519543
"unique epic pink space elf knight adventurer, long-shot, anime style",midjourney_normal_195.jpg,195,3.576593619,0.512983014,3.488890048,0.64125454
"unique epic pink space elf knight adventurer, long-shot, anime style",sd1.5_highcorr_195.jpg,195,2.632073999,0.434701113,2.87284354,0.707551587
"unique epic pink space elf knight adventurer, long-shot, anime style",sd1.5_lowcorr_195.jpg,195,3.347801074,0.668653016,3.113705614,0.626055435
"unique epic pink space elf knight adventurer, long-shot, anime style",sd1.5_lowstep_195.jpg,195,2.03716536,0.538904915,2.903929414,0.270140284
"unique epic pink space elf knight adventurer, long-shot, anime style",sd1.5_normal_195.jpg,195,2.363781612,0.656202967,2.840103111,0.408384298
"unique epic pink space elf knight adventurer, long-shot, anime style",xl2.2_normal_195.jpg,195,2.808870337,0.790198638,3.469961038,0.507609893
"the essence of the chemical element hydrogen, blurred detail, sci-fi style",AttnGAN_normal_196.jpg,196,0.8493261,0.49328618,0.629428475,0.446159964
"the essence of the chemical element hydrogen, blurred detail, sci-fi style",DALLE2_normal_196.jpg,196,1.956105243,0.499021022,1.498880017,1.225647031
"the essence of the chemical element hydrogen, blurred detail, sci-fi style",glide_normal_196.jpg,196,0.392942638,0.412078889,0.483118797,0.641017249
"the essence of the chemical element hydrogen, blurred detail, sci-fi style",midjourney_lowstep_196.jpg,196,2.213514948,0.5065825,2.497857823,1.067813636
"the essence of the chemical element hydrogen, blurred detail, sci-fi style",midjourney_normal_196.jpg,196,3.038537814,0.871146041,2.931303945,0.983272436
"the essence of the chemical element hydrogen, blurred detail, sci-fi style",sd1.5_highcorr_196.jpg,196,2.147166571,0.815574792,2.33637472,1.126830639
"the essence of the chemical element hydrogen, blurred detail, sci-fi style",sd1.5_lowcorr_196.jpg,196,1.597692094,0.826004705,2.032736844,1.501786567
"the essence of the chemical element hydrogen, blurred detail, sci-fi style",sd1.5_lowstep_196.jpg,196,2.061594671,0.890375759,2.275412354,1.302388614
"the essence of the chemical element hydrogen, blurred detail, sci-fi style",sd1.5_normal_196.jpg,196,3.018173564,0.559456633,3.047185079,0.808875237
"the essence of the chemical element hydrogen, blurred detail, sci-fi style",xl2.2_normal_196.jpg,196,2.161428554,1.155949695,2.299797301,1.417870804
"storm troopers cosplaying the power rangers , hyper detail, realistic style",AttnGAN_normal_197.jpg,197,0.831522735,0.407349,0.514481837,0.512651652
"storm troopers cosplaying the power rangers , hyper detail, realistic style",DALLE2_normal_197.jpg,197,3.524062705,0.663198275,3.417300183,0.617227542
"storm troopers cosplaying the power rangers , hyper detail, realistic style",glide_normal_197.jpg,197,0.143533905,1.015388784,0.43569296,0.71121383
"storm troopers cosplaying the power rangers , hyper detail, realistic style",midjourney_lowstep_197.jpg,197,3.386504205,0.377296185,3.244503722,0.793221862
"storm troopers cosplaying the power rangers , hyper detail, realistic style",midjourney_normal_197.jpg,197,4.012553286,0.5098866,3.458587836,0.682991401
"storm troopers cosplaying the power rangers , hyper detail, realistic style",sd1.5_highcorr_197.jpg,197,2.475192184,0.733376882,2.311989774,0.921485671
"storm troopers cosplaying the power rangers , hyper detail, realistic style",sd1.5_lowcorr_197.jpg,197,2.882341659,0.486793389,2.617418083,1.181537933
"storm troopers cosplaying the power rangers , hyper detail, realistic style",sd1.5_lowstep_197.jpg,197,2.760431848,0.740003158,2.933805906,0.543835158
"storm troopers cosplaying the power rangers , hyper detail, realistic style",sd1.5_normal_197.jpg,197,3.066652656,0.35225924,3.318907491,0.477540931
"storm troopers cosplaying the power rangers , hyper detail, realistic style",xl2.2_normal_197.jpg,197,3.530547546,0.339310672,3.26190697,0.793731985
"robots creating new robots in a factory line, soft lighting, abstract style",AttnGAN_normal_198.jpg,198,0.84859438,0.506466121,0.976132005,0.74858205
"robots creating new robots in a factory line, soft lighting, abstract style",DALLE2_normal_198.jpg,198,2.478101113,0.451655666,2.935379657,0.51995562
"robots creating new robots in a factory line, soft lighting, abstract style",glide_normal_198.jpg,198,0.363910379,0.885340067,0.139161932,0.52934417
"robots creating new robots in a factory line, soft lighting, abstract style",midjourney_lowstep_198.jpg,198,1.299273321,1.04092346,2.74673979,1.173954028
"robots creating new robots in a factory line, soft lighting, abstract style",midjourney_normal_198.jpg,198,3.707018893,1.070528025,3.404134969,0.627498465
"robots creating new robots in a factory line, soft lighting, abstract style",sd1.5_highcorr_198.jpg,198,3.387909038,0.447834289,3.124625168,0.445591657
"robots creating new robots in a factory line, soft lighting, abstract style",sd1.5_lowcorr_198.jpg,198,3.058356047,1.070841754,3.140830692,0.42656272
"robots creating new robots in a factory line, soft lighting, abstract style",sd1.5_lowstep_198.jpg,198,3.108728168,0.996634958,2.784549692,0.87798173
"robots creating new robots in a factory line, soft lighting, abstract style",sd1.5_normal_198.jpg,198,2.957803829,0.691753343,2.54579025,0.959365642
"robots creating new robots in a factory line, soft lighting, abstract style",xl2.2_normal_198.jpg,198,3.165749619,0.803093911,2.71557697,0.301502763
"full body portrait of cute girl wearing gown, HDR lighting, baroque style",AttnGAN_normal_199.jpg,199,0.929924681,0.234741957,0.776684236,0.751598164
"full body portrait of cute girl wearing gown, HDR lighting, baroque style",DALLE2_normal_199.jpg,199,3.110506733,0.81062519,2.971918712,1.023503769
"full body portrait of cute girl wearing gown, HDR lighting, baroque style",glide_normal_199.jpg,199,2.006980492,0.577778377,0.468583101,0.709311079
"full body portrait of cute girl wearing gown, HDR lighting, baroque style",midjourney_lowstep_199.jpg,199,2.558511788,0.512997254,2.74673979,1.127303338
"full body portrait of cute girl wearing gown, HDR lighting, baroque style",midjourney_normal_199.jpg,199,4.121518015,0.250436827,3.460493472,0.709282331
"full body portrait of cute girl wearing gown, HDR lighting, baroque style",sd1.5_highcorr_199.jpg,199,2.000906886,0.436198882,2.628670045,0.678161007
"full body portrait of cute girl wearing gown, HDR lighting, baroque style",sd1.5_lowcorr_199.jpg,199,2.732667064,0.47193072,2.939051921,0.630484116
"full body portrait of cute girl wearing gown, HDR lighting, baroque style",sd1.5_lowstep_199.jpg,199,2.817259418,0.255024333,3.031176323,0.497497814
"full body portrait of cute girl wearing gown, HDR lighting, baroque style",sd1.5_normal_199.jpg,199,2.520123245,0.726454997,2.700983887,1.383554978
"full body portrait of cute girl wearing gown, HDR lighting, baroque style",xl2.2_normal_199.jpg,199,3.524162768,0.205575817,3.162526872,0.886290901
"alien planet landscape made out of mushrooms, warm color, anime style",AttnGAN_normal_200.jpg,200,1.101434458,0.185831094,0.934164013,0.680749254
"alien planet landscape made out of mushrooms, warm color, anime style",DALLE2_normal_200.jpg,200,2.478791084,1.122946775,3.559815673,0.902531801
"alien planet landscape made out of mushrooms, warm color, anime style",glide_normal_200.jpg,200,0.916490494,0.87186505,0.60877307,0.569625321
"alien planet landscape made out of mushrooms, warm color, anime style",midjourney_lowstep_200.jpg,200,2.152199766,0.69566059,2.979908012,0.53518453
"alien planet landscape made out of mushrooms, warm color, anime style",midjourney_normal_200.jpg,200,3.455503573,1.044789199,3.5526433,0.879599086
"alien planet landscape made out of mushrooms, warm color, anime style",sd1.5_highcorr_200.jpg,200,3.410576846,0.300917809,3.691835574,0.371553206
"alien planet landscape made out of mushrooms, warm color, anime style",sd1.5_lowcorr_200.jpg,200,2.674859949,0.570061379,2.824073647,0.60034263
"alien planet landscape made out of mushrooms, warm color, anime style",sd1.5_lowstep_200.jpg,200,3.288125226,0.225099379,3.531237092,0.36814367
"alien planet landscape made out of mushrooms, warm color, anime style",sd1.5_normal_200.jpg,200,2.414476208,0.872424764,3.620207741,0.668845473
"alien planet landscape made out of mushrooms, warm color, anime style",xl2.2_normal_200.jpg,200,3.559002625,0.832032161,3.517088733,0.483039118
"a gummy bear performing at woodstock concert, cold color, sci-fi style",AttnGAN_normal_201.jpg,201,0.672064484,0.409695534,0.798018582,0.978404505
"a gummy bear performing at woodstock concert, cold color, sci-fi style",DALLE2_normal_201.jpg,201,1.880615311,0.858079912,2.846322945,0.906980131
"a gummy bear performing at woodstock concert, cold color, sci-fi style",glide_normal_201.jpg,201,1.461647503,0.537758994,2.508900426,0.827085646
"a gummy bear performing at woodstock concert, cold color, sci-fi style",midjourney_lowstep_201.jpg,201,2.460930201,0.490981876,2.897228486,0.640848076
"a gummy bear performing at woodstock concert, cold color, sci-fi style",midjourney_normal_201.jpg,201,3.863181835,0.559230408,3.592172903,0.950059449
"a gummy bear performing at woodstock concert, cold color, sci-fi style",sd1.5_highcorr_201.jpg,201,2.955258155,0.485083175,2.699333701,0.682568682
"a gummy bear performing at woodstock concert, cold color, sci-fi style",sd1.5_lowcorr_201.jpg,201,3.074988427,1.006652733,2.706378634,1.112722203
"a gummy bear performing at woodstock concert, cold color, sci-fi style",sd1.5_lowstep_201.jpg,201,3.058356047,0.621872604,2.93018727,0.503406257
"a gummy bear performing at woodstock concert, cold color, sci-fi style",sd1.5_normal_201.jpg,201,2.346834335,0.387113778,2.677763969,0.749453132
"a gummy bear performing at woodstock concert, cold color, sci-fi style",xl2.2_normal_201.jpg,201,2.777468708,0.440587102,2.889390821,0.992690502
"a beautiful brutalist concrete forest temple, elevation view, abstract style",AttnGAN_normal_203.jpg,203,1.168900836,0.799221234,0.810884549,0.697284312
"a beautiful brutalist concrete forest temple, elevation view, abstract style",DALLE2_normal_203.jpg,203,1.868518107,0.812630472,1.597142136,0.538599655
"a beautiful brutalist concrete forest temple, elevation view, abstract style",glide_normal_203.jpg,203,0.313378312,0.441314652,0.307013614,0.420944032
"a beautiful brutalist concrete forest temple, elevation view, abstract style",midjourney_lowstep_203.jpg,203,2.493724965,0.38173282,2.144474319,0.776349955
"a beautiful brutalist concrete forest temple, elevation view, abstract style",midjourney_normal_203.jpg,203,3.523701266,0.584049092,2.979908012,0.572701865
"a beautiful brutalist concrete forest temple, elevation view, abstract style",sd1.5_highcorr_203.jpg,203,2.988623579,0.578410425,2.226642462,1.129916005
"a beautiful brutalist concrete forest temple, elevation view, abstract style",sd1.5_lowcorr_203.jpg,203,2.46452189,0.951017549,2.189529698,1.043666853
"a beautiful brutalist concrete forest temple, elevation view, abstract style",sd1.5_lowstep_203.jpg,203,2.293736737,0.672163287,2.462224445,0.79451797
"a beautiful brutalist concrete forest temple, elevation view, abstract style",sd1.5_normal_203.jpg,203,1.777662735,0.854961235,1.903300589,0.553548415
"a beautiful brutalist concrete forest temple, elevation view, abstract style",xl2.2_normal_203.jpg,203,2.851759102,0.728298418,2.071203024,1.209477601
"2 friends partying and are facing the camera, close-up, baroque style",AttnGAN_normal_204.jpg,204,0.821435934,0.505238593,0.853679026,0.635369975
"2 friends partying and are facing the camera, close-up, baroque style",DALLE2_normal_204.jpg,204,3.576593619,0.202464683,3.453076131,0.402815553
"2 friends partying and are facing the camera, close-up, baroque style",glide_normal_204.jpg,204,0.905232817,0.569650679,1.149047512,0.81988827
"2 friends partying and are facing the camera, close-up, baroque style",midjourney_lowstep_204.jpg,204,3.472753415,0.604825837,3.742267655,0.45854671
"2 friends partying and are facing the camera, close-up, baroque style",midjourney_normal_204.jpg,204,4.216241627,0.53353764,3.970663927,0.384217409
"2 friends partying and are facing the camera, close-up, baroque style",sd1.5_highcorr_204.jpg,204,2.326531297,0.474274087,1.955961444,0.774006663
"2 friends partying and are facing the camera, close-up, baroque style",sd1.5_lowcorr_204.jpg,204,2.966953132,0.664385766,1.788774497,0.997533036
"2 friends partying and are facing the camera, close-up, baroque style",sd1.5_lowstep_204.jpg,204,2.81361908,0.590237335,3.147905927,0.594940439
"2 friends partying and are facing the camera, close-up, baroque style",sd1.5_normal_204.jpg,204,3.195617381,0.810007592,2.727992245,0.807701474
"2 friends partying and are facing the camera, close-up, baroque style",xl2.2_normal_204.jpg,204,4.39158505,0.282168863,3.739587462,0.554024286
"the fate of all fools and divine intervention, long-shot, anime style",AttnGAN_normal_205.jpg,205,1.575270793,0.80446056,0.850496237,0.722034431
"the fate of all fools and divine intervention, long-shot, anime style",DALLE2_normal_205.jpg,205,1.8940894,0.44907768,2.271926577,0.642891462
"the fate of all fools and divine intervention, long-shot, anime style",glide_normal_205.jpg,205,0.363910379,0.930407448,0.204988001,0.642314812
"the fate of all fools and divine intervention, long-shot, anime style",midjourney_lowstep_205.jpg,205,2.368763526,0.740719817,2.486006301,1.149169426
"the fate of all fools and divine intervention, long-shot, anime style",midjourney_normal_205.jpg,205,3.903999466,0.641440458,2.782294356,1.36554695
"the fate of all fools and divine intervention, long-shot, anime style",sd1.5_highcorr_205.jpg,205,3.120947975,0.708041277,2.71557697,0.534685203
"the fate of all fools and divine intervention, long-shot, anime style",sd1.5_lowcorr_205.jpg,205,1.773369934,0.35055264,1.939494873,0.892788106
"the fate of all fools and divine intervention, long-shot, anime style",sd1.5_lowstep_205.jpg,205,2.912636241,0.858192588,2.37877521,1.256771754
"the fate of all fools and divine intervention, long-shot, anime style",sd1.5_normal_205.jpg,205,2.460930201,0.714262685,2.37295214,0.796657676
"the fate of all fools and divine intervention, long-shot, anime style",xl2.2_normal_205.jpg,205,3.583898292,0.680213686,2.765238071,0.645659676
"robots creating new robots in a dirty factory, blurred detail, sci-fi style",AttnGAN_normal_206.jpg,206,0.835064117,0.510766205,1.251244608,1.016827963
"robots creating new robots in a dirty factory, blurred detail, sci-fi style",DALLE2_normal_206.jpg,206,2.279437086,0.71803431,2.612101025,0.390970008
"robots creating new robots in a dirty factory, blurred detail, sci-fi style",glide_normal_206.jpg,206,2.110310349,0.537681038,2.337752646,0.866421325
"robots creating new robots in a dirty factory, blurred detail, sci-fi style",midjourney_lowstep_206.jpg,206,0.892112049,0.411356696,1.958408052,0.902429791
"robots creating new robots in a dirty factory, blurred detail, sci-fi style",midjourney_normal_206.jpg,206,3.773032655,0.646315929,3.506852145,0.574936621
"robots creating new robots in a dirty factory, blurred detail, sci-fi style",sd1.5_highcorr_206.jpg,206,3.424268421,0.554961227,2.772204703,0.699949391
"robots creating new robots in a dirty factory, blurred detail, sci-fi style",sd1.5_lowcorr_206.jpg,206,3.093256891,0.544250754,2.936364145,0.949780321
"robots creating new robots in a dirty factory, blurred detail, sci-fi style",sd1.5_lowstep_206.jpg,206,3.897509797,0.399920436,3.547400398,0.205362502
"robots creating new robots in a dirty factory, blurred detail, sci-fi style",sd1.5_normal_206.jpg,206,3.116324583,0.570014174,2.467831921,0.37984452
"robots creating new robots in a dirty factory, blurred detail, sci-fi style",xl2.2_normal_206.jpg,206,3.630412823,0.338038788,2.531454291,0.761353388
"painting of a man farmer at work in the field, hyper detail, realistic style",AttnGAN_normal_207.jpg,207,1.195774268,0.506574777,1.075675159,0.681951823
"painting of a man farmer at work in the field, hyper detail, realistic style",DALLE2_normal_207.jpg,207,2.899057018,0.754775389,3.536512459,0.460436218
"painting of a man farmer at work in the field, hyper detail, realistic style",glide_normal_207.jpg,207,0.641923698,0.461137921,0.927777366,0.611147875
"painting of a man farmer at work in the field, hyper detail, realistic style",midjourney_lowstep_207.jpg,207,2.595585415,0.654013386,2.987495218,0.600217122
"painting of a man farmer at work in the field, hyper detail, realistic style",midjourney_normal_207.jpg,207,4.436862351,0.382287812,3.811215295,0.771453814
"painting of a man farmer at work in the field, hyper detail, realistic style",sd1.5_highcorr_207.jpg,207,3.395484412,0.576487468,3.679897602,0.444152618
"painting of a man farmer at work in the field, hyper detail, realistic style",sd1.5_lowcorr_207.jpg,207,2.524012104,0.5449999,2.900809578,0.398583656
"painting of a man farmer at work in the field, hyper detail, realistic style",sd1.5_lowstep_207.jpg,207,3.773548415,0.57898848,3.522621893,0.644443149
"painting of a man farmer at work in the field, hyper detail, realistic style",sd1.5_normal_207.jpg,207,2.505259558,0.572524654,2.846322945,0.270583557
"painting of a man farmer at work in the field, hyper detail, realistic style",xl2.2_normal_207.jpg,207,2.897963605,0.562955703,2.988304467,1.102488072
"french fastfood adventure pixar movie poster , soft lighting, abstract style",AttnGAN_normal_208.jpg,208,1.264773637,0.647718197,1.277151036,0.895612517
"french fastfood adventure pixar movie poster , soft lighting, abstract style",DALLE2_normal_208.jpg,208,3.034849246,0.781899665,2.935379657,0.883199218
"french fastfood adventure pixar movie poster , soft lighting, abstract style",glide_normal_208.jpg,208,1.234399646,0.472239813,2.043755364,0.706285793
"french fastfood adventure pixar movie poster , soft lighting, abstract style",midjourney_lowstep_208.jpg,208,1.661520003,0.611957445,2.118609113,1.109787234
"french fastfood adventure pixar movie poster , soft lighting, abstract style",midjourney_normal_208.jpg,208,3.727517958,0.18079734,3.285944521,0.79068756
"french fastfood adventure pixar movie poster , soft lighting, abstract style",sd1.5_highcorr_208.jpg,208,2.785504238,0.509738437,2.94270405,0.453333483
"french fastfood adventure pixar movie poster , soft lighting, abstract style",sd1.5_lowcorr_208.jpg,208,3.214005785,0.789447695,2.948215667,0.55667117
"french fastfood adventure pixar movie poster , soft lighting, abstract style",sd1.5_lowstep_208.jpg,208,2.674859949,0.648672431,3.128885477,0.655573301
"french fastfood adventure pixar movie poster , soft lighting, abstract style",sd1.5_normal_208.jpg,208,0.634718842,0.3573536,1.221288303,0.774306813
"french fastfood adventure pixar movie poster , soft lighting, abstract style",xl2.2_normal_208.jpg,208,3.49654282,0.61103753,3.480852014,0.731154583
"an uprising of disneyland costumed characters, HDR lighting, baroque style",AttnGAN_normal_209.jpg,209,0.995787421,0.597178698,0.552148905,0.672881932
"an uprising of disneyland costumed characters, HDR lighting, baroque style",DALLE2_normal_209.jpg,209,2.703383915,0.50984949,2.750918808,1.007458728
"an uprising of disneyland costumed characters, HDR lighting, baroque style",glide_normal_209.jpg,209,1.000336846,0.414611381,0.902946816,0.851392938
"an uprising of disneyland costumed characters, HDR lighting, baroque style",midjourney_lowstep_209.jpg,209,1.134565764,0.691897746,1.373169339,0.571503527
"an uprising of disneyland costumed characters, HDR lighting, baroque style",midjourney_normal_209.jpg,209,3.559002625,0.6424478,2.865255012,0.653323158
"an uprising of disneyland costumed characters, HDR lighting, baroque style",sd1.5_highcorr_209.jpg,209,2.082442662,0.45744994,2.903929414,0.780254682
"an uprising of disneyland costumed characters, HDR lighting, baroque style",sd1.5_lowcorr_209.jpg,209,3.017147546,0.386923151,2.592416657,0.978644041
"an uprising of disneyland costumed characters, HDR lighting, baroque style",sd1.5_lowstep_209.jpg,209,2.689121932,0.43869553,2.945998379,0.319807616
"an uprising of disneyland costumed characters, HDR lighting, baroque style",sd1.5_normal_209.jpg,209,2.508658847,0.488155097,2.802483896,0.464393529
"an uprising of disneyland costumed characters, HDR lighting, baroque style",xl2.2_normal_209.jpg,209,3.740283654,0.591549085,2.838030773,0.668347661
"an astronaut meeting an alien lizard humanoid, warm color, anime style",AttnGAN_normal_210.jpg,210,0.995940844,0.80868626,0.534118347,0.481055849
"an astronaut meeting an alien lizard humanoid, warm color, anime style",DALLE2_normal_210.jpg,210,2.568394371,0.5018834,3.808121173,0.433854924
"an astronaut meeting an alien lizard humanoid, warm color, anime style",glide_normal_210.jpg,210,1.030204609,0.225210892,1.474049467,0.583022954
"an astronaut meeting an alien lizard humanoid, warm color, anime style",midjourney_lowstep_210.jpg,210,2.545997226,0.60825879,3.581040815,0.75622726
"an astronaut meeting an alien lizard humanoid, warm color, anime style",midjourney_normal_210.jpg,210,3.241312234,0.625474257,3.167161119,0.98086409
"an astronaut meeting an alien lizard humanoid, warm color, anime style",sd1.5_highcorr_210.jpg,210,2.641051786,0.628255434,3.31387068,0.447921089
"an astronaut meeting an alien lizard humanoid, warm color, anime style",sd1.5_lowcorr_210.jpg,210,2.546528083,0.57618922,2.965504258,0.435477286
"an astronaut meeting an alien lizard humanoid, warm color, anime style",sd1.5_lowstep_210.jpg,210,2.315150439,0.740447019,2.946511745,0.679642789
"an astronaut meeting an alien lizard humanoid, warm color, anime style",sd1.5_normal_210.jpg,210,2.687102292,0.363706494,2.828703007,0.579483185
"an astronaut meeting an alien lizard humanoid, warm color, anime style",xl2.2_normal_210.jpg,210,2.476222723,0.426678069,3.430465396,0.573933188
"a biomechanical hibiscus flower made of metal, elevation view, abstract style",AttnGAN_normal_213.jpg,213,0.995940844,0.617118913,0.534118347,0.693631902
"a biomechanical hibiscus flower made of metal, elevation view, abstract style",DALLE2_normal_213.jpg,213,2.523592728,0.627689441,2.51693257,0.797718944
"a biomechanical hibiscus flower made of metal, elevation view, abstract style",glide_normal_213.jpg,213,0.905232817,0.589974552,1.244551289,0.299826924
"a biomechanical hibiscus flower made of metal, elevation view, abstract style",midjourney_lowstep_213.jpg,213,2.475192184,0.805527476,3.202040316,0.38160961
"a biomechanical hibiscus flower made of metal, elevation view, abstract style",midjourney_normal_213.jpg,213,3.88997508,0.94687979,3.417300183,0.750622826
"a biomechanical hibiscus flower made of metal, elevation view, abstract style",sd1.5_highcorr_213.jpg,213,2.702799302,0.539177263,2.405195095,0.891164772
"a biomechanical hibiscus flower made of metal, elevation view, abstract style",sd1.5_lowcorr_213.jpg,213,2.940135868,0.632578221,2.976904363,0.631673282
"a biomechanical hibiscus flower made of metal, elevation view, abstract style",sd1.5_lowstep_213.jpg,213,3.288125226,0.963405506,3.080115584,0.73786776
"a biomechanical hibiscus flower made of metal, elevation view, abstract style",sd1.5_normal_213.jpg,213,3.062007692,0.688503851,3.080096813,0.958341747
"a biomechanical hibiscus flower made of metal, elevation view, abstract style",xl2.2_normal_213.jpg,213,3.501131449,0.511026851,3.035247107,0.945919807
"render of rivendell dreamy beautiful landscape, close-up, baroque style",AttnGAN_normal_214.jpg,214,1.403283136,0.38536901,1.459434787,0.736882551
"render of rivendell dreamy beautiful landscape, close-up, baroque style",DALLE2_normal_214.jpg,214,3.088457462,0.43190077,3.17765537,1.018208869
"render of rivendell dreamy beautiful landscape, close-up, baroque style",glide_normal_214.jpg,214,0.949159982,0.257724702,1.226859661,0.507222511
"render of rivendell dreamy beautiful landscape, close-up, baroque style",midjourney_lowstep_214.jpg,214,2.304048386,0.440649355,2.799688701,0.57602728
"render of rivendell dreamy beautiful landscape, close-up, baroque style",midjourney_normal_214.jpg,214,4.464997282,0.378728301,3.646722598,0.460966484
"render of rivendell dreamy beautiful landscape, close-up, baroque style",sd1.5_highcorr_214.jpg,214,3.92415533,0.4778574,3.752111454,0.67977502
"render of rivendell dreamy beautiful landscape, close-up, baroque style",sd1.5_lowcorr_214.jpg,214,3.544604966,0.669009839,3.398708221,0.494557187
"render of rivendell dreamy beautiful landscape, close-up, baroque style",sd1.5_lowstep_214.jpg,214,4.04445907,0.644511469,3.417262215,0.442665249
"render of rivendell dreamy beautiful landscape, close-up, baroque style",sd1.5_normal_214.jpg,214,3.897509797,0.56040357,3.696383698,0.44095303
"render of rivendell dreamy beautiful landscape, close-up, baroque style",xl2.2_normal_214.jpg,214,3.279275256,0.817314855,2.924247568,1.081603661
"portrait with no signature of aggressive alien, long-shot, anime style",AttnGAN_normal_215.jpg,215,0.763754201,0.395295865,0.666005895,0.20003891
"portrait with no signature of aggressive alien, long-shot, anime style",DALLE2_normal_215.jpg,215,2.344386154,0.555478037,2.54176312,0.590565632
"portrait with no signature of aggressive alien, long-shot, anime style",glide_normal_215.jpg,215,0.739216044,0.601759285,0.456645128,0.716024252
"portrait with no signature of aggressive alien, long-shot, anime style",midjourney_lowstep_215.jpg,215,2.994111578,1.104067939,2.824058767,0.742920647
"portrait with no signature of aggressive alien, long-shot, anime style",midjourney_normal_215.jpg,215,3.83602339,0.790880417,2.924247568,1.130817201
"portrait with no signature of aggressive alien, long-shot, anime style",sd1.5_highcorr_215.jpg,215,2.260001775,0.65774009,2.311422218,0.686694159
"portrait with no signature of aggressive alien, long-shot, anime style",sd1.5_lowcorr_215.jpg,215,1.927354161,0.513676865,2.192935294,1.161759642
"portrait with no signature of aggressive alien, long-shot, anime style",sd1.5_lowstep_215.jpg,215,2.455012736,1.20423997,2.154163679,0.528924333
"portrait with no signature of aggressive alien, long-shot, anime style",sd1.5_normal_215.jpg,215,1.827559877,0.413917374,2.851195987,0.550982921
"portrait with no signature of aggressive alien, long-shot, anime style",xl2.2_normal_215.jpg,215,3.605176603,0.510359915,2.512360277,0.988105287
"elegant oval mirror and toucan with reflection, blurred detail, sci-fi style",AttnGAN_normal_216.jpg,216,0.803407893,0.580332752,0.799484444,0.581937452
"elegant oval mirror and toucan with reflection, blurred detail, sci-fi style",DALLE2_normal_216.jpg,216,2.689121932,0.832955743,2.958190852,0.995209251
"elegant oval mirror and toucan with reflection, blurred detail, sci-fi style",glide_normal_216.jpg,216,1.010879855,0.56361608,1.98470556,0.642784094
"elegant oval mirror and toucan with reflection, blurred detail, sci-fi style",midjourney_lowstep_216.jpg,216,3.306433702,0.602727791,3.057832635,1.542044537
"elegant oval mirror and toucan with reflection, blurred detail, sci-fi style",midjourney_normal_216.jpg,216,3.733237104,0.372709584,3.199772697,0.675897399
"elegant oval mirror and toucan with reflection, blurred detail, sci-fi style",sd1.5_highcorr_216.jpg,216,2.971609163,0.46878658,2.64108532,0.584498351
"elegant oval mirror and toucan with reflection, blurred detail, sci-fi style",sd1.5_lowcorr_216.jpg,216,2.323921604,0.519571567,2.37865864,1.174273908
"elegant oval mirror and toucan with reflection, blurred detail, sci-fi style",sd1.5_lowstep_216.jpg,216,2.351513684,0.496474793,1.265299514,0.965040114
"elegant oval mirror and toucan with reflection, blurred detail, sci-fi style",sd1.5_normal_216.jpg,216,2.326531297,0.747629583,2.666882993,1.014872975
"elegant oval mirror and toucan with reflection, blurred detail, sci-fi style",xl2.2_normal_216.jpg,216,3.586777229,0.472592026,2.817302903,0.993494579
"a portrait photo of a beautiful female android, hyper detail, realistic style",AttnGAN_normal_217.jpg,217,1.191989061,0.54613083,0.552148905,0.63796808
"a portrait photo of a beautiful female android, hyper detail, realistic style",DALLE2_normal_217.jpg,217,3.537280489,0.803367323,3.358399036,0.618031961
"a portrait photo of a beautiful female android, hyper detail, realistic style",glide_normal_217.jpg,217,2.293266536,0.471957485,0.692100914,0.839354916
"a portrait photo of a beautiful female android, hyper detail, realistic style",midjourney_lowstep_217.jpg,217,2.851759102,1.022124178,3.268206767,0.42607834
"a portrait photo of a beautiful female android, hyper detail, realistic style",midjourney_normal_217.jpg,217,3.605176603,0.485338351,2.133869253,0.835634349
"a portrait photo of a beautiful female android, hyper detail, realistic style",sd1.5_highcorr_217.jpg,217,2.39306082,0.571121739,2.75903949,0.720240584
"a portrait photo of a beautiful female android, hyper detail, realistic style",sd1.5_lowcorr_217.jpg,217,2.559384627,0.744919197,2.666882993,0.913319979
"a portrait photo of a beautiful female android, hyper detail, realistic style",sd1.5_lowstep_217.jpg,217,3.800500414,0.670896597,3.564494822,0.477698654
"a portrait photo of a beautiful female android, hyper detail, realistic style",sd1.5_normal_217.jpg,217,3.682240656,0.54019769,3.763463406,0.736879517
"a portrait photo of a beautiful female android, hyper detail, realistic style",xl2.2_normal_217.jpg,217,3.658936789,0.193393978,3.506852145,0.418503563
"a brand logo of henry cavill as a catholic nun, HDR lighting, baroque style",AttnGAN_normal_219.jpg,219,0.829617037,0.725011979,0.863248694,0.592266671
"a brand logo of henry cavill as a catholic nun, HDR lighting, baroque style",DALLE2_normal_219.jpg,219,2.299764158,0.594139599,2.983770234,0.527249999
"a brand logo of henry cavill as a catholic nun, HDR lighting, baroque style",glide_normal_219.jpg,219,1.22513052,0.808635242,1.791293517,0.906282788
"a brand logo of henry cavill as a catholic nun, HDR lighting, baroque style",midjourney_lowstep_219.jpg,219,3.25960126,0.322680446,2.458299452,1.207643851
"a brand logo of henry cavill as a catholic nun, HDR lighting, baroque style",midjourney_normal_219.jpg,219,4.029366636,0.573193365,2.880053469,1.041531448
"a brand logo of henry cavill as a catholic nun, HDR lighting, baroque style",sd1.5_highcorr_219.jpg,219,2.602757767,0.585039516,2.600700921,0.847527909
"a brand logo of henry cavill as a catholic nun, HDR lighting, baroque style",sd1.5_lowcorr_219.jpg,219,3.507253099,0.653955332,2.817848923,1.031504702
"a brand logo of henry cavill as a catholic nun, HDR lighting, baroque style",sd1.5_lowstep_219.jpg,219,2.912021026,0.540575667,2.726102068,1.112336752
"a brand logo of henry cavill as a catholic nun, HDR lighting, baroque style",sd1.5_normal_219.jpg,219,3.440761714,0.40002291,2.856177525,0.966937869
"a brand logo of henry cavill as a catholic nun, HDR lighting, baroque style",xl2.2_normal_219.jpg,219,3.91009791,0.60417066,3.10230551,0.930004701
"sparkling heart blue mana tree inside a marble, warm color, top view",AttnGAN_normal_220.jpg,220,0.920636016,0.605438816,0.775738154,0.739626014
"sparkling heart blue mana tree inside a marble, warm color, top view",DALLE2_normal_220.jpg,220,2.505259558,0.771371847,2.946511745,0.956436274
"sparkling heart blue mana tree inside a marble, warm color, top view",glide_normal_220.jpg,220,1.106599613,0.760343383,1.710849874,1.233679756
"sparkling heart blue mana tree inside a marble, warm color, top view",midjourney_lowstep_220.jpg,220,2.478101113,0.678113494,3.024436368,0.926457107
"sparkling heart blue mana tree inside a marble, warm color, top view",midjourney_normal_220.jpg,220,3.800500414,0.531849952,3.102285456,0.92265506
"sparkling heart blue mana tree inside a marble, warm color, top view",sd1.5_highcorr_220.jpg,220,2.503716151,0.566916287,2.10471773,0.856300491
"sparkling heart blue mana tree inside a marble, warm color, top view",sd1.5_lowcorr_220.jpg,220,2.565400547,0.453084415,3.1665648,0.447491114
"sparkling heart blue mana tree inside a marble, warm color, top view",sd1.5_lowstep_220.jpg,220,2.90305168,0.699357871,3.214232789,0.721112522
"sparkling heart blue mana tree inside a marble, warm color, top view",sd1.5_normal_220.jpg,220,2.363781612,1.086270767,2.395499044,0.771380807
"sparkling heart blue mana tree inside a marble, warm color, top view",xl2.2_normal_220.jpg,220,3.052595235,0.945729956,2.999704571,0.442978559
"goose being zipped - up by man in orange shirt, warm color, elevation view",AttnGAN_normal_221.jpg,221,1.195774268,0.774368242,0.589762748,0.678976019
"goose being zipped - up by man in orange shirt, warm color, elevation view",DALLE2_normal_221.jpg,221,3.075586915,0.760846743,2.512360277,0.968202572
"goose being zipped - up by man in orange shirt, warm color, elevation view",glide_normal_221.jpg,221,0.686725341,0.23395544,0.753963515,0.236059203
"goose being zipped - up by man in orange shirt, warm color, elevation view",midjourney_lowstep_221.jpg,221,2.276634155,0.861944562,2.443074357,0.600978799
"goose being zipped - up by man in orange shirt, warm color, elevation view",midjourney_normal_221.jpg,221,3.319686232,0.338248218,3.10230551,0.649101566
"goose being zipped - up by man in orange shirt, warm color, elevation view",sd1.5_highcorr_221.jpg,221,2.343163678,0.499687656,1.692657167,1.001261566
"goose being zipped - up by man in orange shirt, warm color, elevation view",sd1.5_lowcorr_221.jpg,221,2.237264824,0.946940694,1.449290389,0.646932401
"goose being zipped - up by man in orange shirt, warm color, elevation view",sd1.5_lowstep_221.jpg,221,3.374329815,0.495455533,2.111605076,1.294266083
"goose being zipped - up by man in orange shirt, warm color, elevation view",sd1.5_normal_221.jpg,221,3.110506733,0.677794838,1.454923869,0.573590814
"goose being zipped - up by man in orange shirt, warm color, elevation view",xl2.2_normal_221.jpg,221,2.580492981,0.435749336,2.37865864,0.663218048
"interior of cosmic highway created by the gods, cold color, top view",AttnGAN_normal_222.jpg,222,0.970807385,1.059752382,0.653301426,0.533368493
"interior of cosmic highway created by the gods, cold color, top view",DALLE2_normal_222.jpg,222,1.120303781,0.571813668,1.726751061,1.125012818
"interior of cosmic highway created by the gods, cold color, top view",glide_normal_222.jpg,222,1.461647503,0.595324829,1.389857248,1.102855681
"interior of cosmic highway created by the gods, cold color, top view",midjourney_lowstep_222.jpg,222,1.3429134,0.502555949,3.094936968,0.636551644
"interior of cosmic highway created by the gods, cold color, top view",midjourney_normal_222.jpg,222,3.024480393,0.920084687,3.410108325,0.421397505
"interior of cosmic highway created by the gods, cold color, top view",sd1.5_highcorr_222.jpg,222,3.108253189,0.823332793,3.114500264,0.489105108
"interior of cosmic highway created by the gods, cold color, top view",sd1.5_lowcorr_222.jpg,222,1.991888058,1.144725849,3.094936968,0.940674948
"interior of cosmic highway created by the gods, cold color, top view",sd1.5_lowstep_222.jpg,222,2.875399859,1.0679301,2.943352484,1.246660021
"interior of cosmic highway created by the gods, cold color, top view",sd1.5_normal_222.jpg,222,3.136939761,0.828865183,3.239106761,0.799061433
"interior of cosmic highway created by the gods, cold color, top view",xl2.2_normal_222.jpg,222,2.403882268,0.436626732,2.689956442,0.498495305
"small group of nomads staying at ancient ruins, cold color, elevation view",AttnGAN_normal_223.jpg,223,0.779719895,0.815564871,1.389857248,1.377402426
"small group of nomads staying at ancient ruins, cold color, elevation view",DALLE2_normal_223.jpg,223,2.40326321,0.875915711,2.900809578,0.951452433
"small group of nomads staying at ancient ruins, cold color, elevation view",glide_normal_223.jpg,223,1.853456865,0.523761349,2.011416275,0.742171718
"small group of nomads staying at ancient ruins, cold color, elevation view",midjourney_lowstep_223.jpg,223,1.49383774,0.364534678,2.235402975,0.898426306
"small group of nomads staying at ancient ruins, cold color, elevation view",midjourney_normal_223.jpg,223,3.25960126,0.457573012,3.031345691,0.665080209
"small group of nomads staying at ancient ruins, cold color, elevation view",sd1.5_highcorr_223.jpg,223,3.442225929,0.842234152,2.701605789,1.023385486
"small group of nomads staying at ancient ruins, cold color, elevation view",sd1.5_lowcorr_223.jpg,223,2.625770283,0.46352709,2.557728222,0.925736259
"small group of nomads staying at ancient ruins, cold color, elevation view",sd1.5_lowstep_223.jpg,223,3.033265998,0.472668359,2.390596612,0.833934141
"small group of nomads staying at ancient ruins, cold color, elevation view",sd1.5_normal_223.jpg,223,3.075586915,1.003221948,2.957643834,0.761789044
"small group of nomads staying at ancient ruins, cold color, elevation view",xl2.2_normal_223.jpg,223,3.273863243,0.412937897,3.080115584,0.331007859
"lovers being pulled apart across space and time, warm color, close-up",AttnGAN_normal_224.jpg,224,0.633569007,0.324871463,0.778970376,0.585130533
"lovers being pulled apart across space and time, warm color, close-up",DALLE2_normal_224.jpg,224,2.837204233,0.933402234,2.54176312,1.359857998
"lovers being pulled apart across space and time, warm color, close-up",glide_normal_224.jpg,224,0.712778692,0.706895287,0.791238626,0.603517472
"lovers being pulled apart across space and time, warm color, close-up",midjourney_lowstep_224.jpg,224,1.744397974,0.349500081,2.75903949,0.63985891
"lovers being pulled apart across space and time, warm color, close-up",midjourney_normal_224.jpg,224,3.869499782,0.717158572,3.1259885,1.00234475
"lovers being pulled apart across space and time, warm color, close-up",sd1.5_highcorr_224.jpg,224,2.38429134,0.587029487,2.354782696,1.179384133
"lovers being pulled apart across space and time, warm color, close-up",sd1.5_lowcorr_224.jpg,224,1.719307075,0.488953701,1.482901598,0.807591638
"lovers being pulled apart across space and time, warm color, close-up",sd1.5_lowstep_224.jpg,224,2.006516843,0.425419753,2.379342601,1.055086869
"lovers being pulled apart across space and time, warm color, close-up",sd1.5_normal_224.jpg,224,2.996365552,0.466039685,1.472090597,0.594005905
"lovers being pulled apart across space and time, warm color, close-up",xl2.2_normal_224.jpg,224,3.502432704,0.403447373,2.965504258,1.10720733
"atomic cloud fire explosion inside a snow globe, warm color, long-shot",AttnGAN_normal_225.jpg,225,0.339513003,0.356147267,0.924885591,0.342505206
"atomic cloud fire explosion inside a snow globe, warm color, long-shot",DALLE2_normal_225.jpg,225,2.792237956,1.120403352,2.890691628,0.984304286
"atomic cloud fire explosion inside a snow globe, warm color, long-shot",glide_normal_225.jpg,225,0.613396089,0.82852379,0.626274844,0.586185532
"atomic cloud fire explosion inside a snow globe, warm color, long-shot",midjourney_lowstep_225.jpg,225,2.090118638,0.692281341,2.970383326,0.632733774
"atomic cloud fire explosion inside a snow globe, warm color, long-shot",midjourney_normal_225.jpg,225,3.494295005,0.331927053,2.703161695,0.515213056
"atomic cloud fire explosion inside a snow globe, warm color, long-shot",sd1.5_highcorr_225.jpg,225,2.73141732,0.670883209,3.190440744,0.764945087
"atomic cloud fire explosion inside a snow globe, warm color, long-shot",sd1.5_lowcorr_225.jpg,225,2.093677968,0.78413359,2.824865559,0.84597429
"atomic cloud fire explosion inside a snow globe, warm color, long-shot",sd1.5_lowstep_225.jpg,225,1.87618889,0.971326646,2.90942096,0.520018363
"atomic cloud fire explosion inside a snow globe, warm color, long-shot",sd1.5_normal_225.jpg,225,3.214375205,0.600927442,2.844239553,0.893032077
"atomic cloud fire explosion inside a snow globe, warm color, long-shot",xl2.2_normal_225.jpg,225,3.207226865,0.953184179,3.467108847,0.667823746
"an anatomically correct cybertronic human heart, cold color, close-up",AttnGAN_normal_226.jpg,226,1.403283136,0.496572645,1.471372759,0.372447159
"an anatomically correct cybertronic human heart, cold color, close-up",DALLE2_normal_226.jpg,226,2.825502717,1.241114029,3.153995905,0.804560704
"an anatomically correct cybertronic human heart, cold color, close-up",glide_normal_226.jpg,226,0.630028469,0.765528319,0.191822787,0.542540432
"an anatomically correct cybertronic human heart, cold color, close-up",midjourney_lowstep_226.jpg,226,1.674946946,0.555254957,3.154626828,0.916977343
"an anatomically correct cybertronic human heart, cold color, close-up",midjourney_normal_226.jpg,226,3.657064334,0.873636939,3.717911141,0.71145443
"an anatomically correct cybertronic human heart, cold color, close-up",sd1.5_highcorr_226.jpg,226,2.209149982,0.400628066,2.555100504,0.843077412
"an anatomically correct cybertronic human heart, cold color, close-up",sd1.5_lowcorr_226.jpg,226,3.373697126,0.642405757,2.60460913,0.881042691
"an anatomically correct cybertronic human heart, cold color, close-up",sd1.5_lowstep_226.jpg,226,3.024480393,0.847027553,3.353107804,0.823028412
"an anatomically correct cybertronic human heart, cold color, close-up",sd1.5_normal_226.jpg,226,2.722527122,0.622391265,3.169153524,0.546701746
"an anatomically correct cybertronic human heart, cold color, close-up",xl2.2_normal_226.jpg,226,3.131243411,0.747524524,3.165462896,0.884687865
"a sketch drawing of a hamster in a fruit basket, cold color, long-shot",AttnGAN_normal_227.jpg,227,1.337589887,0.687628083,0.970486009,0.959774082
"a sketch drawing of a hamster in a fruit basket, cold color, long-shot",DALLE2_normal_227.jpg,227,1.851568074,0.24652529,3.299094897,0.491717271
"a sketch drawing of a hamster in a fruit basket, cold color, long-shot",glide_normal_227.jpg,227,1.661236071,0.867837434,2.258761363,0.834957249
"a sketch drawing of a hamster in a fruit basket, cold color, long-shot",midjourney_lowstep_227.jpg,227,2.437762894,0.458237405,2.782294356,0.568245665
"a sketch drawing of a hamster in a fruit basket, cold color, long-shot",midjourney_normal_227.jpg,227,3.365299544,0.360563493,2.641294027,0.794735308
"a sketch drawing of a hamster in a fruit basket, cold color, long-shot",sd1.5_highcorr_227.jpg,227,2.654631009,0.740134455,2.345378943,1.012924831
"a sketch drawing of a hamster in a fruit basket, cold color, long-shot",sd1.5_lowcorr_227.jpg,227,2.939794687,0.702781828,3.068964724,0.422895166
"a sketch drawing of a hamster in a fruit basket, cold color, long-shot",sd1.5_lowstep_227.jpg,227,2.701232452,0.446919051,2.366720668,0.539459209
"a sketch drawing of a hamster in a fruit basket, cold color, long-shot",sd1.5_normal_227.jpg,227,2.269716748,0.444607835,2.66591587,0.563242349
"a sketch drawing of a hamster in a fruit basket, cold color, long-shot",xl2.2_normal_227.jpg,227,3.214375205,0.497681183,3.094936968,0.465359536
"a kitten with two little goat horns on his head, warm color, blurred detail",AttnGAN_normal_228.jpg,228,0.649658335,0.644355135,0.678198368,0.493500032
"a kitten with two little goat horns on his head, warm color, blurred detail",DALLE2_normal_228.jpg,228,3.224958365,0.610457342,2.812926678,0.694939994
"a kitten with two little goat horns on his head, warm color, blurred detail",glide_normal_228.jpg,228,1.248661629,0.609732839,0.629428475,0.677579137
"a kitten with two little goat horns on his head, warm color, blurred detail",midjourney_lowstep_228.jpg,228,2.67293154,0.287318724,2.305872894,1.186621358
"a kitten with two little goat horns on his head, warm color, blurred detail",midjourney_normal_228.jpg,228,3.319686232,0.322498018,3.159306031,1.025665151
"a kitten with two little goat horns on his head, warm color, blurred detail",sd1.5_highcorr_228.jpg,228,2.583328253,0.436221945,2.268627069,0.799837651
"a kitten with two little goat horns on his head, warm color, blurred detail",sd1.5_lowcorr_228.jpg,228,3.291209376,0.87041229,2.653717779,1.14762394
"a kitten with two little goat horns on his head, warm color, blurred detail",sd1.5_lowstep_228.jpg,228,3.059933495,0.543577361,2.87284354,0.526588942
"a kitten with two little goat horns on his head, warm color, blurred detail",sd1.5_normal_228.jpg,228,2.687865421,0.290862527,2.479686745,0.58435777
"a kitten with two little goat horns on his head, warm color, blurred detail",xl2.2_normal_228.jpg,228,3.613766055,0.213495242,2.032736844,0.918836006
"a heavily bloodied horrified pretty young woman, warm color, hyper detail",AttnGAN_normal_229.jpg,229,0.799027902,0.852995712,0.696426448,0.582324168
"a heavily bloodied horrified pretty young woman, warm color, hyper detail",DALLE2_normal_229.jpg,229,2.476222723,0.421855239,1.94279623,0.648363447
"a heavily bloodied horrified pretty young woman, warm color, hyper detail",glide_normal_229.jpg,229,0.552320411,0.272355203,0.69188714,0.539664844
"a heavily bloodied horrified pretty young woman, warm color, hyper detail",sd1.5_highcorr_229.jpg,229,3.365299544,0.657345464,3.429200187,0.607995139
"a heavily bloodied horrified pretty young woman, warm color, hyper detail",sd1.5_lowcorr_229.jpg,229,2.55346049,0.323377588,2.790068621,0.540241398
"a heavily bloodied horrified pretty young woman, warm color, hyper detail",sd1.5_lowstep_229.jpg,229,1.711133213,0.574058843,2.956517697,1.022856725
"a heavily bloodied horrified pretty young woman, warm color, hyper detail",sd1.5_normal_229.jpg,229,3.240419025,0.524383175,3.497739298,0.481906754
"a heavily bloodied horrified pretty young woman, warm color, hyper detail",xl2.2_normal_229.jpg,229,3.833164995,0.442857463,3.476952075,0.663667067
"a fantast beauty detailed elf with mermaid tail, cold color, blurred detail",AttnGAN_normal_230.jpg,230,1.248661629,0.484911092,0.702583315,0.312012508
"a fantast beauty detailed elf with mermaid tail, cold color, blurred detail",DALLE2_normal_230.jpg,230,2.299764158,0.633967055,2.960067189,0.609651256
"a fantast beauty detailed elf with mermaid tail, cold color, blurred detail",glide_normal_230.jpg,230,0.859637576,0.462378312,0.742483923,0.533051738
"a fantast beauty detailed elf with mermaid tail, cold color, blurred detail",midjourney_lowstep_230.jpg,230,3.357738899,0.734696057,2.982848125,1.250901583
"a fantast beauty detailed elf with mermaid tail, cold color, blurred detail",midjourney_normal_230.jpg,230,3.442225929,0.777047496,3.024436368,0.777508813
"a fantast beauty detailed elf with mermaid tail, cold color, blurred detail",sd1.5_highcorr_230.jpg,230,2.776694622,0.461664042,2.748735776,0.872397684
"a fantast beauty detailed elf with mermaid tail, cold color, blurred detail",sd1.5_lowcorr_230.jpg,230,0.634718842,0.18031584,1.836893934,1.267974439
"a fantast beauty detailed elf with mermaid tail, cold color, blurred detail",sd1.5_lowstep_230.jpg,230,0.367627845,0.172318157,0.776684236,0.312032994
"a fantast beauty detailed elf with mermaid tail, cold color, blurred detail",sd1.5_normal_230.jpg,230,2.489938377,0.577935065,2.796487664,0.780823946
"a fantast beauty detailed elf with mermaid tail, cold color, blurred detail",xl2.2_normal_230.jpg,230,3.344956193,0.95969296,3.286679622,0.847821503
"a dramatic photo of a lion made of cotton candy, cold color, hyper detail",AttnGAN_normal_231.jpg,231,0.863588083,0.378085918,0.714775788,0.575998171
"a dramatic photo of a lion made of cotton candy, cold color, hyper detail",DALLE2_normal_231.jpg,231,1.829599618,0.347346055,2.46389967,0.973584352
"a dramatic photo of a lion made of cotton candy, cold color, hyper detail",glide_normal_231.jpg,231,1.358005834,0.351998219,1.566876536,0.616766924
"a dramatic photo of a lion made of cotton candy, cold color, hyper detail",midjourney_lowstep_231.jpg,231,2.478791084,0.705633541,2.51693257,0.755849566
"a dramatic photo of a lion made of cotton candy, cold color, hyper detail",midjourney_normal_231.jpg,231,3.742610392,0.54630171,1.507186675,1.40998647
"a dramatic photo of a lion made of cotton candy, cold color, hyper detail",sd1.5_highcorr_231.jpg,231,3.380391978,0.552474867,2.844239553,0.861828786
"a dramatic photo of a lion made of cotton candy, cold color, hyper detail",sd1.5_lowcorr_231.jpg,231,3.530578941,0.649965296,2.251027408,1.049773444
"a dramatic photo of a lion made of cotton candy, cold color, hyper detail",sd1.5_lowstep_231.jpg,231,3.685179175,0.448159721,2.737502173,0.519092617
"a dramatic photo of a lion made of cotton candy, cold color, hyper detail",sd1.5_normal_231.jpg,231,3.64048937,0.806897706,2.838030773,0.962532858
"a dramatic photo of a lion made of cotton candy, cold color, hyper detail",xl2.2_normal_231.jpg,231,3.673198773,0.400529413,3.043538165,0.567187125
"steampunk owl inside a glass jar buried in sand, warm color, soft lighting",AttnGAN_normal_232.jpg,232,1.144024742,0.718163993,0.897902326,0.773252807
"steampunk owl inside a glass jar buried in sand, warm color, soft lighting",DALLE2_normal_232.jpg,232,2.687102292,0.934906841,3.410108325,0.785431684
"steampunk owl inside a glass jar buried in sand, warm color, soft lighting",glide_normal_232.jpg,232,0.775293051,0.206843695,0.594282567,0.598729336
"steampunk owl inside a glass jar buried in sand, warm color, soft lighting",midjourney_lowstep_232.jpg,232,2.600314118,0.831019588,2.90198339,0.88317074
"steampunk owl inside a glass jar buried in sand, warm color, soft lighting",midjourney_normal_232.jpg,232,3.673754131,0.806486852,3.522621893,0.559008113
"steampunk owl inside a glass jar buried in sand, warm color, soft lighting",sd1.5_highcorr_232.jpg,232,3.530547546,0.314600815,3.02250478,0.606152192
"steampunk owl inside a glass jar buried in sand, warm color, soft lighting",sd1.5_lowcorr_232.jpg,232,3.524062705,0.659239873,3.469961038,0.638353867
"steampunk owl inside a glass jar buried in sand, warm color, soft lighting",sd1.5_lowstep_232.jpg,232,1.971039124,0.788795803,2.653500595,1.272977784
"steampunk owl inside a glass jar buried in sand, warm color, soft lighting",sd1.5_normal_232.jpg,232,3.539096649,0.447624656,3.721214248,0.314314294
"steampunk owl inside a glass jar buried in sand, warm color, soft lighting",xl2.2_normal_232.jpg,232,3.568964411,0.451786903,3.708798973,0.666869221
"a penguin slipping on a banana in the antarctic , warm color, HDR lighting",AttnGAN_normal_233.jpg,233,0.269225899,0.675057729,0.38908069,0.543379109
"a penguin slipping on a banana in the antarctic , warm color, HDR lighting",DALLE2_normal_233.jpg,233,2.196265106,0.776078371,3.031176323,0.74358509
"a penguin slipping on a banana in the antarctic , warm color, HDR lighting",glide_normal_233.jpg,233,1.558020951,0.557757786,1.502329958,0.783614863
"a penguin slipping on a banana in the antarctic , warm color, HDR lighting",midjourney_lowstep_233.jpg,233,3.088457462,0.414700446,2.677763969,0.502767797
"a penguin slipping on a banana in the antarctic , warm color, HDR lighting",midjourney_normal_233.jpg,233,3.509228886,0.586981562,2.529347845,0.675920552
"a penguin slipping on a banana in the antarctic , warm color, HDR lighting",sd1.5_highcorr_233.jpg,233,2.980532355,0.754941242,1.989152097,0.632881825
"a penguin slipping on a banana in the antarctic , warm color, HDR lighting",sd1.5_lowcorr_233.jpg,233,3.700231162,0.807087703,2.256322232,0.766780057
"a penguin slipping on a banana in the antarctic , warm color, HDR lighting",sd1.5_lowstep_233.jpg,233,3.283005153,0.575345294,2.106757591,0.642661497
"a penguin slipping on a banana in the antarctic , warm color, HDR lighting",sd1.5_normal_233.jpg,233,3.320012924,0.803239303,1.788774497,0.689856201
"a penguin slipping on a banana in the antarctic , warm color, HDR lighting",xl2.2_normal_233.jpg,233,2.389187797,0.630522606,2.144474319,0.328039184
"a mechanical human arm sticking out of the earth, cold color, soft lighting",AttnGAN_normal_234.jpg,234,1.075025374,0.622999339,0.755684059,0.706923496
"a mechanical human arm sticking out of the earth, cold color, soft lighting",DALLE2_normal_234.jpg,234,3.197799919,0.614317944,2.456699832,0.568389648
"a mechanical human arm sticking out of the earth, cold color, soft lighting",glide_normal_234.jpg,234,0.0,0.326496617,0.205947714,0.446993742
"a mechanical human arm sticking out of the earth, cold color, soft lighting",midjourney_lowstep_234.jpg,234,2.791787056,0.570871875,2.736797804,0.572117555
"a mechanical human arm sticking out of the earth, cold color, soft lighting",midjourney_normal_234.jpg,234,3.999181768,0.593132127,3.453076131,0.421515219
"a mechanical human arm sticking out of the earth, cold color, soft lighting",sd1.5_highcorr_234.jpg,234,2.526119865,0.669948882,2.456239571,0.852401309
"a mechanical human arm sticking out of the earth, cold color, soft lighting",sd1.5_lowcorr_234.jpg,234,2.81361908,0.561917256,3.079505301,0.79384957
"a mechanical human arm sticking out of the earth, cold color, soft lighting",sd1.5_lowstep_234.jpg,234,3.419625599,0.459340626,2.343118719,0.798032767
"a mechanical human arm sticking out of the earth, cold color, soft lighting",sd1.5_normal_234.jpg,234,3.193169444,0.339580703,2.885703528,0.582262946
"a mechanical human arm sticking out of the earth, cold color, soft lighting",xl2.2_normal_234.jpg,234,3.598832173,0.677323496,3.808121173,0.504004358
"short - haired short butch tomboy blonde engineer, top view, close-up",AttnGAN_normal_236.jpg,236,0.935417685,0.194461074,0.361141351,0.5458685
"short - haired short butch tomboy blonde engineer, top view, close-up",DALLE2_normal_236.jpg,236,3.715984722,0.771924597,3.897011287,0.473197245
"short - haired short butch tomboy blonde engineer, top view, close-up",glide_normal_236.jpg,236,0.226073291,0.607386529,0.337265407,0.57200813
"short - haired short butch tomboy blonde engineer, top view, close-up",midjourney_lowstep_236.jpg,236,3.457533183,0.574617423,2.943352484,0.56833366
"short - haired short butch tomboy blonde engineer, top view, close-up",midjourney_normal_236.jpg,236,4.044010336,0.248717122,3.445889779,0.602957653
"short - haired short butch tomboy blonde engineer, top view, close-up",sd1.5_highcorr_236.jpg,236,3.196755943,0.541819709,2.557115434,1.33612432
"short - haired short butch tomboy blonde engineer, top view, close-up",sd1.5_lowcorr_236.jpg,236,3.25960126,0.700686436,2.994768272,0.379219203
"short - haired short butch tomboy blonde engineer, top view, close-up",sd1.5_lowstep_236.jpg,236,2.65898745,0.30585034,2.634901234,0.506944135
"short - haired short butch tomboy blonde engineer, top view, close-up",sd1.5_normal_236.jpg,236,2.757389397,0.4958985,2.555100504,0.74026083
"short - haired short butch tomboy blonde engineer, top view, close-up",xl2.2_normal_236.jpg,236,3.690386512,0.6799364,3.50945668,0.677632497
"portrait of terrified green ball gown young woman, top view, long-shot",AttnGAN_normal_237.jpg,237,0.678279008,0.929294141,0.566059704,0.676281393
"portrait of terrified green ball gown young woman, top view, long-shot",DALLE2_normal_237.jpg,237,3.316649193,0.792363184,3.348349994,0.959123723
"portrait of terrified green ball gown young woman, top view, long-shot",glide_normal_237.jpg,237,0.8493261,0.383957793,0.519696217,0.460561682
"portrait of terrified green ball gown young woman, top view, long-shot",midjourney_lowstep_237.jpg,237,3.324474137,0.611943012,3.351474113,0.64671228
"portrait of terrified green ball gown young woman, top view, long-shot",midjourney_normal_237.jpg,237,3.60083465,0.295704488,3.296107282,0.642840814
"portrait of terrified green ball gown young woman, top view, long-shot",sd1.5_highcorr_237.jpg,237,2.265379665,0.466205156,2.509500087,0.792044448
"portrait of terrified green ball gown young woman, top view, long-shot",sd1.5_lowcorr_237.jpg,237,2.674859949,0.834530422,2.677763969,1.029200822
"portrait of terrified green ball gown young woman, top view, long-shot",sd1.5_lowstep_237.jpg,237,3.1806835,0.413262504,2.181720144,0.872532542
"portrait of terrified green ball gown young woman, top view, long-shot",sd1.5_normal_237.jpg,237,2.213514948,0.434251294,2.74673979,0.590534876
"portrait of terrified green ball gown young woman, top view, long-shot",xl2.2_normal_237.jpg,237,3.878442297,0.440048059,3.715711518,0.63769118
"many bodies floating in an infinite lake of blood, elevation view, close-up",AttnGAN_normal_238.jpg,238,0.705005947,0.620384453,0.560082254,0.657624258
"many bodies floating in an infinite lake of blood, elevation view, close-up",glide_normal_238.jpg,238,0.016192323,0.37063858,0.503081733,0.589153547
"many bodies floating in an infinite lake of blood, elevation view, close-up",sd1.5_highcorr_238.jpg,238,2.14357511,1.212877871,2.469404785,1.273188063
"many bodies floating in an infinite lake of blood, elevation view, close-up",sd1.5_lowcorr_238.jpg,238,2.000906886,0.699046062,2.380364545,0.651670405
"many bodies floating in an infinite lake of blood, elevation view, close-up",sd1.5_lowstep_238.jpg,238,2.206516657,0.740141251,2.16726552,0.946262106
"many bodies floating in an infinite lake of blood, elevation view, close-up",sd1.5_normal_238.jpg,238,2.329452272,0.761812897,2.889390821,0.717610583
"many bodies floating in an infinite lake of blood, elevation view, close-up",xl2.2_normal_238.jpg,238,1.636189301,0.980326825,1.799906586,1.194143036
"a small grassland nestled in the hollow of a tree, elevation view, long-shot",AttnGAN_normal_239.jpg,239,0.937026638,0.999554152,0.874199281,1.011317107
"a small grassland nestled in the hollow of a tree, elevation view, long-shot",DALLE2_normal_239.jpg,239,3.43455948,0.293180299,2.045152119,0.855262535
"a small grassland nestled in the hollow of a tree, elevation view, long-shot",glide_normal_239.jpg,239,0.803407893,0.526424321,1.289688929,0.604217387
"a small grassland nestled in the hollow of a tree, elevation view, long-shot",midjourney_lowstep_239.jpg,239,0.940601322,0.818507325,1.945829918,0.860447974
"a small grassland nestled in the hollow of a tree, elevation view, long-shot",midjourney_normal_239.jpg,239,3.062007692,0.633605077,2.824058767,0.822173125
"a small grassland nestled in the hollow of a tree, elevation view, long-shot",sd1.5_highcorr_239.jpg,239,3.289837374,0.349230889,2.77261172,0.570643448
"a small grassland nestled in the hollow of a tree, elevation view, long-shot",sd1.5_lowcorr_239.jpg,239,3.541752783,0.685512847,2.900809578,0.702078567
"a small grassland nestled in the hollow of a tree, elevation view, long-shot",sd1.5_lowstep_239.jpg,239,3.741408859,0.581516138,2.646301338,0.617095091
"a small grassland nestled in the hollow of a tree, elevation view, long-shot",sd1.5_normal_239.jpg,239,3.162256259,0.388122141,3.054879367,0.521720427
"a small grassland nestled in the hollow of a tree, elevation view, long-shot",xl2.2_normal_239.jpg,239,3.188291344,0.529775335,1.897445686,1.043061735
"photoreal portrait of a futuristic intricate robot, top view, blurred detail",AttnGAN_normal_240.jpg,240,0.902526954,0.670569951,0.720129493,0.542598662
"photoreal portrait of a futuristic intricate robot, top view, blurred detail",DALLE2_normal_240.jpg,240,2.000906886,0.567966182,2.504517295,0.851831343
"photoreal portrait of a futuristic intricate robot, top view, blurred detail",glide_normal_240.jpg,240,0.920325251,0.215235164,0.993853874,0.728498426
"photoreal portrait of a futuristic intricate robot, top view, blurred detail",midjourney_lowstep_240.jpg,240,2.66201084,0.756001746,3.090433934,0.634440898
"photoreal portrait of a futuristic intricate robot, top view, blurred detail",midjourney_normal_240.jpg,240,3.956504603,0.733022817,3.193491547,0.767706711
"photoreal portrait of a futuristic intricate robot, top view, blurred detail",sd1.5_highcorr_240.jpg,240,2.309898917,1.05934498,2.0086223,1.340225154
"photoreal portrait of a futuristic intricate robot, top view, blurred detail",sd1.5_lowcorr_240.jpg,240,3.442225929,0.974908203,3.024436368,0.769430872
"photoreal portrait of a futuristic intricate robot, top view, blurred detail",sd1.5_lowstep_240.jpg,240,3.727389608,0.45341686,3.00217219,0.848606221
"photoreal portrait of a futuristic intricate robot, top view, blurred detail",sd1.5_normal_240.jpg,240,3.601888857,0.571466574,3.189847843,0.602957653
"photoreal portrait of a futuristic intricate robot, top view, blurred detail",xl2.2_normal_240.jpg,240,3.863181835,0.407423287,3.31387068,0.635503669
"breaking moon as seen from the surface of the moon, top view, hyper detail",AttnGAN_normal_241.jpg,241,1.023275848,0.748274315,0.577911226,0.58592282
"breaking moon as seen from the surface of the moon, top view, hyper detail",DALLE2_normal_241.jpg,241,0.905232817,0.525554647,1.901139755,1.32623788
"breaking moon as seen from the surface of the moon, top view, hyper detail",glide_normal_241.jpg,241,1.312728533,0.694136759,2.104085281,0.639823541
"breaking moon as seen from the surface of the moon, top view, hyper detail",midjourney_lowstep_241.jpg,241,1.116526892,0.398720002,2.307030807,1.107058793
"breaking moon as seen from the surface of the moon, top view, hyper detail",midjourney_normal_241.jpg,241,3.091080213,0.952930378,3.274264347,1.157470532
"breaking moon as seen from the surface of the moon, top view, hyper detail",sd1.5_highcorr_241.jpg,241,3.34717137,0.580715112,3.269342324,0.697386254
"breaking moon as seen from the surface of the moon, top view, hyper detail",sd1.5_lowcorr_241.jpg,241,2.538526609,1.147092215,3.174942147,0.867566243
"breaking moon as seen from the surface of the moon, top view, hyper detail",sd1.5_lowstep_241.jpg,241,0.143533905,0.95191775,0.589762748,0.512151847
"breaking moon as seen from the surface of the moon, top view, hyper detail",sd1.5_normal_241.jpg,241,2.344386154,0.63920822,2.901806096,1.058235375
"breaking moon as seen from the surface of the moon, top view, hyper detail",xl2.2_normal_241.jpg,241,3.124885569,1.038664373,2.69321342,1.019386537
"a living room with a black and white chevron floor, elevation view, blurred detail",AttnGAN_normal_242.jpg,242,0.865931916,0.347716294,0.344259439,0.634741668
"a living room with a black and white chevron floor, elevation view, blurred detail",DALLE2_normal_242.jpg,242,0.820802133,0.380746294,1.470709125,0.889649052
"a living room with a black and white chevron floor, elevation view, blurred detail",glide_normal_242.jpg,242,1.191989061,0.313013087,1.686256257,0.867478935
"a living room with a black and white chevron floor, elevation view, blurred detail",midjourney_lowstep_242.jpg,242,2.668210231,0.699627025,2.601416989,1.059530092
"a living room with a black and white chevron floor, elevation view, blurred detail",midjourney_normal_242.jpg,242,3.80790651,0.749185461,2.41761037,0.624680239
"a living room with a black and white chevron floor, elevation view, blurred detail",sd1.5_highcorr_242.jpg,242,3.150815738,0.258144905,2.839729721,0.408636425
"a living room with a black and white chevron floor, elevation view, blurred detail",sd1.5_lowcorr_242.jpg,242,3.723651273,0.923835854,3.022343767,1.51905941
"a living room with a black and white chevron floor, elevation view, blurred detail",sd1.5_lowstep_242.jpg,242,3.671121754,0.418177472,2.988304467,1.043499654
"a living room with a black and white chevron floor, elevation view, blurred detail",sd1.5_normal_242.jpg,242,3.769523701,0.442638381,2.395499044,1.182543289
"a living room with a black and white chevron floor, elevation view, blurred detail",xl2.2_normal_242.jpg,242,3.811695963,0.302064303,2.86290332,0.821523535
"mushrooms and moss on a tree in a fairytale forest, elevation view, hyper detail",AttnGAN_normal_243.jpg,243,0.980694987,0.139765208,0.826722264,0.578560166
"mushrooms and moss on a tree in a fairytale forest, elevation view, hyper detail",DALLE2_normal_243.jpg,243,2.446668218,1.05414724,2.958190852,0.387413657
"mushrooms and moss on a tree in a fairytale forest, elevation view, hyper detail",glide_normal_243.jpg,243,1.782268897,0.567550172,2.474154779,0.825546548
"mushrooms and moss on a tree in a fairytale forest, elevation view, hyper detail",midjourney_lowstep_243.jpg,243,1.337589887,0.672404755,1.90529456,0.705663083
"mushrooms and moss on a tree in a fairytale forest, elevation view, hyper detail",midjourney_normal_243.jpg,243,3.523701266,0.276396512,3.091228902,0.650744257
"mushrooms and moss on a tree in a fairytale forest, elevation view, hyper detail",sd1.5_highcorr_243.jpg,243,3.045671512,0.476602268,3.299580101,0.746475379
"mushrooms and moss on a tree in a fairytale forest, elevation view, hyper detail",sd1.5_lowcorr_243.jpg,243,3.136939761,0.449872485,3.170706135,0.637981427
"mushrooms and moss on a tree in a fairytale forest, elevation view, hyper detail",sd1.5_lowstep_243.jpg,243,3.001476926,0.447169931,2.827314446,0.832921859
"mushrooms and moss on a tree in a fairytale forest, elevation view, hyper detail",sd1.5_normal_243.jpg,243,3.231255627,0.505835019,3.5526433,0.525396963
"mushrooms and moss on a tree in a fairytale forest, elevation view, hyper detail",xl2.2_normal_243.jpg,243,3.853868226,0.430409638,3.090905405,0.781611806
"man at a royal banquet wearing an asymmetrical gown, top view, soft lighting",AttnGAN_normal_244.jpg,244,0.549851479,0.309200152,0.39726338,0.33883876
"man at a royal banquet wearing an asymmetrical gown, top view, soft lighting",DALLE2_normal_244.jpg,244,2.058266369,0.550775795,2.85340349,0.792650926
"man at a royal banquet wearing an asymmetrical gown, top view, soft lighting",glide_normal_244.jpg,244,1.262923612,0.449254967,0.580658583,0.4461537
"man at a royal banquet wearing an asymmetrical gown, top view, soft lighting",midjourney_lowstep_244.jpg,244,2.871898573,0.248296218,2.857455034,0.63150974
"man at a royal banquet wearing an asymmetrical gown, top view, soft lighting",midjourney_normal_244.jpg,244,3.052595235,0.56700472,2.62350113,0.548552922
"man at a royal banquet wearing an asymmetrical gown, top view, soft lighting",sd1.5_highcorr_244.jpg,244,2.858767479,0.699674691,1.574170242,0.86148662
"man at a royal banquet wearing an asymmetrical gown, top view, soft lighting",sd1.5_lowcorr_244.jpg,244,1.659854513,0.531786822,0.946101985,0.535294774
"man at a royal banquet wearing an asymmetrical gown, top view, soft lighting",sd1.5_lowstep_244.jpg,244,2.545997226,0.501393091,1.788774497,0.795248122
"man at a royal banquet wearing an asymmetrical gown, top view, soft lighting",sd1.5_normal_244.jpg,244,2.359320035,0.540656529,2.094813219,0.903712592
"man at a royal banquet wearing an asymmetrical gown, top view, soft lighting",xl2.2_normal_244.jpg,244,2.996365552,0.907089379,2.931303945,0.453504822
"alphonse eric from full metal alchemist brotherhood, elevation view, soft lighting",AttnGAN_normal_246.jpg,246,0.463704663,0.883901444,0.27081407,0.744504133
"alphonse eric from full metal alchemist brotherhood, elevation view, soft lighting",DALLE2_normal_246.jpg,246,2.082442662,0.603144377,2.366720668,1.305408501
"alphonse eric from full metal alchemist brotherhood, elevation view, soft lighting",glide_normal_246.jpg,246,1.765019055,0.691698457,1.194190381,0.897467153
"alphonse eric from full metal alchemist brotherhood, elevation view, soft lighting",midjourney_lowstep_246.jpg,246,2.875399859,1.268566855,2.601056923,1.507553312
"alphonse eric from full metal alchemist brotherhood, elevation view, soft lighting",midjourney_normal_246.jpg,246,2.966953132,0.723823309,3.135757257,0.430368997
"alphonse eric from full metal alchemist brotherhood, elevation view, soft lighting",sd1.5_highcorr_246.jpg,246,2.83450926,0.845058668,2.059351502,1.253630607
"alphonse eric from full metal alchemist brotherhood, elevation view, soft lighting",sd1.5_lowcorr_246.jpg,246,2.251322245,0.489688951,2.748902277,1.118287092
"alphonse eric from full metal alchemist brotherhood, elevation view, soft lighting",sd1.5_lowstep_246.jpg,246,2.844740127,0.734712284,2.879719212,1.149651991
"alphonse eric from full metal alchemist brotherhood, elevation view, soft lighting",sd1.5_normal_246.jpg,246,2.646335983,0.882855901,2.616801603,0.898544371
"alphonse eric from full metal alchemist brotherhood, elevation view, soft lighting",xl2.2_normal_246.jpg,246,2.821971923,0.555400892,2.54579025,0.719871507
"a saint noble high priestess pray for god in church, elevation view, HDR lighting",AttnGAN_normal_247.jpg,247,1.077517831,0.332206581,0.726968261,0.556614721
"a saint noble high priestess pray for god in church, elevation view, HDR lighting",DALLE2_normal_247.jpg,247,1.493154926,0.470406429,2.218965969,0.779356992
"a saint noble high priestess pray for god in church, elevation view, HDR lighting",glide_normal_247.jpg,247,0.358179955,0.247640471,0.59256494,0.375937078
"a saint noble high priestess pray for god in church, elevation view, HDR lighting",midjourney_lowstep_247.jpg,247,1.161274584,0.870232351,1.739360402,0.993663214
"a saint noble high priestess pray for god in church, elevation view, HDR lighting",midjourney_normal_247.jpg,247,3.766000729,0.645519275,3.280058289,0.92802827
"a saint noble high priestess pray for god in church, elevation view, HDR lighting",sd1.5_highcorr_247.jpg,247,2.610261314,0.302305892,2.971918712,0.493376819
"a saint noble high priestess pray for god in church, elevation view, HDR lighting",sd1.5_lowcorr_247.jpg,247,3.252116811,1.167819683,3.057832635,1.319926117
"a saint noble high priestess pray for god in church, elevation view, HDR lighting",sd1.5_lowstep_247.jpg,247,2.193472252,0.73513259,2.75903949,0.673630312
"a saint noble high priestess pray for god in church, elevation view, HDR lighting",sd1.5_normal_247.jpg,247,2.776694622,0.592133389,2.891991441,0.405324674
"a saint noble high priestess pray for god in church, elevation view, HDR lighting",xl2.2_normal_247.jpg,247,3.30015455,0.235737977,2.740407521,0.595617653
"a redhair beautiful girl wearing brown olive dress, close-up, blurred detail",AttnGAN_normal_248.jpg,248,1.092275216,0.640218555,0.731981015,0.835387907
"a redhair beautiful girl wearing brown olive dress, close-up, blurred detail",DALLE2_normal_248.jpg,248,3.772795259,0.349832122,2.963619274,0.813639956
"a redhair beautiful girl wearing brown olive dress, close-up, blurred detail",glide_normal_248.jpg,248,0.649658335,0.384263359,0.507503744,0.331505594
"a redhair beautiful girl wearing brown olive dress, close-up, blurred detail",midjourney_lowstep_248.jpg,248,3.002885562,0.533539888,3.421504833,0.387546359
"a redhair beautiful girl wearing brown olive dress, close-up, blurred detail",midjourney_normal_248.jpg,248,3.531316317,0.474426945,3.524703964,0.33201639
"a redhair beautiful girl wearing brown olive dress, close-up, blurred detail",sd1.5_highcorr_248.jpg,248,1.690506192,0.514905259,2.345378943,0.683353005
"a redhair beautiful girl wearing brown olive dress, close-up, blurred detail",sd1.5_lowcorr_248.jpg,248,0.100536848,0.474052702,0.423281003,0.489687255
"a redhair beautiful girl wearing brown olive dress, close-up, blurred detail",sd1.5_lowstep_248.jpg,248,3.195617381,0.688749019,3.025958846,1.065906442
"a redhair beautiful girl wearing brown olive dress, close-up, blurred detail",sd1.5_normal_248.jpg,248,2.627472563,0.448637298,3.068964724,0.463940672
"a redhair beautiful girl wearing brown olive dress, close-up, blurred detail",xl2.2_normal_248.jpg,248,3.352004521,0.587040979,3.848931355,0.486670233
"a female elven warrior wearing platinum breastplate, close-up, hyper detail",AttnGAN_normal_249.jpg,249,1.023275848,0.78311138,0.826793192,1.132046526
"a female elven warrior wearing platinum breastplate, close-up, hyper detail",DALLE2_normal_249.jpg,249,3.546408751,0.753408231,3.536641936,0.509586313
"a female elven warrior wearing platinum breastplate, close-up, hyper detail",glide_normal_249.jpg,249,0.617747593,0.413010783,0.720093959,1.049281717
"a female elven warrior wearing platinum breastplate, close-up, hyper detail",midjourney_lowstep_249.jpg,249,3.091620808,0.63233062,3.364639327,0.541394703
"a female elven warrior wearing platinum breastplate, close-up, hyper detail",midjourney_normal_249.jpg,249,4.303705695,0.232726161,4.048514165,0.108741359
"a female elven warrior wearing platinum breastplate, close-up, hyper detail",sd1.5_highcorr_249.jpg,249,3.662501677,0.747053581,3.635603955,0.294447357
"a female elven warrior wearing platinum breastplate, close-up, hyper detail",sd1.5_lowcorr_249.jpg,249,3.315088431,0.624011011,3.584646223,0.35334884
"a female elven warrior wearing platinum breastplate, close-up, hyper detail",sd1.5_lowstep_249.jpg,249,2.692443672,0.960605471,3.535787107,0.522540888
"a female elven warrior wearing platinum breastplate, close-up, hyper detail",sd1.5_normal_249.jpg,249,3.811695963,0.480746968,3.797711871,0.320823892
"a female elven warrior wearing platinum breastplate, close-up, hyper detail",xl2.2_normal_249.jpg,249,3.673198773,0.41221721,3.750701609,0.310405151
"a brain with eyeballs peaking out between the folds, long-shot, hyper detail",AttnGAN_normal_251.jpg,251,1.252358797,0.4640501,0.719280515,0.977929443
"a brain with eyeballs peaking out between the folds, long-shot, hyper detail",DALLE2_normal_251.jpg,251,2.74826005,0.593008739,3.161543067,0.721982566
"a brain with eyeballs peaking out between the folds, long-shot, hyper detail",glide_normal_251.jpg,251,0.60416837,0.537162432,1.087452894,0.969988713
"a brain with eyeballs peaking out between the folds, long-shot, hyper detail",midjourney_lowstep_251.jpg,251,2.209981223,0.810178006,2.169304869,0.688908522
"a brain with eyeballs peaking out between the folds, long-shot, hyper detail",midjourney_normal_251.jpg,251,3.673754131,0.873088384,3.10133505,1.300595582
"a brain with eyeballs peaking out between the folds, long-shot, hyper detail",sd1.5_highcorr_251.jpg,251,2.420513052,0.876794552,2.367491079,0.920064215
"a brain with eyeballs peaking out between the folds, long-shot, hyper detail",sd1.5_lowcorr_251.jpg,251,2.523592728,0.654779214,1.585786942,0.519769725
"a brain with eyeballs peaking out between the folds, long-shot, hyper detail",sd1.5_lowstep_251.jpg,251,3.093256891,0.700533529,3.3393159,0.428205936
"a brain with eyeballs peaking out between the folds, long-shot, hyper detail",sd1.5_normal_251.jpg,251,3.248505469,1.069490032,3.0193248,0.844841493
"a brain with eyeballs peaking out between the folds, long-shot, hyper detail",xl2.2_normal_251.jpg,251,3.196755943,0.696953278,2.486006301,1.085155381
"a bokeh photo of a zombie gardener admiring flowers, close-up, soft lighting",AttnGAN_normal_252.jpg,252,0.749492217,0.431557706,0.909855359,1.120639411
"a bokeh photo of a zombie gardener admiring flowers, close-up, soft lighting",DALLE2_normal_252.jpg,252,2.462183558,0.643627595,2.452499565,0.523719054
"a bokeh photo of a zombie gardener admiring flowers, close-up, soft lighting",glide_normal_252.jpg,252,2.060642411,0.647826564,2.094813219,0.67915997
"a bokeh photo of a zombie gardener admiring flowers, close-up, soft lighting",midjourney_lowstep_252.jpg,252,2.041016527,0.505244646,3.114136978,0.863650497
"a bokeh photo of a zombie gardener admiring flowers, close-up, soft lighting",midjourney_normal_252.jpg,252,3.347801074,0.750706387,3.432908534,0.857000187
"a bokeh photo of a zombie gardener admiring flowers, close-up, soft lighting",sd1.5_highcorr_252.jpg,252,2.782759734,0.673960326,3.315612856,0.625153811
"a bokeh photo of a zombie gardener admiring flowers, close-up, soft lighting",sd1.5_lowcorr_252.jpg,252,2.448126137,0.580309637,2.634901234,0.468996724
"a bokeh photo of a zombie gardener admiring flowers, close-up, soft lighting",sd1.5_lowstep_252.jpg,252,3.673501579,0.396052881,2.504517295,0.376394706
"a bokeh photo of a zombie gardener admiring flowers, close-up, soft lighting",sd1.5_normal_252.jpg,252,3.129903806,1.091988587,2.634813255,0.7087131
"a bokeh photo of a zombie gardener admiring flowers, close-up, soft lighting",xl2.2_normal_252.jpg,252,2.785504238,0.732482928,3.42150843,0.619728709
"a biomechanical cyborg torso abandoned in a factory, close-up, HDR lighting",AttnGAN_normal_253.jpg,253,1.3374464,0.403605475,1.399151384,0.812900782
"a biomechanical cyborg torso abandoned in a factory, close-up, HDR lighting",DALLE2_normal_253.jpg,253,0.0,0.324752734,0.253699602,0.465981252
"a biomechanical cyborg torso abandoned in a factory, close-up, HDR lighting",glide_normal_253.jpg,253,0.60416837,0.522841763,0.642169337,0.528830708
"a biomechanical cyborg torso abandoned in a factory, close-up, HDR lighting",midjourney_lowstep_253.jpg,253,1.920267633,0.865558975,2.604521523,0.826342336
"a biomechanical cyborg torso abandoned in a factory, close-up, HDR lighting",midjourney_normal_253.jpg,253,3.558662387,0.342620207,3.318907491,0.814583404
"a biomechanical cyborg torso abandoned in a factory, close-up, HDR lighting",sd1.5_highcorr_253.jpg,253,3.44620302,0.785345922,3.239106761,0.809848391
"a biomechanical cyborg torso abandoned in a factory, close-up, HDR lighting",sd1.5_lowcorr_253.jpg,253,3.12288234,0.86229865,2.805902798,1.044551598
"a biomechanical cyborg torso abandoned in a factory, close-up, HDR lighting",sd1.5_lowstep_253.jpg,253,2.632073999,1.408632936,2.90942096,0.901483566
"a biomechanical cyborg torso abandoned in a factory, close-up, HDR lighting",sd1.5_normal_253.jpg,253,2.546528083,1.049419824,2.828703007,0.942818741
"a biomechanical cyborg torso abandoned in a factory, close-up, HDR lighting",xl2.2_normal_253.jpg,253,3.88997508,0.749950937,3.127665478,0.868465101
"portrait of beautiful woman with magical nebula hair, long-shot, soft lighting",AttnGAN_normal_254.jpg,254,1.179543421,0.346498991,0.369089989,0.685083185
"portrait of beautiful woman with magical nebula hair, long-shot, soft lighting",DALLE2_normal_254.jpg,254,3.387959109,0.183505927,3.397119887,0.582873657
"portrait of beautiful woman with magical nebula hair, long-shot, soft lighting",glide_normal_254.jpg,254,1.733569058,0.966438918,0.556273636,0.604741239
"portrait of beautiful woman with magical nebula hair, long-shot, soft lighting",midjourney_lowstep_254.jpg,254,2.886258786,0.364062251,3.066730889,0.352438958
"portrait of beautiful woman with magical nebula hair, long-shot, soft lighting",midjourney_normal_254.jpg,254,3.942311441,0.327997303,3.162526872,0.273880958
"portrait of beautiful woman with magical nebula hair, long-shot, soft lighting",sd1.5_highcorr_254.jpg,254,0.361905197,0.200163126,0.743156459,0.537503739
"portrait of beautiful woman with magical nebula hair, long-shot, soft lighting",sd1.5_lowcorr_254.jpg,254,3.150815738,0.660958175,2.765238071,0.565234355
"portrait of beautiful woman with magical nebula hair, long-shot, soft lighting",sd1.5_lowstep_254.jpg,254,3.365299544,0.72361665,2.903929414,0.437701921
"portrait of beautiful woman with magical nebula hair, long-shot, soft lighting",sd1.5_normal_254.jpg,254,3.059933495,0.307443867,3.189847843,0.3209764
"portrait of beautiful woman with magical nebula hair, long-shot, soft lighting",xl2.2_normal_254.jpg,254,3.987113084,0.371768156,2.61625477,0.84185226
"magician god holding a divine staff character design, long-shot, HDR lighting",AttnGAN_normal_255.jpg,255,1.361853219,0.871962271,1.152883399,0.764076207
"magician god holding a divine staff character design, long-shot, HDR lighting",DALLE2_normal_255.jpg,255,2.260001775,0.635923139,2.706378634,0.986626774
"magician god holding a divine staff character design, long-shot, HDR lighting",glide_normal_255.jpg,255,1.020469898,0.211483272,1.03178009,0.82341782
"magician god holding a divine staff character design, long-shot, HDR lighting",midjourney_lowstep_255.jpg,255,2.908664621,0.518701952,3.153995905,0.363712287
"magician god holding a divine staff character design, long-shot, HDR lighting",midjourney_normal_255.jpg,255,3.881983068,0.563046041,3.478508951,0.847712537
"magician god holding a divine staff character design, long-shot, HDR lighting",sd1.5_highcorr_255.jpg,255,3.591686053,0.498708814,3.118812912,0.76607895
"magician god holding a divine staff character design, long-shot, HDR lighting",sd1.5_lowcorr_255.jpg,255,2.260833548,0.684464797,2.089340898,0.582340874
"magician god holding a divine staff character design, long-shot, HDR lighting",sd1.5_lowstep_255.jpg,255,2.960099613,0.54687816,3.10450053,0.379365086
"magician god holding a divine staff character design, long-shot, HDR lighting",sd1.5_normal_255.jpg,255,2.886258786,0.521919991,3.102285456,0.832577891
"magician god holding a divine staff character design, long-shot, HDR lighting",xl2.2_normal_255.jpg,255,3.464427243,0.311960804,3.050789396,0.443901522
"full length portrait of a beautiful woman with horns, blurred detail, soft lighting",AttnGAN_normal_256.jpg,256,0.792278167,0.533205615,0.690390841,0.314609835
"full length portrait of a beautiful woman with horns, blurred detail, soft lighting",DALLE2_normal_256.jpg,256,2.328729662,0.805108185,2.735002056,1.357950379
"full length portrait of a beautiful woman with horns, blurred detail, soft lighting",glide_normal_256.jpg,256,1.491115344,0.726260124,1.239052134,0.864085128
"full length portrait of a beautiful woman with horns, blurred detail, soft lighting",midjourney_lowstep_256.jpg,256,3.274576995,0.584081311,3.601613177,0.53237109
"full length portrait of a beautiful woman with horns, blurred detail, soft lighting",midjourney_normal_256.jpg,256,4.039666506,0.693540881,3.746430529,0.432012662
"full length portrait of a beautiful woman with horns, blurred detail, soft lighting",sd1.5_highcorr_256.jpg,256,2.307551928,0.868088685,3.02250478,0.91381904
"full length portrait of a beautiful woman with horns, blurred detail, soft lighting",sd1.5_lowcorr_256.jpg,256,1.676926969,0.655630479,1.644057341,1.011869835
"full length portrait of a beautiful woman with horns, blurred detail, soft lighting",sd1.5_lowstep_256.jpg,256,0.505780588,0.773872233,1.206041903,0.627499826
"full length portrait of a beautiful woman with horns, blurred detail, soft lighting",sd1.5_normal_256.jpg,256,1.825871285,0.406784071,2.736797804,1.150747542
"full length portrait of a beautiful woman with horns, blurred detail, soft lighting",xl2.2_normal_256.jpg,256,3.662501677,0.65408779,3.528940255,0.629622318
"black broken armor and helmet laying in wild flowers, hyper detail, soft lighting",AttnGAN_normal_258.jpg,258,0.60416837,0.522302718,0.642169337,0.908668879
"black broken armor and helmet laying in wild flowers, hyper detail, soft lighting",DALLE2_normal_258.jpg,258,2.931575646,0.773533923,3.543429565,0.450308443
"black broken armor and helmet laying in wild flowers, hyper detail, soft lighting",glide_normal_258.jpg,258,0.873694997,0.614749815,0.560082254,0.417287079
"black broken armor and helmet laying in wild flowers, hyper detail, soft lighting",midjourney_lowstep_258.jpg,258,1.815542197,0.927679319,2.338498523,0.972902113
"black broken armor and helmet laying in wild flowers, hyper detail, soft lighting",midjourney_normal_258.jpg,258,3.923239841,0.812994361,3.812256598,0.448136985
"black broken armor and helmet laying in wild flowers, hyper detail, soft lighting",sd1.5_highcorr_258.jpg,258,3.345173159,0.383437773,3.189847843,0.620576386
"black broken armor and helmet laying in wild flowers, hyper detail, soft lighting",sd1.5_lowcorr_258.jpg,258,3.359435142,0.651108825,2.494876872,0.516409604
"black broken armor and helmet laying in wild flowers, hyper detail, soft lighting",sd1.5_lowstep_258.jpg,258,2.974361596,0.568804054,3.37273494,0.503096742
"black broken armor and helmet laying in wild flowers, hyper detail, soft lighting",sd1.5_normal_258.jpg,258,3.285220668,0.45229754,2.56659367,0.676201635
"black broken armor and helmet laying in wild flowers, hyper detail, soft lighting",xl2.2_normal_258.jpg,258,3.432145599,0.460190096,3.444308638,0.413873754
"edwardian headshot photograph of a pale russian woman, cold color, top view, realistic style",AttnGAN_normal_262.jpg,262,1.075025374,0.536841317,0.672723404,0.629217401
"edwardian headshot photograph of a pale russian woman, cold color, top view, realistic style",DALLE2_normal_262.jpg,262,3.380391978,0.62088835,3.118812912,0.633122495
"edwardian headshot photograph of a pale russian woman, cold color, top view, realistic style",glide_normal_262.jpg,262,0.820802133,0.45551633,0.556273636,0.81694682
"edwardian headshot photograph of a pale russian woman, cold color, top view, realistic style",midjourney_lowstep_262.jpg,262,2.785504238,0.277066746,2.520900191,0.56568677
"edwardian headshot photograph of a pale russian woman, cold color, top view, realistic style",midjourney_normal_262.jpg,262,3.781706499,0.390710651,3.52538037,0.497385914
"edwardian headshot photograph of a pale russian woman, cold color, top view, realistic style",sd1.5_highcorr_262.jpg,262,3.428646707,0.7757438,3.436323658,0.718756838
"edwardian headshot photograph of a pale russian woman, cold color, top view, realistic style",sd1.5_lowcorr_262.jpg,262,3.283005153,0.594159354,3.3393159,0.340031865
"edwardian headshot photograph of a pale russian woman, cold color, top view, realistic style",sd1.5_lowstep_262.jpg,262,2.613196015,0.447013669,3.150111597,0.362314336
"edwardian headshot photograph of a pale russian woman, cold color, top view, realistic style",sd1.5_normal_262.jpg,262,2.538526609,0.39545408,3.150111597,0.532816067
"edwardian headshot photograph of a pale russian woman, cold color, top view, realistic style",xl2.2_normal_262.jpg,262,3.507253099,0.501559681,3.327464378,0.425184098
"cute animal character sleeping in the space station, cold color, elevation view, abstract style",AttnGAN_normal_263.jpg,263,0.729822753,0.68862615,0.652605272,0.443647082
"cute animal character sleeping in the space station, cold color, elevation view, abstract style",DALLE2_normal_263.jpg,263,2.11262753,0.620894652,2.999433191,0.829883622
"cute animal character sleeping in the space station, cold color, elevation view, abstract style",glide_normal_263.jpg,263,0.0,0.175089206,0.021462288,0.312813479
"cute animal character sleeping in the space station, cold color, elevation view, abstract style",midjourney_lowstep_263.jpg,263,2.616815188,1.079163076,2.86290332,0.625978654
"cute animal character sleeping in the space station, cold color, elevation view, abstract style",midjourney_normal_263.jpg,263,3.748170985,0.317511956,3.025958846,0.544569191
"cute animal character sleeping in the space station, cold color, elevation view, abstract style",sd1.5_highcorr_263.jpg,263,3.170641474,0.586946266,3.158021435,0.713386071
"cute animal character sleeping in the space station, cold color, elevation view, abstract style",sd1.5_lowcorr_263.jpg,263,2.643063777,0.458128347,2.343118719,0.829923704
"cute animal character sleeping in the space station, cold color, elevation view, abstract style",sd1.5_lowstep_263.jpg,263,1.528177025,0.577520298,1.995457086,1.066772828
"cute animal character sleeping in the space station, cold color, elevation view, abstract style",sd1.5_normal_263.jpg,263,2.654631009,0.362165215,2.668209522,0.849660676
"cute animal character sleeping in the space station, cold color, elevation view, abstract style",xl2.2_normal_263.jpg,263,3.317504837,0.450908201,2.960067189,1.069410427
"a hyper intricate oil portrait red cathedral interior, warm color, close-up, baroque style",AttnGAN_normal_264.jpg,264,1.267302782,0.5228865,1.301089033,0.793432664
"a hyper intricate oil portrait red cathedral interior, warm color, close-up, baroque style",DALLE2_normal_264.jpg,264,2.592649388,1.039266337,3.167161119,1.031497914
"a hyper intricate oil portrait red cathedral interior, warm color, close-up, baroque style",glide_normal_264.jpg,264,0.863588083,0.502722457,1.531671491,1.057504309
"a hyper intricate oil portrait red cathedral interior, warm color, close-up, baroque style",midjourney_lowstep_264.jpg,264,0.831522735,0.351558835,2.156096854,1.281084925
"a hyper intricate oil portrait red cathedral interior, warm color, close-up, baroque style",midjourney_normal_264.jpg,264,3.033265998,0.358525554,3.429200187,0.449728694
"a hyper intricate oil portrait red cathedral interior, warm color, close-up, baroque style",sd1.5_highcorr_264.jpg,264,3.159767378,0.53868266,2.860651067,0.868524504
"a hyper intricate oil portrait red cathedral interior, warm color, close-up, baroque style",sd1.5_lowcorr_264.jpg,264,1.946610757,0.444751539,2.832301581,1.065832759
"a hyper intricate oil portrait red cathedral interior, warm color, close-up, baroque style",sd1.5_lowstep_264.jpg,264,3.822444167,0.539315042,3.31387068,0.884543577
"a hyper intricate oil portrait red cathedral interior, warm color, close-up, baroque style",sd1.5_normal_264.jpg,264,1.765019055,1.050067049,2.272678902,0.879612429
"a hyper intricate oil portrait red cathedral interior, warm color, close-up, baroque style",xl2.2_normal_264.jpg,264,2.586734895,0.357624305,3.169153524,0.887780997
"a blue anatomically correct human brain made of metal, warm color, long-shot, anime style",AttnGAN_normal_265.jpg,265,1.69003938,0.651399117,0.57602485,0.754401443
"a blue anatomically correct human brain made of metal, warm color, long-shot, anime style",DALLE2_normal_265.jpg,265,2.831741764,0.866778317,2.885036013,1.009004798
"a blue anatomically correct human brain made of metal, warm color, long-shot, anime style",glide_normal_265.jpg,265,0.648776263,0.624969346,1.232688407,0.944037948
"a blue anatomically correct human brain made of metal, warm color, long-shot, anime style",midjourney_lowstep_265.jpg,265,2.837064357,0.347782726,2.271216891,0.709796297
"a blue anatomically correct human brain made of metal, warm color, long-shot, anime style",midjourney_normal_265.jpg,265,3.787887693,0.464648309,2.808425637,0.605640016
"a blue anatomically correct human brain made of metal, warm color, long-shot, anime style",sd1.5_highcorr_265.jpg,265,2.89203224,0.736669037,3.048674194,0.447396794
"a blue anatomically correct human brain made of metal, warm color, long-shot, anime style",sd1.5_lowcorr_265.jpg,265,3.380391978,0.560175467,2.295092835,0.789286019
"a blue anatomically correct human brain made of metal, warm color, long-shot, anime style",sd1.5_lowstep_265.jpg,265,2.671047584,0.480231143,2.438348501,0.687816043
"a blue anatomically correct human brain made of metal, warm color, long-shot, anime style",sd1.5_normal_265.jpg,265,2.897963605,0.676657901,3.033904884,0.468955012
"a blue anatomically correct human brain made of metal, warm color, long-shot, anime style",xl2.2_normal_265.jpg,265,2.917313663,0.68501669,2.616801603,0.61912287
"spaceport on a vast desert planet with ships taking off, warm color, blurred detail, abstract style",AttnGAN_normal_268.jpg,268,1.04513849,0.350119049,1.424388367,1.214693485
"spaceport on a vast desert planet with ships taking off, warm color, blurred detail, abstract style",DALLE2_normal_268.jpg,268,1.351025623,0.628129096,1.811038675,0.926288778
"spaceport on a vast desert planet with ships taking off, warm color, blurred detail, abstract style",glide_normal_268.jpg,268,1.506271425,1.159340062,0.81494167,0.783830946
"spaceport on a vast desert planet with ships taking off, warm color, blurred detail, abstract style",midjourney_lowstep_268.jpg,268,1.627020319,0.876551014,2.379342601,0.928487676
"spaceport on a vast desert planet with ships taking off, warm color, blurred detail, abstract style",midjourney_normal_268.jpg,268,3.195617381,0.990744144,3.088035221,0.828012958
"spaceport on a vast desert planet with ships taking off, warm color, blurred detail, abstract style",sd1.5_highcorr_268.jpg,268,2.575026067,1.170373598,3.17765537,0.9967889
"spaceport on a vast desert planet with ships taking off, warm color, blurred detail, abstract style",sd1.5_lowcorr_268.jpg,268,3.438253731,0.875054511,2.794145879,1.00038733
"spaceport on a vast desert planet with ships taking off, warm color, blurred detail, abstract style",sd1.5_lowstep_268.jpg,268,2.776844014,0.695390588,3.013304279,0.390078657
"spaceport on a vast desert planet with ships taking off, warm color, blurred detail, abstract style",sd1.5_normal_268.jpg,268,2.65595515,0.747262982,3.011371163,0.747396649
"spaceport on a vast desert planet with ships taking off, warm color, blurred detail, abstract style",xl2.2_normal_268.jpg,268,3.058356047,0.581916613,3.285648044,0.44801724
"poignant portrait of an older man remembering his youth, warm color, hyper detail, baroque style",AttnGAN_normal_269.jpg,269,0.712802152,0.420762558,0.731226048,0.784941378
"poignant portrait of an older man remembering his youth, warm color, hyper detail, baroque style",DALLE2_normal_269.jpg,269,3.365299544,0.617441912,3.274006549,0.736580615
"poignant portrait of an older man remembering his youth, warm color, hyper detail, baroque style",glide_normal_269.jpg,269,0.929924681,0.276353745,0.617082776,0.395704582
"poignant portrait of an older man remembering his youth, warm color, hyper detail, baroque style",midjourney_lowstep_269.jpg,269,2.987988696,0.396033594,3.1665648,0.631196868
"poignant portrait of an older man remembering his youth, warm color, hyper detail, baroque style",midjourney_normal_269.jpg,269,4.145497254,0.704938876,1.573439091,0.88823139
"poignant portrait of an older man remembering his youth, warm color, hyper detail, baroque style",sd1.5_highcorr_269.jpg,269,3.662501677,0.692785203,3.528940255,0.43224874
"poignant portrait of an older man remembering his youth, warm color, hyper detail, baroque style",sd1.5_lowcorr_269.jpg,269,3.558662387,0.478981247,3.079505301,0.874862808
"poignant portrait of an older man remembering his youth, warm color, hyper detail, baroque style",sd1.5_lowstep_269.jpg,269,3.106014094,0.630721133,3.187357422,0.805402923
"poignant portrait of an older man remembering his youth, warm color, hyper detail, baroque style",sd1.5_normal_269.jpg,269,3.184190337,0.62373359,3.644083685,0.634327229
"poignant portrait of an older man remembering his youth, warm color, hyper detail, baroque style",xl2.2_normal_269.jpg,269,3.279275256,0.671699643,3.146889346,0.691326734
"european woodcut of a wooden sailing vessel on a stormy, cold color, blurred detail, anime style",AttnGAN_normal_270.jpg,270,0.875752826,0.420010054,0.864811115,0.630528357
"european woodcut of a wooden sailing vessel on a stormy, cold color, blurred detail, anime style",DALLE2_normal_270.jpg,270,1.262923612,0.514537315,2.324182247,1.200311516
"european woodcut of a wooden sailing vessel on a stormy, cold color, blurred detail, anime style",glide_normal_270.jpg,270,1.528177025,0.541776586,2.153439652,0.911501279
"european woodcut of a wooden sailing vessel on a stormy, cold color, blurred detail, anime style",midjourney_lowstep_270.jpg,270,2.363781612,0.834506115,3.10230551,1.056092457
"european woodcut of a wooden sailing vessel on a stormy, cold color, blurred detail, anime style",midjourney_normal_270.jpg,270,3.757702826,0.469144515,3.465014103,0.566099379
"european woodcut of a wooden sailing vessel on a stormy, cold color, blurred detail, anime style",sd1.5_highcorr_270.jpg,270,3.374329815,0.547428592,3.347266947,0.972087849
"european woodcut of a wooden sailing vessel on a stormy, cold color, blurred detail, anime style",sd1.5_lowcorr_270.jpg,270,3.024480393,0.360726915,2.931303945,0.383238348
"european woodcut of a wooden sailing vessel on a stormy, cold color, blurred detail, anime style",sd1.5_lowstep_270.jpg,270,3.102719445,0.484050488,3.214232789,0.709930774
"european woodcut of a wooden sailing vessel on a stormy, cold color, blurred detail, anime style",sd1.5_normal_270.jpg,270,2.831741764,0.824240222,3.165462896,0.810019227
"european woodcut of a wooden sailing vessel on a stormy, cold color, blurred detail, anime style",xl2.2_normal_270.jpg,270,2.788955814,0.382690741,3.080115584,0.701627667
"the gold skull coming out from open cracked marble head, cold color, hyper detail, sci-fi style",AttnGAN_normal_271.jpg,271,0.712778692,0.720126386,1.123081248,1.206849974
"the gold skull coming out from open cracked marble head, cold color, hyper detail, sci-fi style",DALLE2_normal_271.jpg,271,2.980532355,1.066636797,3.291606502,0.701478391
"the gold skull coming out from open cracked marble head, cold color, hyper detail, sci-fi style",glide_normal_271.jpg,271,1.554207475,0.619729642,1.519124647,0.641990608
"the gold skull coming out from open cracked marble head, cold color, hyper detail, sci-fi style",midjourney_lowstep_271.jpg,271,3.30238721,0.501766543,2.860651067,0.963354327
"the gold skull coming out from open cracked marble head, cold color, hyper detail, sci-fi style",midjourney_normal_271.jpg,271,3.989769364,0.778207299,3.746430529,0.573303753
"the gold skull coming out from open cracked marble head, cold color, hyper detail, sci-fi style",sd1.5_highcorr_271.jpg,271,2.776844014,1.106535569,2.545756544,1.255025022
"the gold skull coming out from open cracked marble head, cold color, hyper detail, sci-fi style",sd1.5_lowcorr_271.jpg,271,2.882005876,0.645213215,2.554178395,0.510227002
"the gold skull coming out from open cracked marble head, cold color, hyper detail, sci-fi style",sd1.5_lowstep_271.jpg,271,4.04445907,0.631752941,3.202378717,0.631780127
"the gold skull coming out from open cracked marble head, cold color, hyper detail, sci-fi style",sd1.5_normal_271.jpg,271,3.292854479,0.596901227,2.746134145,0.666043095
"the gold skull coming out from open cracked marble head, cold color, hyper detail, sci-fi style",xl2.2_normal_271.jpg,271,3.645251835,0.725683738,3.422276555,0.624728106
"exploring an epic organic and colourful underground city, warm color, HDR lighting, abstract style",AttnGAN_normal_273.jpg,273,0.731526985,0.367350535,1.759600793,1.125179591
"exploring an epic organic and colourful underground city, warm color, HDR lighting, abstract style",DALLE2_normal_273.jpg,273,2.166977719,1.070715534,2.281498001,1.204507687
"exploring an epic organic and colourful underground city, warm color, HDR lighting, abstract style",glide_normal_273.jpg,273,1.063255848,0.500882455,1.812098374,1.046589067
"exploring an epic organic and colourful underground city, warm color, HDR lighting, abstract style",midjourney_lowstep_273.jpg,273,0.663293231,0.742893648,2.271926577,1.517237795
"exploring an epic organic and colourful underground city, warm color, HDR lighting, abstract style",midjourney_normal_273.jpg,273,2.455012736,1.062236918,3.161543067,0.759091366
"exploring an epic organic and colourful underground city, warm color, HDR lighting, abstract style",sd1.5_highcorr_273.jpg,273,3.374371279,1.268934248,3.311978472,1.152118558
"exploring an epic organic and colourful underground city, warm color, HDR lighting, abstract style",sd1.5_lowcorr_273.jpg,273,3.046278569,0.527509559,3.373586547,0.77789193
"exploring an epic organic and colourful underground city, warm color, HDR lighting, abstract style",sd1.5_lowstep_273.jpg,273,3.494295005,0.684522826,3.634307323,0.638156861
"exploring an epic organic and colourful underground city, warm color, HDR lighting, abstract style",sd1.5_normal_273.jpg,273,3.202553327,0.811436076,3.37273494,0.612155107
"exploring an epic organic and colourful underground city, warm color, HDR lighting, abstract style",xl2.2_normal_273.jpg,273,2.996365552,0.492369506,3.079505301,1.041156944
"angled photograph of an abandoned train cart during dusk, cold color, soft lighting, baroque style",AttnGAN_normal_274.jpg,274,0.965602553,0.351987104,0.922226041,1.063339529
"angled photograph of an abandoned train cart during dusk, cold color, soft lighting, baroque style",DALLE2_normal_274.jpg,274,3.419625599,0.694951665,2.951467196,1.073482605
"angled photograph of an abandoned train cart during dusk, cold color, soft lighting, baroque style",glide_normal_274.jpg,274,0.402281536,0.78038242,0.92160537,0.847997171
"angled photograph of an abandoned train cart during dusk, cold color, soft lighting, baroque style",midjourney_lowstep_274.jpg,274,2.03716536,0.58143881,3.202378717,0.742251973
"angled photograph of an abandoned train cart during dusk, cold color, soft lighting, baroque style",midjourney_normal_274.jpg,274,3.494295005,0.548546505,2.839729721,0.331880878
"angled photograph of an abandoned train cart during dusk, cold color, soft lighting, baroque style",sd1.5_highcorr_274.jpg,274,3.590592228,0.834696848,3.483126252,0.962528793
"angled photograph of an abandoned train cart during dusk, cold color, soft lighting, baroque style",sd1.5_lowcorr_274.jpg,274,3.544840924,0.871976037,3.019153218,1.221817522
"angled photograph of an abandoned train cart during dusk, cold color, soft lighting, baroque style",sd1.5_lowstep_274.jpg,274,3.025091285,0.753981654,3.390969755,0.711672205
"angled photograph of an abandoned train cart during dusk, cold color, soft lighting, baroque style",sd1.5_normal_274.jpg,274,3.568964411,0.512858429,3.050789396,0.860604503
"angled photograph of an abandoned train cart during dusk, cold color, soft lighting, baroque style",xl2.2_normal_274.jpg,274,3.628001993,0.685603341,2.971918712,0.665763259
"portrait photo still of a spooky scarecrow holding a gift, top view, close-up, sci-fi style",AttnGAN_normal_276.jpg,276,0.333282167,1.012071377,0.530505137,0.782302106
"portrait photo still of a spooky scarecrow holding a gift, top view, close-up, sci-fi style",DALLE2_normal_276.jpg,276,3.127756575,0.40728673,3.197097634,0.444713521
"portrait photo still of a spooky scarecrow holding a gift, top view, close-up, sci-fi style",glide_normal_276.jpg,276,0.64666085,0.894124488,0.44196185,0.495494588
"portrait photo still of a spooky scarecrow holding a gift, top view, close-up, sci-fi style",midjourney_lowstep_276.jpg,276,2.343163678,0.566556845,3.10133505,0.746803021
"portrait photo still of a spooky scarecrow holding a gift, top view, close-up, sci-fi style",midjourney_normal_276.jpg,276,3.361858495,0.475661667,3.307507387,0.438398863
"portrait photo still of a spooky scarecrow holding a gift, top view, close-up, sci-fi style",sd1.5_highcorr_276.jpg,276,3.106014094,0.404474282,3.249433797,0.543804036
"portrait photo still of a spooky scarecrow holding a gift, top view, close-up, sci-fi style",sd1.5_lowcorr_276.jpg,276,3.255352906,0.405849614,3.075619946,0.557972363
"portrait photo still of a spooky scarecrow holding a gift, top view, close-up, sci-fi style",sd1.5_lowstep_276.jpg,276,3.490797944,0.456442401,3.483126252,0.467695065
"portrait photo still of a spooky scarecrow holding a gift, top view, close-up, sci-fi style",sd1.5_normal_276.jpg,276,3.007690801,0.373097672,3.024436368,0.443565104
"portrait photo still of a spooky scarecrow holding a gift, top view, close-up, sci-fi style",xl2.2_normal_276.jpg,276,3.487792991,0.518903921,3.348349994,0.488046156
"plasticine sculptures of two lovers walking through paris, top view, long-shot, realistic style",AttnGAN_normal_277.jpg,277,0.859637576,0.345503594,0.582882463,0.484328933
"plasticine sculptures of two lovers walking through paris, top view, long-shot, realistic style",DALLE2_normal_277.jpg,277,2.757389397,0.552756488,2.475299774,0.559521531
"plasticine sculptures of two lovers walking through paris, top view, long-shot, realistic style",glide_normal_277.jpg,277,1.385522531,0.47347537,1.075675159,0.579956351
"plasticine sculptures of two lovers walking through paris, top view, long-shot, realistic style",midjourney_lowstep_277.jpg,277,2.532240117,0.441071522,2.689956442,0.633932193
"plasticine sculptures of two lovers walking through paris, top view, long-shot, realistic style",midjourney_normal_277.jpg,277,3.285220668,0.494788471,2.951467196,0.75428476
"plasticine sculptures of two lovers walking through paris, top view, long-shot, realistic style",sd1.5_highcorr_277.jpg,277,2.478101113,0.967828689,2.389907299,0.933577356
"plasticine sculptures of two lovers walking through paris, top view, long-shot, realistic style",sd1.5_lowcorr_277.jpg,277,1.264773637,0.810292103,0.980862981,0.852200336
"plasticine sculptures of two lovers walking through paris, top view, long-shot, realistic style",sd1.5_lowstep_277.jpg,277,2.715217134,0.546356392,2.258697793,1.031770828
"plasticine sculptures of two lovers walking through paris, top view, long-shot, realistic style",sd1.5_normal_277.jpg,277,2.625770283,0.529518124,2.963619274,0.536068947
"plasticine sculptures of two lovers walking through paris, top view, long-shot, realistic style",xl2.2_normal_277.jpg,277,3.593502309,0.824398423,2.85340349,0.990854754
"dark grey skinned female goblin with an oversized red axe, elevation view, close-up, abstract style",AttnGAN_normal_278.jpg,278,1.213024111,0.765827455,1.146784292,0.559434403
"dark grey skinned female goblin with an oversized red axe, elevation view, close-up, abstract style",DALLE2_normal_278.jpg,278,2.03716536,0.892695472,2.963619274,0.542330761
"dark grey skinned female goblin with an oversized red axe, elevation view, close-up, abstract style",glide_normal_278.jpg,278,0.962676083,0.63218653,1.363526821,1.107640991
"dark grey skinned female goblin with an oversized red axe, elevation view, close-up, abstract style",midjourney_lowstep_278.jpg,278,2.093677968,0.537264045,2.69321342,1.134503783
"dark grey skinned female goblin with an oversized red axe, elevation view, close-up, abstract style",midjourney_normal_278.jpg,278,3.703369342,0.193081381,2.628670045,0.650331085
"dark grey skinned female goblin with an oversized red axe, elevation view, close-up, abstract style",sd1.5_highcorr_278.jpg,278,0.402281536,0.936608861,1.289002558,0.918706739
"dark grey skinned female goblin with an oversized red axe, elevation view, close-up, abstract style",sd1.5_lowcorr_278.jpg,278,1.991888058,0.755173968,2.139899198,1.044993347
"dark grey skinned female goblin with an oversized red axe, elevation view, close-up, abstract style",sd1.5_lowstep_278.jpg,278,0.385031694,0.855643322,1.111229725,1.261092143
"dark grey skinned female goblin with an oversized red axe, elevation view, close-up, abstract style",sd1.5_normal_278.jpg,278,1.195529412,0.671266546,1.271370324,0.988600133
"dark grey skinned female goblin with an oversized red axe, elevation view, close-up, abstract style",xl2.2_normal_278.jpg,278,2.674859949,0.833010092,2.714341389,0.50291785
"table with everything ready for 5 o'clock at flower garden, elevation view, long-shot, baroque style",AttnGAN_normal_279.jpg,279,0.807856712,0.480739002,0.686697692,0.656415613
"table with everything ready for 5 o'clock at flower garden, elevation view, long-shot, baroque style",DALLE2_normal_279.jpg,279,3.380391978,0.444697498,3.250130605,0.676990096
"table with everything ready for 5 o'clock at flower garden, elevation view, long-shot, baroque style",glide_normal_279.jpg,279,1.433419401,0.387883881,1.474049467,0.740913843
"table with everything ready for 5 o'clock at flower garden, elevation view, long-shot, baroque style",midjourney_lowstep_279.jpg,279,2.015840767,0.453640001,2.243796519,0.95157314
"table with everything ready for 5 o'clock at flower garden, elevation view, long-shot, baroque style",midjourney_normal_279.jpg,279,3.636963354,0.566993432,2.247340947,1.014008811
"table with everything ready for 5 o'clock at flower garden, elevation view, long-shot, baroque style",sd1.5_highcorr_279.jpg,279,3.748170985,0.335835783,2.36794927,0.674209213
"table with everything ready for 5 o'clock at flower garden, elevation view, long-shot, baroque style",sd1.5_lowcorr_279.jpg,279,3.787294638,0.573444631,2.714341389,0.771357305
"table with everything ready for 5 o'clock at flower garden, elevation view, long-shot, baroque style",sd1.5_lowstep_279.jpg,279,3.607224609,0.655867994,3.10133505,0.56556746
"table with everything ready for 5 o'clock at flower garden, elevation view, long-shot, baroque style",sd1.5_normal_279.jpg,279,2.817259418,0.737041314,2.983770234,0.612273077
"table with everything ready for 5 o'clock at flower garden, elevation view, long-shot, baroque style",xl2.2_normal_279.jpg,279,3.202553327,0.429890285,2.958190852,0.421696568
"rats in tuxedos drinking champagne in bubbles in the space, top view, blurred detail, anime style",AttnGAN_normal_280.jpg,280,1.178524426,0.580479719,0.886050804,0.537105358
"rats in tuxedos drinking champagne in bubbles in the space, top view, blurred detail, anime style",DALLE2_normal_280.jpg,280,2.532470662,0.335472425,2.919903841,0.817311686
"rats in tuxedos drinking champagne in bubbles in the space, top view, blurred detail, anime style",glide_normal_280.jpg,280,0.902526954,0.699155911,0.791238626,0.722265069
"rats in tuxedos drinking champagne in bubbles in the space, top view, blurred detail, anime style",midjourney_lowstep_280.jpg,280,2.218274567,0.412597023,2.796487664,0.733759347
"rats in tuxedos drinking champagne in bubbles in the space, top view, blurred detail, anime style",midjourney_normal_280.jpg,280,3.389973337,0.285640481,3.364507908,0.454615107
"rats in tuxedos drinking champagne in bubbles in the space, top view, blurred detail, anime style",sd1.5_highcorr_280.jpg,280,2.689121932,0.324333813,2.129102676,0.816538284
"rats in tuxedos drinking champagne in bubbles in the space, top view, blurred detail, anime style",sd1.5_lowcorr_280.jpg,280,2.610677849,0.756642392,1.662380313,0.788551357
"rats in tuxedos drinking champagne in bubbles in the space, top view, blurred detail, anime style",sd1.5_lowstep_280.jpg,280,2.377839033,0.723424649,1.836893934,0.786270207
"rats in tuxedos drinking champagne in bubbles in the space, top view, blurred detail, anime style",sd1.5_normal_280.jpg,280,2.598262134,0.95314326,1.697524418,1.290201358
"rats in tuxedos drinking champagne in bubbles in the space, top view, blurred detail, anime style",xl2.2_normal_280.jpg,280,2.844740127,0.417915627,2.824058767,0.801777139
"strange mythical plankton near a waterfall trying to escape, elevation view, blurred detail, realistic style",AttnGAN_normal_282.jpg,282,1.128999889,0.681000061,1.008066046,0.454621569
"strange mythical plankton near a waterfall trying to escape, elevation view, blurred detail, realistic style",DALLE2_normal_282.jpg,282,2.616815188,0.649527204,2.452499565,1.104207328
"strange mythical plankton near a waterfall trying to escape, elevation view, blurred detail, realistic style",glide_normal_282.jpg,282,0.754308478,0.451027092,0.958039958,0.892057087
"strange mythical plankton near a waterfall trying to escape, elevation view, blurred detail, realistic style",midjourney_lowstep_282.jpg,282,2.196265106,0.433113326,2.770442834,0.590231935
"strange mythical plankton near a waterfall trying to escape, elevation view, blurred detail, realistic style",midjourney_normal_282.jpg,282,3.539096649,0.614388057,2.318288169,0.702413236
"strange mythical plankton near a waterfall trying to escape, elevation view, blurred detail, realistic style",sd1.5_highcorr_282.jpg,282,1.750409116,0.482943362,2.784549692,0.649201238
"strange mythical plankton near a waterfall trying to escape, elevation view, blurred detail, realistic style",sd1.5_lowcorr_282.jpg,282,1.991888058,0.389753051,1.996643532,0.882399331
"strange mythical plankton near a waterfall trying to escape, elevation view, blurred detail, realistic style",sd1.5_lowstep_282.jpg,282,2.127265738,0.764236275,1.454923869,1.231673229
"strange mythical plankton near a waterfall trying to escape, elevation view, blurred detail, realistic style",sd1.5_normal_282.jpg,282,2.176839871,1.408041032,1.797978878,0.629033035
"strange mythical plankton near a waterfall trying to escape, elevation view, blurred detail, realistic style",xl2.2_normal_282.jpg,282,2.46452189,0.723313502,2.245190143,1.137271019
"steampunk pocketwatch owl inside a glass jar buried in sand, elevation view, hyper detail, abstract style",AttnGAN_normal_283.jpg,283,0.850777428,0.688058427,0.957159937,0.95038095
"steampunk pocketwatch owl inside a glass jar buried in sand, elevation view, hyper detail, abstract style",DALLE2_normal_283.jpg,283,2.625770283,0.712896903,3.035247107,0.789781547
"steampunk pocketwatch owl inside a glass jar buried in sand, elevation view, hyper detail, abstract style",glide_normal_283.jpg,283,1.075025374,0.758286415,1.312705603,1.1853308
"steampunk pocketwatch owl inside a glass jar buried in sand, elevation view, hyper detail, abstract style",midjourney_lowstep_283.jpg,283,1.20587568,0.520842304,1.653596222,1.220350086
"steampunk pocketwatch owl inside a glass jar buried in sand, elevation view, hyper detail, abstract style",midjourney_normal_283.jpg,283,3.790180796,0.982271684,2.903856842,0.875220657
"steampunk pocketwatch owl inside a glass jar buried in sand, elevation view, hyper detail, abstract style",sd1.5_highcorr_283.jpg,283,3.541752783,0.388083258,2.557115434,1.011975105
"steampunk pocketwatch owl inside a glass jar buried in sand, elevation view, hyper detail, abstract style",sd1.5_lowcorr_283.jpg,283,2.888789697,0.861217028,3.153270423,0.53016004
"steampunk pocketwatch owl inside a glass jar buried in sand, elevation view, hyper detail, abstract style",sd1.5_lowstep_283.jpg,283,3.958236395,0.440408113,3.158021435,1.134802748
"steampunk pocketwatch owl inside a glass jar buried in sand, elevation view, hyper detail, abstract style",sd1.5_normal_283.jpg,283,3.333743653,0.337819985,2.62350113,0.631014642
"steampunk pocketwatch owl inside a glass jar buried in sand, elevation view, hyper detail, abstract style",xl2.2_normal_283.jpg,283,3.240419025,0.585058829,2.914221371,0.521864492
"portrait of beautiful female supermodel wearing olive dress, top view, soft lighting, baroque style",AttnGAN_normal_284.jpg,284,0.471280904,0.806520672,0.838644715,1.223485228
"portrait of beautiful female supermodel wearing olive dress, top view, soft lighting, baroque style",DALLE2_normal_284.jpg,284,3.593502309,0.572867664,3.149691545,0.91716994
"portrait of beautiful female supermodel wearing olive dress, top view, soft lighting, baroque style",glide_normal_284.jpg,284,1.674967988,0.30844882,1.073086947,0.881208523
"portrait of beautiful female supermodel wearing olive dress, top view, soft lighting, baroque style",midjourney_lowstep_284.jpg,284,3.257944615,0.880477753,2.798535131,0.409651362
"portrait of beautiful female supermodel wearing olive dress, top view, soft lighting, baroque style",midjourney_normal_284.jpg,284,4.074643938,0.355213159,3.047185079,0.668757726
"portrait of beautiful female supermodel wearing olive dress, top view, soft lighting, baroque style",sd1.5_highcorr_284.jpg,284,3.041723666,1.132024565,3.311978472,0.552273736
"portrait of beautiful female supermodel wearing olive dress, top view, soft lighting, baroque style",sd1.5_lowcorr_284.jpg,284,2.882005876,0.633346626,2.69074642,0.377229779
"portrait of beautiful female supermodel wearing olive dress, top view, soft lighting, baroque style",sd1.5_lowstep_284.jpg,284,3.712425524,0.475550673,3.071061023,0.627127389
"portrait of beautiful female supermodel wearing olive dress, top view, soft lighting, baroque style",sd1.5_normal_284.jpg,284,1.927354161,0.442276877,1.94279623,0.863083716
"portrait of beautiful female supermodel wearing olive dress, top view, soft lighting, baroque style",xl2.2_normal_284.jpg,284,3.464427243,0.373479574,3.075619946,0.801164926
"portrait of an aesthetic kawaii goth woman with long dreads, top view, HDR lighting, anime style",AttnGAN_normal_285.jpg,285,0.701659223,0.214206127,0.282183064,0.454799827
"portrait of an aesthetic kawaii goth woman with long dreads, top view, HDR lighting, anime style",DALLE2_normal_285.jpg,285,3.106014094,0.603588701,2.71557697,0.534590072
"portrait of an aesthetic kawaii goth woman with long dreads, top view, HDR lighting, anime style",glide_normal_285.jpg,285,1.299273321,0.596363961,1.051972114,0.636979993
"portrait of an aesthetic kawaii goth woman with long dreads, top view, HDR lighting, anime style",midjourney_lowstep_285.jpg,285,3.075586915,0.373662,2.935379657,0.543694987
"portrait of an aesthetic kawaii goth woman with long dreads, top view, HDR lighting, anime style",midjourney_normal_285.jpg,285,3.958236395,0.589043144,3.358399036,0.846709252
"portrait of an aesthetic kawaii goth woman with long dreads, top view, HDR lighting, anime style",sd1.5_highcorr_285.jpg,285,0.378680654,0.388339056,0.812315573,0.771276147
"portrait of an aesthetic kawaii goth woman with long dreads, top view, HDR lighting, anime style",sd1.5_lowcorr_285.jpg,285,1.877457019,0.457369622,2.245596149,0.759898991
"portrait of an aesthetic kawaii goth woman with long dreads, top view, HDR lighting, anime style",sd1.5_lowstep_285.jpg,285,2.309898917,0.330275485,2.429909143,0.74963559
"portrait of an aesthetic kawaii goth woman with long dreads, top view, HDR lighting, anime style",sd1.5_normal_285.jpg,285,2.135311817,0.378319296,2.49210202,0.391433308
"portrait of an aesthetic kawaii goth woman with long dreads, top view, HDR lighting, anime style",xl2.2_normal_285.jpg,285,2.996365552,0.686775733,2.86290332,0.889128995
"an epic artistic colourful natural scene on an alien planet, elevation view, soft lighting, sci-fi style",AttnGAN_normal_286.jpg,286,1.345220838,0.740267098,1.482013745,0.919902293
"an epic artistic colourful natural scene on an alien planet, elevation view, soft lighting, sci-fi style",DALLE2_normal_286.jpg,286,2.731907882,0.791364456,3.116693004,0.506429624
"an epic artistic colourful natural scene on an alien planet, elevation view, soft lighting, sci-fi style",glide_normal_286.jpg,286,0.264116095,0.912260102,0.244483642,0.430152149
"an epic artistic colourful natural scene on an alien planet, elevation view, soft lighting, sci-fi style",midjourney_lowstep_286.jpg,286,1.780593984,0.238421566,2.402534584,0.963777875
"an epic artistic colourful natural scene on an alien planet, elevation view, soft lighting, sci-fi style",midjourney_normal_286.jpg,286,3.245339277,0.711825742,3.348349994,0.271818784
"an epic artistic colourful natural scene on an alien planet, elevation view, soft lighting, sci-fi style",sd1.5_highcorr_286.jpg,286,3.658567698,0.661973811,3.485324022,0.579634863
"an epic artistic colourful natural scene on an alien planet, elevation view, soft lighting, sci-fi style",sd1.5_lowcorr_286.jpg,286,3.822840391,0.499507989,3.423247647,0.531587353
"an epic artistic colourful natural scene on an alien planet, elevation view, soft lighting, sci-fi style",sd1.5_lowstep_286.jpg,286,3.094767498,0.433597463,3.125105718,0.473954261
"an epic artistic colourful natural scene on an alien planet, elevation view, soft lighting, sci-fi style",sd1.5_normal_286.jpg,286,3.274744941,0.832784794,3.321758438,0.617413606
"an epic artistic colourful natural scene on an alien planet, elevation view, soft lighting, sci-fi style",xl2.2_normal_286.jpg,286,3.080710077,0.504825637,3.489909055,0.43191529
"cute anthropomorphic lizard person portrait symmetrical axis, elevation view, HDR lighting, realistic style",AttnGAN_normal_287.jpg,287,0.935417685,0.194863038,0.587962822,0.795238686
"cute anthropomorphic lizard person portrait symmetrical axis, elevation view, HDR lighting, realistic style",DALLE2_normal_287.jpg,287,2.762534827,0.477452794,2.504517295,0.755971564
"cute anthropomorphic lizard person portrait symmetrical axis, elevation view, HDR lighting, realistic style",glide_normal_287.jpg,287,1.316523163,0.758410232,1.703805836,1.120564708
"cute anthropomorphic lizard person portrait symmetrical axis, elevation view, HDR lighting, realistic style",midjourney_lowstep_287.jpg,287,2.837204233,0.513262583,3.001128296,0.474938243
"cute anthropomorphic lizard person portrait symmetrical axis, elevation view, HDR lighting, realistic style",midjourney_normal_287.jpg,287,3.55403053,0.254184878,2.814899171,0.883620635
"cute anthropomorphic lizard person portrait symmetrical axis, elevation view, HDR lighting, realistic style",sd1.5_highcorr_287.jpg,287,3.659493494,0.579176041,2.757266234,0.429057936
"cute anthropomorphic lizard person portrait symmetrical axis, elevation view, HDR lighting, realistic style",sd1.5_lowcorr_287.jpg,287,2.610261314,0.606237113,2.805997401,0.703568835
"cute anthropomorphic lizard person portrait symmetrical axis, elevation view, HDR lighting, realistic style",sd1.5_lowstep_287.jpg,287,3.150815738,0.67261686,2.529347845,1.007230535
"cute anthropomorphic lizard person portrait symmetrical axis, elevation view, HDR lighting, realistic style",sd1.5_normal_287.jpg,287,2.613196015,0.495986647,2.579008945,0.953350571
"cute anthropomorphic lizard person portrait symmetrical axis, elevation view, HDR lighting, realistic style",xl2.2_normal_287.jpg,287,3.472753415,0.905046133,3.410425033,0.687718541
"a beautiful painting of old golden samovars of russian empire, close-up, blurred detail, abstract style",AttnGAN_normal_288.jpg,288,0.835015157,0.253986757,0.931603649,0.663803839
"a beautiful painting of old golden samovars of russian empire, close-up, blurred detail, abstract style",DALLE2_normal_288.jpg,288,2.339014038,1.01514267,2.784549692,0.717410768
"a beautiful painting of old golden samovars of russian empire, close-up, blurred detail, abstract style",glide_normal_288.jpg,288,0.058364586,0.319636166,0.537282046,0.547588214
"a beautiful painting of old golden samovars of russian empire, close-up, blurred detail, abstract style",midjourney_lowstep_288.jpg,288,2.96825071,0.713925119,3.10230551,1.036185438
"a beautiful painting of old golden samovars of russian empire, close-up, blurred detail, abstract style",midjourney_normal_288.jpg,288,2.903508628,1.168859904,3.374870467,0.505269732
"a beautiful painting of old golden samovars of russian empire, close-up, blurred detail, abstract style",sd1.5_highcorr_288.jpg,288,1.750409116,0.348306235,2.474162417,1.02075112
"a beautiful painting of old golden samovars of russian empire, close-up, blurred detail, abstract style",sd1.5_lowcorr_288.jpg,288,2.196265106,0.554196102,3.054879367,0.637238784
"a beautiful painting of old golden samovars of russian empire, close-up, blurred detail, abstract style",sd1.5_lowstep_288.jpg,288,2.632073999,0.63039679,3.238617735,0.397711603
"a beautiful painting of old golden samovars of russian empire, close-up, blurred detail, abstract style",sd1.5_normal_288.jpg,288,2.760431848,1.167021667,3.238617735,0.751991116
"a beautiful painting of old golden samovars of russian empire, close-up, blurred detail, abstract style",xl2.2_normal_288.jpg,288,2.746169865,0.574004782,3.116693004,0.400244343
"portrait photo of a scientist deformed by some unknown disease, close-up, hyper detail, baroque style",AttnGAN_normal_289.jpg,289,0.0,0.147340472,0.058708113,0.366031465
"portrait photo of a scientist deformed by some unknown disease, close-up, hyper detail, baroque style",DALLE2_normal_289.jpg,289,3.075586915,0.362630975,3.491984103,0.297770146
"portrait photo of a scientist deformed by some unknown disease, close-up, hyper detail, baroque style",glide_normal_289.jpg,289,1.098613732,0.800392431,1.221288303,0.492102123
"portrait photo of a scientist deformed by some unknown disease, close-up, hyper detail, baroque style",midjourney_lowstep_289.jpg,289,2.260001775,0.474919439,2.745874276,0.667943627
"portrait photo of a scientist deformed by some unknown disease, close-up, hyper detail, baroque style",midjourney_normal_289.jpg,289,3.659493494,0.43388243,3.514248281,1.197813396
"portrait photo of a scientist deformed by some unknown disease, close-up, hyper detail, baroque style",sd1.5_highcorr_289.jpg,289,2.518838781,0.675330189,3.336134858,0.36955383
"portrait photo of a scientist deformed by some unknown disease, close-up, hyper detail, baroque style",sd1.5_lowcorr_289.jpg,289,1.759312513,0.439775474,2.919903841,0.524070042
"portrait photo of a scientist deformed by some unknown disease, close-up, hyper detail, baroque style",sd1.5_lowstep_289.jpg,289,3.283005153,0.429840002,3.351167422,0.924827792
"portrait photo of a scientist deformed by some unknown disease, close-up, hyper detail, baroque style",sd1.5_normal_289.jpg,289,2.541261946,0.604389513,2.734888268,1.380870451
"portrait photo of a scientist deformed by some unknown disease, close-up, hyper detail, baroque style",xl2.2_normal_289.jpg,289,3.375915916,0.759548979,2.805902798,0.94027454
"a portrait of girl chronomancer glass jewelry padlocks fantasy, long-shot, blurred detail, anime style",AttnGAN_normal_290.jpg,290,0.799027902,0.675947693,0.933456892,0.823621575
"a portrait of girl chronomancer glass jewelry padlocks fantasy, long-shot, blurred detail, anime style",DALLE2_normal_290.jpg,290,3.193169444,0.571747889,2.874303424,0.381851833
"a portrait of girl chronomancer glass jewelry padlocks fantasy, long-shot, blurred detail, anime style",glide_normal_290.jpg,290,1.899886722,0.581588218,1.289688929,1.004037435
"a portrait of girl chronomancer glass jewelry padlocks fantasy, long-shot, blurred detail, anime style",midjourney_lowstep_290.jpg,290,3.108728168,0.54739633,2.653231999,0.864149938
"a portrait of girl chronomancer glass jewelry padlocks fantasy, long-shot, blurred detail, anime style",midjourney_normal_290.jpg,290,4.149074065,0.302639199,2.954104154,0.637186347
"a portrait of girl chronomancer glass jewelry padlocks fantasy, long-shot, blurred detail, anime style",sd1.5_highcorr_290.jpg,290,1.962090647,0.147514603,2.723869967,0.682214369
"a portrait of girl chronomancer glass jewelry padlocks fantasy, long-shot, blurred detail, anime style",sd1.5_lowcorr_290.jpg,290,2.558511788,0.82748482,2.213421291,0.877630278
"a portrait of girl chronomancer glass jewelry padlocks fantasy, long-shot, blurred detail, anime style",sd1.5_lowstep_290.jpg,290,2.161765422,0.507516129,2.225272813,1.007181427
"a portrait of girl chronomancer glass jewelry padlocks fantasy, long-shot, blurred detail, anime style",sd1.5_normal_290.jpg,290,2.321609349,0.509909457,2.30429821,0.496500566
"a portrait of girl chronomancer glass jewelry padlocks fantasy, long-shot, blurred detail, anime style",xl2.2_normal_290.jpg,290,3.360750593,0.9856238,3.224813969,0.43067797
"oil painting portrait of anthropomorphic female green fox animal, long-shot, hyper detail, sci-fi style",AttnGAN_normal_291.jpg,291,1.133758058,0.710835617,0.753490226,0.92476458
"oil painting portrait of anthropomorphic female green fox animal, long-shot, hyper detail, sci-fi style",DALLE2_normal_291.jpg,291,2.628129896,0.875404836,2.36794927,0.813282345
"oil painting portrait of anthropomorphic female green fox animal, long-shot, hyper detail, sci-fi style",glide_normal_291.jpg,291,1.816768581,0.61724461,2.166015202,0.787201407
"oil painting portrait of anthropomorphic female green fox animal, long-shot, hyper detail, sci-fi style",midjourney_lowstep_291.jpg,291,2.844740127,0.279359227,3.046700546,0.517116539
"oil painting portrait of anthropomorphic female green fox animal, long-shot, hyper detail, sci-fi style",midjourney_normal_291.jpg,291,3.915652487,0.297851951,3.762894082,0.554082591
"oil painting portrait of anthropomorphic female green fox animal, long-shot, hyper detail, sci-fi style",sd1.5_highcorr_291.jpg,291,2.883906185,0.554387059,2.86290332,0.565141121
"oil painting portrait of anthropomorphic female green fox animal, long-shot, hyper detail, sci-fi style",sd1.5_lowcorr_291.jpg,291,3.045671512,0.555571682,3.189847843,0.615950628
"oil painting portrait of anthropomorphic female green fox animal, long-shot, hyper detail, sci-fi style",sd1.5_lowstep_291.jpg,291,2.687102292,0.478992916,2.817302903,0.58992336
"oil painting portrait of anthropomorphic female green fox animal, long-shot, hyper detail, sci-fi style",sd1.5_normal_291.jpg,291,2.957803829,0.462964858,3.011371163,0.767728922
"oil painting portrait of anthropomorphic female green fox animal, long-shot, hyper detail, sci-fi style",xl2.2_normal_291.jpg,291,3.238537588,0.610217418,3.10236099,0.716050342
"futuristic robot alien invasion award winning pixar movie poster , close-up, HDR lighting, abstract style",AttnGAN_normal_293.jpg,293,0.739960598,0.108312025,1.065188716,0.944952912
"futuristic robot alien invasion award winning pixar movie poster , close-up, HDR lighting, abstract style",DALLE2_normal_293.jpg,293,2.448923322,0.707424507,2.901806096,0.551114801
"futuristic robot alien invasion award winning pixar movie poster , close-up, HDR lighting, abstract style",glide_normal_293.jpg,293,0.950510119,0.504860565,2.175713114,1.066693456
"futuristic robot alien invasion award winning pixar movie poster , close-up, HDR lighting, abstract style",midjourney_lowstep_293.jpg,293,2.274412771,0.707691444,2.579152811,1.044644798
"futuristic robot alien invasion award winning pixar movie poster , close-up, HDR lighting, abstract style",midjourney_normal_293.jpg,293,3.347801074,0.504889847,3.056705093,0.728562281
"futuristic robot alien invasion award winning pixar movie poster , close-up, HDR lighting, abstract style",sd1.5_highcorr_293.jpg,293,3.124885569,0.59022201,3.483126252,0.689502114
"futuristic robot alien invasion award winning pixar movie poster , close-up, HDR lighting, abstract style",sd1.5_lowcorr_293.jpg,293,2.508658847,0.218494491,3.001128296,0.190016423
"futuristic robot alien invasion award winning pixar movie poster , close-up, HDR lighting, abstract style",sd1.5_lowstep_293.jpg,293,3.091620808,0.881929566,3.022343767,0.541225371
"futuristic robot alien invasion award winning pixar movie poster , close-up, HDR lighting, abstract style",sd1.5_normal_293.jpg,293,3.374329815,0.462911252,3.124625168,0.437349893
"futuristic robot alien invasion award winning pixar movie poster , close-up, HDR lighting, abstract style",xl2.2_normal_293.jpg,293,3.369254363,0.789161621,3.149691545,0.554060621
"anthropomorphic thresher shark in knight armor dropping his sword, long-shot, soft lighting, baroque style",AttnGAN_normal_294.jpg,294,1.284080589,0.591957485,0.940192641,0.798981189
"anthropomorphic thresher shark in knight armor dropping his sword, long-shot, soft lighting, baroque style",DALLE2_normal_294.jpg,294,2.806879489,0.665417506,2.557728222,0.9408609
"anthropomorphic thresher shark in knight armor dropping his sword, long-shot, soft lighting, baroque style",glide_normal_294.jpg,294,0.592546579,0.295492721,0.753884027,0.451993821
"anthropomorphic thresher shark in knight armor dropping his sword, long-shot, soft lighting, baroque style",midjourney_lowstep_294.jpg,294,2.36946733,0.611238728,2.245190143,0.968686776
"anthropomorphic thresher shark in knight armor dropping his sword, long-shot, soft lighting, baroque style",midjourney_normal_294.jpg,294,3.49654282,0.50897489,2.623681166,1.022421646
"anthropomorphic thresher shark in knight armor dropping his sword, long-shot, soft lighting, baroque style",sd1.5_highcorr_294.jpg,294,0.421466604,0.390556335,0.726968261,0.644587367
"anthropomorphic thresher shark in knight armor dropping his sword, long-shot, soft lighting, baroque style",sd1.5_lowcorr_294.jpg,294,2.939794687,0.407814067,2.857455034,0.691340478
"anthropomorphic thresher shark in knight armor dropping his sword, long-shot, soft lighting, baroque style",sd1.5_lowstep_294.jpg,294,2.94583763,0.619832215,2.592416657,1.041752404
"anthropomorphic thresher shark in knight armor dropping his sword, long-shot, soft lighting, baroque style",sd1.5_normal_294.jpg,294,3.024257523,0.976001705,2.663779134,0.957120085
"anthropomorphic thresher shark in knight armor dropping his sword, long-shot, soft lighting, baroque style",xl2.2_normal_294.jpg,294,2.926215464,0.542030647,2.222925965,0.9030852
"depressed people standing around an hourglass with little sand left, long-shot, HDR lighting, anime style",AttnGAN_normal_295.jpg,295,0.427638474,0.384060919,0.642169337,0.637960568
"depressed people standing around an hourglass with little sand left, long-shot, HDR lighting, anime style",DALLE2_normal_295.jpg,295,2.66201084,0.723210317,3.043027845,0.660339819
"depressed people standing around an hourglass with little sand left, long-shot, HDR lighting, anime style",glide_normal_295.jpg,295,0.421466604,0.309536446,0.409963958,0.485767621
"depressed people standing around an hourglass with little sand left, long-shot, HDR lighting, anime style",midjourney_lowstep_295.jpg,295,2.419055559,0.367332277,2.454856195,0.551491933
"depressed people standing around an hourglass with little sand left, long-shot, HDR lighting, anime style",midjourney_normal_295.jpg,295,3.440761714,0.681985631,2.665169971,0.628040226
"depressed people standing around an hourglass with little sand left, long-shot, HDR lighting, anime style",sd1.5_highcorr_295.jpg,295,3.373697126,0.59252096,3.153270423,0.886623351
"depressed people standing around an hourglass with little sand left, long-shot, HDR lighting, anime style",sd1.5_lowcorr_295.jpg,295,2.243369394,0.525496438,2.324587432,0.709179865
"depressed people standing around an hourglass with little sand left, long-shot, HDR lighting, anime style",sd1.5_lowstep_295.jpg,295,3.244560073,0.468803669,1.662380313,0.661853118
"depressed people standing around an hourglass with little sand left, long-shot, HDR lighting, anime style",sd1.5_normal_295.jpg,295,2.520123245,0.496732445,2.880053469,0.885608617
"depressed people standing around an hourglass with little sand left, long-shot, HDR lighting, anime style",xl2.2_normal_295.jpg,295,3.093635734,0.480556905,3.488890048,0.522171221
"bloodborne werewolf howling in yharnam with full moon in background, blurred detail, soft lighting, sci-fi style",AttnGAN_normal_296.jpg,296,0.902911271,0.483214786,0.976132005,1.016941531
"bloodborne werewolf howling in yharnam with full moon in background, blurred detail, soft lighting, sci-fi style",DALLE2_normal_296.jpg,296,3.415067484,0.742498814,3.614437081,0.437080164
"bloodborne werewolf howling in yharnam with full moon in background, blurred detail, soft lighting, sci-fi style",glide_normal_296.jpg,296,0.979308463,0.713858429,0.428796637,0.567432135
"bloodborne werewolf howling in yharnam with full moon in background, blurred detail, soft lighting, sci-fi style",midjourney_lowstep_296.jpg,296,1.744823083,0.776497778,2.90198339,0.907259856
"bloodborne werewolf howling in yharnam with full moon in background, blurred detail, soft lighting, sci-fi style",midjourney_normal_296.jpg,296,4.072931267,0.884361653,3.219821975,0.642805388
"bloodborne werewolf howling in yharnam with full moon in background, blurred detail, soft lighting, sci-fi style",sd1.5_highcorr_296.jpg,296,3.061212451,0.892236846,3.013543571,0.468737195
"bloodborne werewolf howling in yharnam with full moon in background, blurred detail, soft lighting, sci-fi style",sd1.5_lowcorr_296.jpg,296,3.316649193,0.365821446,3.323965048,0.392144136
"bloodborne werewolf howling in yharnam with full moon in background, blurred detail, soft lighting, sci-fi style",sd1.5_lowstep_296.jpg,296,3.357738899,0.937410053,3.483126252,0.460716616
"bloodborne werewolf howling in yharnam with full moon in background, blurred detail, soft lighting, sci-fi style",sd1.5_normal_296.jpg,296,3.923719599,0.488960852,3.094936968,1.029947899
"bloodborne werewolf howling in yharnam with full moon in background, blurred detail, soft lighting, sci-fi style",xl2.2_normal_296.jpg,296,3.25960126,0.530618658,3.055730638,1.248363527
"cute fluffy baby cheetah lion hybrid mixed creature character concept, blurred detail, HDR lighting, realistic style",AttnGAN_normal_297.jpg,297,1.023275848,0.644284288,0.743832537,0.854635933
"cute fluffy baby cheetah lion hybrid mixed creature character concept, blurred detail, HDR lighting, realistic style",DALLE2_normal_297.jpg,297,3.016410807,0.479175161,3.001128296,0.48642268
"cute fluffy baby cheetah lion hybrid mixed creature character concept, blurred detail, HDR lighting, realistic style",glide_normal_297.jpg,297,1.780593984,0.404588036,2.760673748,0.744259743
"cute fluffy baby cheetah lion hybrid mixed creature character concept, blurred detail, HDR lighting, realistic style",midjourney_lowstep_297.jpg,297,2.827676501,0.346735676,3.375908012,0.682348558
"cute fluffy baby cheetah lion hybrid mixed creature character concept, blurred detail, HDR lighting, realistic style",midjourney_normal_297.jpg,297,3.306433702,0.686359867,3.235946058,0.682740129
"cute fluffy baby cheetah lion hybrid mixed creature character concept, blurred detail, HDR lighting, realistic style",sd1.5_highcorr_297.jpg,297,2.210104633,0.72110922,2.508900426,1.028168339
"cute fluffy baby cheetah lion hybrid mixed creature character concept, blurred detail, HDR lighting, realistic style",sd1.5_lowcorr_297.jpg,297,2.851759102,0.819932129,3.351167422,0.514653534
"cute fluffy baby cheetah lion hybrid mixed creature character concept, blurred detail, HDR lighting, realistic style",sd1.5_lowstep_297.jpg,297,2.65898745,0.799456869,2.874303424,1.211120302
"cute fluffy baby cheetah lion hybrid mixed creature character concept, blurred detail, HDR lighting, realistic style",sd1.5_normal_297.jpg,297,2.996365552,0.689686281,3.273307074,0.800394186
"cute fluffy baby cheetah lion hybrid mixed creature character concept, blurred detail, HDR lighting, realistic style",xl2.2_normal_297.jpg,297,3.174029361,0.760292768,3.10450053,0.523543539
"photoreal portrait very intricate darkwar hunter wearing a black hoody, hyper detail, soft lighting, abstract style",AttnGAN_normal_298.jpg,298,0.929411321,0.719773315,0.942239977,0.591814476
"photoreal portrait very intricate darkwar hunter wearing a black hoody, hyper detail, soft lighting, abstract style",DALLE2_normal_298.jpg,298,3.428646707,0.570940011,3.603304992,0.405650554
"photoreal portrait very intricate darkwar hunter wearing a black hoody, hyper detail, soft lighting, abstract style",glide_normal_298.jpg,298,0.319004692,0.263699105,0.564244714,0.673060845
"photoreal portrait very intricate darkwar hunter wearing a black hoody, hyper detail, soft lighting, abstract style",midjourney_lowstep_298.jpg,298,2.565400547,0.62587957,2.689045915,0.72766169
"photoreal portrait very intricate darkwar hunter wearing a black hoody, hyper detail, soft lighting, abstract style",midjourney_normal_298.jpg,298,3.730246705,0.357019202,3.543429565,0.400029237
"photoreal portrait very intricate darkwar hunter wearing a black hoody, hyper detail, soft lighting, abstract style",sd1.5_highcorr_298.jpg,298,3.421003889,0.453035157,3.469682644,0.618666113
"photoreal portrait very intricate darkwar hunter wearing a black hoody, hyper detail, soft lighting, abstract style",sd1.5_lowcorr_298.jpg,298,3.472753415,0.909066086,2.995621756,0.518030745
"photoreal portrait very intricate darkwar hunter wearing a black hoody, hyper detail, soft lighting, abstract style",sd1.5_lowstep_298.jpg,298,2.941741401,0.709892306,3.274264347,0.547597688
"photoreal portrait very intricate darkwar hunter wearing a black hoody, hyper detail, soft lighting, abstract style",sd1.5_normal_298.jpg,298,3.007007681,0.689519014,3.457831122,0.635904226
"photoreal portrait very intricate darkwar hunter wearing a black hoody, hyper detail, soft lighting, abstract style",xl2.2_normal_298.jpg,298,3.903999466,0.650025767,3.789673744,0.623151544
"beautiful fluffy baby giraffe cheetah hybrid mixed creature character concept, hyper detail, HDR lighting, baroque style",AttnGAN_normal_299.jpg,299,0.943982102,0.459595813,1.244088511,0.971761684
"beautiful fluffy baby giraffe cheetah hybrid mixed creature character concept, hyper detail, HDR lighting, baroque style",DALLE2_normal_299.jpg,299,2.450942667,0.687942687,2.824058767,0.508440442
"beautiful fluffy baby giraffe cheetah hybrid mixed creature character concept, hyper detail, HDR lighting, baroque style",glide_normal_299.jpg,299,1.101434458,0.596883812,2.31896878,0.627912954
"beautiful fluffy baby giraffe cheetah hybrid mixed creature character concept, hyper detail, HDR lighting, baroque style",midjourney_lowstep_299.jpg,299,3.231255627,0.573365997,3.031176323,1.108686787
"beautiful fluffy baby giraffe cheetah hybrid mixed creature character concept, hyper detail, HDR lighting, baroque style",midjourney_normal_299.jpg,299,3.559002625,0.566487591,3.434128078,0.538081589
"beautiful fluffy baby giraffe cheetah hybrid mixed creature character concept, hyper detail, HDR lighting, baroque style",sd1.5_highcorr_299.jpg,299,2.573155672,0.560483283,3.068964724,1.095676498
"beautiful fluffy baby giraffe cheetah hybrid mixed creature character concept, hyper detail, HDR lighting, baroque style",sd1.5_lowcorr_299.jpg,299,2.261262436,0.825919496,2.165680096,0.958479591
"beautiful fluffy baby giraffe cheetah hybrid mixed creature character concept, hyper detail, HDR lighting, baroque style",sd1.5_lowstep_299.jpg,299,2.729274555,0.74151874,3.011104675,0.645455975
"beautiful fluffy baby giraffe cheetah hybrid mixed creature character concept, hyper detail, HDR lighting, baroque style",sd1.5_normal_299.jpg,299,2.517978134,0.716384797,2.994768272,0.375299158
"beautiful fluffy baby giraffe cheetah hybrid mixed creature character concept, hyper detail, HDR lighting, baroque style",xl2.2_normal_299.jpg,299,3.60083465,0.486499893,3.467108847,0.549443718
