prompt,image_name,index,quality_score,generated_answer
"bird, driving aircraft, city, anime style",deepai_0_0_0_0.jpg,0,2.7934105045636524,A stylized illustration shows a distorted airplane cockpit and wing structure. Instrument panels exhibit malformed gauges and structurally incoherent control layouts. Flat textures and meaningless pseudo-details dominate the dashboard surfaces.
"bird, driving aircraft, city, realistic style",deepai_0_0_0_1.jpg,0,4.159969360254004,"Two futuristic gliders fly over a sprawling urban highway network at sunset. The subjects exhibit malformed fuselage structures and fused, indistinct canopy regions. Surfaces appear waxy with softened edges and repetitive background textures."
"bird, driving aircraft, wild, anime style",deepai_0_0_1_0.jpg,0,3.4862347848568365,A stylized black jet flies through a cloudy sky in a digital illustration. The aircraft's wings and tail exhibit significant geometric distortion and fusion. Textures appear flat with simplified shading and weak edge definition.
"bird, driving aircraft, wild, realistic style",deepai_0_0_1_1.jpg,0,2.4619764561843307,A monochromatic sketch depicts a distorted airplane from a high angle on a plain background. The aircraft subject suffers from severe structural warping and unnatural component fusion. Surfaces show flat pseudo-textures and softened edge definition.
"bird, driving bike, city, anime style",deepai_0_1_0_0.jpg,1,2.6468698299611035,"An anime illustration shows a purple-haired person riding a bicycle in a city. The subject features malformed hands, fused digits, and a distorted bicycle frame. Background textures exhibit repetitive patterns and subtle melting effects."
"bird, driving bike, city, realistic style",deepai_0_1_0_1.jpg,1,2.685595472540848,A black bird silhouette rests on a bicycle against a scratched gray background. The bicycle frame is warped with fused handlebars and a broken drivetrain. Repetitive textures and inconsistent white outlines affect the visual field.
"bird, driving bike, wild, anime style",deepai_0_1_1_0.jpg,1,2.751209997568689,"An anime-style drawing shows a winged character riding a bicycle against a dark background. The figure suffers from distorted hands, facial asymmetry, and a malformed bicycle structure. Sketchy linework shows inconsistent weights and lacks precise edge clarity."
"bird, driving bike, wild, realistic style",deepai_0_1_1_1.jpg,1,2.915541194578608,A stylized illustration depicts a dark bird perched on a vintage bicycle. The bird's body fuses with the frame and its feet lack anatomical plausibility. Flat textures and repetitive spokes degrade the visual fidelity.
"bird, using laptop, city, anime style",deepai_0_10_0_0.jpg,2,2.315683428435662,"An anime-style illustration shows a red-haired man at a desk before a city. The subject has significant anatomical distortion, particularly in the malformed hands and legs. Outlines are inconsistent and textures appear flat and repetitive."
"bird, using laptop, city, anime style",dreamStudio_0_5_0_0.jpg,2,1.1021340460391404,A blurry digital image shows a desk with a monitor and an indistinct shape. The central subject is structurally ambiguous and lacks discernible geometric details. Extreme global blurring flattens textures and obscures sharp boundaries.
"bird, using laptop, city, realistic style",deepai_0_10_0_1.jpg,2,2.814587340886721,"A red-headed bird stands by a laptop in a digital painting style. The bird's feet are malformed and the laptop keyboard shows fused, illegible patterns. Textures appear waxy with softened edges and inconsistent details."
"bird, using laptop, city, realistic style",dreamStudio_0_5_0_1.jpg,2,1.426088795637163,A rear view of a seated man against a plain beige wall. The subject's silhouette is recognizable despite lacking detailed anatomical structure. Extreme oversmoothing results in flat textures and completely softened edges.
"bird, using laptop, wild, anime style",deepai_0_10_1_0.jpg,2,2.7142423173161987,A stylized red bird stands on a laptop against a vibrant background. The bird's head features confusing markings and its tail appears structurally disjointed. Textures appear waxy and the background shows noticeable digital grain.
"bird, using laptop, wild, anime style",dreamStudio_0_5_1_0.jpg,2,1.163358572808168,A stylized colorful bird stands centered against a plain blurred background. The bird's structure is coherent despite its simplified limbs and banded plumage. Significant blurring and pseudo-texture artifacts reduce overall clarity.
"bird, using laptop, wild, realistic style",deepai_0_10_1_1.jpg,2,2.878534379783441,"A stylized green bird perches on a red device before a split background. The bird is mostly plausible, but its feet and leg junctions appear distorted. Surfaces exhibit a smooth, painterly texture lacking fine granular detail."
"bird, using laptop, wild, realistic style",dreamStudio_0_5_1_1.jpg,2,1.679159866381535,A small red bird stands on a heavily blurred textured background. The subject is recognizable but has fused wing feathers and simplified anatomy. The image suffers from significant global blur and a pervasive grainy texture.
"bird, wearing coat, city, anime style",deepai_0_12_0_0.jpg,4,2.4569882665449083,A stylized cloaked figure stands centered against a dense grayscale cityscape. The subject is a simplified silhouette with malformed stick-like limbs and a detached outline. Background architecture features repetitive textures and inconsistent geometric linework.
"bird, wearing coat, city, anime style",dreamStudio_0_7_0_0.jpg,4,1.5750448697514068,"A small bird perches on a rail against a soft, neutral background. The subject's form is recognizable but obscured by extreme blurring. Heavy blur and graininess hide all fine textural details."
"bird, wearing coat, city, realistic style",deepai_0_12_0_1.jpg,4,3.2262158782300103,"A stylized digital painting of a bird on a ledge before a skyline. The bird's anatomy is mostly coherent, though the limbs and crest look unnatural. Flat textures show softened feather details and repetitive background patterns."
"bird, wearing coat, city, realistic style",dreamStudio_0_7_0_1.jpg,4,1.2790566945412811,"A close-up of a blurry, white, seal-like animal against a soft background. The subject's facial features are severely malformed and fused into an unreadable mass. Heavy global blur eliminates texture and sharpness throughout the image."
"bird, wearing coat, wild, anime style",deepai_0_12_1_0.jpg,4,3.602957099994629,"A colorful illustrated bird perches on a branch against a purple background. The subject shows coherent anatomy, but feet and tail regions appear structurally tangled. Waxy textures and harsh outlines characterize the overall perceptual quality."
"bird, wearing coat, wild, anime style",dreamStudio_0_7_1_0.jpg,4,2.0795965215087566,A digital painting shows a stylized bird on a branch against a neutral background. The subject displays unnatural plumage transitions and poorly integrated limbs. Global textures appear waxy and oversmoothed with softened edges.
"bird, wearing coat, wild, realistic style",deepai_0_12_1_1.jpg,4,3.367134900737525,A stylized illustration depicts two birds on a branch against a green background. Both subjects maintain stable anatomy and clear semantic readability despite artistic stylization. Smooth rendering provides consistent textures without visible artifacts.
"bird, wearing coat, wild, realistic style",dreamStudio_0_7_1_1.jpg,4,2.062763773204901,A digital illustration of a plump bird on a plain green background. The subject has malformed feet with extra toes and a rounded body. Surfaces show waxy oversmoothing with flattened textures and softened edges.
"bird, having hamburger, city, anime style",deepai_0_3_0_0.jpg,8,2.856459173900621,A cartoon character with a burger for a head stands against a cloudy sky. The burger head features malformed layers and nonsensical surface scribbles. Thick outlines and flat textures show no dominant local artifact.
"bird, having hamburger, city, realistic style",deepai_0_3_0_1.jpg,8,3.3751293125081734,A stylized digital illustration depicts a large hamburger and a black bird. The burger's layered structure appears fused with indistinct component boundaries. Waxy surfaces show pseudo-details and inconsistent edge definition.
"bird, having hamburger, wild, anime style",deepai_0_3_1_0.jpg,8,3.356771852987784,A vibrant cartoon illustration shows a personified hamburger on a white plate. The subject is structurally coherent and clearly readable as a stylized character. Textures display slight waxiness and repetitive patterns in the background.
"bird, having hamburger, wild, realistic style",deepai_0_3_1_1.jpg,8,2.9154277029880813,"A cartoon illustration shows a gray bird on a hamburger against a green background. The bird is clear, though its legs are thin and fused to the bun. Shading appears waxy with inconsistent pseudo-details."
"bird, having icecream, city, anime style",deepai_0_4_0_0.jpg,9,2.959615092414733,A stylized illustration shows a girl eating dessert on a city street. The subject has malformed hands and unnatural limb proportions. Background textures are flat with unreadable symbolic details.
"bird, having icecream, city, realistic style",deepai_0_4_0_1.jpg,9,2.4629856966610832,A cartoon illustration shows a person in profile feeding a bird. The subject's face and hand are distorted at the mouth and bird contact point. Inconsistent outlines and splatter textures appear on the edges.
"bird, having icecream, wild, anime style",deepai_0_4_1_0.jpg,9,2.3303215732235967,"A blonde anime girl holds an ice cream cup against green leaves. The subject exhibits facial asymmetry and simplified, fused finger anatomy. Skin textures appear overly smooth with a characteristic waxy finish."
"bird, having icecream, wild, realistic style",deepai_0_4_1_1.jpg,9,2.933034641526733,A four-panel grid shows stylized colorful birds on perches in pop-art style. Bird subjects maintain consistent simplified anatomy and clear semantic readability. Intentional grainy textures and bold outlines characterize the flat color fills.
"bird, having pizza, city, anime style",deepai_0_5_0_0.jpg,10,2.53781285,"A cartoon bird holds a pizza in front of warped city buildings. The foreground subject is coherent, while background structures exhibit melting and fusion. Crisp outlines and flat colors dominate the visual field."
"bird, having pizza, city, anime style",dreamStudio_0_0_0_0.jpg,10,2.1342476098301777,"A photorealistic top-down view shows a sliced pepperoni pizza inside a white box. The pizza structure is coherent, though some pepperoni slices appear malformed or fused. Surface textures display a waxy smoothness with softened edge definitions."
"bird, having pizza, city, realistic style",deepai_0_5_0_1.jpg,10,1.987828400909992,A cropped cartoon character holds pizza slices against a simple city skyline. The stylized subject maintains plausible structure and clear semantic readability despite framing. Sharp outlines and flat colors show no dominant local artifact.
"bird, having pizza, city, realistic style",dreamStudio_0_0_0_1.jpg,10,3.116442702987173,"A small bird sits atop a pepperoni pizza within a soft-focus frame. The bird's body merges unnaturally with the pizza, lacking plausible physical separation. Global textures appear waxy and oversmoothed with softened edge definition."
"bird, having pizza, wild, anime style",deepai_0_5_1_0.jpg,10,2.826682958729372,A cartoon pink bird holds a pizza in a minimalist outdoor scene. The character's anatomy is simplified but remains structurally coherent and readable. Bold outlines frame flat colors with subtle background texture repetition.
"bird, having pizza, wild, anime style",dreamStudio_0_0_1_0.jpg,10,1.929463428846132,A soft-focus image depicts a black silhouette atop a pizza slice. The central silhouette is structurally malformed and semantically unreadable. Extreme blur and oversmoothing flatten all visible texture and detail.
"bird, having pizza, wild, realistic style",deepai_0_5_1_1.jpg,10,2.1142921380537385,"A cartoon crop features pizza slices and a red curved object on a plain background. The red shape is ambiguous, and toppings display inconsistent colors across slices. Outlines show slight aliasing and internal areas lack texture."
"bird, having pizza, wild, realistic style",dreamStudio_0_0_1_1.jpg,10,2.3128865714848006,"A close-up shows two slices of pizza on a plain surface. The main slice exhibits severe distortion as fused toppings form a malformed face. Heavy grain, oversaturation, and blur degrade texture clarity."
"bird, playing baseball, city, anime style",deepai_0_6_0_0.jpg,11,2.8894452529900434,"A cartoon baseball player stands on a field before a colorful scoreboard. The player's structure is stable, though the gloved hand appears slightly fused. Background text is unreadable and textures show noticeable grainy noise."
"bird, playing baseball, city, anime style",dreamStudio_0_1_0_0.jpg,11,2.1137625359283225,A digital painting depicts an anthropomorphic bird in a baseball uniform. The hybrid anatomy is structurally distorted with malformed limbs and awkward object contact. Global oversmoothing flattens textures while heavy noise obscures fine details.
"bird, playing baseball, city, realistic style",deepai_0_6_0_1.jpg,11,2.4520555123639878,A stylized illustration shows a baseball player swinging a bat against a city skyline. The subject's hands are malformed into a fused mass with distorted limb geometry. Background textures show repetitive hatching and the ground is oversmoothed.
"bird, playing baseball, city, realistic style",dreamStudio_0_1_0_1.jpg,11,1.912454429555248,A painterly image shows a baseball player in a batting stance. The subject has malformed anatomy with fused hands and a blurry face. Extreme oversmoothing results in flat textures and lost edge definition.
"bird, playing baseball, wild, anime style",deepai_0_6_1_0.jpg,11,2.8790570773634823,A stylized cartoon bird stands in profile near a baseball. The subject displays malformed feet and unreadable text on the ball. Flat textures and a halftone pattern lack detail.
"bird, playing baseball, wild, anime style",dreamStudio_0_1_1_0.jpg,11,1.5149363927456443,A stylized dark bird silhouette stands on a plain textured background. The bird's beak is malformed with an extra protrusion and limbs lack detail. Heavy smoothing and pervasive grainy noise obscure fine details.
"bird, playing baseball, wild, realistic style",deepai_0_6_1_1.jpg,11,1.698700921136731,A stylized blue bird stands in profile on a dotted beige background. The subject is recognizable but exhibits malformed feet and stray neck artifacts. Flat textures and repetitive patterns reduce perceived detail.
"bird, playing baseball, wild, realistic style",dreamStudio_0_1_1_1.jpg,11,1.806856415282595,A softly rendered bird stands against a blurred warm-toned background. The bird's anatomy is recognizable but lacks defined edges and feather texture. Global oversmoothing and weak detail definition affect the entire image.
"bird, playing football, city, anime style",deepai_0_7_0_0.jpg,12,2.738010958749252,A stylized anime illustration shows children running on a vibrant sports field. The central figure exhibits simplified anatomy and distorted limb proportions. Ground surfaces display flat textures and inconsistent local smudging artifacts.
"bird, playing football, city, anime style",dreamStudio_0_2_0_0.jpg,12,1.3983363961593775,A dark blurry bird silhouette appears on a plain light background. The subject's structure is malformed with fused limbs and lacks detail. Global oversmoothing removes all textures and softens every boundary.
"bird, playing football, city, realistic style",deepai_0_7_0_1.jpg,12,3.0942994650339286,"A stylized blue bird holds an American football against a red background. The subject is structurally stable, though the grip and logo show minor distortions. Surfaces appear waxy with some repetitive background pseudo-detail."
"bird, playing football, city, realistic style",dreamStudio_0_2_0_1.jpg,12,1.9684211563162408,A digital painting shows a running athlete in a striped jersey on a blurred field. The athlete's face and hand appear malformed and structurally unstable. Oversmoothing causes flat textures and poorly defined edges everywhere.
"bird, playing football, wild, anime style",deepai_0_7_1_0.jpg,12,2.957250257837281,"An anime illustration shows a boy running with a soccer ball against an abstract background. The subject is coherent, though the hands appear slightly malformed and the pose is rigid. Textures show mild oversmoothing and noticeable grainy noise."
"bird, playing football, wild, anime style",dreamStudio_0_2_1_0.jpg,12,1.6691116890861728,A stylized black and orange character stands against a plain background. The subject's extremities are blurred and lack clear anatomical definition. Global oversmoothing flattens textures and softens all edges.
"bird, playing football, wild, realistic style",deepai_0_7_1_1.jpg,12,3.0434524751507066,A digital illustration shows a colorful bird perched on a purple ball. The bird's anatomy remains coherent despite slightly fused and simplified foot digits. Heavy repetitive canvas texture flattens surface details throughout the image.
"bird, playing football, wild, realistic style",dreamStudio_0_2_1_1.jpg,12,1.6088162289597192,A black bird silhouette is centered on a plain gray background. The avian subject is severely warped with fused wings and a broken torso. Softened edges and flat textures reduce the overall perceptual clarity.
"bird, playing yoga, city, anime style",deepai_0_8_0_0.jpg,13,2.6334824596092368,A stylized orange bird flies before a teal-toned illustrated cityscape. The bird's anatomy is highly elongated with an implausibly long tail and wings. Background textures show repetitive window patterns with inconsistent geometric alignment.
"bird, playing yoga, city, anime style",dreamStudio_0_3_0_0.jpg,13,2.048431269760679,A woman practices yoga on a mat in a blurred city street. The subject's face is severely distorted and lacks any identifiable features. Global oversmoothing significantly flattens all textural details.
"bird, playing yoga, city, realistic style",deepai_0_8_0_1.jpg,13,2.909717951536864,"A stylized black bird stands on a city street in an illustrative style. The bird's body is clear, but its legs are malformed with fused digits. Prominent grain texture and softened edges affect overall clarity."
"bird, playing yoga, city, realistic style",dreamStudio_0_3_0_1.jpg,13,0.9663606481863166,A highly blurred silhouette of a person against a two-tone background. The figure exhibits severe limb elongation and lacks coherent anatomical structure. Heavy global blur obscures all fine details and edge definitions.
"bird, playing yoga, wild, anime style",deepai_0_8_1_0.jpg,13,2.4279722965847936,A stylized cartoon bird with long feathers on a green background. The subject has a malformed head and neck with fused anatomy. Textures appear flat and waxy with softened edge definition.
"bird, playing yoga, wild, anime style",dreamStudio_0_3_1_0.jpg,13,0.244374455,A heavily blurred figure occupies the center of a colorful gradient background. The subject's form is completely indistinct with no visible anatomical features. Extreme blur removes all texture and edge definition.
"bird, playing yoga, wild, realistic style",deepai_0_8_1_1.jpg,13,1.6631885099764177,"A cropped side-view illustration of a bird against a solid green background. The bird's wing anatomy is simplified with fused, ambiguous feather structures. Surfaces exhibit mild waxiness alongside inconsistent line weight and illegible pseudo-text."
"bird, playing yoga, wild, realistic style",dreamStudio_0_3_1_1.jpg,13,2.353584299,A centered 3D-rendered bird stands on a plain brown background. The subject maintains a coherent cartoon structure with readable facial features. Waxy textures and soft edges reduce perceived surface detail.
"bird, using CD, city, anime style",deepai_0_9_0_0.jpg,14,2.993216220561516,A stylized white bird on a red optical disc over a grey background. The bird anatomy is simplified while the printed text is illegible and distorted. The image displays flat color areas with minimal surface texture.
"bird, using CD, city, anime style",dreamStudio_0_4_0_0.jpg,14,0.3827219913437977,A heavily blurred figure occupies the center of a solid teal background. The subject is structurally illegible and lacks any recognizable human features. Severe global blur eliminates all fine details and sharp edges.
"bird, using CD, city, realistic style",deepai_0_9_0_1.jpg,14,3.963810088144627,A vibrant bird is centered against a textured urban skyline background. The subject maintains a stable structure with clear anatomical boundaries. Artificial grunge textures mask fine details and flatten spatial depth.
"bird, using CD, city, realistic style",dreamStudio_0_4_0_1.jpg,14,2.330297948369773,"A digital painting shows a stylized bird in profile on a green surface. The bird features malformed feet, fused tail feathers, and an unnatural head crest. Extreme blurring yields waxy textures and undefined edges."
"bird, using CD, wild, anime style",deepai_0_9_1_0.jpg,14,3.278513421292411,A stylized bird is centered in a vibrant circular illustrative frame. The subject remains recognizable though its wing structure appears fused and warped. Jagged outlines and flat pseudo-textures reduce overall perceptual clarity.
"bird, using CD, wild, anime style",dreamStudio_0_4_1_0.jpg,14,1.6921076470122591,"A black bird silhouette is framed by a textured beige background. The bird's body is clear, but its talons and perch are malformed lines. Grainy textures and smearing affect the background and lower edges."
"bird, using CD, wild, realistic style",deepai_0_9_1_1.jpg,14,1.8454857204806403,"A stylized colorful bird stands on a red surface against a purple background. The subject features a strangely textured wing and thin, unnatural leg structures. Visible background noise and inconsistent surface textures are present."
"bird, using CD, wild, realistic style",dreamStudio_0_4_1_1.jpg,14,1.454908089997902,A side-profile view of a black bird against a soft background. The subject is structurally coherent but lacks any sharp anatomical definition. Severe global oversmoothing removes texture and softens every boundary.
"cat, driving aircraft, city, anime style",deepai_1_0_0_0.jpg,15,2.539818504043601,An anime-style cat sits in the cockpit of an aircraft. The cockpit instruments are structurally malformed with unreadable displays and distorted dials. Textures appear flat with inconsistent lighting across the dashboard surface.
"cat, driving aircraft, city, realistic style",deepai_1_0_0_1.jpg,15,3.8156485844782906,An orange tabby cat sits in a cockpit with jets visible outside. The subject exhibits facial asymmetry and poorly defined paw anatomy. Fur appears waxy while background instruments show repetitive pseudo-details.
"cat, driving aircraft, wild, anime style",deepai_1_0_1_0.jpg,15,3.2830132385885658,A cartoon cat is positioned before a white airplane under a blue sky. The cat's face exhibits asymmetry and confusing markings near the mouth region. Bold outlines show minor irregularities while flat textures remain clean.
"cat, driving aircraft, wild, realistic style",deepai_1_0_1_1.jpg,15,3.919371546,"A tabby cat sits inside an airplane cockpit near the control panel. The feline structure is clear, though the front paw appears slightly malformed. Background details are blurred and fur texture shows minor repetition."
"cat, driving bike, city, anime style",deepai_1_1_0_0.jpg,16,2.705923805980506,An anime illustration depicts a cat and a person riding bicycles outdoors. The characters' limbs are fused to the bikes with malformed hands and joints. Edges exhibit aliasing and textures appear somewhat oversmoothed.
"cat, driving bike, city, realistic style",deepai_1_1_0_1.jpg,16,2.0356427853424925,A graphic silhouette shows a cat riding a bicycle on a textured background. The cat's torso and limbs are ambiguously fused with the bicycle frame. Heavy background grain and softened edges reduce the overall perceptual clarity.
"cat, driving bike, wild, anime style",deepai_1_1_1_0.jpg,16,2.438638069320326,An anime illustration shows a person riding an orange bicycle against a textured background. The character's limbs and bicycle frame exhibit significant structural distortion and joint fusion. Outlines show aliasing and textures lack fine-grained detail.
"cat, driving bike, wild, realistic style",deepai_1_1_1_1.jpg,16,2.745344671875632,A black cat rides a bicycle in a minimalist sketch style. The cat's anatomy is severely distorted and fused with the bicycle frame. Grainy textures and illegible pseudo-text degrade clarity.
"cat, using laptop, city, anime style",deepai_1_10_0_0.jpg,17,2.0465949943726742,"A vector-style orange cat looks out a window at a city skyline. The subject shape is clear, though the forelimb appears awkwardly fused to the neck. Distant buildings show flat textures and misplaced geometric details."
"cat, using laptop, city, anime style",dreamStudio_1_5_0_0.jpg,17,1.1158548062850675,A blurry close-up shows a black and white cat on a plain background. The subject's facial features are heavily smeared and lack clear definition. Heavy global blur flattens textures and obscures all edge definitions.
"cat, using laptop, city, realistic style",deepai_1_10_0_1.jpg,17,2.8099901339053663,A stylized black cat sits behind a laptop against a teal city skyline. The cat's face is distorted with oversized blank eyes and a malformed muzzle. Background textures exhibit repetitive patterns and lack sharp local detail.
"cat, using laptop, city, realistic style",dreamStudio_1_5_0_1.jpg,17,0.7627666391235025,"A blurry close-up shows a cat on a blue surface against an orange background. The subject's features are heavily smoothed into indistinct, structurally ambiguous shapes. Extreme global blur removes all texture and edge definition."
"cat, using laptop, wild, anime style",deepai_1_10_1_0.jpg,17,2.954689768213242,A photorealistic close-up of a tuxedo cat's face over a laptop keyboard. The feline subject is coherent but shows unnatural eyes and dense whiskers. Forehead fur contains visible swirling patterns and waxy texture smoothing.
"cat, using laptop, wild, anime style",dreamStudio_1_5_1_0.jpg,17,1.287783602972718,A close-up digital illustration shows a cat-like face with large yellow eyes. The subject features recognizable eyes but lacks coherent facial structure and fine detail. Heavy global blur and softened edges reduce clarity.
"cat, using laptop, wild, realistic style",deepai_1_10_1_1.jpg,17,2.304444393609687,A digitally rendered cat lies on a laptop against a simple background. The subject shows a jarring mismatch between its grey head and tan body. Textures appear waxy and lack sharp definition.
"cat, using laptop, wild, realistic style",dreamStudio_1_5_1_1.jpg,17,3.4125308142653084,A soft-focus portrait features a grey cat positioned behind a laptop screen. The feline subject remains recognizable despite softened and slightly warped facial features. Oversmoothing creates waxy textures and flattens detail.
"cat, using phone, city, anime style",deepai_1_11_0_0.jpg,18,2.531077588946309,A cartoon cat-headed figure holds a smartphone in a vibrant city alley. The character's hands show significant anatomical distortion with fused and misshapen fingers. Background architecture contains repetitive textures and nonsensical signage details.
"cat, using phone, city, anime style",dreamStudio_1_6_0_0.jpg,18,1.2385205261344656,A blurry side-profile silhouette of a sitting cat against a plain background. The cat's macro-anatomy remains structurally stable while lacking discernible internal features. Global blur flattens all surface textures and edge clarity.
"cat, using phone, city, realistic style",deepai_1_11_0_1.jpg,18,2.612890409161085,"A digital painting portrays an anthropomorphic cat standing on a city sidewalk. The central figure is clear, but the paw anatomy is malformed. Distant background elements suffer from heavy blur and loss of definition."
"cat, using phone, city, realistic style",dreamStudio_1_6_0_1.jpg,18,1.429493567774191,A blurry close-up shows an orange and white kitten looking downward. The cat's facial features are softened and lack clear structural definition. Extreme global blur eliminates all fine texture and edge clarity.
"cat, using phone, wild, anime style",deepai_1_11_1_0.jpg,18,1.976837057337133,"A stylized gray cartoon cat sits on a plain beige background. The subject features asymmetrical eyes and a simplified, rigid body structure. Red outlines are blurry and the image shows grainy noise."
"cat, using phone, wild, anime style",dreamStudio_1_6_1_0.jpg,18,1.5727667861184005,A blurry digital painting depicts an orange cat holding a small red card. The cat's structure is coherent except for a fused and malformed front paw. Heavy oversmoothing produces flat textures and indistinct edges everywhere.
"cat, using phone, wild, realistic style",deepai_1_11_1_1.jpg,18,2.18578275079978,A digital painting portrays a cat holding a smartphone in a close-up view. The cat's anatomy is distorted with human-like facial features and malformed forelimbs. Textures show mild waxiness and lack crisp local detail.
"cat, using phone, wild, realistic style",dreamStudio_1_6_1_1.jpg,18,1.8307420092003417,A digital painting portrays a stylized calico cat sitting before a colorful backdrop. The subject is readable but has asymmetric eyes and poorly defined paws. Heavy oversmoothing creates waxy textures and softens all image boundaries.
"cat, wearing hat, city, anime style",deepai_1_13_0_0.jpg,20,2.6603860955509213,"An illustrated anthropomorphic cat in a suit and red hat faces the viewer. The character's form is clear, but the necktie knot is malformed. Outlines display aliasing, and background details lack texture variation."
"cat, wearing hat, city, anime style",dreamStudio_1_8_0_0.jpg,20,2.007755271,A digital portrait shows a white cat in a black beret on a gray background. The subject's face contains unnatural markings that distort feline anatomy. Fur textures appear overly smoothed and lack fine detail.
"cat, wearing hat, city, realistic style",deepai_1_13_0_1.jpg,20,2.589072847313763,"A stylized cartoon cat lies before a nighttime urban building backdrop. The subject displays a readable face but malformed, looping limb structure. Flat textures and soft shading dominate the overall visual presentation."
"cat, wearing hat, city, realistic style",dreamStudio_1_8_0_1.jpg,20,2.123137965784728,"A digital painting depicts a close-up of a cat's head on a warm background. The feline subject is structurally stable with clear facial features. Fur textures appear overly smooth with a waxy, airbrushed quality."
"cat, wearing hat, wild, anime style",deepai_1_13_1_0.jpg,20,2.741523064759164,A photorealistic close-up depicts a cat wearing a black hat on a plain background. The feline subject maintains structurally plausible anatomy and clear semantic definition. Fur textures appear slightly softened with weak edge definition.
"cat, wearing hat, wild, anime style",dreamStudio_1_8_1_0.jpg,20,3.1625633557612045,A close-up portrait depicts a cat wearing a small top hat. The feline structure is stable though the hat shows slight fusion with fur. Global rendering displays soft focus and waxy surface textures.
"cat, wearing hat, wild, realistic style",deepai_1_13_1_1.jpg,20,2.727181921139759,A digital painting shows a tabby cat wearing a flat cap. The feline head structure is clear despite minor eye pupil inconsistencies. Surfaces show mild oversmoothing and waxy surface quality.
"cat, wearing hat, wild, realistic style",dreamStudio_1_8_1_1.jpg,20,1.6796354426785414,"A digital portrait shows a cat wearing a black hat on a plain background. The facial structure is coherent, but the body lacks clear structural definition. Heavy peripheral smoothing and texture loss reduce clarity."
"cat, wearing shirt, city, anime style",deepai_1_14_0_0.jpg,21,3.0169494844542943,"An anime-style character stands in a narrow urban alley under daylight. The subject's structure is stable, but facial details and shirt text lack semantic clarity. Distant background elements exhibit blurring and repetitive texture artifacts."
"cat, wearing shirt, city, anime style",dreamStudio_1_9_0_0.jpg,21,1.373026291,"A minimalist illustration features an orange cat on a textured grey background. The subject's anatomy is coherent, yet the black tail appears visually disjointed. Prominent background grain and soft edge definition lower the visual clarity."
"cat, wearing shirt, city, realistic style",deepai_1_14_0_1.jpg,21,3.0380151537521245,A digital painting shows a tabby cat in a grey jacket indoors. The subject remains coherent despite minor collar fusion and facial asymmetry. Textures appear waxy and background edges lack sharp definition.
"cat, wearing shirt, city, realistic style",dreamStudio_1_9_0_1.jpg,21,1.9689715408044348,A digital painting presents a frontal portrait of a tabby cat on a gray background. The subject displays coherent facial structure and high semantic readability without distortion. Fur surfaces appear overly smooth and lack fine-grained detail.
"cat, wearing shirt, wild, anime style",deepai_1_14_1_0.jpg,21,2.201607301562853,A photorealistic cat face is centered on a black long-sleeved shirt. The feline subject displays recognizable anatomy with slight asymmetry in the eyes. Fine fur details exhibit mild oversmoothing and a waxy surface quality.
"cat, wearing shirt, wild, anime style",dreamStudio_1_9_1_0.jpg,21,1.8309334121257936,"A stylized black cat with a tan chest faces forward on green. The subject exhibits severe structural distortion with a malformed, oversized torso region. Surfaces are flat and edges show subtle softening."
"cat, wearing shirt, wild, realistic style",deepai_1_14_1_1.jpg,21,3.962416274012608,A realistic close-up portrait of a tabby cat's head on a light background. Feline facial structure is coherent despite slight malformations in the inner ear. Fur textures show subtle oversmoothing and localized pseudo-detailing.
"cat, wearing shirt, wild, realistic style",dreamStudio_1_9_1_1.jpg,21,2.287012044295131,A stylized digital portrait of a dark-furred cat with large blue eyes. The subject features a malformed nose and unnaturally symmetrical facial features. Fur textures appear waxy with softened edge definition.
"cat, driving car, city, anime style",deepai_1_2_0_0.jpg,22,3.135996942865934,A cartoon cat sits in a car interior against a city skyline. The cat's anatomy is stylized yet structurally coherent and clearly readable. Background buildings show minor geometric simplification and repetitive patterns.
"cat, driving car, city, realistic style",deepai_1_2_0_1.jpg,22,3.2109579068295258,A photorealistic close-up of a cat sitting inside a car. The cat's face is clear but shows subtle fusion near the nose. Heavy oversmoothing results in flat textures and waxy surface details.
"cat, driving car, wild, anime style",deepai_1_2_1_0.jpg,22,2.919788543066456,A 2x2 grid displays four anime-style characters with cat ears. Subjects show significant anatomical failures including malformed hands and warped facial structures. Jagged edges and inconsistent textures reduce global perceptual clarity.
"cat, driving car, wild, realistic style",deepai_1_2_1_1.jpg,22,4.187626336861447,A photorealistic close-up depicts an orange tabby cat sitting in a car. The cat's face and paw show subtle anatomical distortions and unnatural fur. Sharp details reveal slightly waxy textures and heavy background blur.
"cat, having hamburger, city, anime style",deepai_1_3_0_0.jpg,23,2.308561794556081,A cartoon cat and a giant hamburger sit on a blue background. The cat's body is indistinct while the burger has distorted and fused layers. Thick outlines and flat fills result in a low-detail appearance.
"cat, having hamburger, city, realistic style",deepai_1_3_0_1.jpg,23,2.7631279543703786,Cartoon-style burgers and nuggets sit on a solid teal background. Subjects maintain stable shapes although the sign text is illegible. Sharp outlines and flat textures show no dominant local artifact.
"cat, having hamburger, wild, anime style",deepai_1_3_1_0.jpg,23,2.7721866529989785,An illustrated grey cat sits holding a plate with a hamburger. The cat's face and paw show significant anatomical distortion and posing errors. Repetitive textures and softened edges reduce overall clarity.
"cat, having hamburger, wild, realistic style",deepai_1_3_1_1.jpg,23,2.8816822315566872,A digital illustration features a white cat perched on a giant hamburger. The cat's simplified anatomy and the burger's components are structurally coherent. Bold outlines and flat colors hide minor background texture repetitions.
"cat, having icecream, city, anime style",deepai_1_4_0_0.jpg,24,2.914657314154924,An anime-style illustration depicts a brown-haired girl holding an ice cream cup outside. The subject's hands are significantly distorted with fused fingers and malformed finger regions. Textures appear waxy and background edges lack sharp definition.
"cat, having icecream, city, realistic style",deepai_1_4_0_1.jpg,24,2.6342075267144347,A cartoon grey tabby cat sits by a yellow ice cream cup on a split background. Cat face and limbs show minor misalignments and inconsistent line work. Stable vector edges and flat colors lack significant distortion.
"cat, having icecream, wild, anime style",deepai_1_4_1_0.jpg,24,2.811922031598051,An anime-style illustration depicts a blue-haired girl eating at an outdoor table. The subject displays significant hand malformation and fused mouth-object anatomy. A distinct black rectangular artifact appears on the right background edge.
"cat, having icecream, wild, realistic style",deepai_1_4_1_1.jpg,24,2.4003286727845388,A stylized digital illustration of a cat's head against a gray background. The subject's neck shows a structurally anomalous fused collar extension. Sketchy linework and background noise soften the overall definition.
"cat, having pizza, city, anime style",deepai_1_5_0_0.jpg,25,2.7657193087608656,Two stylized cats sit at a table with a pizza outdoors. The characters exhibit minor structural flaws in their hands and facial markings. Surfaces show flat textures and weak detail definition.
"cat, having pizza, city, anime style",dreamStudio_1_0_0_0.jpg,25,2.042303733786959,"Three stylized cats sit at a table with plates in a muted palette. The central subject exhibits malformed anatomy with a fused, unclear limb structure. Pervasive oversmoothing flattens textures and dissolves all edge definitions."
"cat, having pizza, city, realistic style",deepai_1_5_0_1.jpg,25,2.711853857884924,"A cartoon grey cat holds a pizza slice against a patterned background. The cat's eyes are misaligned, and the held object lacks geometric coherence. Flat textures and repetitive patterns dominate the visual field."
"cat, having pizza, city, realistic style",dreamStudio_1_0_0_1.jpg,25,2.411318712344896,"A stylized digital illustration features a grey cat holding a pizza slice. The cat's face is clear, but the paw and napkin show structural fusion. Textures appear flat and edges are consistently softened throughout."
"cat, having pizza, wild, anime style",deepai_1_5_1_0.jpg,25,3.0513694711290067,Two white cartoon cats sit near pizzas on a red table. The characters display plausible anatomy while the pizza crust appears broken. Simple flat shading and aliasing affect the overall graphic clarity.
"cat, having pizza, wild, anime style",dreamStudio_1_0_1_0.jpg,25,2.285642412201704,A digital illustration depicts a pizza with a cartoon white face on a slice. The subject is structurally coherent though toppings show minor repetitive malformations. Textures exhibit mild flatness and waxy surfaces.
"cat, having pizza, wild, realistic style",deepai_1_5_1_1.jpg,25,2.320564252027644,An illustrated black cat sits next to a pepperoni pizza on a surface. The cat's face is distorted with asymmetric eyes and an unnatural muzzle. Toppings show repetitive patterns and textures exhibit graininess with softened edges.
"cat, having pizza, wild, realistic style",dreamStudio_1_0_1_1.jpg,25,1.516176276731957,"A close-up portrait shows an orange cat face with green eyes. The subject is recognizable but suffers blurring that obscures anatomical details. Heavy oversmoothing creates flat textures with soft, undefined edge boundaries."
"cat, playing baseball, city, anime style",deepai_1_6_0_0.jpg,26,2.785716567504222,An anime illustration features two baseball players before a city skyline. The athletes' hands and arms are malformed with fused digits and awkward poses. Background surfaces show repetitive patterns and lack fine textural detail.
"cat, playing baseball, city, anime style",dreamStudio_1_1_0_0.jpg,26,1.9720182458900768,A stylized black cat stands on an orange floor near a window. The subject exhibits severe anatomical distortion with malformed limbs and an elongated torso. Oversmoothing flattens textures and obscures fine edge definitions.
"cat, playing baseball, city, realistic style",deepai_1_6_0_1.jpg,26,2.9967846153229334,"A tabby cat sits on a baseball field with a bat and ball. The cat's face is clear, but its paws appear malformed and lack definition. Backgrounds show repetitive textures and a waxy, oversmoothed finish."
"cat, playing baseball, city, realistic style",dreamStudio_1_1_0_1.jpg,26,2.1752290917753987,A stylized white cat sits on a floor before a large window. The feline subject exhibits simplified limb structure and unnatural facial markings. Surfaces show waxy textures and pervasive edge softening throughout the frame.
"cat, playing baseball, wild, anime style",deepai_1_6_1_0.jpg,26,2.919869927944069,A cartoon orange cat in a baseball uniform stands on a sunny field. The stylized feline subject maintains coherent anatomy and clear semantic readability. Visible grain and softened background details lower perceived sharpness.
"cat, playing baseball, wild, anime style",dreamStudio_1_1_1_0.jpg,26,1.0704634059549518,A blurry digital painting depicts an anthropomorphic cat-like figure on a dark background. The subject shows severe anatomical distortion with missing features and malformed limbs. Global oversmoothing flattens textures and destroys all sharp edge definition.
"cat, playing baseball, wild, realistic style",deepai_1_6_1_1.jpg,26,2.2012977037823984,A digital illustration depicts a tabby cat in a baseball cap and glove. The feline's facial structure and limb-to-glove contact show anatomical distortion. Fur textures appear waxy with softened edges.
"cat, playing baseball, wild, realistic style",dreamStudio_1_1_1_1.jpg,26,1.948792108246292,A stylized digital painting shows a calico cat on a green background. The subject maintains a clear feline structure though facial features appear softened. Heavy oversmoothing results in flat textures and indistinct edge boundaries.
"cat, playing football, city, anime style",deepai_1_7_0_0.jpg,27,3.589990105,"An anime-style illustration depicts a running football player among many scattered balls. The subject's gloved hand is structurally distorted with fused, unclear digits. Flat color fills and repetitive background shapes dominate the visual texture."
"cat, playing football, city, anime style",dreamStudio_1_2_0_0.jpg,27,1.6006537430092052,A stylized orange cartoon cat faces forward against a plain background. The subject shows simplified anatomy with asymmetrical eyes and indistinct limb geometry. Oversmoothing and pervasive fine-grain noise degrade detail clarity.
"cat, playing football, city, realistic style",deepai_1_7_0_1.jpg,27,2.8517551576327533,A stylized action shot captures a leaping tabby cat reaching for a soccer ball. The feline subject exhibits unnatural body elongation and a malformed forelimb structure. Heavy digital grain and vignetting obscure fine textural details.
"cat, playing football, city, realistic style",dreamStudio_1_2_0_1.jpg,27,1.3715906907755355,A soft-focus digital image depicts a centered black and white cat-like creature. The subject suffers from severe distortion with fused limbs and a warped torso. Extreme oversmoothing results in flat textures and lost fine details.
"cat, playing football, wild, anime style",deepai_1_7_1_0.jpg,27,2.734071997422264,A digital illustration portrays a stylized feline character on a wooden patio. The subject suffers from a warped neck anatomy and inconsistent fur patterns. Distant background textures exhibit significant blurring and loss of detail.
"cat, playing football, wild, anime style",dreamStudio_1_2_1_0.jpg,27,1.162164505668548,A monochrome photograph captures a blurred cat against a neutral background. The subject displays extreme anatomical failure with a stretched torso and fused limbs. Heavy blur and pervasive grain dominate the visual field.
"cat, playing football, wild, realistic style",deepai_1_7_1_1.jpg,27,3.7670831835214784,A photorealistic tabby cat plays with a ball on a sports field. The subject displays severe anatomical distortions including extra limbs and warped geometry. Textures appear oversmoothed with inconsistent detail and softened edges.
"cat, playing football, wild, realistic style",dreamStudio_1_2_1_1.jpg,27,1.893555782906615,"A digital painting shows a tabby cat kicking a soccer ball on green. The cat's facial structure is clear, but its limbs are anatomically indistinct. Motion blur significantly reduces sharpness and detail."
"cat, playing yoga, city, anime style",deepai_1_8_0_0.jpg,28,2.729864278595828,"A cartoon cat sits before a railing overlooking a stylized cityscape at dusk. The foreground subject is coherent, while the background figure is severely malformed. Bold outlines and flat colors show no dominant local artifact."
"cat, playing yoga, city, anime style",dreamStudio_1_3_0_0.jpg,28,1.8954734749229472,"A photorealistic tuxedo cat sits upright on a blue yoga mat indoors. The subject displays anatomical distortions including oversized eyes, fused paws, and an elongated tail. Fur textures appear waxy and edges lack crisp definition."
"cat, playing yoga, city, realistic style",deepai_1_8_0_1.jpg,28,2.272963913656801,"A stylized digital tabby cat stands against a solid blue background. The cat's anatomy is distorted with malformed forepaws and a fused, unnatural tail tip. Fur textures exhibit repetitive pseudo-details and a waxy surface appearance."
"cat, playing yoga, city, realistic style",dreamStudio_1_3_0_1.jpg,28,2.044701979089826,"A digital painting shows a sitting cat looking up against a plain background. The head is stable, though chest fur follows an unnatural linear pattern. Heavy smoothing blurs edges and flattens surface textures."
"cat, playing yoga, wild, anime style",deepai_1_8_1_0.jpg,28,1.0793262818533391,A stylized black silhouette figure poses on a pink mat against a grey background. The subject features severe anatomical distortion with a fused torso and abstract limbs. Subtle background noise and softened edges reduce graphic clarity.
"cat, playing yoga, wild, anime style",dreamStudio_1_3_1_0.jpg,28,1.1390567623141024,"A soft-focus digital painting shows a sitting cat on a plain background. The feline displays facial asymmetry and malformed, fused limb structures. Extreme oversmoothing removes texture and creates waxy surface appearances."
"cat, playing yoga, wild, realistic style",deepai_1_8_1_1.jpg,28,2.513355404085131,A centered digital painting features a tabby cat sitting upright with raised forelimbs. The subject exhibits severe anatomical distortion with malformed limbs and an unnatural posture. Background textures appear flat with inconsistent lighting.
"cat, playing yoga, wild, realistic style",dreamStudio_1_3_1_1.jpg,28,1.5902545708914575,A digital illustration shows a fluffy tabby cat against a green backdrop. The cat's head is distinct while the posterior body lacks clear form. Rendering exhibits global oversmoothing and a uniform waxy texture.
"demon, driving aircraft, city, anime style",deepai_10_0_0_0.jpg,30,3.0786193542293656,A stylized cartoon airplane flies through a vibrant sky with bold outlines. The aircraft anatomy is warped with fused tail parts and inconsistent geometry. Textures show subtle color smudging and melting near high-contrast edges.
"demon, driving aircraft, city, realistic style",deepai_10_0_0_1.jpg,30,5.0,A stylized jet aircraft flies over a dense rainy cityscape from a low angle. The aircraft's forward fuselage and intake are severely malformed and structurally incoherent. Distant buildings show repetitive textures and softened architectural details.
"demon, driving aircraft, wild, anime style",deepai_10_0_1_0.jpg,30,3.030489542581559,"An anime airplane with a pilot flies over a runway under a bright sky. The aircraft's geometry is warped, featuring illegible pseudo-text and a distorted cockpit. Bold outlines highlight flat textures and repetitive ground patterns."
"demon, driving aircraft, wild, realistic style",deepai_10_0_1_1.jpg,30,2.3650055076680125,A charcoal-style sketch depicts a jet aircraft against a textured background. The jet's wing assembly is distorted by fused parts and warped geometry. Waxy surfaces and pseudo-details lack sharp textural definition.
"demon, using laptop, city, anime style",deepai_10_10_0_0.jpg,32,3.265666848567644,A stylized horned demon sits at a desk before a glowing laptop. The character's anatomy remains structurally stable with readable facial expressions and pose. Bold outlines and flat shading create a consistent graphic aesthetic.
"demon, using laptop, city, realistic style",deepai_10_10_0_1.jpg,32,4.012272375175136,A red horned monster looms over a laptop on a city street. The subject's facial anatomy and device details are significantly malformed. Surfaces exhibit waxy textures and inconsistent micro-detail patterns.
"demon, using laptop, wild, anime style",deepai_10_10_1_0.jpg,32,2.6190404654104644,An anime-style male character leans over a laptop against a cosmic background. The character's limbs and hand are severely malformed and structurally unstable. Grainy textures and jagged outlines affect global consistency.
"demon, using laptop, wild, realistic style",deepai_10_10_1_1.jpg,32,2.932330746285457,A red horned demon glares at a laptop in a close-up digital painting. The creature's face exhibits malformed teeth and fused eye regions with simplified limb anatomy. Skin appears waxy with grainy background noise.
"demon, using phone, city, anime style",deepai_10_11_0_0.jpg,33,2.63963160134726,A pink-haired anime character stands before a stylized urban cityscape. The subject's facial features are stable while background architecture is geometrically broken. Flat textures and jagged edges limit overall detail resolution.
"demon, using phone, city, realistic style",deepai_10_11_0_1.jpg,33,2.915895399,A sketched man walks down a narrow street between tall buildings. The man's torso exhibits fused patterns and anatomical inconsistencies. Background textures are repetitive and distant features lack sharp definition.
"demon, using phone, wild, anime style",deepai_10_11_1_0.jpg,33,2.4312882225379044,"A close-up anime illustration shows a character holding a smartphone against a gradient. The face is stable, but the hands are severely malformed with fused fingers. Skin textures appear waxy and lack fine detail."
"demon, using phone, wild, realistic style",deepai_10_11_1_1.jpg,33,4.011103542377608,"A charcoal-style sketch portrays a horned demonic head on a white page. The creature's features are recognizable, though the jawline and horns show minor warping. Shadows exhibit significant oversmoothing and lack granular texture."
"demon, wearing hat, city, anime style",deepai_10_13_0_0.jpg,35,3.223602309039632,A close-up anime illustration shows a girl in a pink hat over a city. The character's hand is malformed and facial features exhibit slight asymmetry. Background textures appear repetitive and edges show inconsistent sharpness.
"demon, wearing hat, city, realistic style",deepai_10_13_0_1.jpg,35,3.2606689790980607,A digital painting depicts a red demon in a hat and tie. The figure shows distorted facial anatomy and unnatural neck muscle fusion. Textures appear waxy and fine details are somewhat softened.
"demon, wearing hat, wild, anime style",deepai_10_13_1_0.jpg,35,2.279589021192974,A high-contrast ink illustration shows an aggressive character with a wide hat and claws. The subject's facial features and elongated fingers show significant anatomical distortion and fusion. Edges show slight aliasing and the background pattern appears repetitive.
"demon, wearing hat, wild, realistic style",deepai_10_13_1_1.jpg,35,3.839178206584123,"A pencil-sketched demonic face in a cowboy hat centers on a plain background. The menacing face is clear, but the dripping chin shows semantic ambiguity. Fine lines and shading show sharp definition without smoothing."
"demon, wearing shirt, city, anime style",deepai_10_14_0_0.jpg,36,2.702524139257621,"An anime-style illustration shows a red-haired character on a city street. The subject's left arm is missing, causing a clear structural failure. Repetitive background patterns and softened edges lower perceptual fidelity."
"demon, wearing shirt, city, realistic style",deepai_10_14_0_1.jpg,36,3.523037104572054,"A horned figure walks away down a narrow, sketch-style city street. The central figure is structurally stable, yet the limb extremities are malformed. Repetitive hatching patterns and softened contours degrade the drawing's consistency."
"demon, wearing shirt, wild, anime style",deepai_10_14_1_0.jpg,36,2.9787041957267464,A red-haired anime character with white wings stands against a dark background. The character's hand appears malformed and facial features are slightly asymmetric. Outlines show minor aliasing and textures appear flatly rendered.
"demon, wearing shirt, wild, realistic style",deepai_10_14_1_1.jpg,36,3.520575375851976,A monochromatic digital illustration depicts a frontal view of a horned demonic head. The subject maintains structural integrity despite some ambiguous forehead wrinkles and overcrowded teeth. Rendering exhibits waxy surface qualities alongside sharp contour definitions.
"demon, driving car, city, anime style",deepai_10_2_0_0.jpg,37,2.627467751999846,A black-and-white manga illustration shows a car and two characters on a street. The car's front structure is warped with fused and malformed headlight details. Global texture shows grainy noise and softened edge definitions.
"demon, driving car, city, realistic style",deepai_10_2_0_1.jpg,37,3.3537951785381392,A digital illustration portrays a car on a moody city street. The vehicle and building structures are heavily warped and lack logical form. Coarse hatching textures and softened edges dominate the visual field.
"demon, driving car, wild, anime style",deepai_10_2_1_0.jpg,37,2.820043973375797,A vibrant anime illustration shows a blue-haired girl against a swirling fiery background. The subject's facial structure is mostly stable though hair strands show local fusion. Background textures show minor repetition and softened detail.
"demon, driving car, wild, realistic style",deepai_10_2_1_1.jpg,37,3.246706517633036,"A horned monster grips a car hood in a dark, atmospheric forest. The subject shows severe distortion with fused, unrecognizable facial and limb geometry. Gritty overlays and softened edges degrade local detail and clarity."
"demon, having hamburger, city, anime style",deepai_10_3_0_0.jpg,38,2.965684122,"An anime-style illustration shows a smiling boy holding a hamburger in a theater. The face is clear, but the hands holding the food are malformed. Global textures appear waxy with softened edge definition."
"demon, having hamburger, city, realistic style",deepai_10_3_0_1.jpg,38,2.2892013134949347,"A two-panel cartoon shows a character eating and a tabletop meal setting. The stylized character and central burger remain structurally coherent despite abstract surroundings. The image features flat textures, simplified details, and slightly aliased edges."
"demon, having hamburger, wild, anime style",deepai_10_3_1_0.jpg,38,3.017095533901073,A centered digital illustration shows a horned burger monster on a grungy background. The subject's cartoonish anatomy and layered structure are clear and semantically readable. Background textures show subtle repetition and lack fine natural detail.
"demon, having hamburger, wild, realistic style",deepai_10_3_1_1.jpg,38,3.9465888101726048,"A high-contrast ink illustration shows a muscular horned demon holding a cupcake. The subject's anatomy is distorted, featuring malformed hands and tangled leg structures. Dense pseudo-details create visual noise across the figure."
"demon, having icecream, city, anime style",deepai_10_4_0_0.jpg,39,2.2623370465619703,A red-haired anime girl holds ice cream while standing on a city street. The subject's face and hands exhibit severe anatomical distortion and structural fusion. Background textures feature illegible symbols and repetitive visual noise.
"demon, having icecream, city, realistic style",deepai_10_4_0_1.jpg,39,3.030381323664956,"A pink horned cartoon creature eats from a bowl within a circular frame. The character's face is clear, but its hands and limbs are structurally malformed. Background textures appear repetitive and surfaces exhibit minor oversmoothing."
"demon, having icecream, wild, anime style",deepai_10_4_1_0.jpg,39,2.952086174961262,"A red-haired anime character holds two ice cream cones against a purple backdrop. The face is readable, but the hands gripping the cones are anatomically distorted. Global rendering shows waxy skin tones and flattened background detail."
"demon, having icecream, wild, realistic style",deepai_10_4_1_1.jpg,39,2.597428535320964,"A stylized purple horned monster eats dessert against a simple cloudy background. The subject's face is clear, but its hand structure is malformed and fused. Flat colors show minimal textural detail or noticeable digital artifacts."
"demon, playing baseball, city, anime style",deepai_10_6_0_0.jpg,41,2.9004719124609823,A red-haired anime baseball player holds crossed bats against a stadium backdrop. The character's hands and finger anatomy exhibit clear structural distortion and fusion. Repetitive background textures and softened edges degrade quality.
"demon, playing baseball, city, realistic style",deepai_10_6_0_1.jpg,41,3.0307056838826893,A red horned figure poses with a bat in an urban setting. The subject’s face and hands show significant anatomical distortion and fusion. Background figures and architecture suffer from heavy oversmoothing and blur.
"demon, playing baseball, wild, anime style",deepai_10_6_1_0.jpg,41,2.5341181811373863,"A stylized horned monster in a red shirt stands on a textured background. The subject shows severe facial fusion, malformed hands, and confusing anatomy. Heavy textural noise and messy outlines degrade perceptual clarity."
"demon, playing baseball, wild, realistic style",deepai_10_6_1_1.jpg,41,2.736808905293115,A digital illustration shows a red cartoon monster in a cap holding a bat. The subject's face is severely malformed with floating eyes and a distorted mouth. Waxy textures and grainy background noise are visible.
"demon, playing football, city, anime style",deepai_10_7_0_0.jpg,42,3.249184644366676,A digital illustration depicts a winged demon wielding a fiery blade outdoors. The subject's anatomy is severely distorted with fused limbs and malformed hands. Skin textures appear waxy and backgrounds are overly simplified.
"demon, playing football, city, realistic style",deepai_10_7_0_1.jpg,42,3.247177642374567,A monstrous football player crouches menacingly inside a large sports arena. The subject features distorted anatomy with fused muscles and malformed hands. Skin textures appear waxy while background surfaces show noticeable blurring.
"demon, playing football, wild, anime style",deepai_10_7_1_0.jpg,42,2.667709961163516,"A front-facing digital illustration of a horned demon against a glowing background. The subject displays facial distortion and malformed, fused fingers on both hands. Surfaces show flat waxy textures and softened edge definitions."
"demon, playing football, wild, realistic style",deepai_10_7_1_1.jpg,42,2.853056497003065,A muscular demonic creature poses against a plain background in a sketch style. Anatomy features distorted fingers and an ambiguous extra upper appendage. Shading shows repetitive pseudo-details and a softened waxy surface.
"demon, playing yoga, city, anime style",deepai_10_8_0_0.jpg,43,3.968188037608752,A silhouetted dancer poses against a vibrant sunset city skyline. The figure exhibits anatomical distortions including a pinched waist and malformed hand. Background buildings display repetitive tiling and melted architectural details.
"demon, playing yoga, city, realistic style",deepai_10_8_0_1.jpg,43,1.9209323427210665,A digitally painted woman performs a yoga pose against a textured background. Subject anatomy shows significant distortion in the face and fused hand regions. Textures appear waxy and oversmoothed with inconsistent local detail clarity.
"demon, playing yoga, wild, anime style",deepai_10_8_1_0.jpg,43,3.2489577672270515,"A centered illustration features a red-haired anime character meditating against a vibrant psychedelic background. The subject's anatomy is stable, though hands and torso show minor structural simplification. Skin textures appear waxy and backgrounds show repetitive pseudo-details."
"demon, playing yoga, wild, realistic style",deepai_10_8_1_1.jpg,43,2.743746659,A digital painting of a woman lunging on a mat against a plain background. The subject shows fused fingers and distorted torso geometry despite a clear silhouette. Waxy textures and pervasive oversmoothing reduce detail across surfaces.
"demon, using CD, city, anime style",deepai_10_9_0_0.jpg,44,2.860022791106849,A digital anime illustration shows a dark-haired girl before a stylized cityscape. The subject's face is clear but displays unnatural skin patches and a malformed ear. Background textures show repetitive patterns and softened edge definition.
"demon, using CD, city, realistic style",deepai_10_9_0_1.jpg,44,2.817607601434517,"A digital illustration features a monstrous face with a disc held in its mouth. Facial anatomy is largely coherent, though the mouth structure warps around the object. Surfaces exhibit a pervasive waxy smoothness with softened micro-textures."
"demon, using CD, wild, anime style",deepai_10_9_1_0.jpg,44,4.000226332,"A frontal view of a symmetrical, stylized graphic face with red eyes. The subject maintains a coherent facial structure amidst dense, abstract decorative linework. Unreadable pseudo-text flanks the subject within crisp, flat color regions."
"demon, using CD, wild, realistic style",deepai_10_9_1_1.jpg,44,4.631433586799989,A digital illustration portrays a red horned demon head in close-up. Facial anatomy appears distorted with mismatched eyes and an ambiguous lateral appendage. Surface textures show waxy smoothing and inconsistent detail across the image.
"witch, driving bike, city, anime style",deepai_11_1_0_0.jpg,46,2.840259079582451,"An anime-style witch rides a bicycle against a dense, repeating patterned background. The subject is structurally stable despite minor fusion at the handlebars and frame. Edges show aliasing and background textures appear artificially repetitive."
"witch, driving bike, city, realistic style",deepai_11_1_0_1.jpg,46,3.1173529536579867,An ink sketch depicts a witch riding a bicycle along a city street. The figure and bicycle exhibit structural merging and poorly defined joint connections. Line work displays inconsistent hatching and regions of flattened texture density.
"witch, driving bike, wild, anime style",deepai_11_1_1_0.jpg,46,2.9885622741091584,A high-contrast sketch illustrates a witch riding a bicycle. The bicycle structure is severely warped with mismatched wheel proportions. Scratchy line noise and flat textures degrade visual fidelity.
"witch, driving bike, wild, realistic style",deepai_11_1_1_1.jpg,46,2.7118049991128483,A stylized illustration shows a witch riding a bicycle on a wooden background. The subject has simplified anatomy with fused hands and unclear leg-pedal interaction. Curved contours exhibit aliasing against the textured wooden backdrop.
"witch, using laptop, city, anime style",deepai_11_10_0_0.jpg,47,2.7823650739440304,A pink-haired anime girl uses a laptop in a stylized urban setting. Facial features are misaligned and the laptop exhibits significant geometric distortion. Textures show repetitive patterns and lack natural surface definition.
"witch, using laptop, city, realistic style",deepai_11_10_0_1.jpg,47,2.9894647057232397,"A digital illustration shows a witch in a white hat sitting on a city path. The subject's posture is stable, but hands and boots show minor structural fusion. Background architecture displays blur and flat textures."
"witch, using laptop, wild, anime style",deepai_11_10_1_0.jpg,47,2.3745176962183394,"An anime-style witch in a black dress stands before a warped laptop. The figure shows malformed hands, distorted limbs, and poor object interaction. Surfaces lack fine texture while edges show softening and aliasing."
"witch, using laptop, wild, realistic style",deepai_11_10_1_1.jpg,47,3.1421845335372525,Digital illustration of a stylized witch using a laptop against a swirling background. The face and hands show distortion with malformed fingers and unnatural anatomy. Outlines define forms while skin textures appear flat and lack detail.
"witch, using phone, city, anime style",deepai_11_11_0_0.jpg,48,3.0557805352103107,An anime illustration shows a horned girl holding a phone before a city. The subject's hands are malformed with fused fingers and floating hair strands. Background textures show repetitive patterns and flat color fills.
"witch, using phone, city, realistic style",deepai_11_11_0_1.jpg,48,3.418004366073328,A digital painting depicts a witch using a smartphone in a city. The woman's facial features and hand anatomy appear simplified and structurally unstable. Background elements exhibit soft focus and painterly texture smoothing.
"witch, using phone, wild, anime style",deepai_11_11_1_0.jpg,48,3.331565843499116,"An anime illustration depicts a pink-haired witch holding a smartphone among flowering branches. The subject's hand anatomy is distorted and facial features appear slightly misaligned. A prominent white outline frames the figure over a flat, repetitive background."
"witch, using phone, wild, realistic style",deepai_11_11_1_1.jpg,48,2.504721562208033,"A digital sketch shows a woman in a hat holding a smartphone. The subject's face is stable, but her hands are malformed and fused. Textures show heavy graininess and softened boundary definition."
"witch, wearing coat, city, anime style",deepai_11_12_0_0.jpg,49,2.5098412990858043,"An anime illustration shows a red-haired girl in a witch hat on a plain background. Facial features are asymmetrical, and the hand anatomy is malformed near the collar. Edges are soft, and textures appear oversmoothed."
"witch, wearing coat, city, realistic style",deepai_11_12_0_1.jpg,49,2.291632023261146,A stylized figure in an orange coat stands before a futuristic cityscape. The subject has a featureless face and poorly defined hands. Background surfaces exhibit repetitive window patterns and inconsistent local detail.
"witch, wearing coat, wild, anime style",deepai_11_12_1_0.jpg,49,2.6763420034855376,"An anime-style female character in a black coat stands by a textured tree. The subject's face is clear, but the coat's collar and shoulders appear warped. Textures show inconsistent detail with waxy surfaces and softened edges."
"witch, wearing coat, wild, realistic style",deepai_11_12_1_1.jpg,49,2.925775501701658,"A monochrome ink-style portrait of a witch wearing a pointed hat. The subject's face is coherent, but the hat brim shows significant geometric warping. Fine details exhibit repetitive pseudo-texturing and illegible background markings."
"witch, wearing hat, city, anime style",deepai_11_13_0_0.jpg,50,3.132431168778041,An anime-style witch stands in a colorful modern cityscape environment. The central figure is structurally coherent despite slightly malformed hand anatomy. Background surfaces exhibit flat textures and unreadable gibberish text on signs.
"witch, wearing hat, city, realistic style",deepai_11_13_0_1.jpg,50,3.930151367233837,A digital portrait of a woman in a witch hat under a yellow moon. The facial structure is stable despite minor asymmetry and anatomical smoothing. Skin textures appear waxy and background details lack sharpness.
"witch, wearing hat, wild, anime style",deepai_11_13_1_0.jpg,50,2.3046778791864506,A close-up digital illustration of an anime witch on a textured background. Facial features are coherent while the hat band displays illegible malformed details. Shading remains flat with visible smudging on the central hat emblem.
"witch, wearing hat, wild, realistic style",deepai_11_13_1_1.jpg,50,2.903225572390995,A digital portrait features a pale woman in a horned hat against a gray background. Facial features and shoulders show subtle asymmetry and unnatural structural transitions. Skin textures appear waxy with softened edge definition.
"witch, wearing shirt, city, anime style",deepai_11_14_0_0.jpg,51,2.365754756387961,An anime-style girl in a witch hat stands against a red city background. The subject's face shows slight asymmetry and the shoulder anatomy is distorted. Background details appear blurred and lack natural textural variation.
"witch, wearing shirt, city, realistic style",deepai_11_14_0_1.jpg,51,2.925587108950876,"A digital painting shows a woman in a witch hat facing a city. The figure is stable, but the right hand is malformed with fused digits. Background textures are flat and edges show softening."
"witch, wearing shirt, wild, anime style",deepai_11_14_1_0.jpg,51,3.243599567782988,An anime illustration features a girl in a witch hat against a forest. The subject's hand is a malformed fused mass with broken collar anatomy. Softened details produce flat textures and indistinct global edges.
"witch, wearing shirt, wild, realistic style",deepai_11_14_1_1.jpg,51,2.8554666850591888,A gothic digital illustration portrays a witch with a floating bat companion. Facial anatomy reveals mild asymmetry and implausible eye proportions. Surface details suffer from excessive graininess and blurred fine contours.
"witch, driving car, city, anime style",deepai_11_2_0_0.jpg,52,2.718457465698224,An anime-style illustration depicts a witch character in an urban environment. The subject's hand is severely malformed with fused fingers and distorted anatomy. Background surfaces exhibit repetitive textures and inconsistent local lighting.
"witch, driving car, city, realistic style",deepai_11_2_0_1.jpg,52,3.377608974439368,A stylized sketch shows a two-toned vintage car with a witch hat. The vehicle exhibits simplified geometry and inconsistent panel transitions around the cabin. Heavy grain texture obscures details and softens all object boundaries.
"witch, driving car, wild, anime style",deepai_11_2_1_0.jpg,52,2.795129470140373,A pink-haired anime witch holds a scythe against a colorful abstract background. The subject shows severe anatomical distortion with malformed hands and a fused secondary head. Inconsistent outlines and flat textures with pseudo-details remain.
"witch, driving car, wild, realistic style",deepai_11_2_1_1.jpg,52,2.834853430996401,A stylized digital illustration features a young witch in a dark forest. Subject hand anatomy is distorted with fused fingers and unnatural proportions. Oversmoothed skin textures lack natural detail and appear artificially waxy.
"witch, having hamburger, city, anime style",deepai_11_3_0_0.jpg,53,2.8996768464705007,An anime-style witch holds a giant burger at an outdoor table. The subject's hands and table objects are malformed with fused details. Textures show flatness and pseudo-details with softened edge clarity.
"witch, having hamburger, city, realistic style",deepai_11_3_0_1.jpg,53,2.760250627477103,Two cartoon witches sit at a table with food on green background. Figures show distorted facial markings and a malformed arm holding a pastry. Outlines show minor inconsistencies and the rendering remains flatly textured.
"witch, having hamburger, wild, anime style",deepai_11_3_1_0.jpg,53,2.7046839219941945,"A pink-haired anime witch holds a burger and sits at a table with food. The subject's hands are malformed, and the food shows fused layers and odd geometry. Textures appear flat and waxy with inconsistent edges."
"witch, having hamburger, wild, realistic style",deepai_11_3_1_1.jpg,53,2.3902356375530784,"A digital illustration centers on a hamburger wearing a black witch's hat. The subject maintains coherent layering and a structurally stable, readable form. Ingredient textures appear flat while the background shows subtle grain."
"witch, having icecream, city, anime style",deepai_11_4_0_0.jpg,54,3.3117239245315573,An anime girl in a witch hat holds a cupcake before a cityscape. The subject shows minor facial asymmetry and finger fusion but remains readable. Background textures are flat and edges lack sharpness.
"witch, having icecream, city, realistic style",deepai_11_4_0_1.jpg,54,3.00806655063768,A stylized illustration depicts a girl holding lollipops before a cityscape. The subject shows distortion including a cake-nose fusion and a poorly defined hand. Consistent grainy noise texture obscures fine details throughout the composition.
"witch, having icecream, wild, anime style",deepai_11_4_1_0.jpg,54,3.2665841714674584,An anime-style illustration shows a witch holding an ice cream cone outside. The subject's eyes and fingers exhibit subtle structural distortions and fusion. Background elements display noticeable oversmoothing and melted texture patterns.
"witch, having icecream, wild, realistic style",deepai_11_4_1_1.jpg,54,2.7832106600456785,A detailed ink drawing features a witch holding a cup of ice cream. The figure's hands and fingers are heavily distorted with unnatural joint placement. Textures appear slightly waxy with softened edge definitions.
"witch, playing baseball, city, anime style",deepai_11_6_0_0.jpg,56,3.3882119877783983,An anime illustration shows a robed figure swinging a bat in a stadium. The subject maintains a coherent pose despite simplified features and distorted footwear. Background signage contains illegible text and the crowd texture lacks detail.
"witch, playing baseball, city, realistic style",deepai_11_6_0_1.jpg,56,3.218236480605641,"A graphic silhouette of a witch holding a bat on a field. The subject has a stiff pose with simplified, fused hand structures. Background areas show repetitive hatching patterns and flat color fills."
"witch, playing baseball, wild, anime style",deepai_11_6_1_0.jpg,56,2.623047552200785,A red-haired anime girl swings a bat on a sports field. Her hand anatomy and limb structure exhibit significant fusion and distortion. Background details are indistinct and surface textures appear overly smoothed.
"witch, playing baseball, wild, realistic style",deepai_11_6_1_1.jpg,56,3.3641863325886576,A cartoon-style baseball player in a witch hat stands on a field. The subject's right hand is malformed with fused and unclear fingers. Flat textures and sharp edges show minimal perceptual noise.
"witch, playing football, city, anime style",deepai_11_7_0_0.jpg,57,2.8038145920287345,A cartoon boy in a witch hat plays soccer on an urban field. The subject features a malformed extra limb and mismatched footwear. Background details appear blurry and textures show slight oversmoothing.
"witch, playing football, city, realistic style",deepai_11_7_0_1.jpg,57,2.581591842370296,"A stylized figure in a pointed hat stands over a soccer ball. The subject exhibits malformed facial features and distorted, claw-like hand structures. Surfaces show waxy textures and repetitive background patterns."
"witch, playing football, wild, anime style",deepai_11_7_1_0.jpg,57,3.2544703919355555,"A central anime witch stands among chibi characters on a green background. The central figure's pose shows distortion, and surrounding characters appear malformed. Textures appear waxy and edges lack sharpness."
"witch, playing football, wild, realistic style",deepai_11_7_1_1.jpg,57,2.615957339424737,"A painted figure in a striped shirt and wide hat kicks a football on a field. The subject displays malformed hands, distorted features, and implausible foot anatomy. Softened details and indistinct textures reduce overall image definition."
"witch, playing yoga, city, anime style",deepai_11_8_0_0.jpg,58,2.295039509040765,A stylized witch performs a yoga pose against a colorful city skyline. The figure exhibits a malformed raised foot and an awkwardly bent knee. Global rendering features flat textures and significantly softened edge definitions.
"witch, playing yoga, city, realistic style",deepai_11_8_0_1.jpg,58,2.247585516224938,A stylized illustration shows a person doing yoga on a city street. The subject exhibits severe anatomical distortion with warped limbs and impossible posture. Global textures display oversmoothing and flat details with softened edges.
"witch, playing yoga, wild, anime style",deepai_11_8_1_0.jpg,58,2.6974527656093503,An anime-style woman sits cross-legged against a purple mystical background. The subject's anatomy is stable while hands show fusion and poor digit definition. Skin appears waxy and background textures exhibit repetitive noise patterns.
"witch, playing yoga, wild, realistic style",deepai_11_8_1_1.jpg,58,2.357931848,A digital painting depicts a robed woman in profile within a misty setting. The subject exhibits severe anatomical distortion with malformed hands and an extra limb. Waxy textures and heavy oversmoothing reduce global detail clarity.
"dog, driving aircraft, city, anime style",deepai_2_0_0_0.jpg,60,3.171515930712673,An anime pilot sits inside a detailed aircraft cockpit under a bright sky. Her hand structure is distorted and the dashboard displays nonsensical pseudo-text symbols. Surfaces exhibit waxy texture and edges lack crisp local definition.
"dog, driving aircraft, city, realistic style",deepai_2_0_0_1.jpg,60,3.534867006840639,Two dogs sit inside a vehicle cabin looking out at a distant city. The subjects display minor limb and facial distortions while staying semantically readable. Fur textures appear overly smooth and background edges lack crisp definition.
"dog, driving aircraft, wild, anime style",deepai_2_0_1_0.jpg,60,3.150398035141507,"A blonde anime pilot sits in a cockpit against a cloudy sky. The pilot's face is clear, but the gloved hand is severely malformed. Surfaces lack fine detail and edges exhibit noticeable aliasing artifacts."
"dog, driving aircraft, wild, realistic style",deepai_2_0_1_1.jpg,60,4.519808130937719,A photorealistic image depicts a dog inside an aircraft cockpit. The subject's face is readable while its paws and collar exhibit significant malformation. Background elements show heavy smoothing and lack crisp edges.
"dog, driving bike, city, anime style",deepai_2_1_0_0.jpg,61,3.0778533852009686,An anime boy rides a bicycle with a dog on a vibrant city street. The subject's hands and the dog's face show significant structural malformation. Textures are flat and edges display noticeable aliasing.
"dog, driving bike, city, realistic style",deepai_2_1_0_1.jpg,61,2.985322955,A stylized painting shows a dog in sunglasses riding a bicycle on a city street. The subject displays facial distortion and structurally unstable bicycle components. Background elements exhibit severe melting and textures appear overly smoothed.
"dog, driving bike, wild, anime style",deepai_2_1_1_0.jpg,61,3.340079324272016,An anime-style image shows a red-haired boy riding a motorcycle through a forest. The rider's limbs and the motorcycle's frame are distorted with fused components. Background textures show smearing and unnatural bark patterns.
"dog, driving bike, wild, realistic style",deepai_2_1_1_1.jpg,61,2.417517627366351,A stylized brown dog rides a small bicycle on a grey canvas. The subject exhibits an elongated torso and implausible limb-to-bike contact points. Heavy surface textures and softened contours reduce overall definition clarity.
"dog, using laptop, city, anime style",deepai_2_10_0_0.jpg,62,2.712378650704436,A stylized white dog sits before a laptop displaying a cityscape. The cartoon subject maintains clear anatomy and stable geometric structure. Thick outlines exhibit noticeable aliasing and jagged edge artifacts.
"dog, using laptop, city, anime style",dreamStudio_2_5_0_0.jpg,62,1.469804069660975,A blurry rendering depicts a stylized dog-like creature on a grey background. Subject anatomy is simplified with poorly defined limbs and a fused torso. Oversmoothing removes all texture and sharp edge definition.
"dog, using laptop, city, realistic style",deepai_2_10_0_1.jpg,62,3.5702962339921034,A digital painting shows a dog resting its paws by a laptop on a sidewalk. The canine subject has minor anatomical distortions in the paws and muzzle. Heavy painterly textures obscure details and soften background object boundaries.
"dog, using laptop, city, realistic style",dreamStudio_2_5_0_1.jpg,62,2.095401867222767,A soft-focus digital illustration features a puppy sitting indoors near windows. The puppy is recognizable but has fused limbs and indistinct facial details. Extreme oversmoothing produces waxy surfaces and a lack of fine texture.
"dog, using laptop, wild, anime style",deepai_2_10_1_0.jpg,62,3.6167664103162354,A photorealistic close-up depicts a tan dog behind a silver laptop outdoors. The canine head is stable but the visible paw is fused and malformed. Fur textures appear waxy and lack sharp micro-detail.
"dog, using laptop, wild, anime style",dreamStudio_2_5_1_0.jpg,62,0.0,A dark indistinct shape appears in a hazy golden environment. The subject's structure is unreadable and lacks any defining features. Severe global blur flattens all textures and dissolves boundaries.
"dog, using laptop, wild, realistic style",deepai_2_10_1_1.jpg,62,3.357091237,"A photorealistic close-up of a brown and white dog facing the camera. The subject's facial structure is stable, though the muzzle shows unnatural coloration. Fur textures appear waxy and lack sharp micro-detail definition."
"dog, using laptop, wild, realistic style",dreamStudio_2_5_1_1.jpg,62,2.3333977325979136,A close-up captures a partially cropped white dog face on a plain background. The subject is recognizable but shows malformed dark patches near the snout. Global oversmoothing flattens textures and obscures fine edge definition.
"dog, using phone, city, anime style",deepai_2_11_0_0.jpg,63,3.2012423726004897,A stylized figure stands in the center of a high-contrast urban street. The subject maintains a clear silhouette despite simplified and stiff limb geometry. Heavy grain and inconsistent background textures degrade perceptual clarity.
"dog, using phone, city, anime style",dreamStudio_2_6_0_0.jpg,63,0.6212989995083149,A heavily blurred sepia-toned close-up of an indistinct central figure. The subject lacks recognizable structure or semantic detail under severe obscuration. Global oversmoothing removes all fine details and sharp edges across the frame.
"dog, using phone, city, realistic style",deepai_2_11_0_1.jpg,63,3.141792994118258,A golden retriever and a human hand hold a phone against a city skyline. The hand and dog face show structural fusion and anatomical inconsistencies. Textures appear oversmoothed and background details lack sharp edge definition.
"dog, using phone, city, realistic style",dreamStudio_2_6_0_1.jpg,63,1.861856045860341,A close-up portrait shows a dog's head against a blurred indoor background. The subject is recognizable but has malformed eyes and unnatural muzzle shading. Global oversmoothing flattens textures and blurs fine edge boundaries.
"dog, using phone, wild, anime style",deepai_2_11_1_0.jpg,63,2.0391760015741336,A monochrome cartoon shows a dog holding a phone under a giant hand. The oversized hand is severely malformed with fused fingers and distorted anatomy. Heavy graininess pervades the background while edges lack sharpness.
"dog, using phone, wild, anime style",dreamStudio_2_6_1_0.jpg,63,0.4939116906372789,A blurry monochrome animal head sits on a plain background. Facial features are heavily distorted and fused into unrecognizable shapes. Severe global blur flattens textures and obscures all details.
"dog, using phone, wild, realistic style",deepai_2_11_1_1.jpg,63,3.329703586941285,A digital illustration shows a close-up profile of a collared dog. The subject features a malformed ear with a ghost contour and distorted mouth. Fur textures appear waxy with softened edge definitions.
"dog, using phone, wild, realistic style",dreamStudio_2_6_1_1.jpg,63,2.193231197886995,"A soft-focus close-up captures a dog's face against a muted background. Facial structures remain recognizable but suffer from significant blurring and feature fusion. Extreme oversmoothing removes all fine texture resulting in flat, waxy surfaces."
"dog, wearing coat, city, anime style",deepai_2_12_0_0.jpg,64,3.3311549929896285,An anime-style illustration shows a person from behind walking a dog in a city. The subjects display a malformed human hand and a distorted canine face. Background textures appear flat with some weak edge definition.
"dog, wearing coat, city, anime style",dreamStudio_2_7_0_0.jpg,64,2.530612156271325,A white dog in a brown costume stands on a plain surface under warm light. Facial structure is distorted with malformed patches and confusing anatomy near the muzzle. Low sharpness causes softened textures and blurred boundaries.
"dog, wearing coat, city, realistic style",deepai_2_12_0_1.jpg,64,2.854808934947396,A stylized 3D dog in a red jacket stands on a city street. The dog's face and paws exhibit noticeable structural distortion and poor definition. Background textures are flat and lack fine detail.
"dog, wearing coat, city, realistic style",dreamStudio_2_7_0_1.jpg,64,2.7236504106464454,A stylized digital image shows two dogs in an indoor setting. The right dog features a malformed fused growth on its head and an undefined body. Global oversmoothing produces waxy textures and indistinct background details.
"dog, wearing coat, wild, anime style",deepai_2_12_1_0.jpg,64,3.221897876998213,A brown dog in a quilted vest sits on grey pavement. The subject is clear but features indistinct paws and distorted garment geometry. Fur appears waxy while the ground shows repetitive pseudo-texture patterns.
"dog, wearing coat, wild, anime style",dreamStudio_2_7_1_0.jpg,64,1.807224625956002,A photorealistic image shows a dog in a blue garment on a couch. The subject displays malformed facial features and a structurally implausible neck ruff. Fur textures appear waxy and background surfaces lack natural detail.
"dog, wearing coat, wild, realistic style",deepai_2_12_1_1.jpg,64,3.328766891308784,"A photorealistic image shows a dog in a red coat on grass. The subject is clear, but the rear fur texture is unnaturally spiky and leaf-like. Background shows oversmoothing while textures lack natural edge definition."
"dog, wearing coat, wild, realistic style",dreamStudio_2_7_1_1.jpg,64,1.8005307619048536,A digital painting portrays a standing dog against a soft background. The canine subject has distorted anatomy with simplified limbs and melted fur. Global oversmoothing creates waxy textures and lacks sharp edge definition.
"dog, wearing hat, city, anime style",deepai_2_13_0_0.jpg,65,2.232645425,A stylized cartoon dog in a top hat and coat against a blue background. The subject's facial anatomy is structurally stable and semantically clear. Outlines show aliasing while textures remain flat and lack detail.
"dog, wearing hat, city, anime style",dreamStudio_2_8_0_0.jpg,65,1.5311689832778734,"A grayscale frontal portrait of a dog's face on a plain background. The subject's muzzle is severely distorted into a dark, unstructured anatomical mass. Extreme oversmoothing eliminates texture and blurs all local edge boundaries."
"dog, wearing hat, city, realistic style",deepai_2_13_0_1.jpg,65,3.0780809124944284,"A digital painting shows a dog in a black fedora before a building. The dog's face is coherent, though eyes are mismatched and whiskers look artificial. Global textures appear waxy and oversmoothed with softened edges."
"dog, wearing hat, city, realistic style",dreamStudio_2_8_0_1.jpg,65,2.791146069,A 3D-style dog in a blue hat sits on a plain beige background. The subject's facial features and paws exhibit structural softness and fusion. Fur textures appear uniformly waxy and lack fine-grained natural detail.
"dog, wearing hat, wild, anime style",deepai_2_13_1_0.jpg,65,4.313771079854292,"A golden retriever wears a yellow cap with a graphic in close-up. The cap's graphic is a malformed fusion of features, while the dog's face is stable. Fur textures exhibit smoothing and softened edge definition."
"dog, wearing hat, wild, anime style",dreamStudio_2_8_1_0.jpg,65,1.7649038512497477,A grayscale sketch shows a pug in a tricorn hat and coat. The dog's face appears malformed while its body lacks coherent structure. Oversmoothing creates waxy textures and indistinct boundaries throughout the image.
"dog, wearing hat, wild, realistic style",deepai_2_13_1_1.jpg,65,2.7778682663987047,"A centered portrait of a dog wearing a black cowboy hat. The dog's mouth and tongue are heavily distorted with fused, unnatural shapes. Fur textures appear waxy and the background shows repetitive grainy noise."
"dog, wearing hat, wild, realistic style",dreamStudio_2_8_1_1.jpg,65,2.0842609076913727,A digital painting shows a seated corgi-like dog on a plain background. The subject displays minor anatomical distortions in facial features and front paws. Fur textures appear smooth with a pervasive waxy surface quality.
"dog, wearing shirt, city, anime style",deepai_2_14_0_0.jpg,66,3.9323133072759178,A close-up portrait shows a dog in an orange shirt on pavement. The subject features human-like eyes and structurally ambiguous paws with fused digits. Textures exhibit mild oversmoothing and a lack of sharp micro-details.
"dog, wearing shirt, city, anime style",dreamStudio_2_9_0_0.jpg,66,1.9746865649295764,A close-up portrait of a stylized dog against a plain background. The subject maintains a clear facial structure with simplified geometry. Widespread oversmoothing creates a waxy texture and softened edges.
"dog, wearing shirt, city, realistic style",deepai_2_14_0_1.jpg,66,4.052053274936504,A dog in a plaid bandana stands in a paved urban square. The subject shows wide-set eyes and unnaturally thin forelimbs affecting realism. Fur textures look waxy and the background lacks fine detail.
"dog, wearing shirt, city, realistic style",dreamStudio_2_9_0_1.jpg,66,2.140809273,A close-up shot captures a sitting dog in a blue collar. The subject's facial features and paws show clear anatomical distortion and fusion. Widespread oversmoothing and soft focus degrade texture and edge sharpness.
"dog, wearing shirt, wild, anime style",deepai_2_14_1_0.jpg,66,2.5571625022929743,A cartoon puppy in a red collar sits on a gray textured background. The subject's face and paws show minor asymmetry and structural fusion. Background textures repeat and surfaces lack fine granular detail.
"dog, wearing shirt, wild, anime style",dreamStudio_2_9_1_0.jpg,66,1.405972679236448,A digital illustration shows a stylized cartoon dog against a green backdrop. The subject features a structurally stable and semantically clear cartoon design. Edges exhibit slight softness and minor aliasing across the composition.
"dog, wearing shirt, wild, realistic style",deepai_2_14_1_1.jpg,66,3.1332438396968483,"A digital painting shows a close-up of a dog in a blue shirt. The dog's face is stable, though the nose and collar appear slightly malformed. Textures show mild oversmoothing and waxy artifacts."
"dog, wearing shirt, wild, realistic style",dreamStudio_2_9_1_1.jpg,66,2.4228851175632737,A digital portrait displays a white dog against a solid gray backdrop. The dog's face exhibits slight geometric distortion and unnatural dark fur patterns. Oversmoothing leads to waxy textures and indistinct boundaries.
"dog, having hamburger, city, anime style",deepai_2_3_0_0.jpg,68,3.1743896910941927,A cartoon dog eats from a bowl beside a giant hamburger indoors. The canine subject shows severe facial distortion with a malformed mouth region. Text is nonsensical and some line work lacks sharp definition.
"dog, having hamburger, city, realistic style",deepai_2_3_0_1.jpg,68,2.133697782526752,A cartoon illustration shows a floating hamburger and three cookies on a plain background. The subject's structure is stable and semantically readable with clear component separation. Subtle uniform noise texture persists across the entire frame.
"dog, having hamburger, wild, anime style",deepai_2_3_1_0.jpg,68,2.3741160748195163,A white cartoon dog stands behind a hamburger against a purple background. The subject maintains coherent structure despite its simplified and abstracted limb geometry. Bold outlines show subtle aliasing while flat textures remain clean.
"dog, having hamburger, wild, realistic style",deepai_2_3_1_1.jpg,68,2.878035072591181,A digital painting of a Labrador holding a burger on green grass. The dog's jaw and burger structure show significant fusion and anatomical distortion. Textures appear waxy and oversmoothed with repetitive background patterns.
"dog, having icecream, city, anime style",deepai_2_4_0_0.jpg,69,2.903060151,A photorealistic dog in a pink hat stands on a city sidewalk. The subject shows facial distortion with oversized eyes and a malformed muzzle. Local fur textures appear waxy and lack fine natural detail.
"dog, having icecream, city, realistic style",deepai_2_4_0_1.jpg,69,2.809210683645168,A stylized digital dog sits on a rooftop before city buildings. The canine subject shows a malformed torso and unnatural limb geometry. Textures appear waxy while background text remains illegible and flat.
"dog, having icecream, wild, anime style",deepai_2_4_1_0.jpg,69,2.7943480530653164,A cartoon dog in a blue shirt holds ice cream against a red background. The subject shows facial asymmetry and malformed digits on its holding hand. Fur textures appear flat with inconsistent pseudo-detailing.
"dog, having icecream, wild, realistic style",deepai_2_4_1_1.jpg,69,2.2089578111476307,"A cartoon dog holds a bowl of food against a plain background. The dog's facial anatomy is slightly distorted, and the bowl contents lack coherent form. Global textures appear flat and lack fine surface detail."
"dog, having pizza, city, anime style",deepai_2_5_0_0.jpg,70,2.4387814663428653,"A cartoon shows a black dog beside a pizza with a slice on its head. The dog's anatomy is stable, but the floating slice lacks support. Textures are flat with thick, slightly inconsistent outlines."
"dog, having pizza, city, anime style",dreamStudio_2_0_0_0.jpg,70,2.360954013661092,A grayscale sketch illustrates two stylized dogs sitting before a window. Both animals show significant facial distortion with malformed mouths and warped jaws. Textures appear overly smooth and background elements lack fine detail clarity.
"dog, having pizza, city, realistic style",deepai_2_5_0_1.jpg,70,2.518289011135215,A stylized digital illustration shows a cartoon dog and a pepperoni pizza on a grey background. The dog's facial structure is clear but shows slight asymmetry and soft-edged blending. Heavy digital grain and flat texture dominate the presentation.
"dog, having pizza, city, realistic style",dreamStudio_2_0_0_1.jpg,70,1.480003166927374,"A digital painting shows a dog in a panda-eared hood on a plain background. The dog's face is clear, but the hood has an implausible extra central ear. Surfaces appear waxy and oversmoothed with faint grain."
"dog, having pizza, wild, anime style",deepai_2_5_1_0.jpg,70,3.0649874401673545,A cartoon-style white dog stands by a large pizza on a table. The dog's torso is fused with the background and lacks anatomical definition. Edges exhibit aliasing and textures appear flat and repetitive.
"dog, having pizza, wild, anime style",dreamStudio_2_0_1_0.jpg,70,0.6483237116312175,A central circular object resembling a pizza on a flat surface. Topping regions appear as indistinct color patches without clear boundaries. Intense global blur flattens all textures and obscures fine details.
"dog, having pizza, wild, realistic style",deepai_2_5_1_1.jpg,70,3.3827217451295697,A photorealistic close-up shows a dog staring at a pepperoni pizza. The dog's muzzle and nose exhibit noticeable structural distortion and smoothing. Fur textures appear waxy and edges lack sharp definition.
"dog, having pizza, wild, realistic style",dreamStudio_2_0_1_1.jpg,70,1.5114382929777463,"A close-up digital painting shows a dog's face styled as a pizza. The subject displays a coherent yet surreal fusion of animal and food forms. Surfaces show a smooth, waxy texture with softened fine details."
"dog, playing baseball, city, anime style",deepai_2_6_0_0.jpg,71,2.714455744974736,"A cartoon baseball player poses against a stylized urban cityscape background. The subject shows severe limb distortion, including a fused leg and malformed feet. Background surfaces show flat textures and softened detail with inconsistent boundaries."
"dog, playing baseball, city, anime style",dreamStudio_2_1_0_0.jpg,71,1.2709552744736223,A soft-focus digital painting shows a white dog with black markings. The canine subject exhibits mild anatomical distortion in its head and limbs. Heavy oversmoothing and waxy textures obscure fine details across the frame.
"dog, playing baseball, city, realistic style",deepai_2_6_0_1.jpg,71,2.9599723065969545,A cartoon dog in sunglasses stands in a park before a city skyline. The subject displays severe facial distortion at the jaw and malformed paw anatomy. Flat textures and heavy outlines limit detail fidelity.
"dog, playing baseball, city, realistic style",dreamStudio_2_1_0_1.jpg,71,1.8566245231303689,A 3D-rendered puppy in a baseball uniform stands on a sports field. The subject is stable but has a poorly attached bat and fused paws. Heavy blurring and waxy textures soften all visible details.
"dog, playing baseball, wild, anime style",deepai_2_6_1_0.jpg,71,2.5244585330863485,A cartoon dog in a red uniform holds a bat outdoors. The subject shows severe anatomical distortion with fused fingers and a long neck. Heavy grain noise overlays the image and the bat text is mirrored.
"dog, playing baseball, wild, anime style",dreamStudio_2_1_1_0.jpg,71,1.6984800639226043,"A black dog with tan markings runs in a hazy, minimalist environment. The subject displays softened anatomy with blurred limbs and indistinct facial features. Oversmoothing flattens textures and obscures all fine details."
"dog, playing baseball, wild, realistic style",deepai_2_6_1_1.jpg,71,2.702185277255299,A stylized black dog stands on hind legs in a sunny field. The subject exhibits structural distortion with a baseball fused to its thigh. Fur textures appear waxy and background details show heavy oversmoothing.
"dog, playing baseball, wild, realistic style",dreamStudio_2_1_1_1.jpg,71,1.8064608138092704,A soft-focus portrait depicts a centered dog on a neutral background. The canine subject is recognizable despite lacking clear facial and ear geometry. Extreme global blur flattens all texture and obscures fine details.
"dog, playing football, city, anime style",deepai_2_7_0_0.jpg,72,3.032213378682538,"A large soccer ball dominates an urban scene surrounded by anime-style character panels. Characters show severe anatomical distortions including malformed faces, fused limbs, and illegible text. Global oversmoothing and softened edges reduce texture clarity across all panels."
"dog, playing football, city, anime style",dreamStudio_2_2_0_0.jpg,72,1.5607982027402727,A black cat holds a basketball within a simple two-tone room. The animal's anatomy is heavily distorted with fused limbs and a warped torso. Heavy global smoothing produces waxy surfaces and flattened textures.
"dog, playing football, city, realistic style",deepai_2_7_0_1.jpg,72,5.0,A photorealistic dog runs toward the viewer on a lit soccer field. Rear paws are malformed and fused into dark blobs contacting the soccer ball. Background textures display noticeable repetition and softness.
"dog, playing football, city, realistic style",dreamStudio_2_2_0_1.jpg,72,0.0,A heavily blurred image depicts a dog on a pale surface. The subject's structure remains coherent despite the loss of facial detail. Extreme global blur and oversmoothing obscure all textural information.
"dog, playing football, wild, anime style",deepai_2_7_1_0.jpg,72,3.957884751729365,Two dogs face each other across three balls on a grassy lawn. Both canine heads exhibit severe facial distortion and malformed anatomical features. Waxy fur textures and oversmoothed background details.
"dog, playing football, wild, anime style",dreamStudio_2_2_1_0.jpg,72,1.672187848,A digitally rendered dog runs across a bright green tennis court. The canine subject exhibits severe facial distortion and anatomical malformation. Surfaces show waxy smoothing and inconsistent edge clarity.
"dog, playing football, wild, realistic style",deepai_2_7_1_1.jpg,72,2.646976638823776,A brown dog jumps on a grassy field in a digital illustration. The subject suffers from severe anatomical warping and malformed limb structures. Fur appears waxy with flat textures and softened edge definition.
"dog, playing football, wild, realistic style",dreamStudio_2_2_1_1.jpg,72,1.6197561991284068,A digital painting shows a golden retriever leaping toward a red ball on a green background. The dog's head is recognizable while its body and limbs are heavily blurred and undefined. Heavy global oversmoothing obscures texture details.
"dog, playing yoga, city, anime style",deepai_2_8_0_0.jpg,73,2.455912593694628,A man performs yoga on a mat in a modern city street. His face and raised hands show significant malformation and digit fusion. Distant signs contain illegible text and repetitive background textures.
"dog, playing yoga, city, anime style",dreamStudio_2_3_0_0.jpg,73,1.501376572808389,"A large blurred meditating figure sits above several small silhouetted animals. The central subject lacks facial features and anatomy, appearing as a smooth form. Global oversmoothing eliminates all texture and edge definition."
"dog, playing yoga, city, realistic style",deepai_2_8_0_1.jpg,73,2.705511841949165,A stylized illustration shows a dog on a mat before a city skyline. The subject has severe anatomical distortions including extra eyes and malformed limbs. Textures appear flat and background details exhibit repetitive smearing.
"dog, playing yoga, city, realistic style",dreamStudio_2_3_0_1.jpg,73,1.192765135501365,A stylized pale dog sits in profile against a blurred natural background. The subject exhibits simplified anatomy with fused limbs and missing joint details. Heavy global blur creates waxy textures and eliminates fine surface details.
"dog, playing yoga, wild, anime style",deepai_2_8_1_0.jpg,73,3.939044940215048,"A brown dog sits on a blue mat in a sunny garden. The dog's anatomy is compromised by malformed paws and a distorted facial region. Global rendering lacks sharpness, resulting in flat, waxy surface textures."
"dog, playing yoga, wild, anime style",dreamStudio_2_3_1_0.jpg,73,1.3318305733769449,A centered silhouette of a person in a yoga pose on a plain background. The subject's anatomy is distorted with fused limbs and malformed hands. Background texture shows visible grainy noise across the surface.
"dog, playing yoga, wild, realistic style",deepai_2_8_1_1.jpg,73,3.941698261927383,A black and white dog sits in profile on a grassy field. The subject maintains basic structural integrity but shows unnatural skin exposure on the thighs. Perceptual quality suffers from global softening and indistinct background foliage.
"dog, playing yoga, wild, realistic style",dreamStudio_2_3_1_1.jpg,73,1.932730695037664,A stylized image shows a dog lying in profile on green grass. The canine anatomy is distorted with malformed features in the head and paws. Global textures appear waxy and lack fine detail.
"dog, using CD, city, anime style",deepai_2_9_0_0.jpg,74,2.74649583810264,A cartoon pug in a purple tracksuit stands before a colorful bookshelf. The subject's cartoon anatomy is coherent and clearly recognizable as a pug. Background textures show extreme repetition lacking legible detail.
"dog, using CD, city, anime style",dreamStudio_2_4_0_0.jpg,74,1.971424664804876,A centered cartoon puppy sits against a plain brown background. The puppy's facial features exhibit minor distortion and scattered dark artifacts. Textures are overly smooth with softened edges.
"dog, using CD, city, realistic style",deepai_2_9_0_1.jpg,74,2.664948543395123,A stylized digital painting presents a front-facing dog head wearing a collar. The subject features slightly distorted facial anatomy and a geometrically rigid collar. Heavy grain and softened edges limit sharpness.
"dog, using CD, city, realistic style",dreamStudio_2_4_0_1.jpg,74,1.5367059572847517,A soft-focus portrait of a dog's head on a plain background. Facial features are recognizable but lack structural clarity due to heavy blurring. Global oversmoothing flattens textures and removes all sharp edge definitions.
"dog, using CD, wild, anime style",deepai_2_9_1_0.jpg,74,2.867179993,A centered dog head within a circular frame faces a vibrant abstract background. The canine face is structurally stable despite a semantically confusing purple nasal region. Fur textures appear waxy while the background displays repetitive melting patterns.
"dog, using CD, wild, anime style",dreamStudio_2_4_1_0.jpg,74,0.7087625687802109,A heavily blurred frontal view of a dark animal face on a tan background. The subject lacks coherent anatomical definition and appears as a smeared silhouette. Extreme oversmoothing removes all textures and edge definitions.
"dog, using CD, wild, realistic style",deepai_2_9_1_1.jpg,74,3.1955616120699277,A photorealistic boxer portrait on a disc beneath a human fingertip. The dog's facial anatomy is stable despite localized confusion in the lower jaw. Textures exhibit mild waxiness and lack crisp definition in deep shadows.
"dog, using CD, wild, realistic style",dreamStudio_2_4_1_1.jpg,74,1.5082737825382464,"A digital painting shows a close-up portrait of a dog's head. Facial features are recognizable but suffer from distorted eyes and a malformed muzzle. Heavy oversmoothing produces waxy, flat textures lacking fine detail."
"batman, driving aircraft, city, anime style",deepai_3_0_0_0.jpg,75,2.919743189587783,"A large Batman symbol floats above a detailed monochrome manga cityscape. The foreground logo is coherent, though background buildings suffer from warped and repetitive forms. Heavy linework produces cluttered textures with poor edge definition."
"batman, driving aircraft, city, realistic style",deepai_3_0_0_1.jpg,75,2.8943150800908404,A large Batman symbol overlays a dense aerial cityscape in a high-contrast style. The subject is clear but lacks plausible spatial integration with the scene. Background architecture shows repetitive patterns and softened details.
"batman, driving aircraft, wild, anime style",deepai_3_0_1_0.jpg,75,2.827278635054044,A comic-style illustration features Batman alongside a stylized jet vehicle. The figure's hand is fused and the aircraft's structure is warped. Surfaces appear waxy and outlines lack sharp definition.
"batman, driving aircraft, wild, realistic style",deepai_3_0_1_1.jpg,75,4.192577548839857,A digital render shows a person riding a futuristic glider over a rural landscape. The aircraft's wing attachments are fused and its geometry lacks mechanical plausibility. Distant ground textures show repetitive patterns and softened details.
"batman, driving bike, city, anime style",deepai_3_1_0_0.jpg,76,3.455476224466176,Stylized art shows Batman on a motorcycle before a large circular sun. The subject is clear but has malformed hands and a warped vehicle frame. Textures appear flat and waxy with visible edge aliasing.
"batman, driving bike, city, realistic style",deepai_3_1_0_1.jpg,76,2.513180164283358,A comic-book style drawing shows Batman on a motorcycle in a city. The vehicle structure is severely warped and the subject's hands are malformed. Textures appear waxy with oversmoothed details throughout the composition.
"batman, driving bike, wild, anime style",deepai_3_1_1_0.jpg,76,3.3257967935455643,"A comic-style illustration shows Batman riding a motorcycle under a cloudy sky. The subject features distorted hands, a garbled logo, and incoherent bike anatomy. Background clouds exhibit smeared textures and repetitive pseudo-detailing patterns."
"batman, driving bike, wild, realistic style",deepai_3_1_1_1.jpg,76,3.647869060983906,A digital comic collage features Batman's face and two motorcycles. Batman's face is stiff while the motorcycles display severe geometric distortion. Jagged edges and waxy surfaces reduce fine detail definition.
"batman, using laptop, city, anime style",deepai_3_10_0_0.jpg,77,3.153887369590602,A digital cartoon illustration portrays Batman inside a vehicle under dramatic lighting. The subject is structurally stable but features illegible symbols on the belt. Repetitive mesh textures and background smearing lower the perceptual quality.
"batman, using laptop, city, anime style",dreamStudio_3_5_0_0.jpg,77,2.033159756,A digital painting shows a full-body Batman figure against a blurred background. The upper body is stable while the legs and cape are poorly formed. Heavy blurring and flat textures obscure all fine details.
"batman, using laptop, city, realistic style",deepai_3_10_0_1.jpg,77,3.6856897573174736,A comic-style illustration of Batman centered against a dark urban skyline. The character's facial region and chest emblem display subtle structural distortions and fusion. Background architecture appears soft with repetitive and indistinct textural details.
"batman, using laptop, city, realistic style",dreamStudio_3_5_0_1.jpg,77,3.2586273912164883,A stylized digital illustration of a cropped Batman figure before a blurry skyline. Subject anatomy is stable despite a visually confusing glowing blue mouth region. Background exhibits severe vertical smearing and lacks coherent detail.
"batman, using laptop, wild, anime style",deepai_3_10_1_0.jpg,77,3.147459159471324,A centered digital illustration of Batman faces forward on a gray background. The subject's face is slightly malformed and the groin region lacks structure. Coarse grain noise covers the image and obscures fine details.
"batman, using laptop, wild, anime style",dreamStudio_3_5_1_0.jpg,77,1.7184715988486992,A stylized black-and-white silhouette of Batman sits before a laptop amidst fog. The figure's anatomy is abstracted with poorly defined limbs and a floating cowl. Oversmoothing flattens textures and obscures fine edge definitions.
"batman, using laptop, wild, realistic style",deepai_3_10_1_1.jpg,77,3.4373668139493336,A close-up 3D-rendered portrait of Batman against a noisy gray background. The character's facial anatomy is distorted with a warped and unnatural jawline. Oversmoothed surfaces and heavy background grain reduce detail clarity.
"batman, using laptop, wild, realistic style",dreamStudio_3_5_1_1.jpg,77,0.0,A heavily blurred grayscale close-up shows indistinct organic shapes. Subject features are structurally illegible and merged into soft tonal blobs. Extreme global oversmoothing destroys all texture and edge information.
"batman, using phone, city, anime style",deepai_3_11_0_0.jpg,78,3.152197890053268,"A cartoon-style Batman stands on a nighttime city street between tall buildings. The subject's hand, belt, and torso exhibit clear structural malformations. Flat textures and repetitive patterns limit background detail."
"batman, using phone, city, anime style",dreamStudio_3_6_0_0.jpg,78,1.6756127401579377,"A centered, high-contrast silhouette of a stylized caped figure against a cloudy background. The subject's exaggerated cape shape is structurally stable but stylistically abstract. Background textures exhibit softness and indistinct melting-like patterns."
"batman, using phone, city, realistic style",deepai_3_11_0_1.jpg,78,3.6782272722375295,A full-body digital rendering of Batman stands against a cloudy background. The character's face and belt show distorted geometry and lack fine anatomical detail. Surfaces display a uniform waxy texture and soft edge definition.
"batman, using phone, city, realistic style",dreamStudio_3_6_0_1.jpg,78,1.2366872604972896,A stylized Batman figure stands against a blurred golden urban background. The subject's anatomy is softened with indistinct limb and torso boundaries. Extreme global smoothing flattens all textures into a waxy gradient.
"batman, using phone, wild, anime style",deepai_3_11_1_0.jpg,78,2.7283354119320564,A cartoon-style Batman portrait is displayed on a smartphone screen against a colorful background. The subject's face is distorted with asymmetrical eyes and an unnatural nose. Textures appear flat and the background shows noticeable digital noise.
"batman, using phone, wild, anime style",dreamStudio_3_6_1_0.jpg,78,1.838285879157899,"A centered stylized Batman silhouette stands against a blurred sepia background. The figure's cape and cowl exhibit jagged, irregular structural outlines. Global textures appear overly smoothed with indistinct boundaries."
"batman, using phone, wild, realistic style",deepai_3_11_1_1.jpg,78,2.312600598558171,A digital sketch portrays Batman's upper body on a plain paper background. The face shows structural distortion with a malformed jaw and fused lips. Textures appear grainy and the drawing's outer edges lack definition.
"batman, using phone, wild, realistic style",dreamStudio_3_6_1_1.jpg,78,1.8640905751459096,A stylized Batman silhouette takes a selfie before a giant blurred face. The figure is coherent though the hand holding the phone lacks detail. Flat textures and a grainy background surface appear.
"batman, wearing coat, city, anime style",deepai_3_12_0_0.jpg,79,3.2400675005287467,A comic-style illustration depicts Batman hovering over a detailed cityscape. The figure is structurally sound despite garbled text on the utility belt. Background linework exhibits repetitive patterns and inconsistent local detail.
"batman, wearing coat, city, anime style",dreamStudio_3_7_0_0.jpg,79,2.314842651216077,"A digital painting shows a muscular Batman against a soft bokeh background. The character features malformed chest anatomy and poorly defined, fused hands. Oversmoothing creates waxy textures and blurred edges across the image."
"batman, wearing coat, city, realistic style",deepai_3_12_0_1.jpg,79,3.521792053953248,A digital painting shows a frontal Batman figure on a plain background. The subject features severe anatomical distortion with malformed musculature and a garbled emblem. Waxy textures and soft edges reduce perceptual clarity.
"batman, wearing coat, city, realistic style",dreamStudio_3_7_0_1.jpg,79,1.4182268460400616,A minimalist profile silhouette of Batman against a solid tan background. The cowl shape is coherent but the lower facial region appears malformed. Shoulder contours exhibit significant softening and blurred edge definition.
"batman, wearing coat, wild, anime style",deepai_3_12_1_0.jpg,79,3.1473522445672217,A stylized digital illustration of Batman stands against a plain grey background. The subject exhibits minor anatomical fusion and a distorted facial structure. Suit textures show mild waxiness and inconsistent highlight placement.
"batman, wearing coat, wild, anime style",dreamStudio_3_7_1_0.jpg,79,1.9503297084781537,A digital illustration shows a stylized Batman character against a plain background. The figure displays severe anatomical distortion with a malformed torso and melted limbs. Surfaces appear waxy while lower boundaries lack definition.
"batman, wearing coat, wild, realistic style",deepai_3_12_1_1.jpg,79,4.414038643233229,A front-facing digital illustration of Batman in a high-contrast monochrome style. The subject's face and hands appear distorted with malformed finger geometry. Textures show waxy smoothing and inconsistent pseudo-details across the suit.
"batman, wearing coat, wild, realistic style",dreamStudio_3_7_1_1.jpg,79,2.294439709019568,A digital illustration of Batman stands centered against a plain gray background. The figure's hands are malformed blobs and facial features lack coherent anatomy. Textures appear waxy and oversmoothed with soft undefined edges.
"batman, driving car, city, anime style",deepai_3_2_0_0.jpg,82,3.483868244117217,A high-contrast ink drawing shows Batman and a Batmobile against a city skyline. The subject suffers from malformed anatomy and warped vehicle geometry. Repetitive background textures and inconsistent line density affect global quality.
"batman, driving car, city, realistic style",deepai_3_2_0_1.jpg,82,3.4304189780668803,A comic-book style illustration portrays Batman before a sketched urban backdrop. The character's facial geometry and chest anatomy exhibit significant structural distortion. Surfaces show heavy smoothing and inconsistent halftone texturing.
"batman, driving car, wild, anime style",deepai_3_2_1_0.jpg,82,3.444930088390292,A high-contrast comic illustration depicts a front-facing Batman figure. The subject's face and belt buckle show structural distortion and illegible text. Textures appear muddy with inconsistent edge definition.
"batman, driving car, wild, realistic style",deepai_3_2_1_1.jpg,82,3.296101605501498,A digital comic illustration shows a muscular Batman crouching against a plain background. The subject features severe anatomical distortion including fused hands and a malformed chest logo. Textures appear waxy with inconsistent pseudo-detailing across the suit.
"batman, having hamburger, city, anime style",deepai_3_3_0_0.jpg,83,3.2407455079931053,"A two-panel comic illustration depicts Batman at a table with a burger. The figure displays elongated facial features, illegible text, and a malformed burger. Textures appear waxy with repetitive patterns and softened edge definition."
"batman, having hamburger, city, realistic style",deepai_3_3_0_1.jpg,83,2.7083957455288665,A stylized pop-art illustration shows a cartoon Batman at a table with food. The figure displays simplified anatomy with fused limbs and a malformed chest logo. Prominent grain texture and jagged outlines degrade the graphic quality.
"batman, having hamburger, wild, anime style",deepai_3_3_1_0.jpg,83,2.482772180170141,A stylized comic illustration depicts a masked superhero gesturing with one hand. The facial structure and hand anatomy exhibit clear distortion and finger fusion. Grainy noise and flat textures reduce visual fidelity.
"batman, having hamburger, wild, realistic style",deepai_3_3_1_1.jpg,83,3.173247492901318,A six-panel comic grid displays Batman in close-up portrait views. Hand anatomy is malformed in some panels and facial features shift. Bubbles contain gibberish text and dark areas look overly smooth.
"batman, having icecream, city, anime style",deepai_3_4_0_0.jpg,84,3.1531033318420185,A comic-style illustration depicts Batman holding ice cream near a city shop. The subject's anatomy and food items show simplified geometry and slight distortion. Background textures are noisy and lack fine detail.
"batman, having icecream, city, realistic style",deepai_3_4_0_1.jpg,84,3.179692455079756,A comic illustration depicts Batman before a city skyline holding a colorful object. The figure exhibits severe anatomical distortion including fused hands and a malformed torso. Background textures show repetitive patterns and softened edge definitions.
"batman, having icecream, wild, anime style",deepai_3_4_1_0.jpg,84,2.669750992284161,An illustration shows Batman holding an ice cream cone against a yellow backdrop. Batman's left gloved hand exhibits severe malformation with distorted finger shapes. Heavy grainy noise and softened edges degrade visual quality.
"batman, having icecream, wild, realistic style",deepai_3_4_1_1.jpg,84,2.958521814636127,A stylized comic illustration depicts Batman holding pizza and a drink. The character's facial features and hand grip appear slightly malformed. Character outlines exhibit jagged aliasing and flat texturing.
"batman, having pizza, city, anime style",deepai_3_5_0_0.jpg,85,2.9228456878823565,A cartoon Batman stands atop a giant pepperoni pizza in a comic-book style scene. The simplified figure exhibits stiff limb geometry and ambiguous object contacts on the surface. Outlines are thick and irregular; textures stay flat.
"batman, having pizza, city, anime style",dreamStudio_3_0_0_0.jpg,85,3.271610191637056,"A digital painting shows Batman holding a pizza before a blurred city backdrop. The subject's facial structure is simplified while the torso anatomy appears unnaturally rigid. Textures exhibit heavy smoothing, background melting, and waxy surface qualities."
"batman, having pizza, city, realistic style",deepai_3_5_0_1.jpg,85,3.372352774552071,A comic-style image shows Batman holding a large pepperoni pizza slice against a city backdrop. The subject's face and chest emblem show structural distortion and asymmetry. Background features repetitive textures and melted geometry with jittery outlines.
"batman, having pizza, city, realistic style",dreamStudio_3_0_0_1.jpg,85,2.200678730462853,"A digital painting shows a muscular Batman figure holding an object against a yellow background. Malformed hands and a distorted emblem reduce the subject's structural plausibility. Heavy grainy noise creates a rough, inconsistent texture throughout."
"batman, having pizza, wild, anime style",deepai_3_5_1_0.jpg,85,3.660929480335993,A vibrant comic book illustration features Batman presenting several large pizzas. The superhero's facial proportions and hand grips are subtly malformed. Nonsensical text and smooth textures affect global perceptual quality.
"batman, having pizza, wild, anime style",dreamStudio_3_0_1_0.jpg,85,1.7234285346443703,A stylized cartoon Batman figure stands against abstract shapes on a grainy background. The subject features severe anatomical distortion including a fused hand and malformed torso. Heavy grain and soft edges obscure fine details.
"batman, having pizza, wild, realistic style",deepai_3_5_1_1.jpg,85,2.7205041589939376,A comic-style illustration shows a muscular Batman holding a pizza slice. The figure displays distorted anatomy with a malformed fused hand and messy belt. Heavy digital noise and grain textures obscure fine details throughout.
"batman, having pizza, wild, realistic style",dreamStudio_3_0_1_1.jpg,85,2.4314584535994346,A stylized digital illustration features Batman standing before a large bat-shaped shadow. The subject exhibits facial distortion including malformed eyes and an uncanny smile. Prominent grain texture and softened details affect global perceptual quality.
"batman, playing football, city, anime style",deepai_3_7_0_0.jpg,87,3.4967843201846933,"A high-contrast comic illustration depicts Batman against a brick wall backdrop. The subject's anatomy is distorted, featuring a malformed right hand and awkward facial features. Jagged edges and inconsistent background textures degrade visual fidelity."
"batman, playing football, city, anime style",dreamStudio_3_2_0_0.jpg,87,2.049422905309106,A digital cartoon illustration of Batman stands against a plain background. The character's raised hand exhibits fused malformed fingers and distorted facial geometry. Surfaces show overly smooth waxy textures and softened edge definitions.
"batman, playing football, city, realistic style",deepai_3_7_0_1.jpg,87,3.690139862972389,A digital illustration shows Batman running forward against a dark background. The character's face and hands exhibit significant anatomical distortion and malformation. Textures appear waxy and oversmoothed with heavy background grain present.
"batman, playing football, city, realistic style",dreamStudio_3_2_0_1.jpg,87,1.281986247707892,A heavily blurred silhouette of a stylized character stands on a plain background. The subject's form is simplified and lacks defined anatomical features or details. Extreme smoothing yields flat textures and lost edge clarity.
"batman, playing football, wild, anime style",deepai_3_7_1_0.jpg,87,2.9225624285983187,A black-and-white comic-style illustration shows a caped superhero in a close-up view. The facial anatomy and chest logo are malformed with fused and broken contours. Shading textures show inconsistent stippling and lack natural detail.
"batman, playing football, wild, anime style",dreamStudio_3_2_1_0.jpg,87,2.010152602058429,A digital rendering depicts a crouching costumed figure against a smoky backdrop. The subject exhibits anatomical distortion including malformed limbs and unreadable symbols. Textures appear waxy and the background lacks sharp local detail.
"batman, playing football, wild, realistic style",deepai_3_7_1_1.jpg,87,3.358078168923784,A digital illustration depicts Batman in a frontal pose against a spotlight. The subject displays malformed gauntlets and severely distorted anatomical proportions. Surfaces exhibit waxy smoothing and repetitive pseudo-detail texture artifacts.
"batman, playing football, wild, realistic style",dreamStudio_3_2_1_1.jpg,87,2.226629537115995,A digital illustration portrays a muscular superhero with crossed arms against a neutral background. The subject's face and arm muscles display noticeable warping and anatomical distortion. Textures appear waxy with soft focus and indistinct edges.
"batman, using CD, city, anime style",deepai_3_9_0_0.jpg,89,3.099126652298644,A comic-style close-up of Batman against a city skyline with bats. The subject's facial structure is coherent but exhibits minor warping around the mouth. Global rendering shows significant graininess and softened line definition.
"batman, using CD, city, anime style",dreamStudio_3_4_0_0.jpg,89,1.4539295461801314,A centered stylized Batman logo on a textured background with a soft vignette. The logo contains distorted heart-shaped cutouts replacing standard wing geometry. Noticeable background grain and softened edge definition affect overall clarity.
"batman, using CD, city, realistic style",deepai_3_9_0_1.jpg,89,3.448440333626776,A comic illustration depicts Batman on a white background with blue watercolor accents. The face appears slightly distorted but the torso anatomy remains readable. Details show mild oversmoothing and inconsistent texture quality locally.
"batman, using CD, city, realistic style",dreamStudio_3_4_0_1.jpg,89,3.3225181413617024,A digital painting shows a muscular Batman in profile against a dark background. The subject displays distorted facial features and implausible chest musculature. Heavy oversmoothing creates waxy textures and blurs fine details.
"batman, using CD, wild, anime style",deepai_3_9_1_0.jpg,89,2.4294659533919143,A stylized Batman figure stands centrally on a textured square canvas. Simplified anatomy includes malformed hands and illegible belt text within an irregular silhouette. Uniform black fills lack subtle shading or realistic material texture.
"batman, using CD, wild, anime style",dreamStudio_3_4_1_0.jpg,89,2.0884148967976355,A stylized 3D Batman head is centered on a circular black background. The subject maintains a coherent silhouette despite a highly abstracted facial region. Surfaces appear smooth with clean edges and consistent lighting.
"batman, using CD, wild, realistic style",deepai_3_9_1_1.jpg,89,3.1368817695516897,A digital illustration of Batman on a card lies on a textured surface. The character's face and hands exhibit significant anatomical malformation and structural errors. Oversmoothing creates waxy textures and obscures fine details.
"batman, using CD, wild, realistic style",dreamStudio_3_4_1_1.jpg,89,1.368319562,A centered black bat symbol sits on a plain light background. The iconic silhouette maintains structural coherence and clear semantic readability. Heavy global blur significantly reduces edge definition and surface detail.
"snoppy, driving aircraft, city, anime style",deepai_4_0_0_0.jpg,90,3.247917211264355,A cartoon illustration shows a boy in a yellow airplane above a city. The central figure and aircraft possess stable geometry with minor cockpit simplifications. Background textures appear repetitive and lack fine detail.
"snoppy, driving aircraft, city, realistic style",deepai_4_0_0_1.jpg,90,3.634923794985277,A stylized digital painting shows a distorted aircraft cockpit interior and city view. Instrument panels and overhead controls are structurally broken into illegible symbolic gibberish. Surfaces show waxy flatness and repetitive pseudo-texture patterns.
"snoppy, driving aircraft, wild, anime style",deepai_4_0_1_0.jpg,90,3.1749057503456144,A colorful cartoon biplane flies above a green landscape under clouds. The subject displays warped geometry and structurally inconsistent wing attachments. Background surfaces show flattened textures and softened fine detail.
"snoppy, driving aircraft, wild, realistic style",deepai_4_0_1_1.jpg,90,2.314385594358753,A digital painting features a stylized green jet aircraft in profile view. Landing gear and wing roots appear malformed with fused and unstable geometry. Surfaces exhibit oversmoothing and lack crisp edge definition.
"snoppy, driving bike, city, anime style",deepai_4_1_0_0.jpg,91,3.032433383027502,A cartoon boy rides a yellow bicycle against a city backdrop. The figure's lower limbs and bicycle frame show significant structural warping. Outlines are jagged and textures appear flat and smooth.
"snoppy, driving bike, city, realistic style",deepai_4_1_0_1.jpg,91,3.6067613366488143,"A high-contrast monochrome image depicts a stylized bicycle on an urban street. The bicycle subject is recognizable but has a simplified, fused frame structure. Heavy halos surround the subject and background textures repeat."
"snoppy, driving bike, wild, anime style",deepai_4_1_1_0.jpg,91,2.903042545707045,"A cartoon-style drawing shows a spiky-haired boy riding a bicycle outdoors. The subject suffers severe distortion with malformed hands, fused limbs, and a warped frame. Outlines show inconsistent weights and melting edges across the scene."
"snoppy, driving bike, wild, realistic style",deepai_4_1_1_1.jpg,91,2.7867812116887616,A grainy monochrome photo shows a person on a bicycle by a road. The subject features warped anatomy and a geometrically broken bicycle frame. Heavy grain obscures detail while edges soften and textures flatten.
"snoppy, wearing hat, city, anime style",deepai_4_13_0_0.jpg,95,3.353090726535936,"A digital illustration depicts an anime character in a white mask against a city backdrop. The character is stable, but the shirt text and hand region appear slightly distorted. Background textures show flatness and inconsistent geometric details."
"snoppy, wearing hat, city, anime style",dreamStudio_4_8_0_0.jpg,95,2.1157789216423564,"A 3D-rendered cartoon character in a red hat appears in a close-up. The subject's face is stable, but the hat's layers are spatially ambiguous. Global textures show a waxy smoothness with softened edge definitions."
"snoppy, wearing hat, city, realistic style",deepai_4_13_0_1.jpg,95,2.6813799664083926,A 3D portrait shows an older man in a white and black cap. The face is stable but features unnaturally heavy and fused eyebrows. Skin appears waxy and the shirt texture is flat and repetitive.
"snoppy, wearing hat, city, realistic style",dreamStudio_4_8_0_1.jpg,95,0.6603543071542716,"A minimalist silhouette shows a headless figure in a hat. The subject lacks a head and neck, creating structural ambiguity. Textures appear flat with soft edge definition."
"snoppy, wearing hat, wild, anime style",deepai_4_13_1_0.jpg,95,3.1261969822577425,A close-up of a cartoon mouse in a red hat on blue. The subject is clear though the hat band shows minor geometric distortion. Outlines are uneven and the background has faint texture noise.
"snoppy, wearing hat, wild, anime style",dreamStudio_4_8_1_0.jpg,95,2.0890911051307586,A stylized white cartoon character in a hat occupies a centered portrait view. The subject exhibits stable anatomy and high semantic clarity without visible distortion. Surfaces exhibit a waxy quality with softened fine detail definition.
"snoppy, wearing hat, wild, realistic style",deepai_4_13_1_1.jpg,95,2.0003658265738027,A digital painting shows a close-up of a cartoon bear in a blue hat. The subject is structurally readable but exhibits minor facial asymmetry and inconsistent fur. Surfaces show mild waxiness and edges lack sharp definition.
"snoppy, wearing hat, wild, realistic style",dreamStudio_4_8_1_1.jpg,95,2.0067236483066515,A 3D rendered dog wearing a white hat sits on a plain background. The subject shows minor neck distortion and simplified limb geometry. Surfaces look waxy with softened details and flat textures.
"snoppy, wearing shirt, city, anime style",deepai_4_14_0_0.jpg,96,2.571837624741921,"A cartoonish hooded character stands before a stylized urban cityscape background. The character's structure is stable, though hands and limbs appear slightly malformed. Bold outlines exhibit aliasing and repetitive background patterns."
"snoppy, wearing shirt, city, anime style",dreamStudio_4_9_0_0.jpg,96,0.0,"A centered, heavily blurred, skull-like shape on a plain background. The subject's features are completely obscured by extreme smoothing and lack of detail. Global blur and flatness dominate the perceptual quality."
"snoppy, wearing shirt, city, realistic style",deepai_4_14_0_1.jpg,96,2.9270372114105587,A cartoon yellow dog sits before a city skyline on a t-shirt graphic. The subject's limbs appear fused and its cranial structure is vaguely malformed. Global textures exhibit noticeable grain and softened edge definitions.
"snoppy, wearing shirt, city, realistic style",dreamStudio_4_9_0_1.jpg,96,2.333746632180828,A sketch-style portrait of a man in a t-shirt against a plain background. The subject has asymmetrical facial features and a distorted head shape. Details are softened by a pervasive grainy texture.
"snoppy, wearing shirt, wild, anime style",deepai_4_14_1_0.jpg,96,2.798210796571025,A stylized cartoon panda stands against a pink polka-dot background. The character displays illegible chest text and structurally inconsistent claw-like fingers. Bold outlines provide definition despite some repetitive background texture patterns.
"snoppy, wearing shirt, wild, anime style",dreamStudio_4_9_1_0.jpg,96,0.4379193722076035,A heavily blurred central shape resembling a face on a neutral background. The subject lacks coherent anatomy and is semantically unreadable from extreme blurring. Pervasive oversmoothing eliminates all fine details and edge definition.
"snoppy, wearing shirt, wild, realistic style",deepai_4_14_1_1.jpg,96,1.665117755668704,"A centered digital portrait shows a black and white dog-like creature. The subject lacks eyes and has an oversized nose, causing facial distortion. Heavy grainy noise flattens textures and obscures details."
"snoppy, wearing shirt, wild, realistic style",dreamStudio_4_9_1_1.jpg,96,0.9848180437747156,A blurry stylized panda face is centered on a yellow background. The subject features are simplified into indistinct dark shapes without anatomical precision. Heavy blur and smooth textures obscure all fine surface details.
"snoppy, driving car, city, anime style",deepai_4_2_0_0.jpg,97,2.830464317357466,A red-haired cartoon character drives a car before a city skyline. The character's face is clear but contains distorted features and unreadable text. Outlines show minor aliasing and textures appear overly flat.
"snoppy, driving car, city, realistic style",deepai_4_2_0_1.jpg,97,3.018376319810584,"A cartoon illustration depicts a black taxi cab before tall city buildings. The subject exhibits severe distortion with malformed faces and extra wheels. Bold outlines and flat colors create a simplified, sketchy texture."
"snoppy, driving car, wild, anime style",deepai_4_2_1_0.jpg,97,2.412942149009845,A bold-lined cartoon illustration depicts an orange dog character inside a car. The subject displays facial asymmetry and malformed paws with structurally unstable outlines. Flat colors show minor edge bleeding and inconsistent contour thickness.
"snoppy, driving car, wild, realistic style",deepai_4_2_1_1.jpg,97,3.1789999454069684,A white car moves along a road bordered by lush sunlit forest. The subject's rear geometry is malformed with fused panels and featureless taillights. Overall textures appear waxy and oversmoothed with inconsistent fine detail.
"snoppy, having hamburger, city, anime style",deepai_4_3_0_0.jpg,98,2.790856529983844,A cartoon-style illustration shows a smiling man holding a lollipop beside a burger. The man's face and hand are structurally distorted with semantically ambiguous features. Outlines show aliasing and textures appear flat.
"snoppy, having hamburger, city, realistic style",deepai_4_3_0_1.jpg,98,2.4424082096397144,A cartoon boy smiles under a giant floating hamburger on a blue background. The patty has a malformed bean-like texture and the hands appear structurally weak. Outlines show aliasing and textures appear flat.
"snoppy, having hamburger, wild, anime style",deepai_4_3_1_0.jpg,98,2.739741729287086,A frontal-view cartoon hamburger with bold outlines fills the frame. The burger's layers show semantic distortion with a face on the white component. Visible grainy texture noise covers the surfaces and softens the outlines.
"snoppy, having hamburger, wild, realistic style",deepai_4_3_1_1.jpg,98,2.878229485267461,A cartoon hamburger with antennae sits on a plate near a sliced object. The side object features a malformed and semantically unreadable internal structure. Textures show noticeable graininess and lack of sharp edge definition.
"snoppy, having icecream, city, anime style",deepai_4_4_0_0.jpg,99,3.0102820653648323,"A black-and-white cartoon dog holds colorful ice cream on a city sidewalk. The subject exhibits distorted anatomy with a fused paw and malformed torso. Background features messy scribbles and inconsistent, broken line definitions."
"snoppy, having icecream, city, realistic style",deepai_4_4_0_1.jpg,99,2.4169909293741743,A yellow cartoon creature sits in a blue cup against a gradient background. The stylized subject maintains structural coherence while the label shows unreadable pseudo-text. Crisp outlines and solid fills ensure visual stability without dominant artifacts.
"snoppy, having icecream, wild, anime style",deepai_4_4_1_0.jpg,99,2.890524881853224,A stylized cartoon portrait features a girl holding a shaved ice treat. The subject's mouth and hands are severely distorted with fused anatomy. Heavy black outlines exhibit jagged aliasing and flat texture rendering.
"snoppy, having icecream, wild, realistic style",deepai_4_4_1_1.jpg,99,2.152638679510321,A stylized cartoon bear holds an ice cream cone in a portrait frame. The subject's hand and facial features exhibit fused lines and structural ambiguity. Black outlines appear jagged with inconsistent thickness across the composition.
"snoppy, having pizza, city, anime style",deepai_4_5_0_0.jpg,100,2.6916339423723654,"A cartoon boy in a yellow cap holds a pizza slice on a couch. The subject is stable, though the pizza and hands are geometrically warped. Bold outlines and flat colors lack visible artifacts."
"snoppy, having pizza, city, anime style",dreamStudio_4_0_0_0.jpg,100,2.434500738880317,A stylized cartoon monkey holds a pizza in a blurred sepia-toned street scene. The character's anatomy is structurally coherent despite the pervasive soft focus. Global blur melts background details and flattens surface textures.
"snoppy, having pizza, city, realistic style",deepai_4_5_0_1.jpg,100,2.633650069997241,A yellow cartoon bear holds a pizza slice beside a whole pizza. The subject structure is mostly stable despite a fused holding limb. Thick outlines display noticeable aliasing and edge softness.
"snoppy, having pizza, city, realistic style",dreamStudio_4_0_0_1.jpg,100,2.807438873,A digital illustration shows a pepperoni pizza on a wooden board against a blue background. The crust is irregularly folded and toppings display distorted internal patterns. Cheese textures look waxy and flat with softened edges.
"snoppy, having pizza, wild, anime style",deepai_4_5_1_0.jpg,100,2.1595991437554125,A centered cartoon illustration shows a character with a pizza-shaped head and body. The subject maintains a coherent and readable cartoonish structure despite its abstract form. Sharp outlines and flat colors exhibit no dominant local artifact.
"snoppy, having pizza, wild, anime style",dreamStudio_4_0_1_0.jpg,100,2.330084520711236,A stylized 3D character sits beside a pizza against a dark background. The abstract subject maintains a coherent form despite its simplified anatomy. Heavy smoothing and waxy textures diminish local detail and edge clarity.
"snoppy, having pizza, wild, realistic style",deepai_4_5_1_1.jpg,100,2.584904263030004,Four cartoon pizzas and two spoons sit on a solid blue background. The pizzas show simple geometry with clear outlines despite some topping repetition. Surfaces appear extremely flat with minimal texture or shading detail.
"snoppy, having pizza, wild, realistic style",dreamStudio_4_0_1_1.jpg,100,1.971159863742168,A top-down view shows a pizza with varied toppings on a white base. The subject features an illogical topping layout with a fused central region. Waxy textures and softened edges appear throughout the composition.
"snoppy, playing baseball, city, anime style",deepai_4_6_0_0.jpg,101,2.927458700660802,"A cartoon illustration depicts a boy in a baseball uniform swinging a bat. The character's anatomy is distorted with simplified, fused limbs and indistinct hand details. Outlines exhibit aliasing and color regions appear overly smooth."
"snoppy, playing baseball, city, anime style",dreamStudio_4_1_0_0.jpg,101,1.7287925635232857,A sepia-toned soft-focus image depicts a baseball player in a batting stance. The subject lacks facial features and has severely blurred indistinct limb anatomy. Severe oversmoothing creates flat textures and undefined edges.
"snoppy, playing baseball, city, realistic style",deepai_4_6_0_1.jpg,101,2.325176801,A cartoon figure throws a ball on a field before a city skyline. The subject has a malformed fused hand and simplified limb geometry. Heavy repetitive canvas texture dominates the image surface.
"snoppy, playing baseball, city, realistic style",dreamStudio_4_1_0_1.jpg,101,2.161891790815201,"A grayscale 3D-rendered cartoon bear holds a baseball bat indoors. The subject displays malformed facial features and fused, indistinct limb digits. Surfaces exhibit waxy smoothness with a lack of fine textural detail."
"snoppy, playing baseball, wild, anime style",deepai_4_6_1_0.jpg,101,3.2181379863422763,"A cartoon bear mascot swings a bat on a bright baseball field. The character exhibits simplified anatomy with unnaturally wide, flat leg structure. Bold outlines display jagged edges and background details lack fine texture."
"snoppy, playing baseball, wild, anime style",dreamStudio_4_1_1_0.jpg,101,1.7444703180118457,A high-contrast monochrome illustration depicts a baseball player in a batting stance. The subject shows severe distortion with fused hands and a featureless face. Tonal transitions exhibit waxy melting and inconsistent pseudo-detail.
"snoppy, playing baseball, wild, realistic style",deepai_4_6_1_1.jpg,101,2.4532749717379523,A thick-outlined cartoon bear rests on a green field beside a red ball. The subject features fused limbs and malformed anatomy with indistinct paws. Textures appear flat and waxy with softened edges.
"snoppy, playing baseball, wild, realistic style",dreamStudio_4_1_1_1.jpg,101,1.3696882791222396,"A blurry 3D cartoon dog stands on a plain green background. The subject features a simplified, blob-like anatomy with fused facial features and indistinct limbs. Global oversmoothing results in waxy textures and softened edges."
"snoppy, playing football, city, anime style",deepai_4_7_0_0.jpg,102,3.0397515252466745,A white cartoon bear stands in a colorful sports stadium setting. The character's right hand is malformed and the ankle shows inconsistent textures. A pervasive grainy noise covers the entire image surface.
"snoppy, playing football, city, anime style",dreamStudio_4_2_0_0.jpg,102,2.1338614369018565,"A 3D cartoon character stands in a blurred, warm-toned cityscape. The subject exhibits simplified anatomy with fused limbs and a distorted face. Rendering lacks detail, featuring uniformly smooth textures and soft edges."
"snoppy, playing football, city, realistic style",deepai_4_7_0_1.jpg,102,2.1468655058602453,A headless cartoon soccer player stands on a sunny sports field. The subject suffers extreme structural distortion with a floating head and fused arms. Textures lack fine detail and lighting appears globally flat.
"snoppy, playing football, city, realistic style",dreamStudio_4_2_0_1.jpg,102,1.637542659057607,"A stylized digital painting shows a soccer player kicking a ball. The subject is structurally distorted with malformed hands, a smeared face, and blurred limbs. Heavy oversmoothing creates flat textures and poor edge definition."
"snoppy, playing football, wild, anime style",deepai_4_7_1_0.jpg,102,2.7128678759168667,A cartoon character plays soccer against a vibrant gradient background. The subject exhibits simplified anatomy and slightly distorted limb proportions. Prominent grainy noise texture covers all flat color regions.
"snoppy, playing football, wild, anime style",dreamStudio_4_2_1_0.jpg,102,0.0084908,A highly blurred image displays unrecognizable dark forms against a pale background. The subject is a featureless mass with no coherent structure or identifiable parts. Intense global blur removes all texture and sharpness.
"snoppy, playing football, wild, realistic style",deepai_4_7_1_1.jpg,102,2.485693061410855,A grayscale cartoon bear plays soccer against a halftone background. The central character is structurally stable despite a minor malformed appendage. Shading appears flat and waxy across the character's surface.
"snoppy, playing football, wild, realistic style",dreamStudio_4_2_1_1.jpg,102,1.127198165233099,"A blurred, red-and-white striped organic shape sits on a green background. The subject's structure is heavily warped and lacks clear semantic definition. Heavy oversmoothing flattens textures and obscures all fine details."
"snoppy, playing yoga, city, anime style",deepai_4_8_0_0.jpg,103,2.304563640344349,A multi-panel comic illustration depicts several figures performing diverse yoga poses. The subjects show severe anatomical distortions with elongated limbs and broken joints. Background text is illegible gibberish and textures lack natural fine detail.
"snoppy, playing yoga, city, anime style",dreamStudio_4_3_0_0.jpg,103,1.3802859880366325,A stylized 3D character stretches on a mat in an abstract room. The figure displays malformed anatomy with fused hands and softened joints. Global oversmoothing flattens textures and blurs all edges.
"snoppy, playing yoga, city, realistic style",deepai_4_8_0_1.jpg,103,2.124997707710464,A headless person performs yoga on a rooftop before a dense city skyline. The figure lacks a head and exhibits malformed hands fused with the mat. Background textures display repetitive patterns and lack sharp architectural definition.
"snoppy, playing yoga, city, realistic style",dreamStudio_4_3_0_1.jpg,103,1.4388633354555282,"A blurry 3D-rendered white animal figurine stands on a dark mat. The subject displays a simplified, blob-like anatomy with limbs fused to the torso. Heavy blurring and background grain affect overall sharpness."
"snoppy, playing yoga, wild, anime style",deepai_4_8_1_0.jpg,103,2.699969762528146,A high-contrast black-and-white illustration depicts a stylized figure amidst intricate abstract patterns. The subject exhibits simplified anatomy with malformed facial features and fused limb outlines. Background textures show repetitive pseudo-details and inconsistent local line density.
"snoppy, playing yoga, wild, anime style",dreamStudio_4_3_1_0.jpg,103,1.2439394953531482,"A digital painting portrays a person performing a yoga lunge pose. The subject possesses a completely smooth, featureless face and poorly defined hands. Global textures appear waxy with inconsistent, oversaturated color gradients."
"snoppy, playing yoga, wild, realistic style",deepai_4_8_1_1.jpg,103,1.5806964716776903,A woman performs a yoga pose in an outdoor forest setting. The subject anatomy shows unnatural limb fusion and an elongated neck structure. Skin appears waxy and background details exhibit slight blurring and melting.
"snoppy, playing yoga, wild, realistic style",dreamStudio_4_3_1_1.jpg,103,1.5362671587905783,A digital rendering of a woman in a yoga pose on a mat. The subject exhibits severe anatomical distortion with a warped torso and malformed limbs. Oversmoothing and flat textures obscure fine image details.
"snoppy, using CD, city, anime style",deepai_4_9_0_0.jpg,104,2.944792510888916,A grid of nine pop-art cartoon panels features simple figures on colorful backgrounds. Character forms remain recognizable despite illegible pseudo-text and occasional spatial inconsistencies. Bold outlines and flat colors mask subtle background texture melting and repetition.
"snoppy, using CD, city, anime style",dreamStudio_4_4_0_0.jpg,104,1.874006741411062,"A digital cartoon illustration shows a white animal character against a grid background. The subject has a malformed limb and a distorted shell on its torso. The image exhibits heavy blurring, waxy textures, and poorly defined edges."
"snoppy, using CD, city, realistic style",deepai_4_9_0_1.jpg,104,3.071349514,Four stylized graphic panels display distorted text and cartoon faces on a grey background. Subjects show severe semantic illegibility and malformed iconic structures in each quadrant. Visuals exhibit mild oversmoothing and flat texture.
"snoppy, using CD, city, realistic style",dreamStudio_4_4_0_1.jpg,104,0.2120659938253002,"A heavily blurred monochrome close-up shows a dog's head on a plain backdrop. The subject is structurally illegible, lacking discernible facial or body details. Global blur and noise flatten textures and destroy edge clarity."
"snoppy, using CD, wild, anime style",deepai_4_9_1_0.jpg,104,2.029141473194196,A high-contrast sketch displays a centered cartoon monkey character with thick outlines. The subject's face is clear while its limbs appear as malformed scribbles. Jagged strokes dominate the frame with minimal internal texture detail.
"snoppy, using CD, wild, anime style",dreamStudio_4_4_1_0.jpg,104,0.357142962,"A heavily blurred figure-like shape centers on a plain, light-colored background. Extreme blurring obscures all anatomical details and makes the subject unrecognizable. Global oversmoothing eliminates all texture and edge definition."
"snoppy, using CD, wild, realistic style",deepai_4_9_1_1.jpg,104,2.7427699149330462,A detailed pencil sketch of a wolf face featuring vibrant green eyes. The subject is coherent but exhibits an unnatural smile and broad muzzle. Fur textures appear waxy with softened edges and pseudo-detail.
"snoppy, using CD, wild, realistic style",dreamStudio_4_4_1_1.jpg,104,0.2255610875511961,"A heavily blurred profile of an animal head on a plain background. The subject lacks clear anatomy and appears as a soft, indistinct shape. Severe blur eliminates all texture and edge definition."
"teddy bear, driving aircraft, city, anime style",deepai_5_0_0_0.jpg,105,2.8637052215711987,"An anime illustration depicts a boy seated in an airplane cockpit. The subject is coherent, yet cockpit instruments display severe semantic distortion and illegible symbols. Skin textures appear waxy and fine edges lack crisp definition."
"teddy bear, driving aircraft, city, realistic style",deepai_5_0_0_1.jpg,105,2.6715714622989166,A photorealistic teddy bear sits before a small model airplane on pavement. The bear's anatomy is stable while the aircraft's landing gear appears simplified. Ground textures repeat noticeably and fur lacks fine micro-detail.
"teddy bear, driving aircraft, wild, anime style",deepai_5_0_1_0.jpg,105,2.376584708508811,"A digital illustration depicts a brown cartoon bear in a vehicle interior. The subject maintains a simple, structurally stable cartoon anatomy with clear features. The image exhibits pervasive oversmoothing, flat textures, and softened edges."
"teddy bear, driving aircraft, wild, realistic style",deepai_5_0_1_1.jpg,105,2.4272653299504947,A brown teddy bear in a black shirt sits on a blue surface. The subject has a malformed chest logo and fused garment texture. Fur appears waxy and oversmoothed with a repetitive background pattern.
"teddy bear, driving bike, city, anime style",deepai_5_1_0_0.jpg,106,2.82142751503734,A stylized teddy bear rides a red bicycle through a blurred city. The bicycle wheels and limb joints show unnatural geometry and fusion. Background regions display heavy smearing and low-detail texture flattening.
"teddy bear, driving bike, city, realistic style",deepai_5_1_0_1.jpg,106,2.923800049661536,A photorealistic teddy bear rides a bicycle on a sunny city street. The teddy bear has malformed limbs and the bicycle shows broken geometry. Distant buildings display melted architectural features and inconsistent surface textures.
"teddy bear, driving bike, wild, anime style",deepai_5_1_1_0.jpg,106,2.096095680484215,A minimalist silhouette shows a bear riding a bicycle on a textured background. Limbs and pedals show fused geometry with unclear joint connections. Flat textures and soft edges lack sharp local detail definition.
"teddy bear, driving bike, wild, realistic style",deepai_5_1_1_1.jpg,106,2.210641460826271,A 3D-rendered teddy bear sits on a bicycle over a grey surface. The bear's structure is warped with distorted limbs and a fleshy anomaly. Surfaces lack detail and the background exhibits prominent grain.
"teddy bear, using laptop, city, anime style",deepai_5_10_0_0.jpg,107,3.0850241295616243,A small brown teddy bear sits on a laptop keyboard in warm light. The subject is readable despite minor limb fusion at the base. Global smoothing creates waxy textures and softens all visible edges.
"teddy bear, using laptop, city, anime style",dreamStudio_5_5_0_0.jpg,107,1.295893663,"A blurry, soft-focus teddy bear sits against a warm background. The subject's features are simplified and lack distinct structural definition. Extreme blur removes texture and softens every boundary."
"teddy bear, using laptop, city, realistic style",deepai_5_10_0_1.jpg,107,2.702805598986583,A digital illustration portrays a teddy bear against a plain light backdrop. The subject is readable but exhibits simplified anatomy and indistinct limb separation. Significant oversmoothing leads to waxy textures and softened edge definitions.
"teddy bear, using laptop, city, realistic style",dreamStudio_5_5_0_1.jpg,107,1.361637579023926,A soft-focus digital rendering of a teddy bear head on a neutral background. The subject maintains a coherent facial structure despite its simplified features. Heavy global oversmoothing eliminates fine textures and sharp edge definitions.
"teddy bear, using laptop, wild, anime style",deepai_5_10_1_0.jpg,107,2.6609281037976142,A brown teddy bear sits before a silver laptop on a blue background. The subject's face is distorted by a fused black sphere on the snout. Fur textures appear waxy and lack sharp micro-detail.
"teddy bear, using laptop, wild, anime style",dreamStudio_5_5_1_0.jpg,107,1.6545504477288977,A close-up view of a soft-focused brown teddy bear character. The subject's simple anatomy remains coherent despite significant blurring across all features. Extreme softness and visible noise obscure fine details and edge definition.
"teddy bear, using laptop, wild, realistic style",deepai_5_10_1_1.jpg,107,2.939346813672673,A 3D brown teddy bear sits on a silver laptop against a grey background. The bear's limbs are fused and its facial features show geometric instability. Textures appear waxy with noticeable oversmoothing across all surfaces.
"teddy bear, using laptop, wild, realistic style",dreamStudio_5_5_1_1.jpg,107,1.578947800103294,A centered 3D-style brown teddy bear sits on a plain grey background. The subject maintains a stable toy-like structure despite simplified limb definitions. Heavy smoothing and pervasive grainy texture reduce detail clarity.
"teddy bear, using phone, city, anime style",deepai_5_11_0_0.jpg,108,3.3009815762243164,A large teddy bear holds phones while sitting before a blurred street scene. The subject displays a structurally anomalous human hand fused to the plush limb. Fur textures appear flat while the background lacks fine textural definition.
"teddy bear, using phone, city, anime style",dreamStudio_5_6_0_0.jpg,108,1.626873413203227,"A blurry, stylized brown teddy bear holds a smartphone in a warm interior. The subject's facial features and limb structures are heavily obscured by extreme softness. Global oversmoothing eliminates all fine texture and edge definition."
"teddy bear, using phone, city, realistic style",deepai_5_11_0_1.jpg,108,2.0755960114048624,A digital painting shows a brown teddy bear centered on a gray background. The bear's facial features are distorted and its limbs appear overly rounded. Textures are smooth and waxy with minimal fine detail.
"teddy bear, using phone, city, realistic style",dreamStudio_5_6_0_1.jpg,108,1.6443954615708634,A centered close-up shows a stylized orange teddy bear head on a plain background. The subject maintains a stable facial geometry despite extreme stylistic simplification. Heavy global blurring and noise degrade overall perceptual sharpness.
"teddy bear, using phone, wild, anime style",deepai_5_11_1_0.jpg,108,2.7722570413854064,A digital illustration shows a grey teddy bear on a pink floor. The subject's limbs appear fused and facial features lack anatomical precision. Fur texture exhibits repetitive speckling and softened edge definitions.
"teddy bear, using phone, wild, anime style",dreamStudio_5_6_1_0.jpg,108,1.6987057304426356,A centered close-up of a brown teddy bear against an orange backdrop. The subject displays a stable and recognizable stuffed animal form. Heavy smoothing and a pervasive grainy texture obscure surface details.
"teddy bear, using phone, wild, realistic style",deepai_5_11_1_1.jpg,108,3.0075847554046784,A photorealistic close-up portrait of a teddy bear against a warm orange background. The bear displays facial asymmetry and structurally ambiguous details at the chest. Fur surfaces show slight waxiness and subtle background repetition.
"teddy bear, using phone, wild, realistic style",dreamStudio_5_6_1_1.jpg,108,1.6604823604067434,A centered digital rendering of a brown teddy bear against a neutral background. The subject's facial features are fused and lack distinct structural definition. Heavy oversmoothing creates a uniform waxy surface texture.
"teddy bear, wearing coat, city, anime style",deepai_5_12_0_0.jpg,109,3.1210874203288657,A large teddy bear in a coat stands on a paved city street. The subject is structurally stable with simplified limb features. Background details are softened by blur and heavy vignetting.
"teddy bear, wearing coat, city, anime style",dreamStudio_5_7_0_0.jpg,109,2.552294770431649,"A person wearing a large brown coat stands against a split-tone wall. Hands, feet, and facial features appear severely distorted and structurally unstable. Strong grain and blur degrade edge definition and texture sharpness."
"teddy bear, wearing coat, city, realistic style",deepai_5_12_0_1.jpg,109,3.4384464428125145,"A teddy bear sits on a ledge before a blurred city backdrop. Subject structure is stable, though paws show unnatural shine and texture fusion. Fur appears waxy with softened edges and inconsistent detail."
"teddy bear, wearing coat, city, realistic style",dreamStudio_5_7_0_1.jpg,109,2.463288885438736,A centered brown teddy bear sits before a blurred checkered background. The subject structure is clear but features distracting eye-like artifacts on the paws. Textures appear waxy with softened edges and pseudo-detail.
"teddy bear, wearing coat, wild, anime style",deepai_5_12_1_0.jpg,109,3.617908219007967,A teddy bear in a white coat sits on a paved surface. The subject displays semantic errors like misplaced eye-like markings on its paws. Fur looks waxy and background foliage shows melting artifacts.
"teddy bear, wearing coat, wild, anime style",dreamStudio_5_7_1_0.jpg,109,1.7030040628335092,"A frontal digital rendering shows a simple brown teddy bear on a grey backdrop. The toy's geometry is coherent, yet the facial region lacks readable features. The image suffers from oversmoothed textures and a noisy background pattern."
"teddy bear, wearing coat, wild, realistic style",deepai_5_12_1_1.jpg,109,2.4277656450470197,A digital painting depicts a centered teddy bear wearing a blue vest. The subject is structurally stable despite minor vest pocket and button distortions. Textures appear waxy with softened edges and flat surfaces.
"teddy bear, wearing coat, wild, realistic style",dreamStudio_5_7_1_1.jpg,109,1.410930667335621,A close-up digital rendering of a teddy bear's head on a solid background. The subject shows a structurally stable and semantically readable plush toy face. Textures appear waxy and oversmoothed with softened edge definitions.
"teddy bear, wearing hat, city, anime style",deepai_5_13_0_0.jpg,110,2.808647039742693,"A cartoon teddy bear in a black suit sits before a stylized city skyline. The subject lacks eyes and features simplified, structurally ambiguous limb geometry. Flat textures and background grain limit overall detail richness."
"teddy bear, wearing hat, city, anime style",dreamStudio_5_8_0_0.jpg,110,2.234014204677764,A blurry digital rendering of a teddy bear in a beret on a warm backdrop. The subject's face is distorted into a glowing ring and limbs lack definition. Oversmoothing creates a waxy texture and lacks fine detail.
"teddy bear, wearing hat, city, realistic style",deepai_5_13_0_1.jpg,110,3.29352298593892,"A close-up shows a teddy bear wearing a red cap outdoors. The subject is structurally stable despite simplified facial features and thick limbs. Textures show a waxy, over-painted appearance with softened details."
"teddy bear, wearing hat, city, realistic style",dreamStudio_5_8_0_1.jpg,110,1.992758144916243,A 3D-style teddy bear wearing a cap stands against a neutral background. The subject's limbs are structurally simplified and lack clear joint definition. Surfaces appear waxy and edges suffer from significant blurring.
"teddy bear, wearing hat, wild, anime style",deepai_5_13_1_0.jpg,110,3.828755210178215,A photorealistic teddy bear in a hat sits against wooden planks. The subject's facial features and clothing show minor fusion and unnatural lines. White fur textures appear waxy with softened edges and pseudo-details.
"teddy bear, wearing hat, wild, anime style",dreamStudio_5_8_1_0.jpg,110,1.724126767710579,A dark teddy bear sits centered against a plain gray background. The bear's anatomy is structurally stable and clearly recognizable as a plush toy. Global perceptual quality shows noticeable graininess and soft edge definition.
"teddy bear, wearing hat, wild, realistic style",deepai_5_13_1_1.jpg,110,2.384093010859288,A digital illustration shows a teddy bear in a red hat on a grey background. The bear's facial features are slightly fused and limb joints appear distorted. Textures show repetitive pseudo-details and softened edge definition.
"teddy bear, wearing hat, wild, realistic style",dreamStudio_5_8_1_1.jpg,110,1.956786520016941,A centered digital portrait shows a stylized teddy bear head on a gray background. The subject features malformed ears with rectangular artifacts and a disjointed muzzle. Heavy oversmoothing blurs textures and melts peripheral edges.
"teddy bear, wearing shirt, city, anime style",deepai_5_14_0_0.jpg,111,1.95868359735412,A cartoon teddy bear stands centered on a dark background in a flat style. The subject exhibits coherent symmetrical anatomy with clear facial features and logical limbs. Sharp edges and flat colors show no dominant artifact.
"teddy bear, wearing shirt, city, anime style",dreamStudio_5_9_0_0.jpg,111,2.035736051331169,A digital illustration depicts a brown teddy bear with a bow tie on a purple background. The subject's face is simplified and its paws appear disproportionately large. Textures appear oversmoothed and waxy with minimal detail.
"teddy bear, wearing shirt, city, realistic style",deepai_5_14_0_1.jpg,111,2.432397862874528,A photorealistic brown teddy bear sits centered against a neutral background. The subject's nose and paw pads are malformed with unnatural dark voids. Fur textures display mild oversmoothing and repetitive pseudo-detailing.
"teddy bear, wearing shirt, city, realistic style",dreamStudio_5_9_0_1.jpg,111,2.044533348149034,A 3D-rendered teddy bear in a tie stands against a plain grey background. The character's face contains a malformed highlight impacting its semantic readability. Textures appear waxy and lack any discernible fine surface detail.
"teddy bear, wearing shirt, wild, anime style",deepai_5_14_1_0.jpg,111,3.4433290659595723,A brown teddy bear in a patterned shirt sits against a teal background. The bear's face is distorted by a malformed muzzle and a paw eye. Fur textures appear waxy and details are softened.
"teddy bear, wearing shirt, wild, anime style",dreamStudio_5_9_1_0.jpg,111,1.6391410612386423,A digital teddy bear in a purple vest sits on a textured grey background. The subject's face is malformed with an extra dot above the eyes. Textures appear waxy and the background exhibits a coarse repetitive grain.
"teddy bear, wearing shirt, wild, realistic style",deepai_5_14_1_1.jpg,111,1.4454728048782346,A brown teddy bear sits centered against a plain grey background. The subject structure is coherent despite strangely indented and simplified foot regions. Fur texture appears slightly waxy with softened boundary definition.
"teddy bear, wearing shirt, wild, realistic style",dreamStudio_5_9_1_1.jpg,111,0.4082476805927479,A close-up shows a heavily blurred teddy bear against a plain background. The subject's facial features are indistinct blobs lacking any discernible structural detail. Global oversmoothing has entirely eliminated texture and edge definition.
"teddy bear, driving car, city, anime style",deepai_5_2_0_0.jpg,112,2.839028128598567,A cartoon teddy bear sits inside a vehicle with a blue windshield. The bear's limbs are simplified ovals with malformed hands and weak joints. Background details show flat textures and inconsistent geometric lines.
"teddy bear, driving car, city, realistic style",deepai_5_2_0_1.jpg,112,2.5444605077427016,"A monochrome cartoon shows a small car with a character and a large sedan. The character is malformed and fused with the interior, and the sedan is warped. Textures are flat and smooth with softened edges."
"teddy bear, driving car, wild, anime style",deepai_5_2_1_0.jpg,112,2.960245947269184,"A cartoon brown bear drives a purple toy car on a road. The bear's hands and arms are malformed into a blurred, unrecognizable mass. Textures appear waxy with softened edges and pseudo-detailing throughout."
"teddy bear, driving car, wild, realistic style",deepai_5_2_1_1.jpg,112,2.1679939345545765,A front-facing cartoon bear icon is centered against a simple backdrop. The subject maintains a recognizable stylized structure with slight facial misalignment. Halftone artifacts and flat textures dominate the non-structural perceptual field.
"teddy bear, having hamburger, city, anime style",deepai_5_3_0_0.jpg,113,3.066905985476692,A cartoon bear holds a large burger in a room with background windows. The subject's simple anatomy is stable but the text is semantically broken. Global textures exhibit noticeable blur and compression noise.
"teddy bear, having hamburger, city, realistic style",deepai_5_3_0_1.jpg,113,2.186953846520402,A centered digital illustration depicts a yellow teddy bear against horizontal wooden slats. The subject maintains coherent cartoon anatomy with clearly defined limbs and facial features. Background surfaces show repetitive pseudo-text patterns and flattened texture details.
"teddy bear, having hamburger, wild, anime style",deepai_5_3_1_0.jpg,113,2.626910852,A cartoon-style brown teddy bear holds a hamburger against a teal background. The bear's facial features are slightly misaligned and lack precise definition. Grainy texture and soft edges are visible throughout the composition.
"teddy bear, having hamburger, wild, realistic style",deepai_5_3_1_1.jpg,113,2.931455705471293,A cartoon-style teddy bear sits on a lawn holding a lollipop. The bear's snout features a structurally implausible cross-shaped stitch. Global textures appear flat and waxy with softened details.
"teddy bear, having icecream, city, anime style",deepai_5_4_0_0.jpg,114,3.479657515539952,A cartoon bear sits at an outdoor cafe table under a pink umbrella. The subject is stable though background text and objects are semantically illegible. Textures show oversmoothing and flatness across the whole frame.
"teddy bear, having icecream, city, realistic style",deepai_5_4_0_1.jpg,114,3.242169722675869,"A cartoon teddy bear in blue holds a large dessert before a city. The subject features a simplified torso with fused limbs and indistinct hand details. Background elements display repetitive pseudo-details and flat, oversmoothed surface textures."
"teddy bear, having icecream, wild, anime style",deepai_5_4_1_0.jpg,114,2.998698444719273,"A cartoon teddy bear holds ice cream cones against a patterned green background. The bear's anatomy is stable, though its gripping paw appears slightly malformed. Flat textures dominate, and the background features a highly repetitive pattern."
"teddy bear, having icecream, wild, realistic style",deepai_5_4_1_1.jpg,114,2.6705270432923864,A 3D teddy bear holds a large ice cream cone against a blue background. The subject's face is marred by a malformed object fused to its chin. Fur textures appear overly smooth and lack fine-grained detail.
"teddy bear, having pizza, city, anime style",deepai_5_5_0_0.jpg,115,2.7762166178153884,A cartoon bear in a blue robe holds two pizzas against a blue grid. The subject is structurally stable but features vague hands and illogical pizza toppings. Textures appear flat and edges lack sharp definition.
"teddy bear, having pizza, city, anime style",dreamStudio_5_0_0_0.jpg,115,1.8728222928832507,A stylized digital illustration shows a brown teddy bear holding a sandwich. The bear's face exhibits minor structural distortion and warping around the muzzle. Textures look flat with soft edges and visible pixelation.
"teddy bear, having pizza, city, realistic style",deepai_5_5_0_1.jpg,115,2.359354758610893,A cartoon teddy bear holds a pizza slice against a blue background. The subject's simplified anatomy is structurally stable and clearly recognizable. Flat textures and sharp edges lack any noticeable visual artifacts.
"teddy bear, having pizza, city, realistic style",dreamStudio_5_0_0_1.jpg,115,1.952799195036612,A monochrome teddy bear figure sits centered in a minimal room. The bear’s facial features and limb attachments appear simplified and indistinct. Strong smoothing and pervasive noise flatten textures and soften edges.
"teddy bear, having pizza, wild, anime style",deepai_5_5_1_0.jpg,115,2.796797314021924,A cartoon teddy bear in a red cap holds a pepperoni pizza. The bear's facial features and the malformed background figure lack geometric consistency. Flat textures and jagged edges characterize the global perceptual quality.
"teddy bear, having pizza, wild, anime style",dreamStudio_5_0_1_0.jpg,115,2.317690134319535,A stylized 3D teddy bear holds a pizza object against a teal backdrop. The bear's face is malformed with a fused muzzle and inconsistent anatomy. Waxy textures and fine background grain are present.
"teddy bear, having pizza, wild, realistic style",deepai_5_5_1_1.jpg,115,2.691815559426226,A digital painting shows a teddy bear sitting in a pizza box. The bear and pizza are structurally stable and clearly readable. Edges are softened and lighting is slightly inconsistent.
"teddy bear, having pizza, wild, realistic style",dreamStudio_5_0_1_1.jpg,115,1.871349418862749,A digital 3D-style teddy bear is centered against a neutral gray background. The subject has simplified malformed facial features and flat fused-looking paw regions. Global textures appear waxy and oversmoothed with heavy background noise.
"teddy bear, playing baseball, city, anime style",deepai_5_6_0_0.jpg,116,2.251211597,A cartoon teddy bear holds a bat against a city skyline. The subject is recognizable but has simplified limbs and a stiff pose. Faint watermark patterns and flat textures affect global perceptual quality.
"teddy bear, playing baseball, city, anime style",dreamStudio_5_1_0_0.jpg,116,2.124192109020657,A 3D-rendered brown teddy bear stands in a sunny outdoor field. The subject maintains structural coherence with only minor facial line distortions. Surfaces exhibit excessive smoothing and waxy textures throughout the composition.
"teddy bear, playing baseball, city, realistic style",deepai_5_6_0_1.jpg,116,2.2553757294477146,A cartoon teddy bear sits in a green shape on brown background. The subject is stable but features simplified and ambiguous limb details. Textures appear flat and waxy with softened details and background noise.
"teddy bear, playing baseball, city, realistic style",dreamStudio_5_1_0_1.jpg,116,2.123548458543786,A 3D-rendered brown teddy bear stands against a softly blurred background. The subject maintains a stable structure despite its simplified and smooth form. Surfaces show uniform waxiness and pervasive edge blurring.
"teddy bear, playing baseball, wild, anime style",deepai_5_6_1_0.jpg,116,2.100385637057428,A cartoon teddy bear in a blue jersey faces a grey background. The subject has simplified geometry with a fused snout and unreadable markings. Edges display aliasing while surface textures lack natural fine detail.
"teddy bear, playing baseball, wild, anime style",dreamStudio_5_1_1_0.jpg,116,1.2503975492622437,A simplified dark brown teddy bear stands against a plain textured background. The subject shows a primitive structure with fused limbs and a minimal face. Background grain and softened edges affect the overall visual clarity.
"teddy bear, playing baseball, wild, realistic style",deepai_5_6_1_1.jpg,116,2.2285790401608465,A centered cartoon teddy bear stands against a plain gray textured background. The character's limbs are simplified paddles lacking anatomical joints or realistic proportions. Textures are smooth and waxy with visible background grain repetition.
"teddy bear, playing baseball, wild, realistic style",dreamStudio_5_1_1_1.jpg,116,2.379808221342409,A brown 3D-rendered teddy bear sits against a solid green background. The subject displays a coherent and stable plush toy structure with clear semantic readability. Surface textures show mild oversmoothing and repetitive pseudo-detail patterns.
"teddy bear, playing football, city, anime style",deepai_5_7_0_0.jpg,117,2.469420483466785,A cartoon teddy bear in a red scarf stands on a gray background. The bear shows simplified anatomy with splayed limbs and a floating ball. Fur is flat while the background shows digital noise.
"teddy bear, playing football, city, anime style",dreamStudio_5_2_0_0.jpg,117,1.9678865776251364,"A 3D-style teddy bear is centered on a plain grey background. The toy's limbs are oversized and appear structurally fused at the joints. Fur shows repetitive patterns and a smoothed, waxy surface finish."
"teddy bear, playing football, city, realistic style",deepai_5_7_0_1.jpg,117,2.530504233462958,"A digital painting depicts a brown teddy bear holding a soccer ball on a blue background. The bear is structurally sound, though the soccer ball pattern shows geometric distortion. Fur textures show artificial graininess and softened local detail."
"teddy bear, playing football, city, realistic style",dreamStudio_5_2_0_1.jpg,117,0.6796589950064874,"A blurry frontal view of a teddy bear on a green background. The subject's features are obscured by heavy blur, rendering structure indistinct. Severe global oversmoothing removes all texture and definition."
"teddy bear, playing football, wild, anime style",deepai_5_7_1_0.jpg,117,3.2637903246912674,A large teddy bear in a jersey sits on grass in bright sunlight. The subject's facial structure is distorted with misaligned eyes and a wide snout. Textures appear waxy and lack fine detail.
"teddy bear, playing football, wild, anime style",dreamStudio_5_2_1_0.jpg,117,1.6575202493838808,A digital illustration presents a centered orange teddy bear against a green backdrop. The subject exhibits simplified anatomy with fused limbs and basic facial features. Textures display repetitive pseudo-detailing and softened boundaries.
"teddy bear, playing football, wild, realistic style",deepai_5_7_1_1.jpg,117,4.042653167922772,A photorealistic teddy bear sits on a grassy field in soft light. The subject's snout and paws are distorted by fused ball textures. Fur surfaces show waxy smoothness with softened fine details.
"teddy bear, playing football, wild, realistic style",dreamStudio_5_2_1_1.jpg,117,2.1223064176758086,"A 3D-rendered brown teddy bear stands against a simple green background. Facial markings are semantically ambiguous and limbs lack clear anatomical articulation. Dense granular noise covers surfaces, degrading texture quality and edge definition."
"teddy bear, playing yoga, city, anime style",deepai_5_8_0_0.jpg,118,3.5642428434072144,"A photorealistic teddy bear with a pink ribbon sits in bright outdoor light. The subject structure is stable, though the ribbon placement appears slightly artificial. Waxy textures and softened edges indicate significant global oversmoothing."
"teddy bear, playing yoga, city, anime style",dreamStudio_5_3_0_0.jpg,118,0.6662017318107673,A blurry orange teddy bear sits against a solid gray background. The subject's anatomy is completely obscured by the pervasive blurring effect. Heavy blur destroys texture clarity and edge definition.
"teddy bear, playing yoga, city, realistic style",deepai_5_8_0_1.jpg,118,2.6051339644141542,A watercolor-style teddy bear sits on a green mat against a grey background. The subject is coherent but features malformed paws with fused toes. Heavy graininess and flat textures degrade the overall perceptual clarity.
"teddy bear, playing yoga, city, realistic style",dreamStudio_5_3_0_1.jpg,118,2.042997904798838,A stylized 3D teddy bear stands on a blue disc against a grey background. The subject is stable but features asymmetrical eyes and a rigid posture. Background grain and flat shadows reduce the overall perceptual clarity.
"teddy bear, playing yoga, wild, anime style",deepai_5_8_1_0.jpg,118,2.7266301270214743,A photorealistic teddy bear sits centered on a blue mat outdoors. The plush toy's anatomy is readable despite some simplified and fused limb geometry. Fur surfaces look waxy with noticeable oversmoothing across fine details.
"teddy bear, playing yoga, wild, anime style",dreamStudio_5_3_1_0.jpg,118,2.193895106,A brown teddy bear with a scarf sits against a colorful gradient background. The bear exhibits simplified anatomy with mismatched ears and an ambiguous muzzle design. Waxy textures and heavy smoothing obscure fine details.
"teddy bear, playing yoga, wild, realistic style",deepai_5_8_1_1.jpg,118,1.94263226612532,"A brown teddy bear sits against a blue background in a painterly style. The subject's anatomy is stable, though the muzzle shows slight geometric simplification. Heavy grainy texture and softened edges dominate the image."
"teddy bear, playing yoga, wild, realistic style",dreamStudio_5_3_1_1.jpg,118,1.328191791,A digital painting shows a brown teddy bear on a green background. The subject's facial structure is clear and semantically readable with stable proportions. Textures show a pervasive fuzzy grain and softened edges.
"kid, using laptop, city, anime style",deepai_6_10_0_0.jpg,122,2.8350884200200053,An anime illustration shows a person from behind in a city. The subject's facial structure is distorted and background figures are malformed. Oversmoothing and melting textures degrade global edge definition.
"kid, using laptop, city, realistic style",deepai_6_10_0_1.jpg,122,2.9311542844980027,A stylized illustration shows a person reaching toward a brick wall and laptop. The hand has distorted finger anatomy and the keyboard lacks clear structure. Posterization flattens textures and creates jagged edges on boundaries.
"kid, using laptop, wild, anime style",deepai_6_10_1_0.jpg,122,2.353067325264472,A purple-haired anime girl uses a laptop beside a small plush toy. Her hands on the keyboard are severely malformed with fused and missing digits. Outlines show heavy aliasing and textures appear overly flat.
"kid, using laptop, wild, realistic style",deepai_6_10_1_1.jpg,122,2.9951740676733123,Grayscale digital portrait of a child leaning on a laptop. The subject's facial structure and pose appear coherent and well-defined. Skin textures exhibit a slight waxiness with softened fine details.
"kid, using phone, city, anime style",deepai_6_11_0_0.jpg,123,2.707922326113526,An anime-style boy holds a tablet before a colorful building facade. The subject is structurally coherent despite visible hand fusion and leg warping. Outlines show aliasing and background textures lack fine detail variation.
"kid, using phone, city, realistic style",deepai_6_11_0_1.jpg,123,3.8882798919703663,A child holds a smartphone on a monochrome street with a single orange sign. The subject's hand shows slight fusion and awkwardness while gripping the smartphone. Background blur flattens textures and obscures distant details.
"kid, using phone, wild, anime style",deepai_6_11_1_0.jpg,123,3.328843498631207,A high-contrast anime girl holds a blue labeled object against a dark background. The subject's hands exhibit malformed anatomy with fused fingers and illogical clothing folds. Jagged edges and inconsistent line weights reduce clarity.
"kid, using phone, wild, realistic style",deepai_6_11_1_1.jpg,123,3.352088947365486,A young boy holds a smartphone in a sunlit grassy field. The child's hand anatomy is malformed and the ear structure appears fused. Skin textures look waxy and background details are softened by oversmoothing.
"kid, wearing coat, city, anime style",deepai_6_12_0_0.jpg,124,2.8035439611073336,A red-haired child stands on a city sidewalk in a dark coat. The subject's hand is malformed and the coat exhibits unnatural structural folding. Waxy textures characterize surfaces while background details appear noticeably blurred.
"kid, wearing coat, city, realistic style",deepai_6_12_0_1.jpg,124,3.345186928329724,A black-and-white photo depicts a child in a hooded coat on paved ground. The subject's face exhibits distorted eyes and a malformed mouth structure. Textures appear overly smooth with flattened details and weak edge definition.
"kid, wearing coat, wild, anime style",deepai_6_12_1_0.jpg,124,2.688305220796834,"A photorealistic portrait shows a young boy leaning against a tree outdoors. The subject's face appears unnatural with a distorted object near the neck. Textures exhibit global oversmoothing and a pervasive waxy, plastic-like finish."
"kid, wearing coat, wild, realistic style",deepai_6_12_1_1.jpg,124,3.430942170765654,A digital painting depicts a young boy in a grey coat against a dark background. The facial structure is coherent despite minor asymmetry around the eyes and mouth. Skin and fabric textures appear waxy and lack sharp micro-details.
"kid, wearing hat, city, anime style",deepai_6_13_0_0.jpg,125,3.4377702344793915,An anime figure in an orange hat faces a colorful urban street. The subject's anatomy is stable despite a flattened upper torso perspective. Background architecture shows repetitive patterns and visible watermarks.
"kid, wearing hat, city, realistic style",deepai_6_13_0_1.jpg,125,3.118111660390578,"A digital painting shows a smiling boy in a cap on a street. The subject's face has minor asymmetry, and ears look poorly integrated. Textures are overly smooth, and background details remain indistinct."
"kid, wearing hat, wild, anime style",deepai_6_13_1_0.jpg,125,2.9403292201104363,A centered anime portrait shows a boy in a red cap on a blue background. Facial structure is stable though ears exhibit noticeable asymmetry. Heavy grainy texture and softened edges dominate the perceptual field.
"kid, wearing hat, wild, realistic style",deepai_6_13_1_1.jpg,125,3.3524743734660736,"A grayscale sketch captures a joyful child wearing a baseball cap. The face is well-formed, but the open mouth exhibits indistinct dental features. Rendering shows pervasive oversmoothing and waxy skin textures."
"kid, wearing shirt, city, anime style",deepai_6_14_0_0.jpg,126,2.8634360007037305,A young boy in a red shirt stands on an urban street. The figure is coherent but features a malformed graphic on the chest. Textures show noticeable noise and a waxy surface quality.
"kid, wearing shirt, city, realistic style",deepai_6_14_0_1.jpg,126,2.848633287029334,A young boy in a red shirt stands on a paved street. Hands and feet are significantly distorted while the face stays structurally stable. Textures appear waxy with repetitive background details and softened boundaries.
"kid, wearing shirt, wild, anime style",deepai_6_14_1_0.jpg,126,2.0339964090092595,"A centered portrait of a young child on a plain textured background. The subject's face is plausible, but the clothing contains distorted, unreadable patterns. Global textures show flatness, noise, and softened fine details."
"kid, wearing shirt, wild, realistic style",deepai_6_14_1_1.jpg,126,2.6725782497857677,A digital portrait of a child with bangs against a neutral background. The facial features display minor structural inconsistencies and unnatural skin textures. Global softness and waxy pseudo-details obscure fine edge definition.
"kid, driving car, city, anime style",deepai_6_2_0_0.jpg,127,2.9564495296717315,A vibrant anime-style drawing features a warped car on an urban street. The central vehicle displays a completely broken structure with impossible geometry. Heavy line work emphasizes flat colors and repetitive background patterns.
"kid, driving car, city, realistic style",deepai_6_2_0_1.jpg,127,2.202310710629086,A vector-style illustration depicts a boy gesturing at a car in a city. The subject's hand is malformed and facial features appear slightly asymmetric. Flat textures and repetitive background patterns reduce overall visual depth.
"kid, driving car, wild, anime style",deepai_6_2_1_0.jpg,127,2.6684869266830984,"A digital anime illustration shows a male character inside a car. The face is readable, but the hands are malformed with fused anatomy. Sharp outlines and flat colors create a stable graphic appearance."
"kid, driving car, wild, realistic style",deepai_6_2_1_1.jpg,127,3.061975913187648,"A photorealistic portrait depicts a young boy leaning out of a car window. The boy's face is coherent, yet his right hand displays malformed finger anatomy. Textures exhibit a waxy appearance due to excessive smoothing."
"kid, playing baseball, city, anime style",deepai_6_6_0_0.jpg,131,3.248622967,A cropped anime illustration shows a baseball player against a city backdrop. The player's gloved hand and facial features exhibit noticeable fusion and distortion. Background textures appear flat with illegible signage and softened architectural details.
"kid, playing baseball, city, realistic style",deepai_6_6_0_1.jpg,131,3.6595850821608185,A child in baseball gear stands in an urban park environment. The subject's upper body shows severe structural distortion at the neck. High-contrast grain and soft focus obscure fine surface details.
"kid, playing baseball, wild, anime style",deepai_6_6_1_0.jpg,131,2.834800184,"An anime-style baseball player holds a bat on a sunny field. The character's hands and arms exhibit simplified, fused anatomical structures. Global textures appear flat and waxy with softened edge definitions."
"kid, playing baseball, wild, realistic style",deepai_6_6_1_1.jpg,131,3.3168129031081524,"A digital painting depicts a young boy holding a baseball bat outdoors. The bat is structurally distorted, appearing fused with the ball at the tip. Skin textures look waxy and lack sharp micro-details."
"kid, playing football, city, anime style",deepai_6_7_0_0.jpg,132,2.5312561640747853,An anime boy in a blue soccer jersey stands within a bright stadium. The subject's left hand exhibits severe digit fusion while the face remains stable. Heavy oversmoothing flattens texture detail across the figure and background.
"kid, playing football, city, realistic style",deepai_6_7_0_1.jpg,132,3.035827126922629,A boy in a blue soccer kit kicks a ball on a field. The figure's arms and legs are distorted by heavy motion blur and ghosting. Oversmoothing and flat textures degrade background and surface details.
"kid, playing football, wild, anime style",deepai_6_7_1_0.jpg,132,2.620956915056489,A digital illustration shows a uniformed player kicking a ball on a field. The subject's facial features within the helmet appear distorted and lack coherence. The background exhibits a grainy texture and flat tones.
"kid, playing football, wild, realistic style",deepai_6_7_1_1.jpg,132,2.103653199357197,A photorealistic shot depicts a boy kicking on a grassy field. The subject displays severe facial distortion and malformed hands with unnatural poses. Surfaces appear waxy with softened details and inconsistent shadow boundaries.
"kid, playing yoga, city, anime style",deepai_6_8_0_0.jpg,133,2.133249397595325,A cartoon boy sits cross-legged before a colorful glitch-art city background. The subject's facial features and hand anatomy exhibit minor structural asymmetry. Background pixelation and streaking create dominant visual noise.
"kid, playing yoga, city, realistic style",deepai_6_8_0_1.jpg,133,2.658051723,A young boy sits cross-legged on a yoga mat in a sunny urban plaza. Facial features and hand digits appear malformed and structurally inconsistent. Skin textures show unnatural smoothness and background details lack definition.
"kid, playing yoga, wild, anime style",deepai_6_8_1_0.jpg,133,2.9945510322994364,"An anime-style character performs yoga in a room with large windows. The subject's limbs are distorted with fused hands and unclear joints. Surfaces exhibit flat textures and overly sharp, aliased edge definitions."
"kid, playing yoga, wild, realistic style",deepai_6_8_1_1.jpg,133,2.1383547387299378,A digital painting depicts a boy meditating in a lotus pose near a tree. The subject's legs exhibit severe anatomical distortion with malformed and fused structures. Skin appears waxy and edges lack sharp definition.
"kid, using CD, city, anime style",deepai_6_9_0_0.jpg,134,2.985256986896803,A black-haired anime boy holds a tablet against a colorful poster wall. The subject's anatomy is stable though facial details show minor irregularities. Background textures contain heavy pseudo-detail and melting illegible text.
"kid, using CD, city, realistic style",deepai_6_9_0_1.jpg,134,2.932392400679953,"A digital painting shows a young boy crouching on a city sidewalk. The subject displays significant anatomical distortion in the hands, knees, and face. Background is blurry and textures appear waxy."
"kid, using CD, wild, anime style",deepai_6_9_1_0.jpg,134,2.719041260911834,An anime-style boy with spiky hair stands before a colorful abstract backdrop. Facial features display minor asymmetry and the hands lack detailed anatomical definition. Background textures appear melted and lack fine-grained detail.
"kid, using CD, wild, realistic style",deepai_6_9_1_1.jpg,134,3.080003877608525,A digital art collage showcases several sketched portraits of children. Multiple faces exhibit severe structural distortion with malformed eyes and warped anatomy. Textures show inconsistent pseudo-details and waxy surface smoothing across all panels.
"man, driving aircraft, city, anime style",deepai_7_0_0_0.jpg,135,2.987869703218017,"A cartoon orange airplane flies above an instrument panel against a blue sky. The aircraft structure is warped with fused parts, and dashboard symbols are illegible. Flat textures and repetitive patterns fill the panel."
"man, driving aircraft, city, realistic style",deepai_7_0_0_1.jpg,135,4.7996387232411415,A close-up view shows mismatched airplane parts over a blurred city. The subject features fused and structurally inconsistent aircraft components. Background details are oversmoothed and surfaces show unnatural waviness.
"man, driving aircraft, wild, anime style",deepai_7_0_1_0.jpg,135,3.261752471005074,A vector-style jet aircraft flies through a bright sky over green terrain. The subject displays illegible tail symbols and unstable landing gear geometry. Sharp contours and flat color regions show minimal global perceptual distortion.
"man, driving aircraft, wild, realistic style",deepai_7_0_1_1.jpg,135,3.0561182836907785,A digital painting shows a small airplane flying through a blue sky. The subject is structurally distorted with malformed wings and warped geometry. Surfaces appear waxy and lack sharp detail across the frame.
"man, using laptop, city, anime style",deepai_7_10_0_0.jpg,137,2.490568222827769,A cropped anime male uses a laptop in a bright urban setting. The hand shows distorted anatomy with fused fingers and an illegible keyboard. Background windows repeat unnaturally while edges show slight softening.
"man, using laptop, city, anime style",dreamStudio_6_5_0_0.jpg,137,2.002489484942369,A digital illustration shows a teal-haired figure in profile against a soft background. The subject's face and hand exhibit noticeable structural distortion and anatomical incoherence. Global oversmoothing flattens textures and softens boundaries.
"man, using laptop, city, realistic style",deepai_7_10_0_1.jpg,137,3.6514819563548326,A digital painting depicts a figure standing in a narrow urban street. The subject shows malformed hands and fused shoes while vehicles lack form. Textures appear flat with visible repetitive tiling on background surfaces.
"man, using laptop, city, realistic style",dreamStudio_6_5_0_1.jpg,137,1.261751936452175,A heavily blurred sepia-toned cityscape silhouette dominates the hazy frame. Building forms are structurally plausible but lack any readable detail. Intense global blur flattens textures and destroys edge definition.
"man, using laptop, wild, anime style",deepai_7_10_1_0.jpg,137,2.6193338678926845,"An anime-style illustration depicts a young boy viewing a laptop screen. The facial anatomy is coherent, though the laptop components lack logical detail. Global oversmoothing creates flat textures and indistinct background boundaries."
"man, using laptop, wild, anime style",dreamStudio_6_5_1_0.jpg,137,2.0129468065850507,A blurry anime illustration depicts a person looking at a laptop screen. The subject's form is recognizable but lacks clear structural edge definition. Pervasive oversmoothing flattens textures and obscures fine details.
"man, using laptop, wild, realistic style",deepai_7_10_1_1.jpg,137,2.681156006050529,"A digital sketch of an anime character appears within a software interface. The subject's facial features are coherent, though hair strands show minor structural detachment. Skin textures appear somewhat waxy with softened fine details."
"man, using laptop, wild, realistic style",dreamStudio_6_5_1_1.jpg,137,1.4321909393765384,A soft-focus laptop rests on a plain beige background surface. The object's structure is malformed with fused keys and warped chassis lines. Extreme global blurring flattens texture and destroys edge clarity.
"man, using phone, city, anime style",deepai_7_11_0_0.jpg,138,2.9566369761604423,An anime illustration shows a man taking a selfie in a city street. The subject's hand anatomy is malformed with fused fingers and awkward joint placement. Background architecture contains illegible pseudo-text and repetitive nonsensical details.
"man, using phone, city, anime style",dreamStudio_6_6_0_0.jpg,138,0.3910982622794382,"A blurred figure in a blue shirt stands in a warm-toned room. Heavy blurring obscures the subject's anatomy into a vague, unrecognizable silhouette. Global oversmoothing flattens all textures and removes sharp edge definitions."
"man, using phone, city, realistic style",deepai_7_11_0_1.jpg,138,3.373352039090426,"A digital sketch shows a man using a tablet on a city street. The figure is coherent, though the shirt contains unexplained color artifacts. Waxy smoothing and messy lines lower perceptual quality."
"man, using phone, city, realistic style",dreamStudio_6_6_0_1.jpg,138,1.2489566759132251,A silhouetted figure stands before a blurred cityscape in warm light. The subject's posture is clear but the hand region appears distorted. Heavy blurring and grain soften all edges and textures.
"man, using phone, wild, anime style",deepai_7_11_1_0.jpg,138,2.1698694822774027,An anime-style close-up shows malformed hands interacting with a digital tablet. Subject features severe anatomical distortion with extra fused fingers and broken joints. Surfaces exhibit flat waxy textures and softened edges.
"man, using phone, wild, anime style",dreamStudio_6_6_1_0.jpg,138,0.1270278616456913,A heavily blurred close-up shows indistinct beige and dark shapes. The subject is structurally illegible and lacks any semantic clarity. Global oversmoothing completely obscures all fine details and textures.
"man, using phone, wild, realistic style",deepai_7_11_1_1.jpg,138,2.690271739834527,A close-up shows a smartphone displaying a distorted face near a sketch. Facial features on the screen are severely warped and semantically unreadable. A green line artifact crosses the screen and textures appear waxy.
"man, using phone, wild, realistic style",dreamStudio_6_6_1_1.jpg,138,1.4905061381569653,"A smartphone screen shows a low-resolution, out-of-focus human face. The subject lacks coherent facial geometry and appears as a smeared organic mass. Heavy Gaussian-like blur obscures all local textures and sharp boundaries."
"man, wearing coat, city, anime style",deepai_7_12_0_0.jpg,139,3.2553573755029763,"An anime character in a black coat faces a stylized city skyline. The figure is structurally stable, though the coat's central seam appears unnaturally rigid. Background textures appear flat and exhibit inconsistent architectural patterning."
"man, wearing coat, city, anime style",dreamStudio_6_7_0_0.jpg,139,0.8208627480703239,"A dark, blurry silhouette of a figure in a coat. The subject's anatomy is completely lost to heavy blurring. Significant grain and softness affect the entire frame."
"man, wearing coat, city, realistic style",deepai_7_12_0_1.jpg,139,3.010083590210381,A man in a black coat stands on an empty city street. The figure is structurally stable and well-separated from the background. Background architecture exhibits melting textures and unresolved fine details.
"man, wearing coat, city, realistic style",dreamStudio_6_7_0_1.jpg,139,2.143723081796024,"A soft-focus close-up shows a person in a beige coat and blue shirt. The subject's face is cropped, while the coat collar displays minor waviness. Global blur flattens textures and eliminates fine edge definition."
"man, wearing coat, wild, anime style",deepai_7_12_1_0.jpg,139,3.661717474097475,A person in a green coat stands on an asphalt surface. The subject's hands are malformed with fused fingers and poor definition. Textures appear waxy and the background exhibits grainy noise patterns.
"man, wearing coat, wild, anime style",dreamStudio_6_7_1_0.jpg,139,1.8391287516169548,"A digital anime portrait of a young man on a muted background. Facial features are readable, but the hand displays fused fingers and poor anatomy. Textures appear overly smoothed with weak edge definition and minimal detail."
"man, wearing coat, wild, realistic style",deepai_7_12_1_1.jpg,139,3.1058702896332253,A digital painting shows a man in a coat in a hazy outdoor setting. The subject's face and hands are distorted with fused fingers and unnatural anatomy. Heavy oversmoothing causes flat textures and poor edge definition.
"man, wearing coat, wild, realistic style",dreamStudio_6_7_1_1.jpg,139,1.8107170019066383,A digital painting portrays a centered husky head against a plain background. The canine face is recognizable despite a distorted nose and fused fur texture. Excessive softening and blending obscure fine details and outer contours.
"man, wearing shirt, city, anime style",deepai_7_14_0_0.jpg,141,3.0101425926044785,An anime-style sketch portrays a young man on a city sidewalk. The subject is structurally coherent despite noticeable facial asymmetry and vague features. Background architecture exhibits repetitive textures and inconsistent edge definitions.
"man, wearing shirt, city, anime style",dreamStudio_6_9_0_0.jpg,141,0.0,A heavily blurred figure in light clothing stands against a neutral background. The subject's structure is indistinct and lacks recognizable anatomical features. Extreme global oversmoothing eliminates all fine textures and sharp edges.
"man, wearing shirt, city, realistic style",deepai_7_14_0_1.jpg,141,4.260295012,A man stands centered in a selective-color urban street scene. The subject's face and hair show mild structural distortion and unnatural styling. Background elements lack sharpness and contain visible noise patterns.
"man, wearing shirt, city, realistic style",dreamStudio_6_9_0_1.jpg,141,1.9651109541803915,"A digital rendering shows the back of a person before a plain wall. The subject's body is coherent, but the head features a fused and malformed ear. Global blur flattens textures and obscures fine details."
"man, wearing shirt, wild, anime style",deepai_7_14_1_0.jpg,141,3.5880527440900547,A photorealistic portrait of a young man against a textured grey wall. The subject displays an elongated neck and distorted clothing and hand anatomy. Skin appears waxy while background textures show distinct repetition.
"man, wearing shirt, wild, anime style",dreamStudio_6_9_1_0.jpg,141,2.804391315013344,"Anime-style digital portrait of a young man on a textured beige background. The face is clear, but the neck and shoulder anatomy appears distorted. Image shows oversmoothing, flat textures, and softened edge definitions."
"man, wearing shirt, wild, realistic style",deepai_7_14_1_1.jpg,141,3.325960058419524,"A digital sketch portrays a man's face resting against his hand. Facial features are subtly distorted, and the hand structure is malformed. Surfaces display waxy smoothing with softened fine details."
"man, wearing shirt, wild, realistic style",dreamStudio_6_9_1_1.jpg,141,1.803817233145449,A bearded man stands against a plain background in a soft digital style. The subject's face is structurally distorted and lacks clear anatomical readability. Extreme oversmoothing flattens textures and blurs all edges.
"man, having icecream, city, anime style",deepai_7_4_0_0.jpg,144,3.262183640085479,Two anime characters eat ice cream on a bright city sidewalk. Facial features and hands display subtle fusion and anatomical ambiguity. Nonsensical text and soft details affect background clarity.
"man, having icecream, city, realistic style",deepai_7_4_0_1.jpg,144,3.161614359625016,A stylized illustration features multiple colorful ice cream cones and scoops on a blue background. Subjects remain recognizable despite unconventional structural forms and unusual stacking arrangements. Cone textures show repetitive patterns and surfaces appear somewhat flat.
"man, having icecream, wild, anime style",deepai_7_4_1_0.jpg,144,2.871319479915184,"An anime illustration shows a green-haired boy holding a yellow object against a red pattern. The subject's anatomy is stable, but the held object lacks clear semantic definition. Repetitive background patterns and softened edges are visible."
"man, having icecream, wild, realistic style",deepai_7_4_1_1.jpg,144,3.0305187007619967,"A stylized portrait shows a young man biting into an ice cream cone. Hand anatomy is distorted with fused fingers, and the mouth area lacks clarity. Skin textures appear waxy and edges are overly softened."
"man, having pizza, city, anime style",deepai_7_5_0_0.jpg,145,3.02587136274678,An anime-style illustration shows two characters holding pizzas outside a shop. Hands are malformed and the speech bubble text is completely illegible. Textures lack detail and exhibit global oversmoothing.
"man, having pizza, city, anime style",dreamStudio_6_0_0_0.jpg,145,2.682676000930225,A close-up view captures a sliced pepperoni pizza on a dark surface. Toppings display malformed cheese blobs and structurally unstable melt patterns. Textures appear waxy with flat surface detail.
"man, having pizza, city, realistic style",deepai_7_5_0_1.jpg,145,4.044364566,"An illustrated overhead scene features pizzas, an iced drink, and fruit. Recognizable food subjects display semantic confusion in the beverage and inconsistent topping layout. Textures are flat with sharp outlines and repetitive pseudo-details."
"man, having pizza, city, realistic style",dreamStudio_6_0_0_1.jpg,145,2.764259977190518,"A sliced pepperoni pizza sits on a light surface under dim lighting. The pizza's toppings show irregular placement and fused boundaries with the cheese. Heavy grain masks details while creating flat, repetitive surface textures."
"man, having pizza, wild, anime style",deepai_7_5_1_0.jpg,145,2.523947189747924,"A top-down view captures a sliced pepperoni and olive pizza inside a box. Toppings are clear, but many olives appear as flat, malformed discs without depth. Textures show waxy oversmoothing and softened detail."
"man, having pizza, wild, anime style",dreamStudio_6_0_1_0.jpg,145,0.6892008989220204,"A blurry, round, reddish-orange object is centered on a neutral background. The subject's internal structure is completely obscured by heavy blurring. Extreme global smoothing eliminates all fine details and edge definition."
"man, having pizza, wild, realistic style",deepai_7_5_1_1.jpg,145,2.4681996144627303,"A whole pepperoni pizza on a dark wooden surface viewed from above. The pizza is clearly readable, but pepperoni placement lacks organic randomness. Surfaces show mild oversmoothing with waxy cheese and softened wood grain."
"man, having pizza, wild, realistic style",dreamStudio_6_0_1_1.jpg,145,1.6963994027167075,A top-down digital painting displays a sliced pizza on a neutral background. The subject's geometry is mostly coherent but exhibits slight slice boundary fusion. Background grain and waxy textures reduce local detail clarity.
"man, playing baseball, city, anime style",deepai_7_6_0_0.jpg,146,3.2472977424022345,A monochrome manga drawing features a youth holding two baseball bats against city buildings. The subject's face and floating ball display subtle asymmetry and malformed textural details. Background lines appear inconsistent with visible repetitive texture patterns.
"man, playing baseball, city, anime style",dreamStudio_6_1_0_0.jpg,146,1.997680755475142,A stylized painting depicts a baseball player in a batting stance on a field. The subject shows simplified anatomy with malformed hands and a featureless head. Heavy oversmoothing flattens textures and softens all image edges.
"man, playing baseball, city, realistic style",deepai_7_6_0_1.jpg,146,1.855141862814434,A dark silhouette of a baseball player swinging a bat against a textured wall. The subject anatomy shows a disconnected arm and a floating bat without a grip. Repetitive background textures and softened edges are visible.
"man, playing baseball, city, realistic style",dreamStudio_6_1_0_1.jpg,146,1.5023687655415847,"A heavily blurred digital painting depicts a young baseball player in uniform. The subject's anatomy is vague, featuring an indistinct face and poorly defined limbs. Global oversmoothing removes texture detail and softens every edge boundary."
"man, playing baseball, wild, anime style",deepai_7_6_1_0.jpg,146,3.114000050467705,"Eight anime-style baseball players are arranged in a two-by-four portrait grid. Several faces and hands appear malformed, while jersey text is largely illegible. Global textures appear oversmoothed with softened edge boundaries."
"man, playing baseball, wild, anime style",dreamStudio_6_1_1_0.jpg,146,2.038736549645135,"A stylized baseball player in a pitching stance on a blurred field. The subject has a featureless black head and a severely distorted throwing arm. Widespread softness, flat textures, and grain reduce perceptual detail."
"man, playing baseball, wild, realistic style",deepai_7_6_1_1.jpg,146,3.328557915205721,A stylized digital painting depicts a baseball player in a batting stance. The subject exhibits anatomical distortion with an oversized head and warped limbs. Flat textures and repetitive background patterns affect perceptual quality.
"man, playing baseball, wild, realistic style",dreamStudio_6_1_1_1.jpg,146,1.9037484935533948,A minimalist vector illustration shows a person with a racket and a floating ring. The subject displays simplified anatomy with a featureless face and poorly defined limbs. Flat textures and softened edges dominate the visual field.
"man, playing football, city, anime style",deepai_7_7_0_0.jpg,147,2.8817534728122784,An anime-style illustration depicts a male soccer player in a dynamic pose. The subject is stable despite an ambiguous handheld object and illegible text. Rendering shows flat textures and indistinct background details.
"man, playing football, city, anime style",dreamStudio_6_2_0_0.jpg,147,2.7065505983567864,An anime-style illustration features a male soccer player mid-kick on a field. The subject shows severe limb distortion with malformed hands and undefined feet. Oversmoothing causes lost texture and soft edge definitions.
"man, playing football, city, realistic style",deepai_7_7_0_1.jpg,147,3.205538052990965,A rear-view shot shows a soccer player on a stadium field. The player's right leg is severely malformed with a fused red foot. Background textures appear repetitive and edges lack sharp definition.
"man, playing football, city, realistic style",dreamStudio_6_2_0_1.jpg,147,1.6093064004342217,A sepia-toned image shows a blurred soccer player in motion on a field. The subject's limbs and facial features are severely distorted by heavy blurring. Extreme oversmoothing flattens textures and obscures all edge definitions.
"man, playing football, wild, anime style",deepai_7_7_1_0.jpg,147,3.054931382173066,Anime-style illustration depicts three male soccer players on a stadium field. Subjects are recognizable but include a floating hand and crowded limb overlaps. Textures show noticeable smoothing and waxy pseudo-detailing.
"man, playing football, wild, anime style",dreamStudio_6_2_1_0.jpg,147,0.3404259554370622,A heavily blurred figure in white clothing stands on a green field. The subject lacks any discernible structure due to severe loss of detail. Extreme global oversmoothing completely obscures all textures and edges.
"man, playing football, wild, realistic style",deepai_7_7_1_1.jpg,147,2.7754014934828386,A soccer player kicks a ball on a field under dramatic lighting. The subject's face and hands are severely distorted and structurally broken. Global textures appear waxy with significant background blur and soft edges.
"man, playing football, wild, realistic style",dreamStudio_6_2_1_1.jpg,147,1.194123771103606,A blurry painting shows a man playing with soccer balls on a plain background. The subject displays distorted anatomy with elongated limbs and a malformed face. Heavy blurring washes out all textures and sharp edges.
"man, playing yoga, city, anime style",deepai_7_8_0_0.jpg,148,1.6415765798869169,A man performs an extreme yoga pose on a city street between skyscrapers. The subject's lower body anatomy is severely distorted with impossible limb angles. Background textures are repetitive and edges lack sharpness.
"man, playing yoga, city, anime style",dreamStudio_6_3_0_0.jpg,148,1.470180656152043,A dark-clad figure strikes an athletic pose within a blurred city environment. The subject's structure is unstable with warped limbs and a missing face. Extreme softness eliminates texture and edge definition.
"man, playing yoga, city, realistic style",deepai_7_8_0_1.jpg,148,2.0000551764898478,A person performs a yoga pose on a mat overlooking a skyscraper city. The figure shows subtle limb malformations including fused fingers and awkward joints. Distant buildings exhibit repetitive textures and softened edges.
"man, playing yoga, city, realistic style",dreamStudio_6_3_0_1.jpg,148,1.6791572139572957,A blurred silhouette of a person stretching against a plain wall. The figure's anatomy is mostly coherent but exhibits melting at the hands and face. Extreme oversmoothing removes all surface texture and edge definition.
"man, playing yoga, wild, anime style",deepai_7_8_1_0.jpg,148,2.143885326117197,A man meditates on a yoga mat in a wooded forest scene. Facial features are distorted and hand anatomy shows clear finger fusion. Textures appear waxy with soft background details.
"man, playing yoga, wild, anime style",dreamStudio_6_3_1_0.jpg,148,2.410097843340841,A woman performs a yoga lunge pose in a plain room. The subject's hands and feet show severe malformation and limb fusion. Textures appear waxy and edges lack sharp definition.
"man, playing yoga, wild, realistic style",deepai_7_8_1_1.jpg,148,2.8004247723957927,A bearded man performs a yoga pose on a mat in a green forest. The subject is recognizable but features a malformed hand with fused digits. Skin surfaces look waxy and edges show noticeable softening throughout.
"man, playing yoga, wild, realistic style",dreamStudio_6_3_1_1.jpg,148,0.022965291,A blurred human figure with dark hair lies on a plain background. Extreme blur renders the subject's structure and features entirely unrecognizable and indistinct. Global blur destroys all texture and edge definition.
"man, using CD, city, anime style",deepai_7_9_0_0.jpg,149,3.306505587,A green-haired anime boy stands before a densely packed colorful city background. The central figure is structurally sound with only minor collar fusion visible. Background textures show repetitive patterns and illegible pseudo-detailing throughout.
"man, using CD, city, anime style",dreamStudio_6_4_0_0.jpg,149,2.337633756735624,"Two anime-style figures stand against a soft, colorful blurred background. Character anatomy is simplified and the handheld device appears structurally malformed. Oversmoothing flattens textures and obscures fine edge details."
"man, using CD, city, realistic style",deepai_7_9_0_1.jpg,149,3.106952043627357,"A painted cityscape centers on a tall skyscraper viewed from a street. The main structure is stable, but side buildings show malformed window patterns. Blur and coarse textures obscure fine details."
"man, using CD, city, realistic style",dreamStudio_6_4_0_1.jpg,149,0.0,A blurry abstract image depicts a pale surface with faint vertical shadow shapes. The image lacks structural coherence and semantic meaning due to severe defocus. Oversmoothing and digital grain dominate the entire visual field.
"man, using CD, wild, anime style",deepai_7_9_1_0.jpg,149,3.119349020801104,"A circular anime-style illustration depicts multiple characters surrounding a central hub. Character faces and limbs show severe distortion, fusion, and anatomical inconsistencies. Global textures look waxy with jagged edges and illegible pseudo-details."
"man, using CD, wild, anime style",dreamStudio_6_4_1_0.jpg,149,1.6302245490129883,A digital painting shows an anime-style character against a heavily blurred background. The subject is structurally stable with readable features and minor asymmetry. Extreme blur and oversmoothing flatten all textures and details.
"man, using CD, wild, realistic style",deepai_7_9_1_1.jpg,149,3.8983886717805647,Two side-by-side digital portraits depict a person in a stylized artistic medium. Facial features are recognizable but exhibit subtle asymmetry and unnatural skin markings. Textures appear waxy and lack fine-grained natural surface detail.
"man, using CD, wild, realistic style",dreamStudio_6_4_1_1.jpg,149,0.3282259817216417,A heavily blurred close-up shows a single human eye. The eye structure is recognizable but lacks any anatomical detail. The entire image suffers from severe oversmoothing and loss of definition.
"woman, driving aircraft, city, anime style",deepai_8_0_0_0.jpg,150,2.9883708711837063,An anime-style woman in a suit drives a car against a vibrant sky. Her hands and the steering wheel exhibit significant structural fusion and warping. Inconsistent shading and flat textures reduce surface naturalness.
"woman, driving aircraft, city, realistic style",deepai_8_0_0_1.jpg,150,3.747633299515488,A cartoon propeller airplane flies over a dense grayscale urban cityscape. The aircraft's structure is stable despite minor malformations near the nose. Background architecture shows heavy blurring and melted details.
"woman, driving aircraft, wild, anime style",deepai_8_0_1_0.jpg,150,2.3292625590395697,A red-haired anime woman sits on an aircraft against a bright landscape. The subject's torso exhibits severe anatomical warping and malformed garment structure. Distant background textures appear flat with visible repetitive patterns.
"woman, driving aircraft, wild, realistic style",deepai_8_0_1_1.jpg,150,3.986808698071111,A digital painting portrays a woman in aviation goggles inside a cockpit. Facial anatomy remains stable though subtle dental distortions are present. Global textures show significant oversmoothing and a waxy surface appearance.
"woman, using laptop, city, anime style",deepai_8_10_0_0.jpg,152,2.5223581100704613,An anime-style girl sits with a laptop against a city backdrop. The subject's limbs are unnaturally thin and lack plausible anatomical detail. Textures are flat and fine details are heavily smoothed out.
"woman, using laptop, city, anime style",dreamStudio_7_5_0_0.jpg,152,1.5478824844232255,"A side-profile view of a yellow-haired figure using a laptop indoors. The subject's silhouette is stable, while hands and the device appear fused. Global oversmoothing flattens textures and obscures fine edge definition."
"woman, using laptop, city, realistic style",deepai_8_10_0_1.jpg,152,3.314756034439703,A woman sits at a street-side table with a laptop in a realistic style. Her hands and the laptop keyboard show severe malformation and distorted anatomy. Background textures appear smoothed and lack fine-grained detail.
"woman, using laptop, city, realistic style",dreamStudio_7_5_0_1.jpg,152,0.3925288247466516,A close-up captures a blurry white mask-like face on a dark background. The subject lacks clear anatomy and appears as a smoothed abstract shape. Extreme blur obscures all fine details and surface textures.
"woman, using laptop, wild, anime style",deepai_8_10_1_0.jpg,152,2.5515148563795904,An anime girl sits at a laptop against a vibrant abstract background. The subject displays facial asymmetry and indistinct hand-laptop contact regions. Chaotic background textures and heavy outlines affect global visual stability.
"woman, using laptop, wild, anime style",dreamStudio_7_5_1_0.jpg,152,1.4221384483178456,"An anime character with black hair faces a laptop on a plain background. The face is stable, but the body and hand are severely melted and distorted. Heavy oversmoothing flattens textures and blurs background details."
"woman, using laptop, wild, realistic style",deepai_8_10_1_1.jpg,152,2.817816219787151,A stylized digital painting depicts a woman in profile at a laptop. The subject's hands are malformed and fused with the keyboard and mouse. Waxy textures and heavy smearing obscure all fine details.
"woman, using laptop, wild, realistic style",dreamStudio_7_5_1_1.jpg,152,2.033295166192222,A blurred illustration shows a person using a laptop at a desk. The subject's features are merged into indistinct shapes by heavy blur. Global oversmoothing removes all texture and sharp edge definition.
"woman, using phone, city, anime style",deepai_8_11_0_0.jpg,153,2.344689254773755,"An anime-style illustration shows a girl holding a smartphone before a cityscape. The figure shows severe anatomical distortions, notably in the hands and neck. Outlines show jagged aliasing and textures appear flat and lacking detail."
"woman, using phone, city, anime style",dreamStudio_7_6_0_0.jpg,153,2.658548577368768,"An anime-style woman holds a phone against a blurred city background. The subject is clear, but her hands show distorted finger anatomy and fusion. Textures appear overly smooth with softened edges and weak definition."
"woman, using phone, city, realistic style",deepai_8_11_0_1.jpg,153,3.0837959366195693,A digital illustration depicts a red-haired woman on a city street. The subject's hands and held objects are malformed and poorly defined. Heavy grainy texture and softened edges dominate the visual quality.
"woman, using phone, city, realistic style",dreamStudio_7_6_0_1.jpg,153,2.1005999792273227,"A minimalist, blurred silhouette of a woman using a phone in a neutral space. The figure lacks facial features and exhibits fused limbs with indistinct hand anatomy. Extreme oversmoothing creates flat textures and eliminates all fine detail."
"woman, using phone, wild, anime style",deepai_8_11_1_0.jpg,153,2.458275956999795,A stylized illustration shows a red-haired figure holding two smartphones against a grey background. The subject's hands are distorted with unnatural finger lengths and malformed joints. Dense uniform grain texture reduces edge definition and overall surface clarity.
"woman, using phone, wild, anime style",dreamStudio_7_6_1_0.jpg,153,0.6540998950321218,"A soft digital painting shows an anime girl with long dark hair. The subject lacks most facial features and has fused, malformed hand structures. Severe oversmoothing results in waxy surfaces and loss of fine detail."
"woman, using phone, wild, realistic style",deepai_8_11_1_1.jpg,153,2.977643086303248,A digital painting shows a woman from behind holding a device on a green background. The subject's ear and hand structures are distorted with unclear anatomical definition. Textures appear flat and edges lack sharp definition.
"woman, using phone, wild, realistic style",dreamStudio_7_6_1_1.jpg,153,1.1905689318647057,A soft-focus portrait depicts a woman against a muted background. The subject's facial features and pose remain semantically readable. Extreme oversmoothing flattens textures and blurs all local details.
"woman, wearing hat, city, anime style",deepai_8_13_0_0.jpg,155,2.3891942899395704,"A stylized line art portrait shows a smiling woman in a wide hat. The face is stable, yet the neck region displays distorted anatomical geometry. Strokes show inconsistent width and slight edge softening."
"woman, wearing hat, city, anime style",dreamStudio_7_8_0_0.jpg,155,2.2445155757866164,An anime portrait shows a girl in a hat against a blurred background. The subject's facial features and headwear are structurally coherent and readable. Heavy oversmoothing flattens textures and blurs fine details.
"woman, wearing hat, city, realistic style",deepai_8_13_0_1.jpg,155,2.587342137994282,Digital sketch portrait of a woman in a red cap on a plain background. The face is clear but shows slight eye misalignment and unnatural lips. Skin appears waxy and hair shows repetitive stroke patterns.
"woman, wearing hat, city, realistic style",dreamStudio_7_8_0_1.jpg,155,2.1946426165234976,"Soft-focus portrait of a woman in a dark hat on a plain background. Facial features are recognizable but lack definition, with eyes appearing as smudges. Oversmoothing creates waxy textures and removes fine details."
"woman, wearing hat, wild, anime style",deepai_8_13_1_0.jpg,155,2.9425245092357386,"An anime-style portrait of a woman in a wide-brimmed hat against a colorful sky. The subject's face is clear, but the hand anatomy is malformed with fused digits. Skin textures appear waxy with softened details."
"woman, wearing hat, wild, anime style",dreamStudio_7_8_1_0.jpg,155,2.3139007889510825,A digital anime portrait features a girl in a wide-brimmed black hat. The character's facial features and hair structure remain coherent and readable. The image exhibits noticeable grain and softened edge definitions.
"woman, wearing hat, wild, realistic style",deepai_8_13_1_1.jpg,155,3.756146094679007,A digital painting portrays a close-up of a woman in a blue hat. The subject's face is structurally stable despite minor eye asymmetry. Global rendering exhibits smooth skin textures and softened hair boundaries.
"woman, wearing hat, wild, realistic style",dreamStudio_7_8_1_1.jpg,155,2.511615823405414,A digital portrait shows a woman in a wide-brimmed hat against a plain background. The face is clear while the body structure appears structurally vague and incomplete. Waxy textures and undefined edges degrade the global perceptual quality.
"woman, wearing shirt, city, anime style",deepai_8_14_0_0.jpg,156,3.1840137267150723,An anime-style girl stands before a glowing nighttime city skyline. The subject's anatomy is coherent except for a severely malformed hand. Background textures exhibit repetitive tiling and lack sharp local detail.
"woman, wearing shirt, city, anime style",dreamStudio_7_9_0_0.jpg,156,2.4616884197689437,An anime-style girl in a red shirt stands before a blurred city skyline. The subject's right arm is thin and structurally ambiguous near the hand. Background textures exhibit oversmoothing and lack fine architectural detail.
"woman, wearing shirt, city, realistic style",deepai_8_14_0_1.jpg,156,3.327116652355558,"A low-angle selective-color portrait shows a woman in red pants before city buildings. The subject's anatomy is plausible except for malformed, fused fingers on both hands. Background textures appear oversmoothed with slight boundary inconsistencies."
"woman, wearing shirt, city, realistic style",dreamStudio_7_9_0_1.jpg,156,0.065347353,A heavily blurred dark silhouette is centered on a plain light background. The subject's structure is entirely illegible with no recognizable features or forms. Extreme global smoothing eliminates all texture and edge definition.
"woman, wearing shirt, wild, anime style",deepai_8_14_1_0.jpg,156,2.576886120364101,An anime-style female character with long dark hair stands against a purple background. The subject's hands are severely distorted with fused fingers and broken structure. Skin textures appear flat while edges remain sharp.
"woman, wearing shirt, wild, anime style",dreamStudio_7_9_1_0.jpg,156,0.5230552518228433,A heavily blurred humanoid figure stands against a plain background. The subject's form is vague and lacks any semantic readability. Extreme global blur eliminates all texture and edge definition.
"woman, wearing shirt, wild, realistic style",deepai_8_14_1_1.jpg,156,3.2213624132633907,A desaturated close-up portrait shows a woman holding her head. The subject's eyes are slightly misaligned and her hands lack anatomical clarity. Skin textures appear waxy and fine details are softened throughout.
"woman, wearing shirt, wild, realistic style",dreamStudio_7_9_1_1.jpg,156,2.1513196735694904,A full-body portrait of a woman stands against a solid warm background. Her facial features are malformed and lack clear anatomical definition. Oversmoothing causes flat textures and weak edge definition.
"woman, having hamburger, city, anime style",deepai_8_3_0_0.jpg,158,3.100074238380901,A digital anime illustration depicts a girl holding food in an urban setting. The subject's hand is malformed and background signage lacks semantic meaning. Global textures appear flat with noticeable background detail repetition.
"woman, having hamburger, city, realistic style",deepai_8_3_0_1.jpg,158,1.9244608434635508,A stylized faceless figure holds a burger and tray against a grey background. The faceless figure lacks features and has malformed limbs with an odd body shape. Heavy grainy noise covers surfaces and reduces overall clarity.
"woman, having hamburger, wild, anime style",deepai_8_3_1_0.jpg,158,2.8644500187356736,"An anime-style close-up shows a woman eating pizza and holding a hamburger. The subject's anatomy is stable, though the hand holding food appears slightly malformed. Bold outlines and flat colors exhibit minor textural inconsistencies."
"woman, having hamburger, wild, realistic style",deepai_8_3_1_1.jpg,158,2.734204565213401,A pop-art illustration shows a woman with voluminous curly hair yawning. The subject's hand and face exhibit noticeable anatomical distortion and fusion. Dense speckled noise affects the dark hair and skin textures.
"woman, having icecream, city, anime style",deepai_8_4_0_0.jpg,159,3.6523143573329153,An anime-style illustration shows a girl in profile eating an ice cream cone. The hand holding the cone is malformed with fused fingers and awkward joints. Skin appears waxy and edges lack sharpness throughout.
"woman, having icecream, city, realistic style",deepai_8_4_0_1.jpg,159,2.597195796571933,A digital illustration portrays a woman with glasses eating from a container. The subject displays distorted eye placement and malformed finger anatomy. Flat colors and bold outlines exhibit high visual stability.
"woman, having icecream, wild, anime style",deepai_8_4_1_0.jpg,159,3.222871907618316,An anime-style illustration shows a red-haired girl holding ice cream under a blue sky. The figure exhibits subtle anatomical distortions in the hand grip and neck region. Lower background contains unresolved blurry textures and weak edge clarity.
"woman, having icecream, wild, realistic style",deepai_8_4_1_1.jpg,159,2.608129096661288,A pop-art illustration shows a red-haired woman holding ice cream against a split background. Her hands are severely malformed with fused and distorted fingers. Flat textures and sharp edges lack traditional noise or blur.
"woman, having pizza, city, anime style",deepai_8_5_0_0.jpg,160,3.1219857898886163,An anime illustration shows a woman in a blue blazer amidst pizzas. The subject is structurally coherent despite an elongated neck and fused fingers. Textures are flat with repetitive patterns and minimal shading.
"woman, having pizza, city, anime style",dreamStudio_7_0_0_0.jpg,160,0.1067393573017811,A heavily blurred portrait of a person with dark hair on a plain background. The subject is structurally illegible and lacks recognizable anatomical definition. Extreme global blur destroys all texture and edge clarity.
"woman, having pizza, city, realistic style",deepai_8_5_0_1.jpg,160,3.088725123864893,A digital cartoon illustration features a woman holding a pizza slice among floating pepperoni. The subject is structurally coherent despite indistinct hand details merging with the pizza. Repetitive background textures lack depth and fine granular detail.
"woman, having pizza, city, realistic style",dreamStudio_7_0_0_1.jpg,160,2.2936069185403407,A digital sketch shows a woman holding a colorful pizza slice. Her structure is distorted by a malformed fused object on the shoulder. Background details are oversmoothed into flat gray shapes with weak edges.
"woman, having pizza, wild, anime style",deepai_8_5_1_0.jpg,160,2.447115982486144,An anime-style illustration shows a girl holding pizza against a blue background. The subject's face is asymmetrical and her hands appear structurally malformed. Flat colors show minor edge aliasing and lack fine texture detail.
"woman, having pizza, wild, anime style",dreamStudio_7_0_1_0.jpg,160,0.3068200179843752,A blurry figure with long dark hair and red circles on a plain background. Extreme defocus makes the subject's anatomy and object details semantically illegible. Pervasive softness eliminates all texture and edge clarity across the frame.
"woman, having pizza, wild, realistic style",deepai_8_5_1_1.jpg,160,3.297129629775455,A woman with curly hair holds a large pizza slice against a neutral background. The subject's eyes are misaligned and her hands exhibit malformed finger geometry. Skin textures appear waxy and lack fine natural detail.
"woman, having pizza, wild, realistic style",dreamStudio_7_0_1_1.jpg,160,1.1597808555431774,A close-up painterly portrait of a woman's face obscured by dark strands. Facial anatomy is severely distorted with malformed eyes and oversized lips. Image exhibits heavy oversmoothing and waxy surface textures throughout.
"woman, playing baseball, city, anime style",deepai_8_6_0_0.jpg,161,2.840670548071218,An anime-style illustration depicts a female baseball player holding a bat outdoors. The character shows subtle anatomical distortions in the hand and waist area. Distant background elements feature repetitive textures and simplified geometry.
"woman, playing baseball, city, anime style",dreamStudio_7_1_0_0.jpg,161,2.052147216991875,A blurry silhouette of a woman stands against a warm-toned background. The figure exhibits distorted anatomy with malformed hands and awkward limb placement. Heavy oversmoothing flattens textures and melts edge definitions.
"woman, playing baseball, city, realistic style",deepai_8_6_0_1.jpg,161,2.351402491133749,A female baseball player stands on a field before a glowing city skyline. The subject's anatomy is heavily distorted with fused limbs and broken geometry. Distant background textures show repetitive patterns and softened edges.
"woman, playing baseball, city, realistic style",dreamStudio_7_1_0_1.jpg,161,2.481991319856012,"A sepia image depicts a female baseball player in a pitching stance on a field. The subject has an indistinct face and malformed, fused gloved hands. Textures are waxy and oversmoothed with softened edge definition."
"woman, playing baseball, wild, anime style",deepai_8_6_1_0.jpg,161,3.1191661613769366,An anime-style illustration shows a female baseball player against a warm background. The subject's hand is distorted with fused fingers and illegible bat text. Textures and edges show no dominant local artifact.
"woman, playing baseball, wild, anime style",dreamStudio_7_1_1_0.jpg,161,2.27765015731272,"An anime-style illustration shows a young woman against a soft gradient background. The figure has distorted anatomy, specifically malformed hands and awkward joint placement. Textures appear oversmoothed with waxy skin and a featureless background."
"woman, playing baseball, wild, realistic style",deepai_8_6_1_1.jpg,161,2.846522424707029,"A digital painting depicts a female softball player in a batting stance. The subject's arms and hands appear structurally malformed and fused together. Textures across the image exhibit a flat, waxy quality with softened details."
"woman, playing baseball, wild, realistic style",dreamStudio_7_1_1_1.jpg,161,1.025307258582121,A blurred figure holds a stuffed toy against a plain background. The subject is structurally stable but semantically vague due to extreme blurring. Severe oversmoothing flattens all textures and obscures every edge boundary.
"woman, playing football, city, anime style",deepai_8_7_0_0.jpg,162,2.6023934574331515,A long-haired anime girl stands on a soccer field with a city backdrop. Her face and hand are malformed with fused fingers and misaligned eyes. Background textures show repetitive patterns and mild oversmoothing.
"woman, playing football, city, anime style",dreamStudio_7_2_0_0.jpg,162,2.065715908289365,An anime-style female figure stands in profile against a blurred grey background. The subject displays severe anatomical distortion with a warped torso and malformed limbs. Textures appear flat and oversmoothed with soft edge definition.
"woman, playing football, city, realistic style",deepai_8_7_0_1.jpg,162,3.3825553771118733,A female soccer player runs across a field while holding an orange ball. The subject features distorted limb anatomy and malformed fingers grasping the object. Surfaces exhibit waxy smoothing and background details lack crisp edge definition.
"woman, playing football, city, realistic style",dreamStudio_7_2_0_1.jpg,162,1.8175292280725712,A digital painting depicts a female soccer player against a plain gray background. The subject’s limbs and facial features are malformed and lack anatomical definition. Heavy global blurring flattens all textures and obscures fine details.
"woman, playing football, wild, anime style",deepai_8_7_1_0.jpg,162,2.591266040775753,An anime-style female athlete runs across a bright green sports field. The subject's hands are severely malformed and lack anatomical definition. Textures display pervasive noise and lack sharp micro-detail.
"woman, playing football, wild, anime style",dreamStudio_7_2_1_0.jpg,162,2.693873638714269,A stylized illustration features a girl in red with a floating ball. The figure displays simplified anatomy with a fused shoulder and distorted garment. A heavy grainy texture covers the flat colors.
"woman, playing football, wild, realistic style",deepai_8_7_1_1.jpg,162,2.5236031606892677,"A digital artwork depicts a female soccer player on a grassy field. The subject features a distorted face, malformed hands, and duplicate soccer balls. Skin textures appear waxy and edges show inconsistent sharpening."
"woman, playing football, wild, realistic style",dreamStudio_7_2_1_1.jpg,162,2.023062658200408,A high-contrast silhouette of a female soccer player on a textured gold background. The subject displays malformed limb proportions and semantically confusing internal color fills. Coarse background stippling and jagged contours degrade the overall graphic fidelity.
"woman, playing yoga, city, anime style",deepai_8_8_0_0.jpg,163,2.310270183,"An illustrated woman with blue hair does yoga before a stylized city skyline. The figure's anatomy is stable, though the foot and hair show minor distortions. Background windows exhibit repetitive patterns and inconsistent geometry."
"woman, playing yoga, city, anime style",dreamStudio_7_3_0_0.jpg,163,1.5728543899320089,A stylized illustration depicts a woman in a yoga pose on a mat. The figure suffers from a malformed upper limb and lacks facial clarity. Extreme oversmoothing flattens textures and blurs all edges.
"woman, playing yoga, city, realistic style",deepai_8_8_0_1.jpg,163,2.4087031763396585,A digital painting of a woman doing yoga on an urban sidewalk. The subject's lower body displays severe limb warping and anatomical instability. Overall textures are flat with softened edges and blurred background details.
"woman, playing yoga, city, realistic style",dreamStudio_7_3_0_1.jpg,163,2.113094146651932,"A digital painting shows a figure in a yoga pose on a street. The subject lacks a distinct head and has fused hands, reducing clarity. Global oversmoothing results in waxy textures and indistinct boundaries."
"woman, playing yoga, wild, anime style",deepai_8_8_1_0.jpg,163,2.306771336014769,"A silhouetted figure meditates before a vibrant psychedelic background. The subject's silhouette is structurally stable, though hand anatomy is simplified. Background textures show repetitive swirling patterns and pseudo-details."
"woman, playing yoga, wild, anime style",dreamStudio_7_3_1_0.jpg,163,2.164131686167601,A digital illustration depicts a blonde woman meditating on a plain background. The subject's hands and torso show simplified anatomy with fused finger details. Heavy oversmoothing and weak edge definition affect the whole image.
"woman, playing yoga, wild, realistic style",deepai_8_8_1_1.jpg,163,3.369019243670635,A woman in athletic wear stands before a plain textured wall. The figure suffers from severe anatomical distortion in the legs and feet. Textures exhibit a waxy appearance with pervasive oversmoothing.
"woman, playing yoga, wild, realistic style",dreamStudio_7_3_1_1.jpg,163,2.0665808671237005,A digital illustration shows a woman meditating against a green background. The subject's hands and feet are severely malformed with fused or missing digits. Heavy grainy noise texture covers the entire image surface.
"woman, using CD, city, anime style",deepai_8_9_0_0.jpg,164,2.4080731747782127,A stylized female figure holds a screen against a vibrant cityscape. Finger geometry is distorted and the chest area features unreadable symbolic patterns. Thick black outlines enclose solid color fields without complex textural detail.
"woman, using CD, city, anime style",dreamStudio_7_4_0_0.jpg,164,1.8210563187611244,"An anime-style digital portrait depicts a long-haired girl against a plain background. While the face is coherent, the hand anatomy is severely malformed and fused. Global oversmoothing significantly reduces texture detail and edge sharpness."
"woman, using CD, city, realistic style",deepai_8_9_0_1.jpg,164,2.0925764088523944,
"woman, using CD, city, realistic style",dreamStudio_7_4_0_1.jpg,164,0.7778861900671352,A soft-focus sepia portrait of a person's head and shoulders. The subject's profile remains structurally stable despite significant feature obscuration. Pervasive blur creates flat textures and undefined boundaries.
"woman, using CD, wild, anime style",deepai_8_9_1_0.jpg,164,3.354544753257805,"A dark-haired anime girl holds a book against a purple radial background. Her face is coherent, yet her hand and neck show structural weaknesses. Flat shading and repetitive background patterns limit textural richness."
"woman, using CD, wild, anime style",dreamStudio_7_4_1_0.jpg,164,0.9962534580918302,A stylized anime-style female face appears in profile within a rounded frame. Facial features are heavily smoothed and lack distinct anatomical boundaries. Extreme global oversmoothing results in a completely flat and textureless surface.
"woman, using CD, wild, realistic style",deepai_8_9_1_1.jpg,164,3.124016645636525,A stylized digital portrait shows a woman holding a device and string. The subject displays misaligned eyes and structurally implausible fused fingers. Waxy skin and flat textures reduce overall perceptual realism.
"woman, using CD, wild, realistic style",dreamStudio_7_4_1_1.jpg,164,1.2171330201946875,A close-up of a heavily blurred human face in a soft-focus style. Facial features are simplified into indistinct shapes lacking anatomical clarity. Extreme oversmoothing removes all texture and edge definition from the image.
"alien, driving aircraft, city, anime style",deepai_9_0_0_0.jpg,165,3.362415078672566,An anime illustration shows a female pilot in a cockpit above a city. The subject's hands and controls display fused geometry and unclear mechanical layout. Distant textures exhibit subtle repetition and softened edge definition.
"alien, driving aircraft, city, realistic style",deepai_9_0_0_1.jpg,165,4.074428849489113,A stylized orange aircraft flies above a dense futuristic cityscape. The plane and skyscrapers exhibit warped geometry and implausible architectural layering. Background textures appear oversmoothed with inconsistent fine detail and soft edges.
"alien, driving aircraft, wild, anime style",deepai_9_0_1_0.jpg,165,3.001962501725639,An anime-style illustration shows a pilot in a cockpit under a bright sky. The subject's hands are severely distorted with fused fingers and broken anatomy. Waxy textures and illegible pseudo-detail mar the displays.
"alien, driving aircraft, wild, realistic style",deepai_9_0_1_1.jpg,165,4.422065847326173,"A cinematic rendering features a biomechanical alien creature against a cloudy sky. The head structure is plausible, but the torso and limbs show severe anatomical fusion. Intricate surface textures exhibit repetitive pseudo-detail patterns across the subject."
"alien, driving bike, city, anime style",deepai_9_1_0_0.jpg,166,3.0721723285621696,"Two anime-style figures, one riding a bicycle, stand in a stylized city. The cyclist's hands fuse with the handlebars while the bicycle frame appears warped. Bold outlines show jagged aliasing, and surfaces lack fine detail."
"alien, driving bike, city, realistic style",deepai_9_1_0_1.jpg,166,2.878742039,"A green stylized figure rides a motorcycle within a four-panel digital painting. The subject exhibits fused limbs and distorted, simplified motorcycle geometry. Color fills show waxy textures and softened edge definitions."
"alien, driving bike, wild, anime style",deepai_9_1_1_0.jpg,166,3.0610045349917856,"A red-haired anime girl rides a complex motorcycle against a vibrant background. The motorcycle's front assembly is severely distorted with tangled lines and unreadable text. Harsh outlines contrast with soft, melting background textures."
"alien, driving bike, wild, realistic style",deepai_9_1_1_1.jpg,166,3.842143990584013,A close-up of a detailed biomechanical alien creature against a soft background. The complex organic structure is coherent and semantically readable without visible errors. Fine textures show subtle smoothing and minor edge definition inconsistencies.
"alien, using phone, city, anime style",deepai_9_11_0_0.jpg,168,2.8913031957845443,A first-person view of a hand holding a phone in a neon city. The main subject hand exhibits severe anatomical distortion and fused fingers. Surfaces exhibit flat textures and repetitive background architectural details.
"alien, using phone, city, anime style",dreamStudio_8_6_0_0.jpg,168,1.519423971180305,"A centered, soft-focus digital painting of a stylized abstract humanoid figure. The subject's structure is simplified with indistinct limbs lacking clear definition or separation. Heavy blurring and softened edges dominate the global perceptual quality."
"alien, using phone, city, realistic style",deepai_9_11_0_1.jpg,168,2.5896175079846957,"A painted figure in a red suit stands before towering skyscrapers. The subject's head is slightly elongated, but the body structure remains stable. Soft brushstrokes create a painterly texture with indistinct architectural details."
"alien, using phone, city, realistic style",dreamStudio_8_6_0_1.jpg,168,0.9631859623740802,"A dark, silhouetted figure stands against a grainy, minimalist background. The subject's anatomy is simplified and distorted, particularly at the head and limbs. Heavy noise and softened edges degrade overall perceptual clarity."
"alien, using phone, wild, anime style",deepai_9_11_1_0.jpg,168,2.597227050415684,A stylized illustration depicts a girl with a large rabbit-like creature on her head. The subject displays facial asymmetry and severely malformed hands with fused digits. Background textures exhibit repetitive swirling patterns and unnatural eye-like motifs.
"alien, using phone, wild, anime style",dreamStudio_8_6_1_0.jpg,168,1.6804163029926713,A stylized character holds a smartphone in a heavily blurred close-up. The subject's minimalist anatomy and pose remain coherent despite low resolution. Heavy global oversmoothing flattens textures and obscures all fine boundaries.
"alien, using phone, wild, realistic style",deepai_9_11_1_1.jpg,168,3.2208186376361763,A digital painting features a green-headed alien creature in a close-up portrait. The subject has plausible anatomy with a distinct eye and detailed neck. Details show subtle oversmoothing and softened texture.
"alien, using phone, wild, realistic style",dreamStudio_8_6_1_1.jpg,168,0.5480513389463769,"A blurry greenish-grey abstract silhouette of a human-like figure occupies the center. The subject's structure is indistinct, lacking any clear anatomical or geometric definition. Global blur flattens textures and obscures all local details."
"alien, wearing coat, city, anime style",deepai_9_12_0_0.jpg,169,2.940955655160127,An anime-style illustration shows a man in a long coat against a cityscape. The subject's hands are severely malformed with fused fingers and distorted anatomy. Flat textures and softened details reduce overall visual sharpness.
"alien, wearing coat, city, anime style",dreamStudio_8_7_0_0.jpg,169,1.7830605820601215,"A rear-view of a figure with yellow hair in a black coat against a plain wall. The figure shows simplified anatomy with thin legs and a stiff coat shape. Global softness, flat textures, and background grain persist."
"alien, wearing coat, city, realistic style",deepai_9_12_0_1.jpg,169,3.299845986892422,"A digital portrait features a green alien against a neutral background. The subject's anatomy is stable, showing complex textural details on the chest. A distinct white outline surrounds the subject, and surfaces look artificially waxy."
"alien, wearing coat, city, realistic style",dreamStudio_8_7_0_1.jpg,169,2.253514715,A hooded figure stands in profile on a foggy urban street. The subject's body shape is coherent despite lacking facial detail. Global oversmoothing flattens textures and softens all edges.
"alien, wearing coat, wild, anime style",deepai_9_12_1_0.jpg,169,2.8171400114540277,A digital illustration portrays a stylized alien against a cosmic gradient background. The subject's face exhibits fused ocular structures and unclear anatomical boundaries. Shaded regions display noticeable pseudo-detailing and softened edge definition.
"alien, wearing coat, wild, anime style",dreamStudio_8_7_1_0.jpg,169,0.2299619766836053,A heavily blurred dark silhouette of a figure on a plain background. The subject structure is fragmented and lacks recognizable semantic coherence. Severe global blur obscures all fine details.
"alien, wearing coat, wild, realistic style",deepai_9_12_1_1.jpg,169,1.9382961032042705,A centered grayscale sketch shows a front-facing portrait of a person with short hair. The face features distorted solid black eyes and unnaturally deep cheek folds. Stray lines and inconsistent shading degrade textural coherence.
"alien, wearing coat, wild, realistic style",dreamStudio_8_7_1_1.jpg,169,2.208382453393875,A close-up profile of a stylized alien creature on a plain background. The creature's head structure is coherent with a defined glowing eye. Global softness and background grain reduce edge sharpness.
"alien, wearing hat, city, anime style",deepai_9_13_0_0.jpg,170,2.392298883473615,A close-up anime girl wears a cartoon-eyed bucket hat on a vibrant street. The central figure maintains structural stability and clear semantic readability throughout. Background surfaces display heavy smoothing and flattened texture details.
"alien, wearing hat, city, anime style",dreamStudio_8_8_0_0.jpg,170,1.91430671,Anime-style close-up of a young man in a bucket hat. Facial features are distorted with unnatural eyes and a poorly defined nose. Skin texture is waxy and the background is grainy.
"alien, wearing hat, city, realistic style",deepai_9_13_0_1.jpg,170,3.304106099251976,A green alien humanoid stands before a vast futuristic cityscape in concept art. The subject's head and torso junction exhibits significant structural fusion and ambiguity. Repetitive patterns and waxy surfaces result in flat texturing.
"alien, wearing hat, city, realistic style",dreamStudio_8_8_0_1.jpg,170,1.0239161585165355,"A digital illustration shows a featureless head wearing a blue cap. The cap is recognizable but its metallic brim has fused, malformed edges. Surfaces are waxy and oversmoothed with a grainy texture."
"alien, wearing hat, wild, anime style",deepai_9_13_1_0.jpg,170,2.2624216406247504,"An illustration shows a green alien in a purple hat against a blue background. The subject's face is stable, but the left eye has distorted internal shapes. Textures appear flat with softened edges and minor aliasing."
"alien, wearing hat, wild, anime style",dreamStudio_8_8_1_0.jpg,170,2.320733272,A close-up digital painting depicts a stylized one-eyed character against an orange background. The central eye is structurally coherent while the hands remain anatomically vague. Significant global oversmoothing eliminates texture and softens all image contours.
"alien, wearing hat, wild, realistic style",deepai_9_13_1_1.jpg,170,2.6629692283111672,A digital painting shows a front-facing alien-like humanoid in a red cap. The subject's facial features and elongated neck are structurally coherent despite minor headwear irregularities. Skin textures display a subtle waxy smoothness.
"alien, wearing hat, wild, realistic style",dreamStudio_8_8_1_1.jpg,170,1.7484202019631438,"A centered digital portrait of a green-eyed alien against a neutral background. The subject features a coherent facial structure with clear, symmetrical details. Pervasive grainy texture creates a noisy surface across the frame."
"alien, wearing shirt, city, anime style",deepai_9_14_0_0.jpg,171,2.7612373925012736,A digital illustration shows an anime-style boy wearing headphones against a cityscape. The subject maintains stable anatomy despite minor hand malformation and facial asymmetry. Background textures display repetitive patterns and lack fine detail definition.
"alien, wearing shirt, city, anime style",dreamStudio_8_9_0_0.jpg,171,1.4402272437316934,A stylized anime character stands against a solid yellow background. The faceless subject exhibits malformed anatomy and lacks defined limbs. Heavy oversmoothing creates flat textures and poorly defined edges throughout.
"alien, wearing shirt, city, realistic style",deepai_9_14_0_1.jpg,171,3.6465895473361822,A digital painting depicts a purple alien before a futuristic city skyline. The subject's anatomy remains coherent despite an elongated neck and messy teeth. Skin appears waxy and background windows show repetitive patterns.
"alien, wearing shirt, city, realistic style",dreamStudio_8_9_0_1.jpg,171,0.016814678,A heavily blurred human silhouette stands against a plain light background. The subject lacks any discernible anatomical structure or internal semantic detail. Extreme global oversmoothing removes all texture and edge definition.
"alien, wearing shirt, wild, anime style",deepai_9_14_1_0.jpg,171,2.308940643970244,"A centered high-contrast ink drawing depicts a frontal alien on a textured background. The subject's anatomy is compromised by malformed hands, ambiguous limbs, and fused torso regions. Inconsistent line weights and softened edges reduce clarity."
"alien, wearing shirt, wild, anime style",dreamStudio_8_9_1_0.jpg,171,0.6081769257617308,A heavily blurred full-body portrait of a person stands against a plain background. The subject lacks any discernible facial or bodily structural definition. Severe global blur removes all texture and edge definition.
"alien, wearing shirt, wild, realistic style",deepai_9_14_1_1.jpg,171,3.847000230411578,"A 3D render shows a detailed grey alien head in a close-up portrait. The alien anatomy is stable, but facial skin and teeth show repetitive, mushy details. Waxy textures and pseudo-detail appear with inconsistent lighting."
"alien, wearing shirt, wild, realistic style",dreamStudio_8_9_1_1.jpg,171,0.4414155439958131,A dark abstract organic shape is centered on a warm orange background. The subject's smooth flowing form is structurally coherent yet semantically vague. Background grain noise contrasts with the subject's waxy surface texture.
"alien, driving car, city, anime style",deepai_9_2_0_0.jpg,172,2.9034898166927765,Two cartoon characters drive a vehicle through a stylized urban landscape. The primary subject features malformed hands and an implausible cranial shape. Distant architecture shows repetitive textures and softened local detail.
"alien, driving car, city, realistic style",deepai_9_2_0_1.jpg,172,3.066436132573106,A stylized vintage sedan is centered in a dark urban street scene. The vehicle maintains a coherent structure with only minor license plate distortion. Heavy grain and softened edges dominate the global perceptual quality.
"alien, driving car, wild, anime style",deepai_9_2_1_0.jpg,172,3.127910475726202,A stylized digital illustration features a blue-skinned alien character within a circular helmet. The face is structurally clear despite mismatched accessories and messy eye highlights. Strong edges persist despite some flatness in the color rendering.
"alien, driving car, wild, realistic style",deepai_9_2_1_1.jpg,172,3.468469235715027,A centered digital illustration features a glowing alien head on a textured background. The creature's symmetrical facial structure remains coherent and highly readable. Details show subtle oversmoothing and waxy qualities.
"alien, having hamburger, city, anime style",deepai_9_3_0_0.jpg,173,3.0314707383997286,"A monochrome manga illustration shows an alien and humans at an urban table. The alien subject is coherent, while human hands and faces show subtle distortion. Background textures show repetitive hatching and softened boundaries."
"alien, having hamburger, city, realistic style",deepai_9_3_0_1.jpg,173,3.039853228695206,A giant multi-limbed monster hovers over a city in a comic book style. The creature's anatomy is coherent despite chaotic limb and tooth details. Background textures are repetitive and text contains illegible pseudo-characters.
"alien, having hamburger, wild, anime style",deepai_9_3_1_0.jpg,173,2.568051289124297,A stylized red cartoon character wears a green hat near a floating burger. The subject features a distorted face and a structurally messy floating meal. Skin shading appears waxy with faint background pseudo-details.
"alien, having hamburger, wild, realistic style",deepai_9_3_1_1.jpg,173,2.414117275034084,"A centered cartoon hamburger floats against a dark starry background. The burger's internal layering is messy with strange protrusions from the patty. A faint watermark overlays the flat, vector-style textures."
"alien, having icecream, city, anime style",deepai_9_4_0_0.jpg,174,2.153327683465864,Two anime characters hold ice cream cones in a colorful urban scene. Facial anatomy is severely distorted with malformed mouths and unnatural eye shapes. Background surfaces show flat colors and simplified repetitive geometric patterns.
"alien, having icecream, city, realistic style",deepai_9_4_0_1.jpg,174,2.465409829740869,A pink cartoon character holds a brown object against a blue radial background. The figure displays facial asymmetry and contains pseudo-text inside its open mouth. Black outlines show jaggedness and surfaces lack granular texture detail.
"alien, having icecream, wild, anime style",deepai_9_4_1_0.jpg,174,2.933515583890572,"Two anime-style girls hold frozen desserts in a close-up against teal. Hands are severely malformed with fused fingers, and the cup shows nonsense patterns. Outlines are aliased and surfaces lack natural micro-texture."
"alien, having icecream, wild, realistic style",deepai_9_4_1_1.jpg,174,2.409125055091046,A cartoon purple alien holds a lollipop and ice cream cone on a cyan background. The subject has fused fingers and an ambiguous white structure around the mouth. Outlines show internal noise and messy waffle geometry.
"alien, having pizza, city, anime style",deepai_9_5_0_0.jpg,175,3.0937565101013225,A vibrant comic-style illustration shows a storefront with stylized characters and text. The subject features illegible text and figures with malformed anatomy and fused faces. Heavy grainy texture and softened edges degrade clarity.
"alien, having pizza, city, anime style",dreamStudio_8_0_0_0.jpg,175,1.9582942148167903,A stylized silhouette figure holds a plate while a long arm presents a pizza. The subject is readable despite the unnaturally elongated presenting limb. Stray marks and faint noise affect the flat background.
"alien, having pizza, city, realistic style",deepai_9_5_0_1.jpg,175,2.3372205503339747,A cartoon-style drawing features hands holding a pizza over a city backdrop. The hands exhibit severe anatomical distortion with malformed and fused fingers. Background details show repetitive pseudo-textures and messy line definitions.
"alien, having pizza, city, realistic style",dreamStudio_8_0_0_1.jpg,175,2.1671465806485664,A centered top-down view shows a pizza with a central spiral target. The subject contains a semantically confusing central target and gapped slice separations. Textures appear waxy while edges show inconsistent softening.
"alien, having pizza, wild, anime style",deepai_9_5_1_0.jpg,175,2.8240804177808925,A blonde anime character holds pizza slices near a large pepperoni pizza. The subject exhibits malformed fingers and facial asymmetry reducing structural plausibility. Inconsistent outlines and waxy textures affect global clarity.
"alien, having pizza, wild, anime style",dreamStudio_8_0_1_0.jpg,175,2.0666855191047078,A monochrome sketch depicts a surreal alien head against a smoky background. The subject's facial features are fused and lack clear semantic definition. Background textures show repetitive patterns and soft edge bleeding.
"alien, having pizza, wild, realistic style",deepai_9_5_1_1.jpg,175,2.8668830231756943,A digital illustration features a grotesque alien creature in a circular frame. The subject's facial anatomy and skin texture are structurally coherent and readable. Subtle waxy smoothing affects dark textures and background patterns.
"alien, having pizza, wild, realistic style",dreamStudio_8_0_1_1.jpg,175,2.290224560637543,A digital painting shows a stylized alien holding a bowl of food. The subject's neck has fused skeletal structures and its hands are malformed clusters. Pervasive oversmoothing degrades texture and edge definition.
"alien, playing yoga, city, anime style",deepai_9_8_0_0.jpg,178,2.6311850032435435,A stylized anime character meditates before a futuristic city skyline. The figure maintains a stable pose despite simplified hand anatomy. Flat textures and softened edges characterize the overall rendering.
"alien, playing yoga, city, anime style",dreamStudio_8_3_0_0.jpg,178,0.047527093,A centered human silhouette stands with outstretched arms on a plain background. The subject's form is coherent but lacks any visible internal detail. Extreme global blur flattens textures and removes all sharp edges.
"alien, playing yoga, city, realistic style",deepai_9_8_0_1.jpg,178,2.621363902522144,A dark alien humanoid floats in a room with colorful walls. The subject exhibits severe anatomical distortion with extra limbs and malformed joints. Skin texture shows waxy smoothing and pseudo-detail in complex regions.
"alien, playing yoga, city, realistic style",dreamStudio_8_3_0_1.jpg,178,0.6161256263032774,A heavily blurred frontal portrait of a person against a solid background. The subject lacks any discernible anatomy or clear structural definition. Extreme global oversmoothing eliminates all texture and edge clarity.
"alien, playing yoga, wild, anime style",deepai_9_8_1_0.jpg,178,2.644918559535732,A multi-armed cartoon figure sits in a vibrant comic panel with bubbles. The character's anatomy is distorted and the text is completely illegible. Outlines show jagged aliasing and flat color fills.
"alien, playing yoga, wild, anime style",dreamStudio_8_3_1_0.jpg,178,1.7149436552909818,"A dark silhouette dominates a composition featuring a glowing, distorted humanoid below. The lower subject shows fused anatomy and melted features that reduce legibility. Oversmoothing and waxy textures eliminate local detail definition."
"alien, playing yoga, wild, realistic style",deepai_9_8_1_1.jpg,178,2.2049528812389765,A stylized reptilian figure performs a yoga pose on a purple background. The subject's stylized anatomy remains structurally stable and semantically legible. Smooth surfaces exhibit minor waxiness while edges remain sharp.
"alien, playing yoga, wild, realistic style",dreamStudio_8_3_1_1.jpg,178,1.4573714632379542,A blurred figure sits in a meditative pose against a glowing background. The subject's form is recognizable but lacks clear anatomical definition and detail. Extreme blur and oversmoothing eliminate all texture and edge clarity.
"alien, using CD, city, anime style",deepai_9_9_0_0.jpg,179,3.227773050205056,A stylized alien figure stands in a colorful futuristic cityscape. The subject has elongated limbs with inconsistent textures and distorted joints. Background surfaces exhibit repetitive patterns and simplified detail.
"alien, using CD, city, anime style",dreamStudio_8_4_0_0.jpg,179,1.6519876951817627,A soft-focus digital portrait shows a centered alien head against a cloudy sky. The alien's anatomy is simple yet semantically readable despite extreme blurring. Heavy global oversmoothing flattens textures and blurs all edge definitions.
"alien, using CD, city, realistic style",deepai_9_9_0_1.jpg,179,2.852939438900782,A digital illustration of a green alien head on a book cover. The alien's facial features exhibit subtle malformation near the mouth and eyes. Repetitive mesh textures and waxy surfaces affect local realism.
"alien, using CD, city, realistic style",dreamStudio_8_4_0_1.jpg,179,1.993308467762244,"A centered, stylized digital eye sits against a muted textured background. The subject's layered anatomy is coherent despite its abstract and surreal design. Surfaces appear waxy and oversmoothed with visible background grain noise."
"alien, using CD, wild, anime style",deepai_9_9_1_0.jpg,179,1.9236336091179616,A stark black-and-white ink illustration shows a stylized robotic character portrait. The subject's facial features and segmented neck maintain structural coherence and clarity. Background textures show minor repetition while linework remains sharp and distinct.
"alien, using CD, wild, anime style",dreamStudio_8_4_1_0.jpg,179,1.014558691338885,"A blurry, stylized alien head with large green eyes is centered on a plain background. The subject's structure is simplified by extreme oversmoothing that removes all facial features. Heavy global blur and waxy textures dominate the visual quality."
"alien, using CD, wild, realistic style",deepai_9_9_1_1.jpg,179,3.350005276,A 3D box displays a detailed illustration of an alien in a helmet. The subject's structure is intricate and coherent despite minor geometric inconsistencies. Textures exhibit subtle repetition and a slightly waxy finish.
"alien, using CD, wild, realistic style",dreamStudio_8_4_1_1.jpg,179,1.7201972027540398,"A centered digital portrait of a green alien head on a plain background. The subject is structurally coherent but exhibits soft, indistinct boundary transitions. Oversmoothing leads to a waxy texture and loss of fine detail."
