prompt,image_name,index,quality_score,generated_answer
"bird, driving bike, city, anime style",deepai_0_1_0_0.jpg,1,2.6468698299611035,"An anime illustration shows a purple-haired person riding a bicycle in a city. The subject features malformed hands, fused digits, and a distorted bicycle frame. Background textures exhibit repetitive patterns and subtle melting effects."
"bird, driving bike, city, realistic style",deepai_0_1_0_1.jpg,1,2.685595472540848,A black bird silhouette rests on a bicycle against a scratched gray background. The bicycle frame is warped with fused handlebars and a broken drivetrain. Repetitive textures and inconsistent white outlines affect the visual field.
"bird, driving bike, wild, anime style",deepai_0_1_1_0.jpg,1,2.751209997568689,"An anime-style drawing shows a winged character riding a bicycle against a dark background. The figure suffers from distorted hands, facial asymmetry, and a malformed bicycle structure. Sketchy linework shows inconsistent weights and lacks precise edge clarity."
"bird, driving bike, wild, realistic style",deepai_0_1_1_1.jpg,1,2.915541194578608,A stylized illustration depicts a dark bird perched on a vintage bicycle. The bird's body fuses with the frame and its feet lack anatomical plausibility. Flat textures and repetitive spokes degrade the visual fidelity.
"bird, using laptop, city, anime style",deepai_0_10_0_0.jpg,2,2.315683428435662,"An anime-style illustration shows a red-haired man at a desk before a city. The subject has significant anatomical distortion, particularly in the malformed hands and legs. Outlines are inconsistent and textures appear flat and repetitive."
"bird, using laptop, city, anime style",dreamStudio_0_5_0_0.jpg,2,1.1021340460391404,A blurry digital image shows a desk with a monitor and an indistinct shape. The central subject is structurally ambiguous and lacks discernible geometric details. Extreme global blurring flattens textures and obscures sharp boundaries.
"bird, using laptop, city, realistic style",deepai_0_10_0_1.jpg,2,2.814587340886721,"A red-headed bird stands by a laptop in a digital painting style. The bird's feet are malformed and the laptop keyboard shows fused, illegible patterns. Textures appear waxy with softened edges and inconsistent details."
"bird, using laptop, city, realistic style",dreamStudio_0_5_0_1.jpg,2,1.426088795637163,A rear view of a seated man against a plain beige wall. The subject's silhouette is recognizable despite lacking detailed anatomical structure. Extreme oversmoothing results in flat textures and completely softened edges.
"bird, using laptop, wild, anime style",deepai_0_10_1_0.jpg,2,2.7142423173161987,A stylized red bird stands on a laptop against a vibrant background. The bird's head features confusing markings and its tail appears structurally disjointed. Textures appear waxy and the background shows noticeable digital grain.
"bird, using laptop, wild, anime style",dreamStudio_0_5_1_0.jpg,2,1.163358572808168,A stylized colorful bird stands centered against a plain blurred background. The bird's structure is coherent despite its simplified limbs and banded plumage. Significant blurring and pseudo-texture artifacts reduce overall clarity.
"bird, using laptop, wild, realistic style",deepai_0_10_1_1.jpg,2,2.878534379783441,"A stylized green bird perches on a red device before a split background. The bird is mostly plausible, but its feet and leg junctions appear distorted. Surfaces exhibit a smooth, painterly texture lacking fine granular detail."
"bird, using laptop, wild, realistic style",dreamStudio_0_5_1_1.jpg,2,1.679159866381535,A small red bird stands on a heavily blurred textured background. The subject is recognizable but has fused wing feathers and simplified anatomy. The image suffers from significant global blur and a pervasive grainy texture.
"bird, using phone, city, anime style",deepai_0_11_0_0.jpg,3,2.964871092867692,"An anime illustration shows a girl with a phone and a bird near a city. The subject's hands are malformed, and the bird's anatomy is structurally unstable. Background textures exhibit repetitive patterns and soft edges."
"bird, using phone, city, anime style",dreamStudio_0_6_0_0.jpg,3,0.895384556,A heavily blurred silhouette of a person is set against a bright interior. The subject is a recognizable but featureless human form. Intense global blur eliminates almost all discernible texture.
"bird, using phone, city, realistic style",deepai_0_11_0_1.jpg,3,4.410898610516716,A close-up portrait of a stylized bird against a blurred city backdrop. The subject features a malformed beak and unnaturally smooth head geometry. Plumage textures appear waxy and lack sharp micro-detail.
"bird, using phone, city, realistic style",dreamStudio_0_6_0_1.jpg,3,0.4951009162964396,"A blurred profile silhouette of a person holding a smartphone against a gradient background. The subject is recognizable but lacks all internal structural detail and sharp boundaries. Severe blur removes all texture, edge definition, and fine detail."
"bird, using phone, wild, anime style",deepai_0_11_1_0.jpg,3,3.3241957711148444,"A vibrantly colored bird sits on a branch in a sketchy style. The bird is recognizable but features simplified and slightly warped plumage. Heavy linework and flat colors create a graphic, low-fidelity appearance."
"bird, using phone, wild, anime style",dreamStudio_0_6_1_0.jpg,3,1.3728229457719208,A colorful bird in profile is set against a plain background. The subject's anatomy is structurally stable but suffers from extreme blurring. Severe oversmoothing flattens textures and obscures all fine details.
"bird, using phone, wild, realistic style",deepai_0_11_1_1.jpg,3,2.3602495612350465,A photorealistic bird-headed figure holds a smartphone against a neutral grey background. The subject is recognizable despite noticeable anatomical distortions in the human hand. Fine details exhibit mild oversmoothing and inconsistent surface texture rendering.
"bird, using phone, wild, realistic style",dreamStudio_0_6_1_1.jpg,3,2.111719241884582,"A digital painting depicts a colorful bird standing in side profile. The subject is clear but has thin, malformed legs and indistinct feet. Textures appear oversmoothed with weak feather detail definition."
"bird, wearing coat, city, anime style",deepai_0_12_0_0.jpg,4,2.4569882665449083,A stylized cloaked figure stands centered against a dense grayscale cityscape. The subject is a simplified silhouette with malformed stick-like limbs and a detached outline. Background architecture features repetitive textures and inconsistent geometric linework.
"bird, wearing coat, city, anime style",dreamStudio_0_7_0_0.jpg,4,1.5750448697514068,"A small bird perches on a rail against a soft, neutral background. The subject's form is recognizable but obscured by extreme blurring. Heavy blur and graininess hide all fine textural details."
"bird, wearing coat, city, realistic style",deepai_0_12_0_1.jpg,4,3.2262158782300103,"A stylized digital painting of a bird on a ledge before a skyline. The bird's anatomy is mostly coherent, though the limbs and crest look unnatural. Flat textures show softened feather details and repetitive background patterns."
"bird, wearing coat, city, realistic style",dreamStudio_0_7_0_1.jpg,4,1.2790566945412811,"A close-up of a blurry, white, seal-like animal against a soft background. The subject's facial features are severely malformed and fused into an unreadable mass. Heavy global blur eliminates texture and sharpness throughout the image."
"bird, wearing coat, wild, anime style",deepai_0_12_1_0.jpg,4,3.602957099994629,"A colorful illustrated bird perches on a branch against a purple background. The subject shows coherent anatomy, but feet and tail regions appear structurally tangled. Waxy textures and harsh outlines characterize the overall perceptual quality."
"bird, wearing coat, wild, anime style",dreamStudio_0_7_1_0.jpg,4,2.0795965215087566,A digital painting shows a stylized bird on a branch against a neutral background. The subject displays unnatural plumage transitions and poorly integrated limbs. Global textures appear waxy and oversmoothed with softened edges.
"bird, wearing coat, wild, realistic style",deepai_0_12_1_1.jpg,4,3.367134900737525,A stylized illustration depicts two birds on a branch against a green background. Both subjects maintain stable anatomy and clear semantic readability despite artistic stylization. Smooth rendering provides consistent textures without visible artifacts.
"bird, wearing coat, wild, realistic style",dreamStudio_0_7_1_1.jpg,4,2.062763773204901,A digital illustration of a plump bird on a plain green background. The subject has malformed feet with extra toes and a rounded body. Surfaces show waxy oversmoothing with flattened textures and softened edges.
"bird, wearing hat, city, anime style",deepai_0_13_0_0.jpg,5,2.256531019371248,"A digital illustration shows a figure from behind wearing a wide-brimmed hat. The subject is recognizable, but the ear positioning and hair texture seem malformed. Background noise and soft edge definitions degrade the global visual fidelity."
"bird, wearing hat, city, anime style",dreamStudio_0_8_0_0.jpg,5,1.390039352795844,"Two hats overlap on a plain tan background in a digital style. The beige hat is malformed and fused with the black hat, causing confusion. Surfaces appear flat and waxy with minimal texture detail."
"bird, wearing hat, city, realistic style",deepai_0_13_0_1.jpg,5,3.0596697236777057,A stylized bird wearing a hat stands before a dense monochrome cityscape pattern. The bird is recognizable despite fused and illegible shapes around its beak. Background details consist of highly repetitive and inconsistent micro-patterns.
"bird, wearing hat, city, realistic style",dreamStudio_0_8_0_1.jpg,5,1.5383526293023806,A stylized illustration shows a woman's profile in a black hat. The subject's facial structure and hat geometry are stable and clearly recognizable. Heavy oversmoothing causes waxy textures and lost edge detail.
"bird, wearing hat, wild, anime style",deepai_0_13_1_0.jpg,5,2.055584546985154,A stylized cartoon bird is centered against a solid purple background. The bird features distorted anatomy including a misplaced eye and malformed crest. Grainy textures and aliased outlines appear across the image.
"bird, wearing hat, wild, anime style",dreamStudio_0_8_1_0.jpg,5,1.7933629216774372,A stylized digital illustration shows a profile bird wearing a black fedora. The subject displays malformed fused feet and a confusing red beak structure. Soft edges and prominent background texture reduce the image's sharpness.
"bird, wearing hat, wild, realistic style",deepai_0_13_1_1.jpg,5,2.069925036745892,"A sketch shows a bird in a party hat on a gray background. The subject is clear, but the legs are skeletal and the hat brim is malformed. Wing textures show repetitive patterning and edges lack definition."
"bird, wearing hat, wild, realistic style",dreamStudio_0_8_1_1.jpg,5,3.0561382131843926,"A digital sketch shows a person in a dark cap against a plain background. The subject's face is stable, though hair and gear transitions are semantically blurred. Textures appear overly smoothed with softened edges and flat surfaces."
"bird, wearing shirt, city, anime style",deepai_0_14_0_0.jpg,6,3.017850117,"A yellow cartoon bird stands before a densely packed illustrated cityscape. The central avian subject maintains a simple, coherent, and structurally stable form. Background textures exhibit repetitive patterns and inconsistent architectural edge definitions."
"bird, wearing shirt, city, anime style",dreamStudio_0_9_0_0.jpg,6,1.7444522497155013,A minimalist profile illustration of a bird's head on a solid background. The subject displays a coherent silhouette with a geometrically segmented beak. Uniform fine grain texture overlays the flat color surfaces.
"bird, wearing shirt, city, realistic style",deepai_0_14_0_1.jpg,6,3.7092467706470655,A monochrome pencil sketch portrays a small bird on a plain background. The subject is structurally coherent despite malformed feet and messy feather textures. Fine line work displays repetitive patterns and softened edge definition.
"bird, wearing shirt, city, realistic style",dreamStudio_0_9_0_1.jpg,6,1.7435714850840756,A stylized red bird is centered on a heavily blurred white shirt. The subject is readable but exhibits a structurally ambiguous dual-tail design. Heavy background smoothing eliminates texture and creates a flat visual field.
"bird, wearing shirt, wild, anime style",deepai_0_14_1_0.jpg,6,2.730899468491693,"A digital illustration shows a stylized bird perched on a branch in foliage. The bird is clear, but the beak root and talons show slight fusion. Background foliage shows repetitive patterns and softened detail definition."
"bird, wearing shirt, wild, anime style",dreamStudio_0_9_1_0.jpg,6,2.2177494457904268,A centered digital painting of a stylized dark creature with large red eyes. The subject displays severe anatomical distortion with fused eyes and malformed limbs. Rendering exhibits extreme oversmoothing and flat waxy textures.
"bird, wearing shirt, wild, realistic style",deepai_0_14_1_1.jpg,6,3.473402250548638,A vibrant digital bird stands against a solid brown background. The subject shows distorted anatomy with mismatched reptilian legs and a warped face. Plumage textures appear overly smooth and lack fine natural detail.
"bird, wearing shirt, wild, realistic style",dreamStudio_0_9_1_1.jpg,6,1.9019250137878103,A digital painting shows a close-up of a pale yellow bird's head. The subject maintains a coherent structure with a clear eye and beak. Global oversmoothing and soft edges blur fine feather details.
"bird, driving car, city, anime style",deepai_0_2_0_0.jpg,7,4.075553053252517,A red cartoon car sits before a stylized purple cityscape. The vehicle exhibits malformed body panels and an asymmetric front bumper. Unreadable text symbols float in the upper left sky area.
"bird, driving car, city, realistic style",deepai_0_2_0_1.jpg,7,1.9520389498254769,A stylized red and white toy car sits on a blue surface before bars. The simplified car structure is coherent despite malformed side mirrors and simplistic wheels. Global textures exhibit waxiness and lack sharp definition.
"bird, driving car, wild, anime style",deepai_0_2_1_0.jpg,7,2.6803007270463564,A red-haired anime boy sits in a car under a bright sky. His hand on the door shows fused fingers and unnatural arm elongation. Surfaces exhibit mild waxiness and background details are softly blurred.
"bird, driving car, wild, realistic style",deepai_0_2_1_1.jpg,7,2.5190716388298653,"A stylized digital painting of a bird perched on a metal staple. The subject is recognizable, yet its sharp feet appear anatomically distorted. Fine details exhibit slight oversmoothing and repetitive background texture patterns."
"bird, having hamburger, city, anime style",deepai_0_3_0_0.jpg,8,2.856459173900621,A cartoon character with a burger for a head stands against a cloudy sky. The burger head features malformed layers and nonsensical surface scribbles. Thick outlines and flat textures show no dominant local artifact.
"bird, having hamburger, city, realistic style",deepai_0_3_0_1.jpg,8,3.3751293125081734,A stylized digital illustration depicts a large hamburger and a black bird. The burger's layered structure appears fused with indistinct component boundaries. Waxy surfaces show pseudo-details and inconsistent edge definition.
"bird, having hamburger, wild, anime style",deepai_0_3_1_0.jpg,8,3.356771852987784,A vibrant cartoon illustration shows a personified hamburger on a white plate. The subject is structurally coherent and clearly readable as a stylized character. Textures display slight waxiness and repetitive patterns in the background.
"bird, having hamburger, wild, realistic style",deepai_0_3_1_1.jpg,8,2.9154277029880813,"A cartoon illustration shows a gray bird on a hamburger against a green background. The bird is clear, though its legs are thin and fused to the bun. Shading appears waxy with inconsistent pseudo-details."
"bird, having icecream, city, anime style",deepai_0_4_0_0.jpg,9,2.959615092414733,A stylized illustration shows a girl eating dessert on a city street. The subject has malformed hands and unnatural limb proportions. Background textures are flat with unreadable symbolic details.
"bird, having icecream, city, realistic style",deepai_0_4_0_1.jpg,9,2.4629856966610832,A cartoon illustration shows a person in profile feeding a bird. The subject's face and hand are distorted at the mouth and bird contact point. Inconsistent outlines and splatter textures appear on the edges.
"bird, having icecream, wild, anime style",deepai_0_4_1_0.jpg,9,2.3303215732235967,"A blonde anime girl holds an ice cream cup against green leaves. The subject exhibits facial asymmetry and simplified, fused finger anatomy. Skin textures appear overly smooth with a characteristic waxy finish."
"bird, having icecream, wild, realistic style",deepai_0_4_1_1.jpg,9,2.933034641526733,A four-panel grid shows stylized colorful birds on perches in pop-art style. Bird subjects maintain consistent simplified anatomy and clear semantic readability. Intentional grainy textures and bold outlines characterize the flat color fills.
"bird, having pizza, city, anime style",deepai_0_5_0_0.jpg,10,2.53781285,"A cartoon bird holds a pizza in front of warped city buildings. The foreground subject is coherent, while background structures exhibit melting and fusion. Crisp outlines and flat colors dominate the visual field."
"bird, having pizza, city, anime style",dreamStudio_0_0_0_0.jpg,10,2.1342476098301777,"A photorealistic top-down view shows a sliced pepperoni pizza inside a white box. The pizza structure is coherent, though some pepperoni slices appear malformed or fused. Surface textures display a waxy smoothness with softened edge definitions."
"bird, having pizza, city, realistic style",deepai_0_5_0_1.jpg,10,1.987828400909992,A cropped cartoon character holds pizza slices against a simple city skyline. The stylized subject maintains plausible structure and clear semantic readability despite framing. Sharp outlines and flat colors show no dominant local artifact.
"bird, having pizza, city, realistic style",dreamStudio_0_0_0_1.jpg,10,3.116442702987173,"A small bird sits atop a pepperoni pizza within a soft-focus frame. The bird's body merges unnaturally with the pizza, lacking plausible physical separation. Global textures appear waxy and oversmoothed with softened edge definition."
"bird, having pizza, wild, anime style",deepai_0_5_1_0.jpg,10,2.826682958729372,A cartoon pink bird holds a pizza in a minimalist outdoor scene. The character's anatomy is simplified but remains structurally coherent and readable. Bold outlines frame flat colors with subtle background texture repetition.
"bird, having pizza, wild, anime style",dreamStudio_0_0_1_0.jpg,10,1.929463428846132,A soft-focus image depicts a black silhouette atop a pizza slice. The central silhouette is structurally malformed and semantically unreadable. Extreme blur and oversmoothing flatten all visible texture and detail.
"bird, having pizza, wild, realistic style",deepai_0_5_1_1.jpg,10,2.1142921380537385,"A cartoon crop features pizza slices and a red curved object on a plain background. The red shape is ambiguous, and toppings display inconsistent colors across slices. Outlines show slight aliasing and internal areas lack texture."
"bird, having pizza, wild, realistic style",dreamStudio_0_0_1_1.jpg,10,2.3128865714848006,"A close-up shows two slices of pizza on a plain surface. The main slice exhibits severe distortion as fused toppings form a malformed face. Heavy grain, oversaturation, and blur degrade texture clarity."
"bird, playing football, city, anime style",deepai_0_7_0_0.jpg,12,2.738010958749252,A stylized anime illustration shows children running on a vibrant sports field. The central figure exhibits simplified anatomy and distorted limb proportions. Ground surfaces display flat textures and inconsistent local smudging artifacts.
"bird, playing football, city, anime style",dreamStudio_0_2_0_0.jpg,12,1.3983363961593775,A dark blurry bird silhouette appears on a plain light background. The subject's structure is malformed with fused limbs and lacks detail. Global oversmoothing removes all textures and softens every boundary.
"bird, playing football, city, realistic style",deepai_0_7_0_1.jpg,12,3.0942994650339286,"A stylized blue bird holds an American football against a red background. The subject is structurally stable, though the grip and logo show minor distortions. Surfaces appear waxy with some repetitive background pseudo-detail."
"bird, playing football, city, realistic style",dreamStudio_0_2_0_1.jpg,12,1.9684211563162408,A digital painting shows a running athlete in a striped jersey on a blurred field. The athlete's face and hand appear malformed and structurally unstable. Oversmoothing causes flat textures and poorly defined edges everywhere.
"bird, playing football, wild, anime style",deepai_0_7_1_0.jpg,12,2.957250257837281,"An anime illustration shows a boy running with a soccer ball against an abstract background. The subject is coherent, though the hands appear slightly malformed and the pose is rigid. Textures show mild oversmoothing and noticeable grainy noise."
"bird, playing football, wild, anime style",dreamStudio_0_2_1_0.jpg,12,1.6691116890861728,A stylized black and orange character stands against a plain background. The subject's extremities are blurred and lack clear anatomical definition. Global oversmoothing flattens textures and softens all edges.
"bird, playing football, wild, realistic style",deepai_0_7_1_1.jpg,12,3.0434524751507066,A digital illustration shows a colorful bird perched on a purple ball. The bird's anatomy remains coherent despite slightly fused and simplified foot digits. Heavy repetitive canvas texture flattens surface details throughout the image.
"bird, playing football, wild, realistic style",dreamStudio_0_2_1_1.jpg,12,1.6088162289597192,A black bird silhouette is centered on a plain gray background. The avian subject is severely warped with fused wings and a broken torso. Softened edges and flat textures reduce the overall perceptual clarity.
"bird, playing yoga, city, anime style",deepai_0_8_0_0.jpg,13,2.6334824596092368,A stylized orange bird flies before a teal-toned illustrated cityscape. The bird's anatomy is highly elongated with an implausibly long tail and wings. Background textures show repetitive window patterns with inconsistent geometric alignment.
"bird, playing yoga, city, anime style",dreamStudio_0_3_0_0.jpg,13,2.048431269760679,A woman practices yoga on a mat in a blurred city street. The subject's face is severely distorted and lacks any identifiable features. Global oversmoothing significantly flattens all textural details.
"bird, playing yoga, city, realistic style",deepai_0_8_0_1.jpg,13,2.909717951536864,"A stylized black bird stands on a city street in an illustrative style. The bird's body is clear, but its legs are malformed with fused digits. Prominent grain texture and softened edges affect overall clarity."
"bird, playing yoga, city, realistic style",dreamStudio_0_3_0_1.jpg,13,0.9663606481863166,A highly blurred silhouette of a person against a two-tone background. The figure exhibits severe limb elongation and lacks coherent anatomical structure. Heavy global blur obscures all fine details and edge definitions.
"bird, playing yoga, wild, anime style",deepai_0_8_1_0.jpg,13,2.4279722965847936,A stylized cartoon bird with long feathers on a green background. The subject has a malformed head and neck with fused anatomy. Textures appear flat and waxy with softened edge definition.
"bird, playing yoga, wild, anime style",dreamStudio_0_3_1_0.jpg,13,0.244374455,A heavily blurred figure occupies the center of a colorful gradient background. The subject's form is completely indistinct with no visible anatomical features. Extreme blur removes all texture and edge definition.
"bird, playing yoga, wild, realistic style",deepai_0_8_1_1.jpg,13,1.6631885099764177,"A cropped side-view illustration of a bird against a solid green background. The bird's wing anatomy is simplified with fused, ambiguous feather structures. Surfaces exhibit mild waxiness alongside inconsistent line weight and illegible pseudo-text."
"bird, playing yoga, wild, realistic style",dreamStudio_0_3_1_1.jpg,13,2.353584299,A centered 3D-rendered bird stands on a plain brown background. The subject maintains a coherent cartoon structure with readable facial features. Waxy textures and soft edges reduce perceived surface detail.
"bird, using CD, city, anime style",deepai_0_9_0_0.jpg,14,2.993216220561516,A stylized white bird on a red optical disc over a grey background. The bird anatomy is simplified while the printed text is illegible and distorted. The image displays flat color areas with minimal surface texture.
"bird, using CD, city, anime style",dreamStudio_0_4_0_0.jpg,14,0.3827219913437977,A heavily blurred figure occupies the center of a solid teal background. The subject is structurally illegible and lacks any recognizable human features. Severe global blur eliminates all fine details and sharp edges.
"bird, using CD, city, realistic style",deepai_0_9_0_1.jpg,14,3.963810088144627,A vibrant bird is centered against a textured urban skyline background. The subject maintains a stable structure with clear anatomical boundaries. Artificial grunge textures mask fine details and flatten spatial depth.
"bird, using CD, city, realistic style",dreamStudio_0_4_0_1.jpg,14,2.330297948369773,"A digital painting shows a stylized bird in profile on a green surface. The bird features malformed feet, fused tail feathers, and an unnatural head crest. Extreme blurring yields waxy textures and undefined edges."
"bird, using CD, wild, anime style",deepai_0_9_1_0.jpg,14,3.278513421292411,A stylized bird is centered in a vibrant circular illustrative frame. The subject remains recognizable though its wing structure appears fused and warped. Jagged outlines and flat pseudo-textures reduce overall perceptual clarity.
"bird, using CD, wild, anime style",dreamStudio_0_4_1_0.jpg,14,1.6921076470122591,"A black bird silhouette is framed by a textured beige background. The bird's body is clear, but its talons and perch are malformed lines. Grainy textures and smearing affect the background and lower edges."
"bird, using CD, wild, realistic style",deepai_0_9_1_1.jpg,14,1.8454857204806403,"A stylized colorful bird stands on a red surface against a purple background. The subject features a strangely textured wing and thin, unnatural leg structures. Visible background noise and inconsistent surface textures are present."
"bird, using CD, wild, realistic style",dreamStudio_0_4_1_1.jpg,14,1.454908089997902,A side-profile view of a black bird against a soft background. The subject is structurally coherent but lacks any sharp anatomical definition. Severe global oversmoothing removes texture and softens every boundary.
"cat, driving bike, city, anime style",deepai_1_1_0_0.jpg,16,2.705923805980506,An anime illustration depicts a cat and a person riding bicycles outdoors. The characters' limbs are fused to the bikes with malformed hands and joints. Edges exhibit aliasing and textures appear somewhat oversmoothed.
"cat, driving bike, city, realistic style",deepai_1_1_0_1.jpg,16,2.0356427853424925,A graphic silhouette shows a cat riding a bicycle on a textured background. The cat's torso and limbs are ambiguously fused with the bicycle frame. Heavy background grain and softened edges reduce the overall perceptual clarity.
"cat, driving bike, wild, anime style",deepai_1_1_1_0.jpg,16,2.438638069320326,An anime illustration shows a person riding an orange bicycle against a textured background. The character's limbs and bicycle frame exhibit significant structural distortion and joint fusion. Outlines show aliasing and textures lack fine-grained detail.
"cat, driving bike, wild, realistic style",deepai_1_1_1_1.jpg,16,2.745344671875632,A black cat rides a bicycle in a minimalist sketch style. The cat's anatomy is severely distorted and fused with the bicycle frame. Grainy textures and illegible pseudo-text degrade clarity.
"cat, using laptop, city, anime style",deepai_1_10_0_0.jpg,17,2.0465949943726742,"A vector-style orange cat looks out a window at a city skyline. The subject shape is clear, though the forelimb appears awkwardly fused to the neck. Distant buildings show flat textures and misplaced geometric details."
"cat, using laptop, city, anime style",dreamStudio_1_5_0_0.jpg,17,1.1158548062850675,A blurry close-up shows a black and white cat on a plain background. The subject's facial features are heavily smeared and lack clear definition. Heavy global blur flattens textures and obscures all edge definitions.
"cat, using laptop, city, realistic style",deepai_1_10_0_1.jpg,17,2.8099901339053663,A stylized black cat sits behind a laptop against a teal city skyline. The cat's face is distorted with oversized blank eyes and a malformed muzzle. Background textures exhibit repetitive patterns and lack sharp local detail.
"cat, using laptop, city, realistic style",dreamStudio_1_5_0_1.jpg,17,0.7627666391235025,"A blurry close-up shows a cat on a blue surface against an orange background. The subject's features are heavily smoothed into indistinct, structurally ambiguous shapes. Extreme global blur removes all texture and edge definition."
"cat, using laptop, wild, anime style",deepai_1_10_1_0.jpg,17,2.954689768213242,A photorealistic close-up of a tuxedo cat's face over a laptop keyboard. The feline subject is coherent but shows unnatural eyes and dense whiskers. Forehead fur contains visible swirling patterns and waxy texture smoothing.
"cat, using laptop, wild, anime style",dreamStudio_1_5_1_0.jpg,17,1.287783602972718,A close-up digital illustration shows a cat-like face with large yellow eyes. The subject features recognizable eyes but lacks coherent facial structure and fine detail. Heavy global blur and softened edges reduce clarity.
"cat, using laptop, wild, realistic style",deepai_1_10_1_1.jpg,17,2.304444393609687,A digitally rendered cat lies on a laptop against a simple background. The subject shows a jarring mismatch between its grey head and tan body. Textures appear waxy and lack sharp definition.
"cat, using laptop, wild, realistic style",dreamStudio_1_5_1_1.jpg,17,3.4125308142653084,A soft-focus portrait features a grey cat positioned behind a laptop screen. The feline subject remains recognizable despite softened and slightly warped facial features. Oversmoothing creates waxy textures and flattens detail.
"cat, wearing coat, city, anime style",deepai_1_12_0_0.jpg,19,4.031783586140512,A close-up shows a tabby cat wearing a grey coat outdoors. The feline face is clear despite minor eye asymmetry and fur inconsistencies. Textures appear waxy with softened details and heavy background blur.
"cat, wearing coat, city, anime style",dreamStudio_1_7_0_0.jpg,19,1.2693288598085584,A soft-focus digital portrait of a cat with a blue neck accessory. The feline head is coherent but the body is severely melted and indistinct. Global oversmoothing eliminates texture detail and creates a pervasive waxy appearance.
"cat, wearing coat, city, realistic style",deepai_1_12_0_1.jpg,19,2.969254872190509,A black and white cat in a hooded jacket appears in profile. The subject exhibits distorted eye anatomy and slightly implausible facial proportions. Noticeable grain and softened edges reduce the global perceptual sharpness.
"cat, wearing coat, city, realistic style",dreamStudio_1_7_0_1.jpg,19,1.863484755199214,A close-up digital portrait shows a cat's face against a plain background. The subject is clearly readable although the nose exhibits minor structural distortion. Global textures are heavily smoothed with a pervasive waxy appearance.
"cat, wearing coat, wild, anime style",deepai_1_12_1_0.jpg,19,2.969682736,Close-up portrait of a calico cat in a red scarf against a green background. The cat displays subtle facial asymmetry and structurally implausible fur transitions. Waxy textures and over-smoothing dominate the global perceptual quality.
"cat, wearing coat, wild, anime style",dreamStudio_1_7_1_0.jpg,19,1.97489914,A grayscale close-up depicts a fluffy cat head on a neutral background. The subject displays a plausible anatomy with subtle facial asymmetry. Waxy fur textures and heavy peripheral softening reduce local clarity.
"cat, wearing coat, wild, realistic style",deepai_1_12_1_1.jpg,19,4.194483749246269,A detailed pencil sketch shows a tabby cat in a close-up portrait view. The feline subject maintains coherent facial structure and high semantic readability. Fur textures display subtle pseudo-details and softened local edge definitions.
"cat, wearing coat, wild, realistic style",dreamStudio_1_7_1_1.jpg,19,2.10429384008324,A close-up digital painting portrays a tabby cat against a neutral background. The feline subject displays a malformed nose and distorted facial markings. Fur surfaces show a waxy texture with inconsistent fine detail.
"cat, wearing hat, city, anime style",deepai_1_13_0_0.jpg,20,2.6603860955509213,"An illustrated anthropomorphic cat in a suit and red hat faces the viewer. The character's form is clear, but the necktie knot is malformed. Outlines display aliasing, and background details lack texture variation."
"cat, wearing hat, city, anime style",dreamStudio_1_8_0_0.jpg,20,2.007755271,A digital portrait shows a white cat in a black beret on a gray background. The subject's face contains unnatural markings that distort feline anatomy. Fur textures appear overly smoothed and lack fine detail.
"cat, wearing hat, city, realistic style",deepai_1_13_0_1.jpg,20,2.589072847313763,"A stylized cartoon cat lies before a nighttime urban building backdrop. The subject displays a readable face but malformed, looping limb structure. Flat textures and soft shading dominate the overall visual presentation."
"cat, wearing hat, city, realistic style",dreamStudio_1_8_0_1.jpg,20,2.123137965784728,"A digital painting depicts a close-up of a cat's head on a warm background. The feline subject is structurally stable with clear facial features. Fur textures appear overly smooth with a waxy, airbrushed quality."
"cat, wearing hat, wild, anime style",deepai_1_13_1_0.jpg,20,2.741523064759164,A photorealistic close-up depicts a cat wearing a black hat on a plain background. The feline subject maintains structurally plausible anatomy and clear semantic definition. Fur textures appear slightly softened with weak edge definition.
"cat, wearing hat, wild, anime style",dreamStudio_1_8_1_0.jpg,20,3.1625633557612045,A close-up portrait depicts a cat wearing a small top hat. The feline structure is stable though the hat shows slight fusion with fur. Global rendering displays soft focus and waxy surface textures.
"cat, wearing hat, wild, realistic style",deepai_1_13_1_1.jpg,20,2.727181921139759,A digital painting shows a tabby cat wearing a flat cap. The feline head structure is clear despite minor eye pupil inconsistencies. Surfaces show mild oversmoothing and waxy surface quality.
"cat, wearing hat, wild, realistic style",dreamStudio_1_8_1_1.jpg,20,1.6796354426785414,"A digital portrait shows a cat wearing a black hat on a plain background. The facial structure is coherent, but the body lacks clear structural definition. Heavy peripheral smoothing and texture loss reduce clarity."
"cat, wearing shirt, city, anime style",deepai_1_14_0_0.jpg,21,3.0169494844542943,"An anime-style character stands in a narrow urban alley under daylight. The subject's structure is stable, but facial details and shirt text lack semantic clarity. Distant background elements exhibit blurring and repetitive texture artifacts."
"cat, wearing shirt, city, anime style",dreamStudio_1_9_0_0.jpg,21,1.373026291,"A minimalist illustration features an orange cat on a textured grey background. The subject's anatomy is coherent, yet the black tail appears visually disjointed. Prominent background grain and soft edge definition lower the visual clarity."
"cat, wearing shirt, city, realistic style",deepai_1_14_0_1.jpg,21,3.0380151537521245,A digital painting shows a tabby cat in a grey jacket indoors. The subject remains coherent despite minor collar fusion and facial asymmetry. Textures appear waxy and background edges lack sharp definition.
"cat, wearing shirt, city, realistic style",dreamStudio_1_9_0_1.jpg,21,1.9689715408044348,A digital painting presents a frontal portrait of a tabby cat on a gray background. The subject displays coherent facial structure and high semantic readability without distortion. Fur surfaces appear overly smooth and lack fine-grained detail.
"cat, wearing shirt, wild, anime style",deepai_1_14_1_0.jpg,21,2.201607301562853,A photorealistic cat face is centered on a black long-sleeved shirt. The feline subject displays recognizable anatomy with slight asymmetry in the eyes. Fine fur details exhibit mild oversmoothing and a waxy surface quality.
"cat, wearing shirt, wild, anime style",dreamStudio_1_9_1_0.jpg,21,1.8309334121257936,"A stylized black cat with a tan chest faces forward on green. The subject exhibits severe structural distortion with a malformed, oversized torso region. Surfaces are flat and edges show subtle softening."
"cat, wearing shirt, wild, realistic style",deepai_1_14_1_1.jpg,21,3.962416274012608,A realistic close-up portrait of a tabby cat's head on a light background. Feline facial structure is coherent despite slight malformations in the inner ear. Fur textures show subtle oversmoothing and localized pseudo-detailing.
"cat, wearing shirt, wild, realistic style",dreamStudio_1_9_1_1.jpg,21,2.287012044295131,A stylized digital portrait of a dark-furred cat with large blue eyes. The subject features a malformed nose and unnaturally symmetrical facial features. Fur textures appear waxy with softened edge definition.
"cat, driving car, city, anime style",deepai_1_2_0_0.jpg,22,3.135996942865934,A cartoon cat sits in a car interior against a city skyline. The cat's anatomy is stylized yet structurally coherent and clearly readable. Background buildings show minor geometric simplification and repetitive patterns.
"cat, driving car, city, realistic style",deepai_1_2_0_1.jpg,22,3.2109579068295258,A photorealistic close-up of a cat sitting inside a car. The cat's face is clear but shows subtle fusion near the nose. Heavy oversmoothing results in flat textures and waxy surface details.
"cat, driving car, wild, anime style",deepai_1_2_1_0.jpg,22,2.919788543066456,A 2x2 grid displays four anime-style characters with cat ears. Subjects show significant anatomical failures including malformed hands and warped facial structures. Jagged edges and inconsistent textures reduce global perceptual clarity.
"cat, driving car, wild, realistic style",deepai_1_2_1_1.jpg,22,4.187626336861447,A photorealistic close-up depicts an orange tabby cat sitting in a car. The cat's face and paw show subtle anatomical distortions and unnatural fur. Sharp details reveal slightly waxy textures and heavy background blur.
"cat, having hamburger, city, anime style",deepai_1_3_0_0.jpg,23,2.308561794556081,A cartoon cat and a giant hamburger sit on a blue background. The cat's body is indistinct while the burger has distorted and fused layers. Thick outlines and flat fills result in a low-detail appearance.
"cat, having hamburger, city, realistic style",deepai_1_3_0_1.jpg,23,2.7631279543703786,Cartoon-style burgers and nuggets sit on a solid teal background. Subjects maintain stable shapes although the sign text is illegible. Sharp outlines and flat textures show no dominant local artifact.
"cat, having hamburger, wild, anime style",deepai_1_3_1_0.jpg,23,2.7721866529989785,An illustrated grey cat sits holding a plate with a hamburger. The cat's face and paw show significant anatomical distortion and posing errors. Repetitive textures and softened edges reduce overall clarity.
"cat, having hamburger, wild, realistic style",deepai_1_3_1_1.jpg,23,2.8816822315566872,A digital illustration features a white cat perched on a giant hamburger. The cat's simplified anatomy and the burger's components are structurally coherent. Bold outlines and flat colors hide minor background texture repetitions.
"cat, playing football, city, anime style",deepai_1_7_0_0.jpg,27,3.589990105,"An anime-style illustration depicts a running football player among many scattered balls. The subject's gloved hand is structurally distorted with fused, unclear digits. Flat color fills and repetitive background shapes dominate the visual texture."
"cat, playing football, city, anime style",dreamStudio_1_2_0_0.jpg,27,1.6006537430092052,A stylized orange cartoon cat faces forward against a plain background. The subject shows simplified anatomy with asymmetrical eyes and indistinct limb geometry. Oversmoothing and pervasive fine-grain noise degrade detail clarity.
"cat, playing football, city, realistic style",deepai_1_7_0_1.jpg,27,2.8517551576327533,A stylized action shot captures a leaping tabby cat reaching for a soccer ball. The feline subject exhibits unnatural body elongation and a malformed forelimb structure. Heavy digital grain and vignetting obscure fine textural details.
"cat, playing football, city, realistic style",dreamStudio_1_2_0_1.jpg,27,1.3715906907755355,A soft-focus digital image depicts a centered black and white cat-like creature. The subject suffers from severe distortion with fused limbs and a warped torso. Extreme oversmoothing results in flat textures and lost fine details.
"cat, playing football, wild, anime style",deepai_1_7_1_0.jpg,27,2.734071997422264,A digital illustration portrays a stylized feline character on a wooden patio. The subject suffers from a warped neck anatomy and inconsistent fur patterns. Distant background textures exhibit significant blurring and loss of detail.
"cat, playing football, wild, anime style",dreamStudio_1_2_1_0.jpg,27,1.162164505668548,A monochrome photograph captures a blurred cat against a neutral background. The subject displays extreme anatomical failure with a stretched torso and fused limbs. Heavy blur and pervasive grain dominate the visual field.
"cat, playing football, wild, realistic style",deepai_1_7_1_1.jpg,27,3.7670831835214784,A photorealistic tabby cat plays with a ball on a sports field. The subject displays severe anatomical distortions including extra limbs and warped geometry. Textures appear oversmoothed with inconsistent detail and softened edges.
"cat, playing football, wild, realistic style",dreamStudio_1_2_1_1.jpg,27,1.893555782906615,"A digital painting shows a tabby cat kicking a soccer ball on green. The cat's facial structure is clear, but its limbs are anatomically indistinct. Motion blur significantly reduces sharpness and detail."
"cat, playing yoga, city, anime style",deepai_1_8_0_0.jpg,28,2.729864278595828,"A cartoon cat sits before a railing overlooking a stylized cityscape at dusk. The foreground subject is coherent, while the background figure is severely malformed. Bold outlines and flat colors show no dominant local artifact."
"cat, playing yoga, city, anime style",dreamStudio_1_3_0_0.jpg,28,1.8954734749229472,"A photorealistic tuxedo cat sits upright on a blue yoga mat indoors. The subject displays anatomical distortions including oversized eyes, fused paws, and an elongated tail. Fur textures appear waxy and edges lack crisp definition."
"cat, playing yoga, city, realistic style",deepai_1_8_0_1.jpg,28,2.272963913656801,"A stylized digital tabby cat stands against a solid blue background. The cat's anatomy is distorted with malformed forepaws and a fused, unnatural tail tip. Fur textures exhibit repetitive pseudo-details and a waxy surface appearance."
"cat, playing yoga, city, realistic style",dreamStudio_1_3_0_1.jpg,28,2.044701979089826,"A digital painting shows a sitting cat looking up against a plain background. The head is stable, though chest fur follows an unnatural linear pattern. Heavy smoothing blurs edges and flattens surface textures."
"cat, playing yoga, wild, anime style",deepai_1_8_1_0.jpg,28,1.0793262818533391,A stylized black silhouette figure poses on a pink mat against a grey background. The subject features severe anatomical distortion with a fused torso and abstract limbs. Subtle background noise and softened edges reduce graphic clarity.
"cat, playing yoga, wild, anime style",dreamStudio_1_3_1_0.jpg,28,1.1390567623141024,"A soft-focus digital painting shows a sitting cat on a plain background. The feline displays facial asymmetry and malformed, fused limb structures. Extreme oversmoothing removes texture and creates waxy surface appearances."
"cat, playing yoga, wild, realistic style",deepai_1_8_1_1.jpg,28,2.513355404085131,A centered digital painting features a tabby cat sitting upright with raised forelimbs. The subject exhibits severe anatomical distortion with malformed limbs and an unnatural posture. Background textures appear flat with inconsistent lighting.
"cat, playing yoga, wild, realistic style",dreamStudio_1_3_1_1.jpg,28,1.5902545708914575,A digital illustration shows a fluffy tabby cat against a green backdrop. The cat's head is distinct while the posterior body lacks clear form. Rendering exhibits global oversmoothing and a uniform waxy texture.
"cat, using CD, city, anime style",deepai_1_9_0_0.jpg,29,3.758498819243418,"A cartoon white cat sits at a desk before a colorful bookshelf. The subject features a stable, readable anatomy with clear facial symmetry. Background details exhibit repetitive pseudo-text and softened edge definition."
"cat, using CD, city, anime style",dreamStudio_1_4_0_0.jpg,29,1.1440568947067815,A close-up digital portrait shows two cats against a solid blue background. The feline subjects are recognizable but exhibit heavily softened and indistinct features. Pervasive global blur flattens textures and destroys edge clarity.
"cat, using CD, city, realistic style",deepai_1_9_0_1.jpg,29,2.957689413658044,A stylized black cat portrait sits on a purple surface near a disc. The subject displays distorted eye shapes and inconsistent whisker attachment points. Fur textures show waxy smoothing and lack fine micro-detail definition.
"cat, using CD, city, realistic style",dreamStudio_1_4_0_1.jpg,29,1.8576963329368168,A soft-focus digital portrait of a white cat's face against a dark background. The cat's face is structurally stable but exhibits minor eye asymmetry. Global oversmoothing yields a waxy texture lacking fine detail.
"cat, using CD, wild, anime style",deepai_1_9_1_0.jpg,29,2.236711514637918,A stylized close-up of a black cat's face against a magenta background. The subject displays coherent anatomy despite some disorganized and overlapping whisker placements. Fur textures show subtle pseudo-detailing while maintaining sharp edge definition.
"cat, using CD, wild, anime style",dreamStudio_1_4_1_0.jpg,29,1.5481763824480197,A close-up image shows a soft-focused cat face against a neutral background. The feline subject is recognizable but lacks defined anatomy and clear fur texture. Global blur and oversmoothing flatten textures and obscure edges.
"cat, using CD, wild, realistic style",deepai_1_9_1_1.jpg,29,3.311779749491203,A close-up portrait of a tabby cat with green eyes on an orange backdrop. The feline facial structure is coherent and semantically clear with no distortion. Fur textures show high detail with minor smoothing.
"cat, using CD, wild, realistic style",dreamStudio_1_4_1_1.jpg,29,2.073280654002608,A stylized close-up portrait displays a tabby cat's face against a warm background. The feline subject exhibits a coherent structure with symmetrical and readable features. Pervasive smoothing creates waxy textures and blurs fine details.
"demon, driving bike, city, anime style",deepai_10_1_0_0.jpg,31,3.317391332254931,A stylized anime character rides a bicycle on an urban street. The bicycle geometry is implausible with warped wheels and fused hand grips. Repetitive background textures and aliased outlines reduce perceptual sharpness.
"demon, driving bike, city, realistic style",deepai_10_1_0_1.jpg,31,3.1307069749266323,"A digital painting shows a red-haired rider on an orange motorcycle in a city at sunset. Rider hands fuse with the handlebars, and the motorcycle structure is distorted. Background details are oversmoothed and textures lack definition."
"demon, driving bike, wild, anime style",deepai_10_1_1_0.jpg,31,2.8570426113638008,A winged anime character rides a futuristic motorcycle against a vibrant sky. The vehicle's mechanical structure is incoherent and the hands appear malformed. Textures exhibit waxy oversmoothing and background details lack definition.
"demon, driving bike, wild, realistic style",deepai_10_1_1_1.jpg,31,4.733826607678727,A red dragon-like creature rides a motorcycle in a grassy field. The creature's paws are malformed and fuse awkwardly with the motorcycle. Skin textures look waxy while the background lacks fine detail.
"demon, using laptop, city, anime style",deepai_10_10_0_0.jpg,32,3.265666848567644,A stylized horned demon sits at a desk before a glowing laptop. The character's anatomy remains structurally stable with readable facial expressions and pose. Bold outlines and flat shading create a consistent graphic aesthetic.
"demon, using laptop, city, realistic style",deepai_10_10_0_1.jpg,32,4.012272375175136,A red horned monster looms over a laptop on a city street. The subject's facial anatomy and device details are significantly malformed. Surfaces exhibit waxy textures and inconsistent micro-detail patterns.
"demon, using laptop, wild, anime style",deepai_10_10_1_0.jpg,32,2.6190404654104644,An anime-style male character leans over a laptop against a cosmic background. The character's limbs and hand are severely malformed and structurally unstable. Grainy textures and jagged outlines affect global consistency.
"demon, using laptop, wild, realistic style",deepai_10_10_1_1.jpg,32,2.932330746285457,A red horned demon glares at a laptop in a close-up digital painting. The creature's face exhibits malformed teeth and fused eye regions with simplified limb anatomy. Skin appears waxy with grainy background noise.
"demon, using phone, city, anime style",deepai_10_11_0_0.jpg,33,2.63963160134726,A pink-haired anime character stands before a stylized urban cityscape. The subject's facial features are stable while background architecture is geometrically broken. Flat textures and jagged edges limit overall detail resolution.
"demon, using phone, city, realistic style",deepai_10_11_0_1.jpg,33,2.915895399,A sketched man walks down a narrow street between tall buildings. The man's torso exhibits fused patterns and anatomical inconsistencies. Background textures are repetitive and distant features lack sharp definition.
"demon, using phone, wild, anime style",deepai_10_11_1_0.jpg,33,2.4312882225379044,"A close-up anime illustration shows a character holding a smartphone against a gradient. The face is stable, but the hands are severely malformed with fused fingers. Skin textures appear waxy and lack fine detail."
"demon, using phone, wild, realistic style",deepai_10_11_1_1.jpg,33,4.011103542377608,"A charcoal-style sketch portrays a horned demonic head on a white page. The creature's features are recognizable, though the jawline and horns show minor warping. Shadows exhibit significant oversmoothing and lack granular texture."
"demon, wearing coat, city, anime style",deepai_10_12_0_0.jpg,34,3.052022801436039,"A green-haired figure in a black coat stands in a city alley. The subject is stable, though hands and the coat hem lack definition. Background textures are soft and feature illegible pseudo-text."
"demon, wearing coat, city, realistic style",deepai_10_12_0_1.jpg,34,3.063561068602925,A horned figure in a black coat stands in a misty city street. The subject has malformed hands and an incoherent facial structure. Background elements are heavily smoothed and textures lack natural detail.
"demon, wearing coat, wild, anime style",deepai_10_12_1_0.jpg,34,2.6354072238545685,A white-haired anime character with horns stands against a textured grey background. Facial features are asymmetrical and the clasped hands appear fused and malformed. Repetitive background textures and waxy surfaces degrade perceptual fidelity.
"demon, wearing coat, wild, realistic style",deepai_10_12_1_1.jpg,34,4.8777034274457725,A detailed frontal portrait of a horned demon with red eyes. The subject's facial structure and fur are coherent and semantically readable. Hair textures show subtle repetition without significant artifacts.
"demon, wearing hat, city, anime style",deepai_10_13_0_0.jpg,35,3.223602309039632,A close-up anime illustration shows a girl in a pink hat over a city. The character's hand is malformed and facial features exhibit slight asymmetry. Background textures appear repetitive and edges show inconsistent sharpness.
"demon, wearing hat, city, realistic style",deepai_10_13_0_1.jpg,35,3.2606689790980607,A digital painting depicts a red demon in a hat and tie. The figure shows distorted facial anatomy and unnatural neck muscle fusion. Textures appear waxy and fine details are somewhat softened.
"demon, wearing hat, wild, anime style",deepai_10_13_1_0.jpg,35,2.279589021192974,A high-contrast ink illustration shows an aggressive character with a wide hat and claws. The subject's facial features and elongated fingers show significant anatomical distortion and fusion. Edges show slight aliasing and the background pattern appears repetitive.
"demon, wearing hat, wild, realistic style",deepai_10_13_1_1.jpg,35,3.839178206584123,"A pencil-sketched demonic face in a cowboy hat centers on a plain background. The menacing face is clear, but the dripping chin shows semantic ambiguity. Fine lines and shading show sharp definition without smoothing."
"demon, wearing shirt, city, anime style",deepai_10_14_0_0.jpg,36,2.702524139257621,"An anime-style illustration shows a red-haired character on a city street. The subject's left arm is missing, causing a clear structural failure. Repetitive background patterns and softened edges lower perceptual fidelity."
"demon, wearing shirt, city, realistic style",deepai_10_14_0_1.jpg,36,3.523037104572054,"A horned figure walks away down a narrow, sketch-style city street. The central figure is structurally stable, yet the limb extremities are malformed. Repetitive hatching patterns and softened contours degrade the drawing's consistency."
"demon, wearing shirt, wild, anime style",deepai_10_14_1_0.jpg,36,2.9787041957267464,A red-haired anime character with white wings stands against a dark background. The character's hand appears malformed and facial features are slightly asymmetric. Outlines show minor aliasing and textures appear flatly rendered.
"demon, wearing shirt, wild, realistic style",deepai_10_14_1_1.jpg,36,3.520575375851976,A monochromatic digital illustration depicts a frontal view of a horned demonic head. The subject maintains structural integrity despite some ambiguous forehead wrinkles and overcrowded teeth. Rendering exhibits waxy surface qualities alongside sharp contour definitions.
"demon, driving car, city, anime style",deepai_10_2_0_0.jpg,37,2.627467751999846,A black-and-white manga illustration shows a car and two characters on a street. The car's front structure is warped with fused and malformed headlight details. Global texture shows grainy noise and softened edge definitions.
"demon, driving car, city, realistic style",deepai_10_2_0_1.jpg,37,3.3537951785381392,A digital illustration portrays a car on a moody city street. The vehicle and building structures are heavily warped and lack logical form. Coarse hatching textures and softened edges dominate the visual field.
"demon, driving car, wild, anime style",deepai_10_2_1_0.jpg,37,2.820043973375797,A vibrant anime illustration shows a blue-haired girl against a swirling fiery background. The subject's facial structure is mostly stable though hair strands show local fusion. Background textures show minor repetition and softened detail.
"demon, driving car, wild, realistic style",deepai_10_2_1_1.jpg,37,3.246706517633036,"A horned monster grips a car hood in a dark, atmospheric forest. The subject shows severe distortion with fused, unrecognizable facial and limb geometry. Gritty overlays and softened edges degrade local detail and clarity."
"demon, having hamburger, city, anime style",deepai_10_3_0_0.jpg,38,2.965684122,"An anime-style illustration shows a smiling boy holding a hamburger in a theater. The face is clear, but the hands holding the food are malformed. Global textures appear waxy with softened edge definition."
"demon, having hamburger, city, realistic style",deepai_10_3_0_1.jpg,38,2.2892013134949347,"A two-panel cartoon shows a character eating and a tabletop meal setting. The stylized character and central burger remain structurally coherent despite abstract surroundings. The image features flat textures, simplified details, and slightly aliased edges."
"demon, having hamburger, wild, anime style",deepai_10_3_1_0.jpg,38,3.017095533901073,A centered digital illustration shows a horned burger monster on a grungy background. The subject's cartoonish anatomy and layered structure are clear and semantically readable. Background textures show subtle repetition and lack fine natural detail.
"demon, having hamburger, wild, realistic style",deepai_10_3_1_1.jpg,38,3.9465888101726048,"A high-contrast ink illustration shows a muscular horned demon holding a cupcake. The subject's anatomy is distorted, featuring malformed hands and tangled leg structures. Dense pseudo-details create visual noise across the figure."
"demon, having icecream, city, anime style",deepai_10_4_0_0.jpg,39,2.2623370465619703,A red-haired anime girl holds ice cream while standing on a city street. The subject's face and hands exhibit severe anatomical distortion and structural fusion. Background textures feature illegible symbols and repetitive visual noise.
"demon, having icecream, city, realistic style",deepai_10_4_0_1.jpg,39,3.030381323664956,"A pink horned cartoon creature eats from a bowl within a circular frame. The character's face is clear, but its hands and limbs are structurally malformed. Background textures appear repetitive and surfaces exhibit minor oversmoothing."
"demon, having icecream, wild, anime style",deepai_10_4_1_0.jpg,39,2.952086174961262,"A red-haired anime character holds two ice cream cones against a purple backdrop. The face is readable, but the hands gripping the cones are anatomically distorted. Global rendering shows waxy skin tones and flattened background detail."
"demon, having icecream, wild, realistic style",deepai_10_4_1_1.jpg,39,2.597428535320964,"A stylized purple horned monster eats dessert against a simple cloudy background. The subject's face is clear, but its hand structure is malformed and fused. Flat colors show minimal textural detail or noticeable digital artifacts."
"demon, having pizza, city, anime style",deepai_10_5_0_0.jpg,40,3.0349798346588126,An anime-style figure sits at a table with multiple pizzas nearby. The subject displays distorted hand anatomy and awkward facial-pizza interaction. Outlines are uneven and surface textures lack fine natural detail.
"demon, having pizza, city, realistic style",deepai_10_5_0_1.jpg,40,2.542590821,A skeletal cartoon figure holds a large pizza slice against a plain background. Hands appear malformed and the pizza topping contains confusing symbolic details. Bold outlines show slight aliasing and flat digital texturing.
"demon, having pizza, wild, anime style",deepai_10_5_1_0.jpg,40,2.647091991187731,A cartoon red demon holds a pizza slice against a cyan background. The subject shows severe structural distortion with malformed hands and facial anatomy. Textures appear flat and waxy with softened details.
"demon, having pizza, wild, realistic style",deepai_10_5_1_1.jpg,40,2.2749748720856515,A cartoon character with red hair holds a pizza at a table. The subject's face is structurally distorted with oversized eyes and a malformed mouth. The image exhibits significant grain and lacks fine textural detail.
"demon, playing baseball, city, anime style",deepai_10_6_0_0.jpg,41,2.9004719124609823,A red-haired anime baseball player holds crossed bats against a stadium backdrop. The character's hands and finger anatomy exhibit clear structural distortion and fusion. Repetitive background textures and softened edges degrade quality.
"demon, playing baseball, city, realistic style",deepai_10_6_0_1.jpg,41,3.0307056838826893,A red horned figure poses with a bat in an urban setting. The subject’s face and hands show significant anatomical distortion and fusion. Background figures and architecture suffer from heavy oversmoothing and blur.
"demon, playing baseball, wild, anime style",deepai_10_6_1_0.jpg,41,2.5341181811373863,"A stylized horned monster in a red shirt stands on a textured background. The subject shows severe facial fusion, malformed hands, and confusing anatomy. Heavy textural noise and messy outlines degrade perceptual clarity."
"demon, playing baseball, wild, realistic style",deepai_10_6_1_1.jpg,41,2.736808905293115,A digital illustration shows a red cartoon monster in a cap holding a bat. The subject's face is severely malformed with floating eyes and a distorted mouth. Waxy textures and grainy background noise are visible.
"demon, playing football, city, anime style",deepai_10_7_0_0.jpg,42,3.249184644366676,A digital illustration depicts a winged demon wielding a fiery blade outdoors. The subject's anatomy is severely distorted with fused limbs and malformed hands. Skin textures appear waxy and backgrounds are overly simplified.
"demon, playing football, city, realistic style",deepai_10_7_0_1.jpg,42,3.247177642374567,A monstrous football player crouches menacingly inside a large sports arena. The subject features distorted anatomy with fused muscles and malformed hands. Skin textures appear waxy while background surfaces show noticeable blurring.
"demon, playing football, wild, anime style",deepai_10_7_1_0.jpg,42,2.667709961163516,"A front-facing digital illustration of a horned demon against a glowing background. The subject displays facial distortion and malformed, fused fingers on both hands. Surfaces show flat waxy textures and softened edge definitions."
"demon, playing football, wild, realistic style",deepai_10_7_1_1.jpg,42,2.853056497003065,A muscular demonic creature poses against a plain background in a sketch style. Anatomy features distorted fingers and an ambiguous extra upper appendage. Shading shows repetitive pseudo-details and a softened waxy surface.
"demon, playing yoga, city, anime style",deepai_10_8_0_0.jpg,43,3.968188037608752,A silhouetted dancer poses against a vibrant sunset city skyline. The figure exhibits anatomical distortions including a pinched waist and malformed hand. Background buildings display repetitive tiling and melted architectural details.
"demon, playing yoga, city, realistic style",deepai_10_8_0_1.jpg,43,1.9209323427210665,A digitally painted woman performs a yoga pose against a textured background. Subject anatomy shows significant distortion in the face and fused hand regions. Textures appear waxy and oversmoothed with inconsistent local detail clarity.
"demon, playing yoga, wild, anime style",deepai_10_8_1_0.jpg,43,3.2489577672270515,"A centered illustration features a red-haired anime character meditating against a vibrant psychedelic background. The subject's anatomy is stable, though hands and torso show minor structural simplification. Skin textures appear waxy and backgrounds show repetitive pseudo-details."
"demon, playing yoga, wild, realistic style",deepai_10_8_1_1.jpg,43,2.743746659,A digital painting of a woman lunging on a mat against a plain background. The subject shows fused fingers and distorted torso geometry despite a clear silhouette. Waxy textures and pervasive oversmoothing reduce detail across surfaces.
"demon, using CD, city, anime style",deepai_10_9_0_0.jpg,44,2.860022791106849,A digital anime illustration shows a dark-haired girl before a stylized cityscape. The subject's face is clear but displays unnatural skin patches and a malformed ear. Background textures show repetitive patterns and softened edge definition.
"demon, using CD, city, realistic style",deepai_10_9_0_1.jpg,44,2.817607601434517,"A digital illustration features a monstrous face with a disc held in its mouth. Facial anatomy is largely coherent, though the mouth structure warps around the object. Surfaces exhibit a pervasive waxy smoothness with softened micro-textures."
"demon, using CD, wild, anime style",deepai_10_9_1_0.jpg,44,4.000226332,"A frontal view of a symmetrical, stylized graphic face with red eyes. The subject maintains a coherent facial structure amidst dense, abstract decorative linework. Unreadable pseudo-text flanks the subject within crisp, flat color regions."
"demon, using CD, wild, realistic style",deepai_10_9_1_1.jpg,44,4.631433586799989,A digital illustration portrays a red horned demon head in close-up. Facial anatomy appears distorted with mismatched eyes and an ambiguous lateral appendage. Surface textures show waxy smoothing and inconsistent detail across the image.
"witch, driving aircraft, city, anime style",deepai_11_0_0_0.jpg,45,3.0638910909957264,"An anime witch leans from a jet cockpit under a cloudy sky. Her face is clear, but the hands show severe finger fusion. Metal surfaces lack detail and background clouds show repetitive patterns."
"witch, driving aircraft, city, realistic style",deepai_11_0_0_1.jpg,45,3.978825344433842,A dark seaplane flies over a city skyline under dramatic clouds. The aircraft exhibits significant structural distortion with fused wings and implausible components. Distant background elements are heavily oversmoothed and lack sharp definition.
"witch, driving aircraft, wild, anime style",deepai_11_0_1_0.jpg,45,2.3189215360229154,"An anime illustration shows a blonde girl in a wide hat aiming a weapon. The subject's hands are malformed and fused with the held weapon, appearing distorted. Outlines show aliasing, and textures appear waxy."
"witch, driving aircraft, wild, realistic style",deepai_11_0_1_1.jpg,45,3.404970192248589,Black gliders fly over a blurred autumnal landscape under a blue sky. The main aircraft features an unnatural wingspan and a warped body shape. Foreground trees appear heavily blurred and lack sharpness.
"witch, driving bike, city, anime style",deepai_11_1_0_0.jpg,46,2.840259079582451,"An anime-style witch rides a bicycle against a dense, repeating patterned background. The subject is structurally stable despite minor fusion at the handlebars and frame. Edges show aliasing and background textures appear artificially repetitive."
"witch, driving bike, city, realistic style",deepai_11_1_0_1.jpg,46,3.1173529536579867,An ink sketch depicts a witch riding a bicycle along a city street. The figure and bicycle exhibit structural merging and poorly defined joint connections. Line work displays inconsistent hatching and regions of flattened texture density.
"witch, driving bike, wild, anime style",deepai_11_1_1_0.jpg,46,2.9885622741091584,A high-contrast sketch illustrates a witch riding a bicycle. The bicycle structure is severely warped with mismatched wheel proportions. Scratchy line noise and flat textures degrade visual fidelity.
"witch, driving bike, wild, realistic style",deepai_11_1_1_1.jpg,46,2.7118049991128483,A stylized illustration shows a witch riding a bicycle on a wooden background. The subject has simplified anatomy with fused hands and unclear leg-pedal interaction. Curved contours exhibit aliasing against the textured wooden backdrop.
"witch, using laptop, city, anime style",deepai_11_10_0_0.jpg,47,2.7823650739440304,A pink-haired anime girl uses a laptop in a stylized urban setting. Facial features are misaligned and the laptop exhibits significant geometric distortion. Textures show repetitive patterns and lack natural surface definition.
"witch, using laptop, city, realistic style",deepai_11_10_0_1.jpg,47,2.9894647057232397,"A digital illustration shows a witch in a white hat sitting on a city path. The subject's posture is stable, but hands and boots show minor structural fusion. Background architecture displays blur and flat textures."
"witch, using laptop, wild, anime style",deepai_11_10_1_0.jpg,47,2.3745176962183394,"An anime-style witch in a black dress stands before a warped laptop. The figure shows malformed hands, distorted limbs, and poor object interaction. Surfaces lack fine texture while edges show softening and aliasing."
"witch, using laptop, wild, realistic style",deepai_11_10_1_1.jpg,47,3.1421845335372525,Digital illustration of a stylized witch using a laptop against a swirling background. The face and hands show distortion with malformed fingers and unnatural anatomy. Outlines define forms while skin textures appear flat and lack detail.
"witch, wearing coat, city, anime style",deepai_11_12_0_0.jpg,49,2.5098412990858043,"An anime illustration shows a red-haired girl in a witch hat on a plain background. Facial features are asymmetrical, and the hand anatomy is malformed near the collar. Edges are soft, and textures appear oversmoothed."
"witch, wearing coat, city, realistic style",deepai_11_12_0_1.jpg,49,2.291632023261146,A stylized figure in an orange coat stands before a futuristic cityscape. The subject has a featureless face and poorly defined hands. Background surfaces exhibit repetitive window patterns and inconsistent local detail.
"witch, wearing coat, wild, anime style",deepai_11_12_1_0.jpg,49,2.6763420034855376,"An anime-style female character in a black coat stands by a textured tree. The subject's face is clear, but the coat's collar and shoulders appear warped. Textures show inconsistent detail with waxy surfaces and softened edges."
"witch, wearing coat, wild, realistic style",deepai_11_12_1_1.jpg,49,2.925775501701658,"A monochrome ink-style portrait of a witch wearing a pointed hat. The subject's face is coherent, but the hat brim shows significant geometric warping. Fine details exhibit repetitive pseudo-texturing and illegible background markings."
"witch, wearing hat, city, anime style",deepai_11_13_0_0.jpg,50,3.132431168778041,An anime-style witch stands in a colorful modern cityscape environment. The central figure is structurally coherent despite slightly malformed hand anatomy. Background surfaces exhibit flat textures and unreadable gibberish text on signs.
"witch, wearing hat, city, realistic style",deepai_11_13_0_1.jpg,50,3.930151367233837,A digital portrait of a woman in a witch hat under a yellow moon. The facial structure is stable despite minor asymmetry and anatomical smoothing. Skin textures appear waxy and background details lack sharpness.
"witch, wearing hat, wild, anime style",deepai_11_13_1_0.jpg,50,2.3046778791864506,A close-up digital illustration of an anime witch on a textured background. Facial features are coherent while the hat band displays illegible malformed details. Shading remains flat with visible smudging on the central hat emblem.
"witch, wearing hat, wild, realistic style",deepai_11_13_1_1.jpg,50,2.903225572390995,A digital portrait features a pale woman in a horned hat against a gray background. Facial features and shoulders show subtle asymmetry and unnatural structural transitions. Skin textures appear waxy with softened edge definition.
"witch, wearing shirt, city, anime style",deepai_11_14_0_0.jpg,51,2.365754756387961,An anime-style girl in a witch hat stands against a red city background. The subject's face shows slight asymmetry and the shoulder anatomy is distorted. Background details appear blurred and lack natural textural variation.
"witch, wearing shirt, city, realistic style",deepai_11_14_0_1.jpg,51,2.925587108950876,"A digital painting shows a woman in a witch hat facing a city. The figure is stable, but the right hand is malformed with fused digits. Background textures are flat and edges show softening."
"witch, wearing shirt, wild, anime style",deepai_11_14_1_0.jpg,51,3.243599567782988,An anime illustration features a girl in a witch hat against a forest. The subject's hand is a malformed fused mass with broken collar anatomy. Softened details produce flat textures and indistinct global edges.
"witch, wearing shirt, wild, realistic style",deepai_11_14_1_1.jpg,51,2.8554666850591888,A gothic digital illustration portrays a witch with a floating bat companion. Facial anatomy reveals mild asymmetry and implausible eye proportions. Surface details suffer from excessive graininess and blurred fine contours.
"witch, driving car, city, anime style",deepai_11_2_0_0.jpg,52,2.718457465698224,An anime-style illustration depicts a witch character in an urban environment. The subject's hand is severely malformed with fused fingers and distorted anatomy. Background surfaces exhibit repetitive textures and inconsistent local lighting.
"witch, driving car, city, realistic style",deepai_11_2_0_1.jpg,52,3.377608974439368,A stylized sketch shows a two-toned vintage car with a witch hat. The vehicle exhibits simplified geometry and inconsistent panel transitions around the cabin. Heavy grain texture obscures details and softens all object boundaries.
"witch, driving car, wild, anime style",deepai_11_2_1_0.jpg,52,2.795129470140373,A pink-haired anime witch holds a scythe against a colorful abstract background. The subject shows severe anatomical distortion with malformed hands and a fused secondary head. Inconsistent outlines and flat textures with pseudo-details remain.
"witch, driving car, wild, realistic style",deepai_11_2_1_1.jpg,52,2.834853430996401,A stylized digital illustration features a young witch in a dark forest. Subject hand anatomy is distorted with fused fingers and unnatural proportions. Oversmoothed skin textures lack natural detail and appear artificially waxy.
"witch, having pizza, city, anime style",deepai_11_5_0_0.jpg,55,2.5874283321778,"An illustrated girl carries multiple pizzas before a cartoonish cityscape. The subject is structurally stable, though hand definition and object proportions are distorted. Rendering shows flat textures, aliased edges, and repetitive background elements."
"witch, having pizza, city, realistic style",deepai_11_5_0_1.jpg,55,2.701516697912102,A stylized graphic shows a witch holding a pizza against a striped background. The minimalist subject is structurally coherent and semantically clear despite abstracted limbs. Clean edges and flat colors lack visible distortion.
"witch, having pizza, wild, anime style",deepai_11_5_1_0.jpg,55,2.5411916414304305,"An anime illustration depicts three characters presenting pizzas to the viewer. The figures display structural flaws, notably malformed hands and distorted facial regions. Perceptual quality suffers from flat textures and inconsistent local detail clarity."
"witch, having pizza, wild, realistic style",deepai_11_5_1_1.jpg,55,2.8300192032533995,A digital portrait shows a witch in a hat holding a pizza. The subject's face and hand show structural distortions and unnatural geometric regularity. Waxy textures and oversmoothing dominate the skin surface.
"witch, playing baseball, city, anime style",deepai_11_6_0_0.jpg,56,3.3882119877783983,An anime illustration shows a robed figure swinging a bat in a stadium. The subject maintains a coherent pose despite simplified features and distorted footwear. Background signage contains illegible text and the crowd texture lacks detail.
"witch, playing baseball, city, realistic style",deepai_11_6_0_1.jpg,56,3.218236480605641,"A graphic silhouette of a witch holding a bat on a field. The subject has a stiff pose with simplified, fused hand structures. Background areas show repetitive hatching patterns and flat color fills."
"witch, playing baseball, wild, anime style",deepai_11_6_1_0.jpg,56,2.623047552200785,A red-haired anime girl swings a bat on a sports field. Her hand anatomy and limb structure exhibit significant fusion and distortion. Background details are indistinct and surface textures appear overly smoothed.
"witch, playing baseball, wild, realistic style",deepai_11_6_1_1.jpg,56,3.3641863325886576,A cartoon-style baseball player in a witch hat stands on a field. The subject's right hand is malformed with fused and unclear fingers. Flat textures and sharp edges show minimal perceptual noise.
"witch, playing football, city, anime style",deepai_11_7_0_0.jpg,57,2.8038145920287345,A cartoon boy in a witch hat plays soccer on an urban field. The subject features a malformed extra limb and mismatched footwear. Background details appear blurry and textures show slight oversmoothing.
"witch, playing football, city, realistic style",deepai_11_7_0_1.jpg,57,2.581591842370296,"A stylized figure in a pointed hat stands over a soccer ball. The subject exhibits malformed facial features and distorted, claw-like hand structures. Surfaces show waxy textures and repetitive background patterns."
"witch, playing football, wild, anime style",deepai_11_7_1_0.jpg,57,3.2544703919355555,"A central anime witch stands among chibi characters on a green background. The central figure's pose shows distortion, and surrounding characters appear malformed. Textures appear waxy and edges lack sharpness."
"witch, playing football, wild, realistic style",deepai_11_7_1_1.jpg,57,2.615957339424737,"A painted figure in a striped shirt and wide hat kicks a football on a field. The subject displays malformed hands, distorted features, and implausible foot anatomy. Softened details and indistinct textures reduce overall image definition."
"witch, playing yoga, city, anime style",deepai_11_8_0_0.jpg,58,2.295039509040765,A stylized witch performs a yoga pose against a colorful city skyline. The figure exhibits a malformed raised foot and an awkwardly bent knee. Global rendering features flat textures and significantly softened edge definitions.
"witch, playing yoga, city, realistic style",deepai_11_8_0_1.jpg,58,2.247585516224938,A stylized illustration shows a person doing yoga on a city street. The subject exhibits severe anatomical distortion with warped limbs and impossible posture. Global textures display oversmoothing and flat details with softened edges.
"witch, playing yoga, wild, anime style",deepai_11_8_1_0.jpg,58,2.6974527656093503,An anime-style woman sits cross-legged against a purple mystical background. The subject's anatomy is stable while hands show fusion and poor digit definition. Skin appears waxy and background textures exhibit repetitive noise patterns.
"witch, playing yoga, wild, realistic style",deepai_11_8_1_1.jpg,58,2.357931848,A digital painting depicts a robed woman in profile within a misty setting. The subject exhibits severe anatomical distortion with malformed hands and an extra limb. Waxy textures and heavy oversmoothing reduce global detail clarity.
"witch, using CD, city, anime style",deepai_11_9_0_0.jpg,59,2.085660383574618,"An anime girl in a purple witch hat stands against a dark cityscape. The facial structure is stable, but the raised hand is severely malformed. Unreadable text overlays the chest and the background is heavily grained."
"witch, using CD, city, realistic style",deepai_11_9_0_1.jpg,59,3.234940333671545,A digital sketch portrays a witch in a wide-brimmed hat against a plain background. The figure's hands and held items are severely malformed and structurally incoherent. Background textures appear flat and lack natural surface detail.
"witch, using CD, wild, anime style",deepai_11_9_1_0.jpg,59,2.571760659669068,"A blonde anime witch stands before a bare tree under a blue sky. Her hand is malformed with fused fingers, and floating items lack grounding. Outlines show jittery weights and messy background textures."
"witch, using CD, wild, realistic style",deepai_11_9_1_1.jpg,59,3.620683704660568,A digital illustration portrays a close-up of a witch in a black hat. The subject's facial anatomy and hair show subtle structural distortions. Skin appears waxy and background textures show repetitive pseudo-detailing.
"dog, using laptop, city, anime style",deepai_2_10_0_0.jpg,62,2.712378650704436,A stylized white dog sits before a laptop displaying a cityscape. The cartoon subject maintains clear anatomy and stable geometric structure. Thick outlines exhibit noticeable aliasing and jagged edge artifacts.
"dog, using laptop, city, anime style",dreamStudio_2_5_0_0.jpg,62,1.469804069660975,A blurry rendering depicts a stylized dog-like creature on a grey background. Subject anatomy is simplified with poorly defined limbs and a fused torso. Oversmoothing removes all texture and sharp edge definition.
"dog, using laptop, city, realistic style",deepai_2_10_0_1.jpg,62,3.5702962339921034,A digital painting shows a dog resting its paws by a laptop on a sidewalk. The canine subject has minor anatomical distortions in the paws and muzzle. Heavy painterly textures obscure details and soften background object boundaries.
"dog, using laptop, city, realistic style",dreamStudio_2_5_0_1.jpg,62,2.095401867222767,A soft-focus digital illustration features a puppy sitting indoors near windows. The puppy is recognizable but has fused limbs and indistinct facial details. Extreme oversmoothing produces waxy surfaces and a lack of fine texture.
"dog, using laptop, wild, anime style",deepai_2_10_1_0.jpg,62,3.6167664103162354,A photorealistic close-up depicts a tan dog behind a silver laptop outdoors. The canine head is stable but the visible paw is fused and malformed. Fur textures appear waxy and lack sharp micro-detail.
"dog, using laptop, wild, anime style",dreamStudio_2_5_1_0.jpg,62,0.0,A dark indistinct shape appears in a hazy golden environment. The subject's structure is unreadable and lacks any defining features. Severe global blur flattens all textures and dissolves boundaries.
"dog, using laptop, wild, realistic style",deepai_2_10_1_1.jpg,62,3.357091237,"A photorealistic close-up of a brown and white dog facing the camera. The subject's facial structure is stable, though the muzzle shows unnatural coloration. Fur textures appear waxy and lack sharp micro-detail definition."
"dog, using laptop, wild, realistic style",dreamStudio_2_5_1_1.jpg,62,2.3333977325979136,A close-up captures a partially cropped white dog face on a plain background. The subject is recognizable but shows malformed dark patches near the snout. Global oversmoothing flattens textures and obscures fine edge definition.
"dog, wearing hat, city, anime style",deepai_2_13_0_0.jpg,65,2.232645425,A stylized cartoon dog in a top hat and coat against a blue background. The subject's facial anatomy is structurally stable and semantically clear. Outlines show aliasing while textures remain flat and lack detail.
"dog, wearing hat, city, anime style",dreamStudio_2_8_0_0.jpg,65,1.5311689832778734,"A grayscale frontal portrait of a dog's face on a plain background. The subject's muzzle is severely distorted into a dark, unstructured anatomical mass. Extreme oversmoothing eliminates texture and blurs all local edge boundaries."
"dog, wearing hat, city, realistic style",deepai_2_13_0_1.jpg,65,3.0780809124944284,"A digital painting shows a dog in a black fedora before a building. The dog's face is coherent, though eyes are mismatched and whiskers look artificial. Global textures appear waxy and oversmoothed with softened edges."
"dog, wearing hat, city, realistic style",dreamStudio_2_8_0_1.jpg,65,2.791146069,A 3D-style dog in a blue hat sits on a plain beige background. The subject's facial features and paws exhibit structural softness and fusion. Fur textures appear uniformly waxy and lack fine-grained natural detail.
"dog, wearing hat, wild, anime style",deepai_2_13_1_0.jpg,65,4.313771079854292,"A golden retriever wears a yellow cap with a graphic in close-up. The cap's graphic is a malformed fusion of features, while the dog's face is stable. Fur textures exhibit smoothing and softened edge definition."
"dog, wearing hat, wild, anime style",dreamStudio_2_8_1_0.jpg,65,1.7649038512497477,A grayscale sketch shows a pug in a tricorn hat and coat. The dog's face appears malformed while its body lacks coherent structure. Oversmoothing creates waxy textures and indistinct boundaries throughout the image.
"dog, wearing hat, wild, realistic style",deepai_2_13_1_1.jpg,65,2.7778682663987047,"A centered portrait of a dog wearing a black cowboy hat. The dog's mouth and tongue are heavily distorted with fused, unnatural shapes. Fur textures appear waxy and the background shows repetitive grainy noise."
"dog, wearing hat, wild, realistic style",dreamStudio_2_8_1_1.jpg,65,2.0842609076913727,A digital painting shows a seated corgi-like dog on a plain background. The subject displays minor anatomical distortions in facial features and front paws. Fur textures appear smooth with a pervasive waxy surface quality.
"dog, driving car, city, anime style",deepai_2_2_0_0.jpg,67,2.614009079174036,An anime-style drawing depicts two figures inside a vehicle cabin. The driver's head is distorted into a malformed shape with fused sunglasses. Image textures appear flat with softened edges and inconsistent line work.
"dog, driving car, city, realistic style",deepai_2_2_0_1.jpg,67,2.650051945328929,"A digital painting depicts a dog leashed to a blue car on a city street. The car exhibits a malformed, simplified geometry lacking essential automotive features. Background elements are heavily blurred with flat, repetitive textures."
"dog, driving car, wild, anime style",deepai_2_2_1_0.jpg,67,2.4310396167734307,A stylized cartoon man in sunglasses drives a car near a field. The subject's face and headband exhibit significant anatomical distortion. Rendering uses flat colors with noticeable edge aliasing.
"dog, driving car, wild, realistic style",deepai_2_2_1_1.jpg,67,3.2491494662607407,A black-and-white pencil sketch depicts two pugs looking out a car window. The dogs' faces display distorted skin folds and implausible snout anatomy. Shading exhibits inconsistent textures and softened edge definitions across the frame.
"dog, having pizza, city, anime style",deepai_2_5_0_0.jpg,70,2.4387814663428653,"A cartoon shows a black dog beside a pizza with a slice on its head. The dog's anatomy is stable, but the floating slice lacks support. Textures are flat with thick, slightly inconsistent outlines."
"dog, having pizza, city, anime style",dreamStudio_2_0_0_0.jpg,70,2.360954013661092,A grayscale sketch illustrates two stylized dogs sitting before a window. Both animals show significant facial distortion with malformed mouths and warped jaws. Textures appear overly smooth and background elements lack fine detail clarity.
"dog, having pizza, city, realistic style",deepai_2_5_0_1.jpg,70,2.518289011135215,A stylized digital illustration shows a cartoon dog and a pepperoni pizza on a grey background. The dog's facial structure is clear but shows slight asymmetry and soft-edged blending. Heavy digital grain and flat texture dominate the presentation.
"dog, having pizza, city, realistic style",dreamStudio_2_0_0_1.jpg,70,1.480003166927374,"A digital painting shows a dog in a panda-eared hood on a plain background. The dog's face is clear, but the hood has an implausible extra central ear. Surfaces appear waxy and oversmoothed with faint grain."
"dog, having pizza, wild, anime style",deepai_2_5_1_0.jpg,70,3.0649874401673545,A cartoon-style white dog stands by a large pizza on a table. The dog's torso is fused with the background and lacks anatomical definition. Edges exhibit aliasing and textures appear flat and repetitive.
"dog, having pizza, wild, anime style",dreamStudio_2_0_1_0.jpg,70,0.6483237116312175,A central circular object resembling a pizza on a flat surface. Topping regions appear as indistinct color patches without clear boundaries. Intense global blur flattens all textures and obscures fine details.
"dog, having pizza, wild, realistic style",deepai_2_5_1_1.jpg,70,3.3827217451295697,A photorealistic close-up shows a dog staring at a pepperoni pizza. The dog's muzzle and nose exhibit noticeable structural distortion and smoothing. Fur textures appear waxy and edges lack sharp definition.
"dog, having pizza, wild, realistic style",dreamStudio_2_0_1_1.jpg,70,1.5114382929777463,"A close-up digital painting shows a dog's face styled as a pizza. The subject displays a coherent yet surreal fusion of animal and food forms. Surfaces show a smooth, waxy texture with softened fine details."
"dog, playing baseball, city, anime style",deepai_2_6_0_0.jpg,71,2.714455744974736,"A cartoon baseball player poses against a stylized urban cityscape background. The subject shows severe limb distortion, including a fused leg and malformed feet. Background surfaces show flat textures and softened detail with inconsistent boundaries."
"dog, playing baseball, city, anime style",dreamStudio_2_1_0_0.jpg,71,1.2709552744736223,A soft-focus digital painting shows a white dog with black markings. The canine subject exhibits mild anatomical distortion in its head and limbs. Heavy oversmoothing and waxy textures obscure fine details across the frame.
"dog, playing baseball, city, realistic style",deepai_2_6_0_1.jpg,71,2.9599723065969545,A cartoon dog in sunglasses stands in a park before a city skyline. The subject displays severe facial distortion at the jaw and malformed paw anatomy. Flat textures and heavy outlines limit detail fidelity.
"dog, playing baseball, city, realistic style",dreamStudio_2_1_0_1.jpg,71,1.8566245231303689,A 3D-rendered puppy in a baseball uniform stands on a sports field. The subject is stable but has a poorly attached bat and fused paws. Heavy blurring and waxy textures soften all visible details.
"dog, playing baseball, wild, anime style",deepai_2_6_1_0.jpg,71,2.5244585330863485,A cartoon dog in a red uniform holds a bat outdoors. The subject shows severe anatomical distortion with fused fingers and a long neck. Heavy grain noise overlays the image and the bat text is mirrored.
"dog, playing baseball, wild, anime style",dreamStudio_2_1_1_0.jpg,71,1.6984800639226043,"A black dog with tan markings runs in a hazy, minimalist environment. The subject displays softened anatomy with blurred limbs and indistinct facial features. Oversmoothing flattens textures and obscures all fine details."
"dog, playing baseball, wild, realistic style",deepai_2_6_1_1.jpg,71,2.702185277255299,A stylized black dog stands on hind legs in a sunny field. The subject exhibits structural distortion with a baseball fused to its thigh. Fur textures appear waxy and background details show heavy oversmoothing.
"dog, playing baseball, wild, realistic style",dreamStudio_2_1_1_1.jpg,71,1.8064608138092704,A soft-focus portrait depicts a centered dog on a neutral background. The canine subject is recognizable despite lacking clear facial and ear geometry. Extreme global blur flattens all texture and obscures fine details.
"dog, playing yoga, city, anime style",deepai_2_8_0_0.jpg,73,2.455912593694628,A man performs yoga on a mat in a modern city street. His face and raised hands show significant malformation and digit fusion. Distant signs contain illegible text and repetitive background textures.
"dog, playing yoga, city, anime style",dreamStudio_2_3_0_0.jpg,73,1.501376572808389,"A large blurred meditating figure sits above several small silhouetted animals. The central subject lacks facial features and anatomy, appearing as a smooth form. Global oversmoothing eliminates all texture and edge definition."
"dog, playing yoga, city, realistic style",deepai_2_8_0_1.jpg,73,2.705511841949165,A stylized illustration shows a dog on a mat before a city skyline. The subject has severe anatomical distortions including extra eyes and malformed limbs. Textures appear flat and background details exhibit repetitive smearing.
"dog, playing yoga, city, realistic style",dreamStudio_2_3_0_1.jpg,73,1.192765135501365,A stylized pale dog sits in profile against a blurred natural background. The subject exhibits simplified anatomy with fused limbs and missing joint details. Heavy global blur creates waxy textures and eliminates fine surface details.
"dog, playing yoga, wild, anime style",deepai_2_8_1_0.jpg,73,3.939044940215048,"A brown dog sits on a blue mat in a sunny garden. The dog's anatomy is compromised by malformed paws and a distorted facial region. Global rendering lacks sharpness, resulting in flat, waxy surface textures."
"dog, playing yoga, wild, anime style",dreamStudio_2_3_1_0.jpg,73,1.3318305733769449,A centered silhouette of a person in a yoga pose on a plain background. The subject's anatomy is distorted with fused limbs and malformed hands. Background texture shows visible grainy noise across the surface.
"dog, playing yoga, wild, realistic style",deepai_2_8_1_1.jpg,73,3.941698261927383,A black and white dog sits in profile on a grassy field. The subject maintains basic structural integrity but shows unnatural skin exposure on the thighs. Perceptual quality suffers from global softening and indistinct background foliage.
"dog, playing yoga, wild, realistic style",dreamStudio_2_3_1_1.jpg,73,1.932730695037664,A stylized image shows a dog lying in profile on green grass. The canine anatomy is distorted with malformed features in the head and paws. Global textures appear waxy and lack fine detail.
"dog, using CD, city, anime style",deepai_2_9_0_0.jpg,74,2.74649583810264,A cartoon pug in a purple tracksuit stands before a colorful bookshelf. The subject's cartoon anatomy is coherent and clearly recognizable as a pug. Background textures show extreme repetition lacking legible detail.
"dog, using CD, city, anime style",dreamStudio_2_4_0_0.jpg,74,1.971424664804876,A centered cartoon puppy sits against a plain brown background. The puppy's facial features exhibit minor distortion and scattered dark artifacts. Textures are overly smooth with softened edges.
"dog, using CD, city, realistic style",deepai_2_9_0_1.jpg,74,2.664948543395123,A stylized digital painting presents a front-facing dog head wearing a collar. The subject features slightly distorted facial anatomy and a geometrically rigid collar. Heavy grain and softened edges limit sharpness.
"dog, using CD, city, realistic style",dreamStudio_2_4_0_1.jpg,74,1.5367059572847517,A soft-focus portrait of a dog's head on a plain background. Facial features are recognizable but lack structural clarity due to heavy blurring. Global oversmoothing flattens textures and removes all sharp edge definitions.
"dog, using CD, wild, anime style",deepai_2_9_1_0.jpg,74,2.867179993,A centered dog head within a circular frame faces a vibrant abstract background. The canine face is structurally stable despite a semantically confusing purple nasal region. Fur textures appear waxy while the background displays repetitive melting patterns.
"dog, using CD, wild, anime style",dreamStudio_2_4_1_0.jpg,74,0.7087625687802109,A heavily blurred frontal view of a dark animal face on a tan background. The subject lacks coherent anatomical definition and appears as a smeared silhouette. Extreme oversmoothing removes all textures and edge definitions.
"dog, using CD, wild, realistic style",deepai_2_9_1_1.jpg,74,3.1955616120699277,A photorealistic boxer portrait on a disc beneath a human fingertip. The dog's facial anatomy is stable despite localized confusion in the lower jaw. Textures exhibit mild waxiness and lack crisp definition in deep shadows.
"dog, using CD, wild, realistic style",dreamStudio_2_4_1_1.jpg,74,1.5082737825382464,"A digital painting shows a close-up portrait of a dog's head. Facial features are recognizable but suffer from distorted eyes and a malformed muzzle. Heavy oversmoothing produces waxy, flat textures lacking fine detail."
"batman, driving aircraft, city, anime style",deepai_3_0_0_0.jpg,75,2.919743189587783,"A large Batman symbol floats above a detailed monochrome manga cityscape. The foreground logo is coherent, though background buildings suffer from warped and repetitive forms. Heavy linework produces cluttered textures with poor edge definition."
"batman, driving aircraft, city, realistic style",deepai_3_0_0_1.jpg,75,2.8943150800908404,A large Batman symbol overlays a dense aerial cityscape in a high-contrast style. The subject is clear but lacks plausible spatial integration with the scene. Background architecture shows repetitive patterns and softened details.
"batman, driving aircraft, wild, anime style",deepai_3_0_1_0.jpg,75,2.827278635054044,A comic-style illustration features Batman alongside a stylized jet vehicle. The figure's hand is fused and the aircraft's structure is warped. Surfaces appear waxy and outlines lack sharp definition.
"batman, driving aircraft, wild, realistic style",deepai_3_0_1_1.jpg,75,4.192577548839857,A digital render shows a person riding a futuristic glider over a rural landscape. The aircraft's wing attachments are fused and its geometry lacks mechanical plausibility. Distant ground textures show repetitive patterns and softened details.
"batman, driving bike, city, anime style",deepai_3_1_0_0.jpg,76,3.455476224466176,Stylized art shows Batman on a motorcycle before a large circular sun. The subject is clear but has malformed hands and a warped vehicle frame. Textures appear flat and waxy with visible edge aliasing.
"batman, driving bike, city, realistic style",deepai_3_1_0_1.jpg,76,2.513180164283358,A comic-book style drawing shows Batman on a motorcycle in a city. The vehicle structure is severely warped and the subject's hands are malformed. Textures appear waxy with oversmoothed details throughout the composition.
"batman, driving bike, wild, anime style",deepai_3_1_1_0.jpg,76,3.3257967935455643,"A comic-style illustration shows Batman riding a motorcycle under a cloudy sky. The subject features distorted hands, a garbled logo, and incoherent bike anatomy. Background clouds exhibit smeared textures and repetitive pseudo-detailing patterns."
"batman, driving bike, wild, realistic style",deepai_3_1_1_1.jpg,76,3.647869060983906,A digital comic collage features Batman's face and two motorcycles. Batman's face is stiff while the motorcycles display severe geometric distortion. Jagged edges and waxy surfaces reduce fine detail definition.
"batman, using laptop, city, anime style",deepai_3_10_0_0.jpg,77,3.153887369590602,A digital cartoon illustration portrays Batman inside a vehicle under dramatic lighting. The subject is structurally stable but features illegible symbols on the belt. Repetitive mesh textures and background smearing lower the perceptual quality.
"batman, using laptop, city, anime style",dreamStudio_3_5_0_0.jpg,77,2.033159756,A digital painting shows a full-body Batman figure against a blurred background. The upper body is stable while the legs and cape are poorly formed. Heavy blurring and flat textures obscure all fine details.
"batman, using laptop, city, realistic style",deepai_3_10_0_1.jpg,77,3.6856897573174736,A comic-style illustration of Batman centered against a dark urban skyline. The character's facial region and chest emblem display subtle structural distortions and fusion. Background architecture appears soft with repetitive and indistinct textural details.
"batman, using laptop, city, realistic style",dreamStudio_3_5_0_1.jpg,77,3.2586273912164883,A stylized digital illustration of a cropped Batman figure before a blurry skyline. Subject anatomy is stable despite a visually confusing glowing blue mouth region. Background exhibits severe vertical smearing and lacks coherent detail.
"batman, using laptop, wild, anime style",deepai_3_10_1_0.jpg,77,3.147459159471324,A centered digital illustration of Batman faces forward on a gray background. The subject's face is slightly malformed and the groin region lacks structure. Coarse grain noise covers the image and obscures fine details.
"batman, using laptop, wild, anime style",dreamStudio_3_5_1_0.jpg,77,1.7184715988486992,A stylized black-and-white silhouette of Batman sits before a laptop amidst fog. The figure's anatomy is abstracted with poorly defined limbs and a floating cowl. Oversmoothing flattens textures and obscures fine edge definitions.
"batman, using laptop, wild, realistic style",deepai_3_10_1_1.jpg,77,3.4373668139493336,A close-up 3D-rendered portrait of Batman against a noisy gray background. The character's facial anatomy is distorted with a warped and unnatural jawline. Oversmoothed surfaces and heavy background grain reduce detail clarity.
"batman, using laptop, wild, realistic style",dreamStudio_3_5_1_1.jpg,77,0.0,A heavily blurred grayscale close-up shows indistinct organic shapes. Subject features are structurally illegible and merged into soft tonal blobs. Extreme global oversmoothing destroys all texture and edge information.
"batman, using phone, city, anime style",deepai_3_11_0_0.jpg,78,3.152197890053268,"A cartoon-style Batman stands on a nighttime city street between tall buildings. The subject's hand, belt, and torso exhibit clear structural malformations. Flat textures and repetitive patterns limit background detail."
"batman, using phone, city, anime style",dreamStudio_3_6_0_0.jpg,78,1.6756127401579377,"A centered, high-contrast silhouette of a stylized caped figure against a cloudy background. The subject's exaggerated cape shape is structurally stable but stylistically abstract. Background textures exhibit softness and indistinct melting-like patterns."
"batman, using phone, city, realistic style",deepai_3_11_0_1.jpg,78,3.6782272722375295,A full-body digital rendering of Batman stands against a cloudy background. The character's face and belt show distorted geometry and lack fine anatomical detail. Surfaces display a uniform waxy texture and soft edge definition.
"batman, using phone, city, realistic style",dreamStudio_3_6_0_1.jpg,78,1.2366872604972896,A stylized Batman figure stands against a blurred golden urban background. The subject's anatomy is softened with indistinct limb and torso boundaries. Extreme global smoothing flattens all textures into a waxy gradient.
"batman, using phone, wild, anime style",deepai_3_11_1_0.jpg,78,2.7283354119320564,A cartoon-style Batman portrait is displayed on a smartphone screen against a colorful background. The subject's face is distorted with asymmetrical eyes and an unnatural nose. Textures appear flat and the background shows noticeable digital noise.
"batman, using phone, wild, anime style",dreamStudio_3_6_1_0.jpg,78,1.838285879157899,"A centered stylized Batman silhouette stands against a blurred sepia background. The figure's cape and cowl exhibit jagged, irregular structural outlines. Global textures appear overly smoothed with indistinct boundaries."
"batman, using phone, wild, realistic style",deepai_3_11_1_1.jpg,78,2.312600598558171,A digital sketch portrays Batman's upper body on a plain paper background. The face shows structural distortion with a malformed jaw and fused lips. Textures appear grainy and the drawing's outer edges lack definition.
"batman, using phone, wild, realistic style",dreamStudio_3_6_1_1.jpg,78,1.8640905751459096,A stylized Batman silhouette takes a selfie before a giant blurred face. The figure is coherent though the hand holding the phone lacks detail. Flat textures and a grainy background surface appear.
"batman, wearing coat, city, anime style",deepai_3_12_0_0.jpg,79,3.2400675005287467,A comic-style illustration depicts Batman hovering over a detailed cityscape. The figure is structurally sound despite garbled text on the utility belt. Background linework exhibits repetitive patterns and inconsistent local detail.
"batman, wearing coat, city, anime style",dreamStudio_3_7_0_0.jpg,79,2.314842651216077,"A digital painting shows a muscular Batman against a soft bokeh background. The character features malformed chest anatomy and poorly defined, fused hands. Oversmoothing creates waxy textures and blurred edges across the image."
"batman, wearing coat, city, realistic style",deepai_3_12_0_1.jpg,79,3.521792053953248,A digital painting shows a frontal Batman figure on a plain background. The subject features severe anatomical distortion with malformed musculature and a garbled emblem. Waxy textures and soft edges reduce perceptual clarity.
"batman, wearing coat, city, realistic style",dreamStudio_3_7_0_1.jpg,79,1.4182268460400616,A minimalist profile silhouette of Batman against a solid tan background. The cowl shape is coherent but the lower facial region appears malformed. Shoulder contours exhibit significant softening and blurred edge definition.
"batman, wearing coat, wild, anime style",deepai_3_12_1_0.jpg,79,3.1473522445672217,A stylized digital illustration of Batman stands against a plain grey background. The subject exhibits minor anatomical fusion and a distorted facial structure. Suit textures show mild waxiness and inconsistent highlight placement.
"batman, wearing coat, wild, anime style",dreamStudio_3_7_1_0.jpg,79,1.9503297084781537,A digital illustration shows a stylized Batman character against a plain background. The figure displays severe anatomical distortion with a malformed torso and melted limbs. Surfaces appear waxy while lower boundaries lack definition.
"batman, wearing coat, wild, realistic style",deepai_3_12_1_1.jpg,79,4.414038643233229,A front-facing digital illustration of Batman in a high-contrast monochrome style. The subject's face and hands appear distorted with malformed finger geometry. Textures show waxy smoothing and inconsistent pseudo-details across the suit.
"batman, wearing coat, wild, realistic style",dreamStudio_3_7_1_1.jpg,79,2.294439709019568,A digital illustration of Batman stands centered against a plain gray background. The figure's hands are malformed blobs and facial features lack coherent anatomy. Textures appear waxy and oversmoothed with soft undefined edges.
"batman, wearing hat, city, anime style",deepai_3_13_0_0.jpg,80,2.8340985518520982,"A stylized cartoon Batman stands before a detailed comic-book cityscape. The character's facial structure shows slight distortion, but the silhouette is stable. Background textures display repetitive pseudo-details and uneven line definition."
"batman, wearing hat, city, anime style",dreamStudio_3_8_0_0.jpg,80,2.3240835236594646,A digital painting portrays an anime girl wearing a wide-brimmed Batman hat. The subject's face exhibits minor asymmetry and the hat structure is warped. Heavy smoothing causes waxy textures and blurred background elements.
"batman, wearing hat, city, realistic style",deepai_3_13_0_1.jpg,80,3.6245457009147017,A digital illustration of Batman with crossed arms on a dark background. The subject's lower face is malformed and the suit appears overly smooth. Surfaces exhibit a waxy texture with visible noise and soft edges.
"batman, wearing hat, city, realistic style",dreamStudio_3_8_0_1.jpg,80,1.4697050798550366,A soft digital portrait of Batman centered against a neutral background. The face exhibits warped anatomy with mismatched eyes and a pinched nose. Heavy smoothing leads to waxy textures and poorly defined edges.
"batman, wearing hat, wild, anime style",deepai_3_13_1_0.jpg,80,2.7878529154537786,A comic character in a mask and hat faces a yellow background. The subject's face is distorted with a malformed elongated beak-like nose. Heavy grain and softened edges degrade the overall visual clarity.
"batman, wearing hat, wild, anime style",dreamStudio_3_8_1_0.jpg,80,1.3456918142874903,"A cropped anime character face and hat appear on a textured background. The visible eye is clear, but the cast shadow has a jagged, distorted shape. Softening and aliasing degrade the edges against the flat background texture."
"batman, wearing hat, wild, realistic style",deepai_3_13_1_1.jpg,80,3.440372617111778,A close-up portrait of a masked figure in a logo-adorned black hat. Facial anatomy is coherent but displays noticeable digital smoothing and asymmetry. Skin textures appear waxy with softened edge definition in key regions.
"batman, wearing hat, wild, realistic style",dreamStudio_3_8_1_1.jpg,80,1.8836778366727824,"A centered black fedora with a gold band on a brown gradient. The hat structure is stable, but the band contains fused, illegible details. Surfaces appear waxy with a noticeable repetitive background texture."
"batman, wearing shirt, city, anime style",deepai_3_14_0_0.jpg,81,3.4781963848383683,A comic-style image features Batman standing in a city alleyway from below. The subject's torso muscles are oddly segmented and hands appear fused and malformed. Background textures are repetitive and edges appear softened.
"batman, wearing shirt, city, anime style",dreamStudio_3_9_0_0.jpg,81,2.3897595657134976,A stylized digital illustration shows a front-facing Batman against a warm gradient background. The character's face and utility belt display significant geometric distortion and part fusion. Surfaces look waxy and oversmoothed with generally softened edge definitions.
"batman, wearing shirt, city, realistic style",deepai_3_14_0_1.jpg,81,4.060928389696384,A centered digital illustration portrays a muscular Batman on a white background. The character's face shows structural distortion where the mask meets the jawline. Muscle surfaces appear waxy with softened local detail definition.
"batman, wearing shirt, city, realistic style",dreamStudio_3_9_0_1.jpg,81,2.9170309883418963,"A digital painting shows a muscular Batman with crossed arms on a plain background. The figure exhibits severe anatomical distortion, including a malformed face and fused hands. Waxy textures and soft edges degrade the sharpness."
"batman, wearing shirt, wild, anime style",deepai_3_14_1_0.jpg,81,2.3494490638267127,A comic-style illustration depicts a muscular Batman against a plain white background. The character's anatomy remains coherent despite minor hand malformations and unreadable text. Shaded regions display slight oversmoothing and softened edge contours.
"batman, wearing shirt, wild, anime style",dreamStudio_3_9_1_0.jpg,81,2.024806224784504,A digital painting of Batman in side profile against a plain background. The subject's anatomy is severely warped with an indistinct face and body. Global oversmoothing and motion blur obscure fine details.
"batman, wearing shirt, wild, realistic style",deepai_3_14_1_1.jpg,81,4.351910770338763,A monochrome comic-style illustration features a close-up of Batman against a textured background. The subject's face shows subtle structural distortion near the mouth and jawline. Halftone textures appear flat and background details remain indistinct.
"batman, wearing shirt, wild, realistic style",dreamStudio_3_9_1_1.jpg,81,2.011996011317628,"A frontal view of a stylized Batman suit torso on a plain background. The subject anatomy remains coherent with only minor abdominal detail simplification. Surfaces show a smooth, slightly waxy texture with subtle edge softness."
"batman, having hamburger, city, anime style",deepai_3_3_0_0.jpg,83,3.2407455079931053,"A two-panel comic illustration depicts Batman at a table with a burger. The figure displays elongated facial features, illegible text, and a malformed burger. Textures appear waxy with repetitive patterns and softened edge definition."
"batman, having hamburger, city, realistic style",deepai_3_3_0_1.jpg,83,2.7083957455288665,A stylized pop-art illustration shows a cartoon Batman at a table with food. The figure displays simplified anatomy with fused limbs and a malformed chest logo. Prominent grain texture and jagged outlines degrade the graphic quality.
"batman, having hamburger, wild, anime style",deepai_3_3_1_0.jpg,83,2.482772180170141,A stylized comic illustration depicts a masked superhero gesturing with one hand. The facial structure and hand anatomy exhibit clear distortion and finger fusion. Grainy noise and flat textures reduce visual fidelity.
"batman, having hamburger, wild, realistic style",deepai_3_3_1_1.jpg,83,3.173247492901318,A six-panel comic grid displays Batman in close-up portrait views. Hand anatomy is malformed in some panels and facial features shift. Bubbles contain gibberish text and dark areas look overly smooth.
"batman, playing baseball, city, anime style",deepai_3_6_0_0.jpg,86,2.436990901760123,A cartoon-style Batman stands centered against a plain textured background. The subject exhibits simplified anatomy with malformed hands and a distorted face. Textures appear flat with repetitive background noise and softened edge boundaries.
"batman, playing baseball, city, anime style",dreamStudio_3_1_0_0.jpg,86,1.4512889756909797,A stylized digital illustration shows a front-facing Batman figure on a plain background. The subject exhibits severe anatomical distortion with malformed legs and unclear structure. Waxy textures and softened edges diminish perceptual clarity.
"batman, playing baseball, city, realistic style",deepai_3_6_0_1.jpg,86,4.754489838164117,A cinematic low-angle shot shows a costumed figure before a misty city skyline. The subject's utility belt and hands are malformed with fused and simplified geometry. Background textures are repetitive and the suit surface appears unnaturally waxy.
"batman, playing baseball, city, realistic style",dreamStudio_3_1_0_1.jpg,86,1.7394649129452426,"A minimalist silhouette of Batman holding a bat stands on a textured background. The subject's grip is malformed, and a strange protrusion extends from the waist. Heavy background grain and softened edges reduce overall definition."
"batman, playing baseball, wild, anime style",deepai_3_6_1_0.jpg,86,2.4106547428732665,A comic-book style image features Batman standing before an urban backdrop. The subject suffers from severe anatomical errors including a malformed hand and thin arm. Global textures appear overly smooth while background geometry lacks sharp definition.
"batman, playing baseball, wild, anime style",dreamStudio_3_1_1_0.jpg,86,0.0,A heavily blurred central figure sits within a soft green environment. The subject's structural integrity is lost as features merge into blobs. Oversmoothing dominates the entire frame with zero local detail.
"batman, playing baseball, wild, realistic style",deepai_3_6_1_1.jpg,86,2.650568919091707,A stylized vector illustration of Batman on a textured grey background. The chest bat symbol is malformed and facial features show asymmetry. Sharp outlines define the subject while the background displays prominent noise.
"batman, playing baseball, wild, realistic style",dreamStudio_3_1_1_1.jpg,86,2.112409266392913,"A stylized digital illustration shows a Batman-like figure in a dynamic pose. The subject's arm and hand are malformed with simplified, structurally unstable anatomy. Oversmoothing creates flat textures and softened edge definitions."
"batman, playing football, city, anime style",deepai_3_7_0_0.jpg,87,3.4967843201846933,"A high-contrast comic illustration depicts Batman against a brick wall backdrop. The subject's anatomy is distorted, featuring a malformed right hand and awkward facial features. Jagged edges and inconsistent background textures degrade visual fidelity."
"batman, playing football, city, anime style",dreamStudio_3_2_0_0.jpg,87,2.049422905309106,A digital cartoon illustration of Batman stands against a plain background. The character's raised hand exhibits fused malformed fingers and distorted facial geometry. Surfaces show overly smooth waxy textures and softened edge definitions.
"batman, playing football, city, realistic style",deepai_3_7_0_1.jpg,87,3.690139862972389,A digital illustration shows Batman running forward against a dark background. The character's face and hands exhibit significant anatomical distortion and malformation. Textures appear waxy and oversmoothed with heavy background grain present.
"batman, playing football, city, realistic style",dreamStudio_3_2_0_1.jpg,87,1.281986247707892,A heavily blurred silhouette of a stylized character stands on a plain background. The subject's form is simplified and lacks defined anatomical features or details. Extreme smoothing yields flat textures and lost edge clarity.
"batman, playing football, wild, anime style",deepai_3_7_1_0.jpg,87,2.9225624285983187,A black-and-white comic-style illustration shows a caped superhero in a close-up view. The facial anatomy and chest logo are malformed with fused and broken contours. Shading textures show inconsistent stippling and lack natural detail.
"batman, playing football, wild, anime style",dreamStudio_3_2_1_0.jpg,87,2.010152602058429,A digital rendering depicts a crouching costumed figure against a smoky backdrop. The subject exhibits anatomical distortion including malformed limbs and unreadable symbols. Textures appear waxy and the background lacks sharp local detail.
"batman, playing football, wild, realistic style",deepai_3_7_1_1.jpg,87,3.358078168923784,A digital illustration depicts Batman in a frontal pose against a spotlight. The subject displays malformed gauntlets and severely distorted anatomical proportions. Surfaces exhibit waxy smoothing and repetitive pseudo-detail texture artifacts.
"batman, playing football, wild, realistic style",dreamStudio_3_2_1_1.jpg,87,2.226629537115995,A digital illustration portrays a muscular superhero with crossed arms against a neutral background. The subject's face and arm muscles display noticeable warping and anatomical distortion. Textures appear waxy with soft focus and indistinct edges.
"batman, playing yoga, city, anime style",deepai_3_8_0_0.jpg,88,3.919411533558691,"A comic-style illustration depicts Batman crouching before a skyscraper under a blue sky. The character's anatomy is heavily distorted, featuring an elongated limb and a malformed hand. Background textures appear repetitive and lack fine physical detail."
"batman, playing yoga, city, anime style",dreamStudio_3_3_0_0.jpg,88,2.164345471576569,"A 3D cartoon superhero stands before a blue sky with a large moon. The character exhibits distorted anatomy with a malformed face, fused fingers, and odd proportions. Waxy surfaces lack texture and edges are heavily softened."
"batman, playing yoga, city, realistic style",deepai_3_8_0_1.jpg,88,3.3184416124470264,A comic-style illustration of Batman stands before a detailed city skyline. The subject's facial features and musculature show minor anatomical inconsistencies and distortion. Textures blend flat shading with waxy pseudo-detailing.
"batman, playing yoga, city, realistic style",dreamStudio_3_3_0_1.jpg,88,2.074998863384064,A stylized digital illustration shows Batman against a blurry city skyline. The character's face is distorted and the torso anatomy is implausibly narrow. Heavy smoothing results in waxy surfaces and indistinct background edges.
"batman, playing yoga, wild, anime style",deepai_3_8_1_0.jpg,88,2.5571374061668664,A comic-style illustration depicts Batman against a chaotic background with speech bubbles. The subject has distorted limb proportions and contains illegible pseudo-text. Global textures appear waxy with softened edge definition.
"batman, playing yoga, wild, anime style",dreamStudio_3_3_1_0.jpg,88,2.395625152059245,A digital illustration shows Batman in a centered meditating pose. The subject's hands are severely distorted and fused into a single mass. Dark suit areas show flat textures and lack fine material detail.
"batman, playing yoga, wild, realistic style",deepai_3_8_1_1.jpg,88,2.8586809687821217,A centered comic-style portrait of Batman against a glowing orange background. Facial anatomy and belt hardware are visibly malformed and structurally unstable. Surfaces exhibit waxy oversmoothing combined with noisy pseudo-detail textures.
"batman, playing yoga, wild, realistic style",dreamStudio_3_3_1_1.jpg,88,1.3342977970123078,A stylized monochrome figure performs a backbend against a plain background. The subject's limbs and hands appear fused and anatomically distorted at the joints. Textures show heavy oversmoothing and lack sharp edge definition.
"snoppy, driving aircraft, city, anime style",deepai_4_0_0_0.jpg,90,3.247917211264355,A cartoon illustration shows a boy in a yellow airplane above a city. The central figure and aircraft possess stable geometry with minor cockpit simplifications. Background textures appear repetitive and lack fine detail.
"snoppy, driving aircraft, city, realistic style",deepai_4_0_0_1.jpg,90,3.634923794985277,A stylized digital painting shows a distorted aircraft cockpit interior and city view. Instrument panels and overhead controls are structurally broken into illegible symbolic gibberish. Surfaces show waxy flatness and repetitive pseudo-texture patterns.
"snoppy, driving aircraft, wild, anime style",deepai_4_0_1_0.jpg,90,3.1749057503456144,A colorful cartoon biplane flies above a green landscape under clouds. The subject displays warped geometry and structurally inconsistent wing attachments. Background surfaces show flattened textures and softened fine detail.
"snoppy, driving aircraft, wild, realistic style",deepai_4_0_1_1.jpg,90,2.314385594358753,A digital painting features a stylized green jet aircraft in profile view. Landing gear and wing roots appear malformed with fused and unstable geometry. Surfaces exhibit oversmoothing and lack crisp edge definition.
"snoppy, driving bike, city, anime style",deepai_4_1_0_0.jpg,91,3.032433383027502,A cartoon boy rides a yellow bicycle against a city backdrop. The figure's lower limbs and bicycle frame show significant structural warping. Outlines are jagged and textures appear flat and smooth.
"snoppy, driving bike, city, realistic style",deepai_4_1_0_1.jpg,91,3.6067613366488143,"A high-contrast monochrome image depicts a stylized bicycle on an urban street. The bicycle subject is recognizable but has a simplified, fused frame structure. Heavy halos surround the subject and background textures repeat."
"snoppy, driving bike, wild, anime style",deepai_4_1_1_0.jpg,91,2.903042545707045,"A cartoon-style drawing shows a spiky-haired boy riding a bicycle outdoors. The subject suffers severe distortion with malformed hands, fused limbs, and a warped frame. Outlines show inconsistent weights and melting edges across the scene."
"snoppy, driving bike, wild, realistic style",deepai_4_1_1_1.jpg,91,2.7867812116887616,A grainy monochrome photo shows a person on a bicycle by a road. The subject features warped anatomy and a geometrically broken bicycle frame. Heavy grain obscures detail while edges soften and textures flatten.
"snoppy, using laptop, city, anime style",deepai_4_10_0_0.jpg,92,2.9168619996506737,An anime-style character sits in a chair on an urban street. The figure displays stable facial features but confusing torso contour lines. Distant architecture contains repetitive textures and inconsistent linear perspective.
"snoppy, using laptop, city, anime style",dreamStudio_4_5_0_0.jpg,92,1.009097082284122,A blurred grayscale image depicts a person's silhouette seated at a desk. The subject is a featureless abstract shape without any recognizable anatomical structure. Extreme blurring and smoothing dominate the entire visual field.
"snoppy, using laptop, city, realistic style",deepai_4_10_0_1.jpg,92,2.213991354265725,A cartoon character walks away down a city street in an illustration style. The central figure is plausible but the nearby round form is confusing. Textures look flat with inconsistent shading and soft boundaries.
"snoppy, using laptop, city, realistic style",dreamStudio_4_5_0_1.jpg,92,0.5429391250171022,"A heavily blurred close-up of an indistinct, pale face-like shape. The subject's facial structure is completely obscured by extreme blur. Pervasive oversmoothing eliminates all visible fine textures and edges."
"snoppy, using laptop, wild, anime style",deepai_4_10_1_0.jpg,92,2.5327066560356126,A digital cartoon shows a blonde character using a laptop at a desk. The character's facial features and hand area lack precise anatomical definition. Outlines show aliasing and backgrounds exhibit mild oversmoothing.
"snoppy, using laptop, wild, anime style",dreamStudio_4_5_1_0.jpg,92,1.3755384178451684,A soft-focus illustration displays a stylized animal face on a plain background. Facial features are structurally coherent despite the body being poorly defined. Global oversmoothing yields a waxy texture with indistinct edge boundaries.
"snoppy, using laptop, wild, realistic style",deepai_4_10_1_1.jpg,92,1.913948086362368,A charcoal sketch features a centered black-and-white cartoon cat against a gray background. The head is recognizable but the simplified torso and limbs lack structural coherence. Shaded areas show noticeable oversmoothing and waxy pseudo-textures.
"snoppy, using laptop, wild, realistic style",dreamStudio_4_5_1_1.jpg,92,0.6058618644677124,A soft-focus panda toy rests behind a thin laptop on a neutral surface. The subject's features are indistinct and lack coherent anatomical detail. Significant blur and grain dominate the entire visual field.
"snoppy, using phone, city, anime style",deepai_4_11_0_0.jpg,93,2.8406726437345307,A stylized cartoon character sits against a backdrop of colorful city buildings. The character's simplified anatomy is structurally coherent despite its minimal detail. A grainy texture overlay affects the overall sharpness and surface clarity.
"snoppy, using phone, city, anime style",dreamStudio_4_6_0_0.jpg,93,0.4766945980039747,"A heavily blurred close-up features a cartoon character with large ears. Blur obscures internal structure, but the subject's outer contour remains coherent. The image is characterized by extreme softness and absent fine detail."
"snoppy, using phone, city, realistic style",deepai_4_11_0_1.jpg,93,2.8039145280967444,A stylized figure stands on a city sidewalk in a painting style. The subject's head and red form show severe structural distortion and fusion. Background windows feature repetitive patterns and outlines suffer from jagged aliasing.
"snoppy, using phone, city, realistic style",dreamStudio_4_6_0_1.jpg,93,0.9674980370732872,"A heavily blurred smartphone is held against a soft-focus background. Extreme blur makes the device's structure and details completely illegible. Global sharpness is lost, resulting in melted edges and flat textures."
"snoppy, using phone, wild, anime style",deepai_4_11_1_0.jpg,93,2.828661063193733,"A black-and-white cartoon depicts a girl using a laptop against a busy background. The stylized subject is structurally clear, though the foot region is ambiguous. The background features a dense, repetitive non-semantic texture."
"snoppy, using phone, wild, anime style",dreamStudio_4_6_1_0.jpg,93,1.0047727687234218,"A blurry close-up shows a human limb holding a small rectangular object. Extreme blur obscures the subject's anatomy and object geometry, limiting semantic clarity. Global oversmoothing removes all edge definition and texture."
"snoppy, using phone, wild, realistic style",deepai_4_11_1_1.jpg,93,1.9409010000449112,A charcoal sketch shows a white dog-like creature on a plain surface. The subject's face has a malformed dark eye and a structurally ambiguous ear. Textures exhibit smudged shading and faint background inconsistencies.
"snoppy, using phone, wild, realistic style",dreamStudio_4_6_1_1.jpg,93,0.7748473040382261,A close-up of a heavily blurred stylized animal face on a neutral background. The facial structure is simplified and warped with poorly defined features. Extreme oversmoothing and pervasive graininess mask all local details.
"snoppy, wearing coat, city, anime style",deepai_4_12_0_0.jpg,94,3.3377868448958505,A cartoon bear in red clothing stands before a stylized city skyline. The character's hands and head ornament appear malformed and structurally ambiguous. Outlines exhibit aliasing while background details show repetitive texture patterns.
"snoppy, wearing coat, city, anime style",dreamStudio_4_7_0_0.jpg,94,0.3490028584088196,"A blurred digital portrait of a bearded man in a suit against a solid background. Subject features are obscured by smoothing, making anatomy and clothing details illegible. Extreme blur flattens textures and removes all sense of sharpness."
"snoppy, wearing coat, city, realistic style",deepai_4_12_0_1.jpg,94,2.57434709871222,A digital illustration depicts an anthropomorphic dog in a coat before a skyline. The subject suffers from severe facial flattening and distorted head anatomy. Textures appear grainy while edges show softened and inconsistent definition.
"snoppy, wearing coat, city, realistic style",dreamStudio_4_7_0_1.jpg,94,1.2662631397406592,A simple white 3D-rendered character stands against a blurred bokeh background. The subject's simple geometry is structurally plausible and visually distinct. Significant oversmoothing results in flat textures and softened boundaries throughout.
"snoppy, wearing coat, wild, anime style",deepai_4_12_1_0.jpg,94,4.103205410620863,A plush panda mascot in an orange jacket stands on a gravel path. The subject exhibits a malformed head structure with fused segments and featureless limbs. Surfaces show waxy smoothing and background graininess.
"snoppy, wearing coat, wild, anime style",dreamStudio_4_7_1_0.jpg,94,2.3723293732806066,A digital illustration shows a stylized brown furry creature with a red scarf. The subject's face is asymmetrical and its limbs are malformed with undefined anatomy. Textures appear flat and waxy with softened details.
"snoppy, wearing coat, wild, realistic style",deepai_4_12_1_1.jpg,94,2.371355342660504,A digital cartoon shows a dog's face beside a partially cropped human profile. The dog's facial features are recognizable but show slight asymmetry and eye malformation. Grainy texture and soft edges reduce the overall image clarity.
"snoppy, wearing coat, wild, realistic style",dreamStudio_4_7_1_1.jpg,94,1.7432286666450123,A stylized white fluffy creature stands against a soft green painterly background. The subject's simplified anatomy is structurally stable and semantically clear. Fur textures appear overly smooth with softened edge definitions.
"snoppy, wearing hat, city, anime style",deepai_4_13_0_0.jpg,95,3.353090726535936,"A digital illustration depicts an anime character in a white mask against a city backdrop. The character is stable, but the shirt text and hand region appear slightly distorted. Background textures show flatness and inconsistent geometric details."
"snoppy, wearing hat, city, anime style",dreamStudio_4_8_0_0.jpg,95,2.1157789216423564,"A 3D-rendered cartoon character in a red hat appears in a close-up. The subject's face is stable, but the hat's layers are spatially ambiguous. Global textures show a waxy smoothness with softened edge definitions."
"snoppy, wearing hat, city, realistic style",deepai_4_13_0_1.jpg,95,2.6813799664083926,A 3D portrait shows an older man in a white and black cap. The face is stable but features unnaturally heavy and fused eyebrows. Skin appears waxy and the shirt texture is flat and repetitive.
"snoppy, wearing hat, city, realistic style",dreamStudio_4_8_0_1.jpg,95,0.6603543071542716,"A minimalist silhouette shows a headless figure in a hat. The subject lacks a head and neck, creating structural ambiguity. Textures appear flat with soft edge definition."
"snoppy, wearing hat, wild, anime style",deepai_4_13_1_0.jpg,95,3.1261969822577425,A close-up of a cartoon mouse in a red hat on blue. The subject is clear though the hat band shows minor geometric distortion. Outlines are uneven and the background has faint texture noise.
"snoppy, wearing hat, wild, anime style",dreamStudio_4_8_1_0.jpg,95,2.0890911051307586,A stylized white cartoon character in a hat occupies a centered portrait view. The subject exhibits stable anatomy and high semantic clarity without visible distortion. Surfaces exhibit a waxy quality with softened fine detail definition.
"snoppy, wearing hat, wild, realistic style",deepai_4_13_1_1.jpg,95,2.0003658265738027,A digital painting shows a close-up of a cartoon bear in a blue hat. The subject is structurally readable but exhibits minor facial asymmetry and inconsistent fur. Surfaces show mild waxiness and edges lack sharp definition.
"snoppy, wearing hat, wild, realistic style",dreamStudio_4_8_1_1.jpg,95,2.0067236483066515,A 3D rendered dog wearing a white hat sits on a plain background. The subject shows minor neck distortion and simplified limb geometry. Surfaces look waxy with softened details and flat textures.
"snoppy, wearing shirt, city, anime style",deepai_4_14_0_0.jpg,96,2.571837624741921,"A cartoonish hooded character stands before a stylized urban cityscape background. The character's structure is stable, though hands and limbs appear slightly malformed. Bold outlines exhibit aliasing and repetitive background patterns."
"snoppy, wearing shirt, city, anime style",dreamStudio_4_9_0_0.jpg,96,0.0,"A centered, heavily blurred, skull-like shape on a plain background. The subject's features are completely obscured by extreme smoothing and lack of detail. Global blur and flatness dominate the perceptual quality."
"snoppy, wearing shirt, city, realistic style",deepai_4_14_0_1.jpg,96,2.9270372114105587,A cartoon yellow dog sits before a city skyline on a t-shirt graphic. The subject's limbs appear fused and its cranial structure is vaguely malformed. Global textures exhibit noticeable grain and softened edge definitions.
"snoppy, wearing shirt, city, realistic style",dreamStudio_4_9_0_1.jpg,96,2.333746632180828,A sketch-style portrait of a man in a t-shirt against a plain background. The subject has asymmetrical facial features and a distorted head shape. Details are softened by a pervasive grainy texture.
"snoppy, wearing shirt, wild, anime style",deepai_4_14_1_0.jpg,96,2.798210796571025,A stylized cartoon panda stands against a pink polka-dot background. The character displays illegible chest text and structurally inconsistent claw-like fingers. Bold outlines provide definition despite some repetitive background texture patterns.
"snoppy, wearing shirt, wild, anime style",dreamStudio_4_9_1_0.jpg,96,0.4379193722076035,A heavily blurred central shape resembling a face on a neutral background. The subject lacks coherent anatomy and is semantically unreadable from extreme blurring. Pervasive oversmoothing eliminates all fine details and edge definition.
"snoppy, wearing shirt, wild, realistic style",deepai_4_14_1_1.jpg,96,1.665117755668704,"A centered digital portrait shows a black and white dog-like creature. The subject lacks eyes and has an oversized nose, causing facial distortion. Heavy grainy noise flattens textures and obscures details."
"snoppy, wearing shirt, wild, realistic style",dreamStudio_4_9_1_1.jpg,96,0.9848180437747156,A blurry stylized panda face is centered on a yellow background. The subject features are simplified into indistinct dark shapes without anatomical precision. Heavy blur and smooth textures obscure all fine surface details.
"snoppy, having hamburger, city, anime style",deepai_4_3_0_0.jpg,98,2.790856529983844,A cartoon-style illustration shows a smiling man holding a lollipop beside a burger. The man's face and hand are structurally distorted with semantically ambiguous features. Outlines show aliasing and textures appear flat.
"snoppy, having hamburger, city, realistic style",deepai_4_3_0_1.jpg,98,2.4424082096397144,A cartoon boy smiles under a giant floating hamburger on a blue background. The patty has a malformed bean-like texture and the hands appear structurally weak. Outlines show aliasing and textures appear flat.
"snoppy, having hamburger, wild, anime style",deepai_4_3_1_0.jpg,98,2.739741729287086,A frontal-view cartoon hamburger with bold outlines fills the frame. The burger's layers show semantic distortion with a face on the white component. Visible grainy texture noise covers the surfaces and softens the outlines.
"snoppy, having hamburger, wild, realistic style",deepai_4_3_1_1.jpg,98,2.878229485267461,A cartoon hamburger with antennae sits on a plate near a sliced object. The side object features a malformed and semantically unreadable internal structure. Textures show noticeable graininess and lack of sharp edge definition.
"snoppy, having icecream, city, anime style",deepai_4_4_0_0.jpg,99,3.0102820653648323,"A black-and-white cartoon dog holds colorful ice cream on a city sidewalk. The subject exhibits distorted anatomy with a fused paw and malformed torso. Background features messy scribbles and inconsistent, broken line definitions."
"snoppy, having icecream, city, realistic style",deepai_4_4_0_1.jpg,99,2.4169909293741743,A yellow cartoon creature sits in a blue cup against a gradient background. The stylized subject maintains structural coherence while the label shows unreadable pseudo-text. Crisp outlines and solid fills ensure visual stability without dominant artifacts.
"snoppy, having icecream, wild, anime style",deepai_4_4_1_0.jpg,99,2.890524881853224,A stylized cartoon portrait features a girl holding a shaved ice treat. The subject's mouth and hands are severely distorted with fused anatomy. Heavy black outlines exhibit jagged aliasing and flat texture rendering.
"snoppy, having icecream, wild, realistic style",deepai_4_4_1_1.jpg,99,2.152638679510321,A stylized cartoon bear holds an ice cream cone in a portrait frame. The subject's hand and facial features exhibit fused lines and structural ambiguity. Black outlines appear jagged with inconsistent thickness across the composition.
"snoppy, playing baseball, city, anime style",deepai_4_6_0_0.jpg,101,2.927458700660802,"A cartoon illustration depicts a boy in a baseball uniform swinging a bat. The character's anatomy is distorted with simplified, fused limbs and indistinct hand details. Outlines exhibit aliasing and color regions appear overly smooth."
"snoppy, playing baseball, city, anime style",dreamStudio_4_1_0_0.jpg,101,1.7287925635232857,A sepia-toned soft-focus image depicts a baseball player in a batting stance. The subject lacks facial features and has severely blurred indistinct limb anatomy. Severe oversmoothing creates flat textures and undefined edges.
"snoppy, playing baseball, city, realistic style",deepai_4_6_0_1.jpg,101,2.325176801,A cartoon figure throws a ball on a field before a city skyline. The subject has a malformed fused hand and simplified limb geometry. Heavy repetitive canvas texture dominates the image surface.
"snoppy, playing baseball, city, realistic style",dreamStudio_4_1_0_1.jpg,101,2.161891790815201,"A grayscale 3D-rendered cartoon bear holds a baseball bat indoors. The subject displays malformed facial features and fused, indistinct limb digits. Surfaces exhibit waxy smoothness with a lack of fine textural detail."
"snoppy, playing baseball, wild, anime style",deepai_4_6_1_0.jpg,101,3.2181379863422763,"A cartoon bear mascot swings a bat on a bright baseball field. The character exhibits simplified anatomy with unnaturally wide, flat leg structure. Bold outlines display jagged edges and background details lack fine texture."
"snoppy, playing baseball, wild, anime style",dreamStudio_4_1_1_0.jpg,101,1.7444703180118457,A high-contrast monochrome illustration depicts a baseball player in a batting stance. The subject shows severe distortion with fused hands and a featureless face. Tonal transitions exhibit waxy melting and inconsistent pseudo-detail.
"snoppy, playing baseball, wild, realistic style",deepai_4_6_1_1.jpg,101,2.4532749717379523,A thick-outlined cartoon bear rests on a green field beside a red ball. The subject features fused limbs and malformed anatomy with indistinct paws. Textures appear flat and waxy with softened edges.
"snoppy, playing baseball, wild, realistic style",dreamStudio_4_1_1_1.jpg,101,1.3696882791222396,"A blurry 3D cartoon dog stands on a plain green background. The subject features a simplified, blob-like anatomy with fused facial features and indistinct limbs. Global oversmoothing results in waxy textures and softened edges."
"snoppy, playing yoga, city, anime style",deepai_4_8_0_0.jpg,103,2.304563640344349,A multi-panel comic illustration depicts several figures performing diverse yoga poses. The subjects show severe anatomical distortions with elongated limbs and broken joints. Background text is illegible gibberish and textures lack natural fine detail.
"snoppy, playing yoga, city, anime style",dreamStudio_4_3_0_0.jpg,103,1.3802859880366325,A stylized 3D character stretches on a mat in an abstract room. The figure displays malformed anatomy with fused hands and softened joints. Global oversmoothing flattens textures and blurs all edges.
"snoppy, playing yoga, city, realistic style",deepai_4_8_0_1.jpg,103,2.124997707710464,A headless person performs yoga on a rooftop before a dense city skyline. The figure lacks a head and exhibits malformed hands fused with the mat. Background textures display repetitive patterns and lack sharp architectural definition.
"snoppy, playing yoga, city, realistic style",dreamStudio_4_3_0_1.jpg,103,1.4388633354555282,"A blurry 3D-rendered white animal figurine stands on a dark mat. The subject displays a simplified, blob-like anatomy with limbs fused to the torso. Heavy blurring and background grain affect overall sharpness."
"snoppy, playing yoga, wild, anime style",deepai_4_8_1_0.jpg,103,2.699969762528146,A high-contrast black-and-white illustration depicts a stylized figure amidst intricate abstract patterns. The subject exhibits simplified anatomy with malformed facial features and fused limb outlines. Background textures show repetitive pseudo-details and inconsistent local line density.
"snoppy, playing yoga, wild, anime style",dreamStudio_4_3_1_0.jpg,103,1.2439394953531482,"A digital painting portrays a person performing a yoga lunge pose. The subject possesses a completely smooth, featureless face and poorly defined hands. Global textures appear waxy with inconsistent, oversaturated color gradients."
"snoppy, playing yoga, wild, realistic style",deepai_4_8_1_1.jpg,103,1.5806964716776903,A woman performs a yoga pose in an outdoor forest setting. The subject anatomy shows unnatural limb fusion and an elongated neck structure. Skin appears waxy and background details exhibit slight blurring and melting.
"snoppy, playing yoga, wild, realistic style",dreamStudio_4_3_1_1.jpg,103,1.5362671587905783,A digital rendering of a woman in a yoga pose on a mat. The subject exhibits severe anatomical distortion with a warped torso and malformed limbs. Oversmoothing and flat textures obscure fine image details.
"snoppy, using CD, city, anime style",deepai_4_9_0_0.jpg,104,2.944792510888916,A grid of nine pop-art cartoon panels features simple figures on colorful backgrounds. Character forms remain recognizable despite illegible pseudo-text and occasional spatial inconsistencies. Bold outlines and flat colors mask subtle background texture melting and repetition.
"snoppy, using CD, city, anime style",dreamStudio_4_4_0_0.jpg,104,1.874006741411062,"A digital cartoon illustration shows a white animal character against a grid background. The subject has a malformed limb and a distorted shell on its torso. The image exhibits heavy blurring, waxy textures, and poorly defined edges."
"snoppy, using CD, city, realistic style",deepai_4_9_0_1.jpg,104,3.071349514,Four stylized graphic panels display distorted text and cartoon faces on a grey background. Subjects show severe semantic illegibility and malformed iconic structures in each quadrant. Visuals exhibit mild oversmoothing and flat texture.
"snoppy, using CD, city, realistic style",dreamStudio_4_4_0_1.jpg,104,0.2120659938253002,"A heavily blurred monochrome close-up shows a dog's head on a plain backdrop. The subject is structurally illegible, lacking discernible facial or body details. Global blur and noise flatten textures and destroy edge clarity."
"snoppy, using CD, wild, anime style",deepai_4_9_1_0.jpg,104,2.029141473194196,A high-contrast sketch displays a centered cartoon monkey character with thick outlines. The subject's face is clear while its limbs appear as malformed scribbles. Jagged strokes dominate the frame with minimal internal texture detail.
"snoppy, using CD, wild, anime style",dreamStudio_4_4_1_0.jpg,104,0.357142962,"A heavily blurred figure-like shape centers on a plain, light-colored background. Extreme blurring obscures all anatomical details and makes the subject unrecognizable. Global oversmoothing eliminates all texture and edge definition."
"snoppy, using CD, wild, realistic style",deepai_4_9_1_1.jpg,104,2.7427699149330462,A detailed pencil sketch of a wolf face featuring vibrant green eyes. The subject is coherent but exhibits an unnatural smile and broad muzzle. Fur textures appear waxy with softened edges and pseudo-detail.
"snoppy, using CD, wild, realistic style",dreamStudio_4_4_1_1.jpg,104,0.2255610875511961,"A heavily blurred profile of an animal head on a plain background. The subject lacks clear anatomy and appears as a soft, indistinct shape. Severe blur eliminates all texture and edge definition."
"teddy bear, driving aircraft, city, anime style",deepai_5_0_0_0.jpg,105,2.8637052215711987,"An anime illustration depicts a boy seated in an airplane cockpit. The subject is coherent, yet cockpit instruments display severe semantic distortion and illegible symbols. Skin textures appear waxy and fine edges lack crisp definition."
"teddy bear, driving aircraft, city, realistic style",deepai_5_0_0_1.jpg,105,2.6715714622989166,A photorealistic teddy bear sits before a small model airplane on pavement. The bear's anatomy is stable while the aircraft's landing gear appears simplified. Ground textures repeat noticeably and fur lacks fine micro-detail.
"teddy bear, driving aircraft, wild, anime style",deepai_5_0_1_0.jpg,105,2.376584708508811,"A digital illustration depicts a brown cartoon bear in a vehicle interior. The subject maintains a simple, structurally stable cartoon anatomy with clear features. The image exhibits pervasive oversmoothing, flat textures, and softened edges."
"teddy bear, driving aircraft, wild, realistic style",deepai_5_0_1_1.jpg,105,2.4272653299504947,A brown teddy bear in a black shirt sits on a blue surface. The subject has a malformed chest logo and fused garment texture. Fur appears waxy and oversmoothed with a repetitive background pattern.
"teddy bear, driving bike, city, anime style",deepai_5_1_0_0.jpg,106,2.82142751503734,A stylized teddy bear rides a red bicycle through a blurred city. The bicycle wheels and limb joints show unnatural geometry and fusion. Background regions display heavy smearing and low-detail texture flattening.
"teddy bear, driving bike, city, realistic style",deepai_5_1_0_1.jpg,106,2.923800049661536,A photorealistic teddy bear rides a bicycle on a sunny city street. The teddy bear has malformed limbs and the bicycle shows broken geometry. Distant buildings display melted architectural features and inconsistent surface textures.
"teddy bear, driving bike, wild, anime style",deepai_5_1_1_0.jpg,106,2.096095680484215,A minimalist silhouette shows a bear riding a bicycle on a textured background. Limbs and pedals show fused geometry with unclear joint connections. Flat textures and soft edges lack sharp local detail definition.
"teddy bear, driving bike, wild, realistic style",deepai_5_1_1_1.jpg,106,2.210641460826271,A 3D-rendered teddy bear sits on a bicycle over a grey surface. The bear's structure is warped with distorted limbs and a fleshy anomaly. Surfaces lack detail and the background exhibits prominent grain.
"teddy bear, using laptop, city, anime style",deepai_5_10_0_0.jpg,107,3.0850241295616243,A small brown teddy bear sits on a laptop keyboard in warm light. The subject is readable despite minor limb fusion at the base. Global smoothing creates waxy textures and softens all visible edges.
"teddy bear, using laptop, city, anime style",dreamStudio_5_5_0_0.jpg,107,1.295893663,"A blurry, soft-focus teddy bear sits against a warm background. The subject's features are simplified and lack distinct structural definition. Extreme blur removes texture and softens every boundary."
"teddy bear, using laptop, city, realistic style",deepai_5_10_0_1.jpg,107,2.702805598986583,A digital illustration portrays a teddy bear against a plain light backdrop. The subject is readable but exhibits simplified anatomy and indistinct limb separation. Significant oversmoothing leads to waxy textures and softened edge definitions.
"teddy bear, using laptop, city, realistic style",dreamStudio_5_5_0_1.jpg,107,1.361637579023926,A soft-focus digital rendering of a teddy bear head on a neutral background. The subject maintains a coherent facial structure despite its simplified features. Heavy global oversmoothing eliminates fine textures and sharp edge definitions.
"teddy bear, using laptop, wild, anime style",deepai_5_10_1_0.jpg,107,2.6609281037976142,A brown teddy bear sits before a silver laptop on a blue background. The subject's face is distorted by a fused black sphere on the snout. Fur textures appear waxy and lack sharp micro-detail.
"teddy bear, using laptop, wild, anime style",dreamStudio_5_5_1_0.jpg,107,1.6545504477288977,A close-up view of a soft-focused brown teddy bear character. The subject's simple anatomy remains coherent despite significant blurring across all features. Extreme softness and visible noise obscure fine details and edge definition.
"teddy bear, using laptop, wild, realistic style",deepai_5_10_1_1.jpg,107,2.939346813672673,A 3D brown teddy bear sits on a silver laptop against a grey background. The bear's limbs are fused and its facial features show geometric instability. Textures appear waxy with noticeable oversmoothing across all surfaces.
"teddy bear, using laptop, wild, realistic style",dreamStudio_5_5_1_1.jpg,107,1.578947800103294,A centered 3D-style brown teddy bear sits on a plain grey background. The subject maintains a stable toy-like structure despite simplified limb definitions. Heavy smoothing and pervasive grainy texture reduce detail clarity.
"teddy bear, using phone, city, anime style",deepai_5_11_0_0.jpg,108,3.3009815762243164,A large teddy bear holds phones while sitting before a blurred street scene. The subject displays a structurally anomalous human hand fused to the plush limb. Fur textures appear flat while the background lacks fine textural definition.
"teddy bear, using phone, city, anime style",dreamStudio_5_6_0_0.jpg,108,1.626873413203227,"A blurry, stylized brown teddy bear holds a smartphone in a warm interior. The subject's facial features and limb structures are heavily obscured by extreme softness. Global oversmoothing eliminates all fine texture and edge definition."
"teddy bear, using phone, city, realistic style",deepai_5_11_0_1.jpg,108,2.0755960114048624,A digital painting shows a brown teddy bear centered on a gray background. The bear's facial features are distorted and its limbs appear overly rounded. Textures are smooth and waxy with minimal fine detail.
"teddy bear, using phone, city, realistic style",dreamStudio_5_6_0_1.jpg,108,1.6443954615708634,A centered close-up shows a stylized orange teddy bear head on a plain background. The subject maintains a stable facial geometry despite extreme stylistic simplification. Heavy global blurring and noise degrade overall perceptual sharpness.
"teddy bear, using phone, wild, anime style",deepai_5_11_1_0.jpg,108,2.7722570413854064,A digital illustration shows a grey teddy bear on a pink floor. The subject's limbs appear fused and facial features lack anatomical precision. Fur texture exhibits repetitive speckling and softened edge definitions.
"teddy bear, using phone, wild, anime style",dreamStudio_5_6_1_0.jpg,108,1.6987057304426356,A centered close-up of a brown teddy bear against an orange backdrop. The subject displays a stable and recognizable stuffed animal form. Heavy smoothing and a pervasive grainy texture obscure surface details.
"teddy bear, using phone, wild, realistic style",deepai_5_11_1_1.jpg,108,3.0075847554046784,A photorealistic close-up portrait of a teddy bear against a warm orange background. The bear displays facial asymmetry and structurally ambiguous details at the chest. Fur surfaces show slight waxiness and subtle background repetition.
"teddy bear, using phone, wild, realistic style",dreamStudio_5_6_1_1.jpg,108,1.6604823604067434,A centered digital rendering of a brown teddy bear against a neutral background. The subject's facial features are fused and lack distinct structural definition. Heavy oversmoothing creates a uniform waxy surface texture.
"teddy bear, wearing hat, city, anime style",deepai_5_13_0_0.jpg,110,2.808647039742693,"A cartoon teddy bear in a black suit sits before a stylized city skyline. The subject lacks eyes and features simplified, structurally ambiguous limb geometry. Flat textures and background grain limit overall detail richness."
"teddy bear, wearing hat, city, anime style",dreamStudio_5_8_0_0.jpg,110,2.234014204677764,A blurry digital rendering of a teddy bear in a beret on a warm backdrop. The subject's face is distorted into a glowing ring and limbs lack definition. Oversmoothing creates a waxy texture and lacks fine detail.
"teddy bear, wearing hat, city, realistic style",deepai_5_13_0_1.jpg,110,3.29352298593892,"A close-up shows a teddy bear wearing a red cap outdoors. The subject is structurally stable despite simplified facial features and thick limbs. Textures show a waxy, over-painted appearance with softened details."
"teddy bear, wearing hat, city, realistic style",dreamStudio_5_8_0_1.jpg,110,1.992758144916243,A 3D-style teddy bear wearing a cap stands against a neutral background. The subject's limbs are structurally simplified and lack clear joint definition. Surfaces appear waxy and edges suffer from significant blurring.
"teddy bear, wearing hat, wild, anime style",deepai_5_13_1_0.jpg,110,3.828755210178215,A photorealistic teddy bear in a hat sits against wooden planks. The subject's facial features and clothing show minor fusion and unnatural lines. White fur textures appear waxy with softened edges and pseudo-details.
"teddy bear, wearing hat, wild, anime style",dreamStudio_5_8_1_0.jpg,110,1.724126767710579,A dark teddy bear sits centered against a plain gray background. The bear's anatomy is structurally stable and clearly recognizable as a plush toy. Global perceptual quality shows noticeable graininess and soft edge definition.
"teddy bear, wearing hat, wild, realistic style",deepai_5_13_1_1.jpg,110,2.384093010859288,A digital illustration shows a teddy bear in a red hat on a grey background. The bear's facial features are slightly fused and limb joints appear distorted. Textures show repetitive pseudo-details and softened edge definition.
"teddy bear, wearing hat, wild, realistic style",dreamStudio_5_8_1_1.jpg,110,1.956786520016941,A centered digital portrait shows a stylized teddy bear head on a gray background. The subject features malformed ears with rectangular artifacts and a disjointed muzzle. Heavy oversmoothing blurs textures and melts peripheral edges.
"teddy bear, wearing shirt, city, anime style",deepai_5_14_0_0.jpg,111,1.95868359735412,A cartoon teddy bear stands centered on a dark background in a flat style. The subject exhibits coherent symmetrical anatomy with clear facial features and logical limbs. Sharp edges and flat colors show no dominant artifact.
"teddy bear, wearing shirt, city, anime style",dreamStudio_5_9_0_0.jpg,111,2.035736051331169,A digital illustration depicts a brown teddy bear with a bow tie on a purple background. The subject's face is simplified and its paws appear disproportionately large. Textures appear oversmoothed and waxy with minimal detail.
"teddy bear, wearing shirt, city, realistic style",deepai_5_14_0_1.jpg,111,2.432397862874528,A photorealistic brown teddy bear sits centered against a neutral background. The subject's nose and paw pads are malformed with unnatural dark voids. Fur textures display mild oversmoothing and repetitive pseudo-detailing.
"teddy bear, wearing shirt, city, realistic style",dreamStudio_5_9_0_1.jpg,111,2.044533348149034,A 3D-rendered teddy bear in a tie stands against a plain grey background. The character's face contains a malformed highlight impacting its semantic readability. Textures appear waxy and lack any discernible fine surface detail.
"teddy bear, wearing shirt, wild, anime style",deepai_5_14_1_0.jpg,111,3.4433290659595723,A brown teddy bear in a patterned shirt sits against a teal background. The bear's face is distorted by a malformed muzzle and a paw eye. Fur textures appear waxy and details are softened.
"teddy bear, wearing shirt, wild, anime style",dreamStudio_5_9_1_0.jpg,111,1.6391410612386423,A digital teddy bear in a purple vest sits on a textured grey background. The subject's face is malformed with an extra dot above the eyes. Textures appear waxy and the background exhibits a coarse repetitive grain.
"teddy bear, wearing shirt, wild, realistic style",deepai_5_14_1_1.jpg,111,1.4454728048782346,A brown teddy bear sits centered against a plain grey background. The subject structure is coherent despite strangely indented and simplified foot regions. Fur texture appears slightly waxy with softened boundary definition.
"teddy bear, wearing shirt, wild, realistic style",dreamStudio_5_9_1_1.jpg,111,0.4082476805927479,A close-up shows a heavily blurred teddy bear against a plain background. The subject's facial features are indistinct blobs lacking any discernible structural detail. Global oversmoothing has entirely eliminated texture and edge definition.
"teddy bear, having hamburger, city, anime style",deepai_5_3_0_0.jpg,113,3.066905985476692,A cartoon bear holds a large burger in a room with background windows. The subject's simple anatomy is stable but the text is semantically broken. Global textures exhibit noticeable blur and compression noise.
"teddy bear, having hamburger, city, realistic style",deepai_5_3_0_1.jpg,113,2.186953846520402,A centered digital illustration depicts a yellow teddy bear against horizontal wooden slats. The subject maintains coherent cartoon anatomy with clearly defined limbs and facial features. Background surfaces show repetitive pseudo-text patterns and flattened texture details.
"teddy bear, having hamburger, wild, anime style",deepai_5_3_1_0.jpg,113,2.626910852,A cartoon-style brown teddy bear holds a hamburger against a teal background. The bear's facial features are slightly misaligned and lack precise definition. Grainy texture and soft edges are visible throughout the composition.
"teddy bear, having hamburger, wild, realistic style",deepai_5_3_1_1.jpg,113,2.931455705471293,A cartoon-style teddy bear sits on a lawn holding a lollipop. The bear's snout features a structurally implausible cross-shaped stitch. Global textures appear flat and waxy with softened details.
"teddy bear, having icecream, city, anime style",deepai_5_4_0_0.jpg,114,3.479657515539952,A cartoon bear sits at an outdoor cafe table under a pink umbrella. The subject is stable though background text and objects are semantically illegible. Textures show oversmoothing and flatness across the whole frame.
"teddy bear, having icecream, city, realistic style",deepai_5_4_0_1.jpg,114,3.242169722675869,"A cartoon teddy bear in blue holds a large dessert before a city. The subject features a simplified torso with fused limbs and indistinct hand details. Background elements display repetitive pseudo-details and flat, oversmoothed surface textures."
"teddy bear, having icecream, wild, anime style",deepai_5_4_1_0.jpg,114,2.998698444719273,"A cartoon teddy bear holds ice cream cones against a patterned green background. The bear's anatomy is stable, though its gripping paw appears slightly malformed. Flat textures dominate, and the background features a highly repetitive pattern."
"teddy bear, having icecream, wild, realistic style",deepai_5_4_1_1.jpg,114,2.6705270432923864,A 3D teddy bear holds a large ice cream cone against a blue background. The subject's face is marred by a malformed object fused to its chin. Fur textures appear overly smooth and lack fine-grained detail.
"teddy bear, having pizza, city, anime style",deepai_5_5_0_0.jpg,115,2.7762166178153884,A cartoon bear in a blue robe holds two pizzas against a blue grid. The subject is structurally stable but features vague hands and illogical pizza toppings. Textures appear flat and edges lack sharp definition.
"teddy bear, having pizza, city, anime style",dreamStudio_5_0_0_0.jpg,115,1.8728222928832507,A stylized digital illustration shows a brown teddy bear holding a sandwich. The bear's face exhibits minor structural distortion and warping around the muzzle. Textures look flat with soft edges and visible pixelation.
"teddy bear, having pizza, city, realistic style",deepai_5_5_0_1.jpg,115,2.359354758610893,A cartoon teddy bear holds a pizza slice against a blue background. The subject's simplified anatomy is structurally stable and clearly recognizable. Flat textures and sharp edges lack any noticeable visual artifacts.
"teddy bear, having pizza, city, realistic style",dreamStudio_5_0_0_1.jpg,115,1.952799195036612,A monochrome teddy bear figure sits centered in a minimal room. The bear’s facial features and limb attachments appear simplified and indistinct. Strong smoothing and pervasive noise flatten textures and soften edges.
"teddy bear, having pizza, wild, anime style",deepai_5_5_1_0.jpg,115,2.796797314021924,A cartoon teddy bear in a red cap holds a pepperoni pizza. The bear's facial features and the malformed background figure lack geometric consistency. Flat textures and jagged edges characterize the global perceptual quality.
"teddy bear, having pizza, wild, anime style",dreamStudio_5_0_1_0.jpg,115,2.317690134319535,A stylized 3D teddy bear holds a pizza object against a teal backdrop. The bear's face is malformed with a fused muzzle and inconsistent anatomy. Waxy textures and fine background grain are present.
"teddy bear, having pizza, wild, realistic style",deepai_5_5_1_1.jpg,115,2.691815559426226,A digital painting shows a teddy bear sitting in a pizza box. The bear and pizza are structurally stable and clearly readable. Edges are softened and lighting is slightly inconsistent.
"teddy bear, having pizza, wild, realistic style",dreamStudio_5_0_1_1.jpg,115,1.871349418862749,A digital 3D-style teddy bear is centered against a neutral gray background. The subject has simplified malformed facial features and flat fused-looking paw regions. Global textures appear waxy and oversmoothed with heavy background noise.
"teddy bear, playing baseball, city, anime style",deepai_5_6_0_0.jpg,116,2.251211597,A cartoon teddy bear holds a bat against a city skyline. The subject is recognizable but has simplified limbs and a stiff pose. Faint watermark patterns and flat textures affect global perceptual quality.
"teddy bear, playing baseball, city, anime style",dreamStudio_5_1_0_0.jpg,116,2.124192109020657,A 3D-rendered brown teddy bear stands in a sunny outdoor field. The subject maintains structural coherence with only minor facial line distortions. Surfaces exhibit excessive smoothing and waxy textures throughout the composition.
"teddy bear, playing baseball, city, realistic style",deepai_5_6_0_1.jpg,116,2.2553757294477146,A cartoon teddy bear sits in a green shape on brown background. The subject is stable but features simplified and ambiguous limb details. Textures appear flat and waxy with softened details and background noise.
"teddy bear, playing baseball, city, realistic style",dreamStudio_5_1_0_1.jpg,116,2.123548458543786,A 3D-rendered brown teddy bear stands against a softly blurred background. The subject maintains a stable structure despite its simplified and smooth form. Surfaces show uniform waxiness and pervasive edge blurring.
"teddy bear, playing baseball, wild, anime style",deepai_5_6_1_0.jpg,116,2.100385637057428,A cartoon teddy bear in a blue jersey faces a grey background. The subject has simplified geometry with a fused snout and unreadable markings. Edges display aliasing while surface textures lack natural fine detail.
"teddy bear, playing baseball, wild, anime style",dreamStudio_5_1_1_0.jpg,116,1.2503975492622437,A simplified dark brown teddy bear stands against a plain textured background. The subject shows a primitive structure with fused limbs and a minimal face. Background grain and softened edges affect the overall visual clarity.
"teddy bear, playing baseball, wild, realistic style",deepai_5_6_1_1.jpg,116,2.2285790401608465,A centered cartoon teddy bear stands against a plain gray textured background. The character's limbs are simplified paddles lacking anatomical joints or realistic proportions. Textures are smooth and waxy with visible background grain repetition.
"teddy bear, playing baseball, wild, realistic style",dreamStudio_5_1_1_1.jpg,116,2.379808221342409,A brown 3D-rendered teddy bear sits against a solid green background. The subject displays a coherent and stable plush toy structure with clear semantic readability. Surface textures show mild oversmoothing and repetitive pseudo-detail patterns.
"teddy bear, playing football, city, anime style",deepai_5_7_0_0.jpg,117,2.469420483466785,A cartoon teddy bear in a red scarf stands on a gray background. The bear shows simplified anatomy with splayed limbs and a floating ball. Fur is flat while the background shows digital noise.
"teddy bear, playing football, city, anime style",dreamStudio_5_2_0_0.jpg,117,1.9678865776251364,"A 3D-style teddy bear is centered on a plain grey background. The toy's limbs are oversized and appear structurally fused at the joints. Fur shows repetitive patterns and a smoothed, waxy surface finish."
"teddy bear, playing football, city, realistic style",deepai_5_7_0_1.jpg,117,2.530504233462958,"A digital painting depicts a brown teddy bear holding a soccer ball on a blue background. The bear is structurally sound, though the soccer ball pattern shows geometric distortion. Fur textures show artificial graininess and softened local detail."
"teddy bear, playing football, city, realistic style",dreamStudio_5_2_0_1.jpg,117,0.6796589950064874,"A blurry frontal view of a teddy bear on a green background. The subject's features are obscured by heavy blur, rendering structure indistinct. Severe global oversmoothing removes all texture and definition."
"teddy bear, playing football, wild, anime style",deepai_5_7_1_0.jpg,117,3.2637903246912674,A large teddy bear in a jersey sits on grass in bright sunlight. The subject's facial structure is distorted with misaligned eyes and a wide snout. Textures appear waxy and lack fine detail.
"teddy bear, playing football, wild, anime style",dreamStudio_5_2_1_0.jpg,117,1.6575202493838808,A digital illustration presents a centered orange teddy bear against a green backdrop. The subject exhibits simplified anatomy with fused limbs and basic facial features. Textures display repetitive pseudo-detailing and softened boundaries.
"teddy bear, playing football, wild, realistic style",deepai_5_7_1_1.jpg,117,4.042653167922772,A photorealistic teddy bear sits on a grassy field in soft light. The subject's snout and paws are distorted by fused ball textures. Fur surfaces show waxy smoothness with softened fine details.
"teddy bear, playing football, wild, realistic style",dreamStudio_5_2_1_1.jpg,117,2.1223064176758086,"A 3D-rendered brown teddy bear stands against a simple green background. Facial markings are semantically ambiguous and limbs lack clear anatomical articulation. Dense granular noise covers surfaces, degrading texture quality and edge definition."
"teddy bear, using CD, city, anime style",deepai_5_9_0_0.jpg,119,2.6522223672300997,A brown plush teddy bear sits against a colorful test pattern. The subject features a simplified face with a large nose and oversized belly. Soft focus and waxy textures reduce fine detail clarity.
"teddy bear, using CD, city, anime style",dreamStudio_5_4_0_0.jpg,119,1.8046561495916056,A brown teddy bear with a ribbon sits on a warm plain background. The subject is coherent but has a distorted ribbon and oversized paws. Fur textures show slight waxiness and softened detail.
"teddy bear, using CD, city, realistic style",deepai_5_9_0_1.jpg,119,2.743026896939021,A brown teddy bear sits centered against a textured grey background. The subject displays stable anatomy with clear facial features and consistent proportions. Fur textures exhibit subtle repetitive patterns and minor local softness.
"teddy bear, using CD, city, realistic style",dreamStudio_5_4_0_1.jpg,119,1.7407227596103108,A 3D-rendered brown teddy bear sits centered against a neutral backdrop. The subject maintains a recognizable plush form with simplified extremity geometry. Fine repetitive grain textures and global softening reduce material realism.
"teddy bear, using CD, wild, anime style",deepai_5_9_1_0.jpg,119,1.930721832272127,A blue cartoon teddy bear with red eyes sits against a plain wall. The bear's facial features and limb geometry are simplified and distorted. Grainy noise covers the surface and softens the black outlines.
"teddy bear, using CD, wild, anime style",dreamStudio_5_4_1_0.jpg,119,1.875162945845952,A photorealistic teddy bear sits on a white surface against a green wall. The bear displays malformed fused limbs and a distorted facial structure. Fur textures appear waxy with softened edges and pseudo-detail.
"teddy bear, using CD, wild, realistic style",deepai_5_9_1_1.jpg,119,3.066778004750098,A photorealistic brown teddy bear is centered against a soft green backdrop. The subject's face and paws exhibit unnatural discoloration and semantically confusing shapes. Fur textures appear waxy with inconsistent detail and softened edges.
"teddy bear, using CD, wild, realistic style",dreamStudio_5_4_1_1.jpg,119,1.9091143219873856,A stylized teddy bear sits centered on a textured beige background. The subject's simplified anatomy is structurally stable and semantically clear. Oversmoothing creates waxy textures and poorly defined edges.
"kid, driving aircraft, city, anime style",deepai_6_0_0_0.jpg,120,2.694940639214812,An anime girl stands beside a large jet aircraft under a bright sky. The girl's body and the aircraft structure are physically fused and warped. Edges show minor aliasing while textures appear flat and lack detail.
"kid, driving aircraft, city, realistic style",deepai_6_0_0_1.jpg,120,4.326972474989733,A young boy sits in an airplane cockpit overlooking a runway. The subject's right hand is severely malformed with fused digits. Skin textures appear waxy and background edges are softened.
"kid, driving aircraft, wild, anime style",deepai_6_0_1_0.jpg,120,2.6174746210856816,A purple-haired anime girl sits on a jet under a bright sky. The subject's hand and leg joints show malformed anatomy while the face stays readable. Surfaces appear waxy with inconsistent lighting and soft edges.
"kid, driving aircraft, wild, realistic style",deepai_6_0_1_1.jpg,120,3.7681219403529407,"A close-up shows a red biplane flying against a clear blue sky. The aircraft exhibits distorted cockpit geometry, a malformed pilot, and unreadable markings. Surfaces show waxy textures and softened edge definition throughout."
"kid, driving bike, city, anime style",deepai_6_1_0_0.jpg,121,2.6737273207733048,Two anime characters ride a red bicycle in an urban setting. The bicycle geometry is distorted and the hands appear as fused paws. Oversmoothing and edge aliasing affect the overall sharpness.
"kid, driving bike, city, realistic style",deepai_6_1_0_1.jpg,121,2.5615708527316863,A stylized 3D child rides a bicycle on an empty urban street. The figure displays malformed facial features and fused hands on the handlebars. Textures appear waxy and oversmoothed with softened edges.
"kid, driving bike, wild, anime style",deepai_6_1_1_0.jpg,121,2.7658658089271424,An anime-style boy rides a bicycle across a brightly lit park. The figure displays awkward arm placement and a structurally confused bicycle frame. Heavy background smoothing creates melting textures and lacks fine edge definition.
"kid, driving bike, wild, realistic style",deepai_6_1_1_1.jpg,121,3.3618005867999745,A helmeted child smiles while riding a bicycle on an outdoor paved road. The hands and handlebar assembly show malformed anatomy and tangled structural fusion. Textures appear waxy and oversmoothed with softened edge definitions.
"kid, using laptop, city, anime style",deepai_6_10_0_0.jpg,122,2.8350884200200053,An anime illustration shows a person from behind in a city. The subject's facial structure is distorted and background figures are malformed. Oversmoothing and melting textures degrade global edge definition.
"kid, using laptop, city, realistic style",deepai_6_10_0_1.jpg,122,2.9311542844980027,A stylized illustration shows a person reaching toward a brick wall and laptop. The hand has distorted finger anatomy and the keyboard lacks clear structure. Posterization flattens textures and creates jagged edges on boundaries.
"kid, using laptop, wild, anime style",deepai_6_10_1_0.jpg,122,2.353067325264472,A purple-haired anime girl uses a laptop beside a small plush toy. Her hands on the keyboard are severely malformed with fused and missing digits. Outlines show heavy aliasing and textures appear overly flat.
"kid, using laptop, wild, realistic style",deepai_6_10_1_1.jpg,122,2.9951740676733123,Grayscale digital portrait of a child leaning on a laptop. The subject's facial structure and pose appear coherent and well-defined. Skin textures exhibit a slight waxiness with softened fine details.
"kid, using phone, city, anime style",deepai_6_11_0_0.jpg,123,2.707922326113526,An anime-style boy holds a tablet before a colorful building facade. The subject is structurally coherent despite visible hand fusion and leg warping. Outlines show aliasing and background textures lack fine detail variation.
"kid, using phone, city, realistic style",deepai_6_11_0_1.jpg,123,3.8882798919703663,A child holds a smartphone on a monochrome street with a single orange sign. The subject's hand shows slight fusion and awkwardness while gripping the smartphone. Background blur flattens textures and obscures distant details.
"kid, using phone, wild, anime style",deepai_6_11_1_0.jpg,123,3.328843498631207,A high-contrast anime girl holds a blue labeled object against a dark background. The subject's hands exhibit malformed anatomy with fused fingers and illogical clothing folds. Jagged edges and inconsistent line weights reduce clarity.
"kid, using phone, wild, realistic style",deepai_6_11_1_1.jpg,123,3.352088947365486,A young boy holds a smartphone in a sunlit grassy field. The child's hand anatomy is malformed and the ear structure appears fused. Skin textures look waxy and background details are softened by oversmoothing.
"kid, wearing coat, city, anime style",deepai_6_12_0_0.jpg,124,2.8035439611073336,A red-haired child stands on a city sidewalk in a dark coat. The subject's hand is malformed and the coat exhibits unnatural structural folding. Waxy textures characterize surfaces while background details appear noticeably blurred.
"kid, wearing coat, city, realistic style",deepai_6_12_0_1.jpg,124,3.345186928329724,A black-and-white photo depicts a child in a hooded coat on paved ground. The subject's face exhibits distorted eyes and a malformed mouth structure. Textures appear overly smooth with flattened details and weak edge definition.
"kid, wearing coat, wild, anime style",deepai_6_12_1_0.jpg,124,2.688305220796834,"A photorealistic portrait shows a young boy leaning against a tree outdoors. The subject's face appears unnatural with a distorted object near the neck. Textures exhibit global oversmoothing and a pervasive waxy, plastic-like finish."
"kid, wearing coat, wild, realistic style",deepai_6_12_1_1.jpg,124,3.430942170765654,A digital painting depicts a young boy in a grey coat against a dark background. The facial structure is coherent despite minor asymmetry around the eyes and mouth. Skin and fabric textures appear waxy and lack sharp micro-details.
"kid, wearing hat, city, anime style",deepai_6_13_0_0.jpg,125,3.4377702344793915,An anime figure in an orange hat faces a colorful urban street. The subject's anatomy is stable despite a flattened upper torso perspective. Background architecture shows repetitive patterns and visible watermarks.
"kid, wearing hat, city, realistic style",deepai_6_13_0_1.jpg,125,3.118111660390578,"A digital painting shows a smiling boy in a cap on a street. The subject's face has minor asymmetry, and ears look poorly integrated. Textures are overly smooth, and background details remain indistinct."
"kid, wearing hat, wild, anime style",deepai_6_13_1_0.jpg,125,2.9403292201104363,A centered anime portrait shows a boy in a red cap on a blue background. Facial structure is stable though ears exhibit noticeable asymmetry. Heavy grainy texture and softened edges dominate the perceptual field.
"kid, wearing hat, wild, realistic style",deepai_6_13_1_1.jpg,125,3.3524743734660736,"A grayscale sketch captures a joyful child wearing a baseball cap. The face is well-formed, but the open mouth exhibits indistinct dental features. Rendering shows pervasive oversmoothing and waxy skin textures."
"kid, driving car, city, anime style",deepai_6_2_0_0.jpg,127,2.9564495296717315,A vibrant anime-style drawing features a warped car on an urban street. The central vehicle displays a completely broken structure with impossible geometry. Heavy line work emphasizes flat colors and repetitive background patterns.
"kid, driving car, city, realistic style",deepai_6_2_0_1.jpg,127,2.202310710629086,A vector-style illustration depicts a boy gesturing at a car in a city. The subject's hand is malformed and facial features appear slightly asymmetric. Flat textures and repetitive background patterns reduce overall visual depth.
"kid, driving car, wild, anime style",deepai_6_2_1_0.jpg,127,2.6684869266830984,"A digital anime illustration shows a male character inside a car. The face is readable, but the hands are malformed with fused anatomy. Sharp outlines and flat colors create a stable graphic appearance."
"kid, driving car, wild, realistic style",deepai_6_2_1_1.jpg,127,3.061975913187648,"A photorealistic portrait depicts a young boy leaning out of a car window. The boy's face is coherent, yet his right hand displays malformed finger anatomy. Textures exhibit a waxy appearance due to excessive smoothing."
"kid, having hamburger, city, anime style",deepai_6_3_0_0.jpg,128,3.278519640228407,A cartoon boy holds a large hamburger before a stylized city skyline. The subject remains readable despite simplified limbs and oddly shaped background clouds. Outlines show inconsistent thickness and visible aliasing across the frame.
"kid, having hamburger, city, realistic style",deepai_6_3_0_1.jpg,128,3.1373203686115247,"A vector illustration depicts a smiling boy holding a burger before a city. The subject's structure is stable, though the hand holding the burger is slightly fused. Flat colors and clean lines show minimal artifacts."
"kid, having hamburger, wild, anime style",deepai_6_3_1_0.jpg,128,2.987729484,"An anime illustration shows a boy holding a hamburger against a purple background. The subject's face is asymmetrical, and his hands appear malformed while holding the burger. Textures appear waxy and edges show slight softening."
"kid, having hamburger, wild, realistic style",deepai_6_3_1_1.jpg,128,2.910139440787106,"A cartoon character points toward text next to a large hamburger. The figure suffers from malformed hands, distorted facial features, and illegible text. Shading is flat and outlines exhibit slight digital softening."
"kid, having icecream, city, anime style",deepai_6_4_0_0.jpg,129,2.9100536977469265,"An anime illustration depicts a boy holding two ice cream cones on a street. The boy's face is clear, but his hands and ice cream are malformed. Textures appear waxy and background architectural lines lack sharpness."
"kid, having icecream, city, realistic style",deepai_6_4_0_1.jpg,129,2.971659694179801,"A digital painting depicts a young boy holding a large ice cream cone. The subject's hands are malformed with fused fingers and unclear joint structure. Background architecture is heavily blurred with flat, indistinct surface textures."
"kid, having icecream, wild, anime style",deepai_6_4_1_0.jpg,129,2.657339390465279,A close-up anime-style illustration shows a purple-haired girl eating ice cream. The subject's hands are severely distorted with fused fingers and broken anatomy. Textures appear waxy while edges show inconsistent softening.
"kid, having icecream, wild, realistic style",deepai_6_4_1_1.jpg,129,3.467604863109257,A close-up portrait features a young girl holding an ice cream cone. The subject's facial features and hand exhibit significant anatomical distortion and fusion. Skin appears waxy and fine details show inconsistent pseudo-texturing.
"kid, having pizza, city, anime style",deepai_6_5_0_0.jpg,130,3.471001352821532,An anime-style boy holds a pepperoni pizza against a dense urban backdrop. The character's right hand is malformed while the shirt text is illegible. Background windows display repetitive tiling and lack natural surface variation.
"kid, having pizza, city, realistic style",deepai_6_5_0_1.jpg,130,2.970895029163906,"A cartoon boy holds a pizza in front of a city skyline. The boy's hands lack anatomical structure and appear as fused, shapeless masses. Textures and edges show no dominant local artifact."
"kid, having pizza, wild, anime style",deepai_6_5_1_0.jpg,130,2.681324827058128,"A cartoon boy holds two giant pepperoni pizza slices on a plain background. Subject anatomy is stable, though the oversized pizza creates awkward scaling. Surfaces show flat textures and pervasive oversmoothing across the image."
"kid, having pizza, wild, realistic style",deepai_6_5_1_1.jpg,130,4.287478073165207,"A photorealistic close-up shows a young boy gazing at a large pepperoni pizza. The boy's face features unnatural blue eyes and a stiff, uncanny smile. Textures appear waxy and oversmoothed with significant background detail loss."
"kid, playing football, city, anime style",deepai_6_7_0_0.jpg,132,2.5312561640747853,An anime boy in a blue soccer jersey stands within a bright stadium. The subject's left hand exhibits severe digit fusion while the face remains stable. Heavy oversmoothing flattens texture detail across the figure and background.
"kid, playing football, city, realistic style",deepai_6_7_0_1.jpg,132,3.035827126922629,A boy in a blue soccer kit kicks a ball on a field. The figure's arms and legs are distorted by heavy motion blur and ghosting. Oversmoothing and flat textures degrade background and surface details.
"kid, playing football, wild, anime style",deepai_6_7_1_0.jpg,132,2.620956915056489,A digital illustration shows a uniformed player kicking a ball on a field. The subject's facial features within the helmet appear distorted and lack coherence. The background exhibits a grainy texture and flat tones.
"kid, playing football, wild, realistic style",deepai_6_7_1_1.jpg,132,2.103653199357197,A photorealistic shot depicts a boy kicking on a grassy field. The subject displays severe facial distortion and malformed hands with unnatural poses. Surfaces appear waxy with softened details and inconsistent shadow boundaries.
"kid, playing yoga, city, anime style",deepai_6_8_0_0.jpg,133,2.133249397595325,A cartoon boy sits cross-legged before a colorful glitch-art city background. The subject's facial features and hand anatomy exhibit minor structural asymmetry. Background pixelation and streaking create dominant visual noise.
"kid, playing yoga, city, realistic style",deepai_6_8_0_1.jpg,133,2.658051723,A young boy sits cross-legged on a yoga mat in a sunny urban plaza. Facial features and hand digits appear malformed and structurally inconsistent. Skin textures show unnatural smoothness and background details lack definition.
"kid, playing yoga, wild, anime style",deepai_6_8_1_0.jpg,133,2.9945510322994364,"An anime-style character performs yoga in a room with large windows. The subject's limbs are distorted with fused hands and unclear joints. Surfaces exhibit flat textures and overly sharp, aliased edge definitions."
"kid, playing yoga, wild, realistic style",deepai_6_8_1_1.jpg,133,2.1383547387299378,A digital painting depicts a boy meditating in a lotus pose near a tree. The subject's legs exhibit severe anatomical distortion with malformed and fused structures. Skin appears waxy and edges lack sharp definition.
"kid, using CD, city, anime style",deepai_6_9_0_0.jpg,134,2.985256986896803,A black-haired anime boy holds a tablet against a colorful poster wall. The subject's anatomy is stable though facial details show minor irregularities. Background textures contain heavy pseudo-detail and melting illegible text.
"kid, using CD, city, realistic style",deepai_6_9_0_1.jpg,134,2.932392400679953,"A digital painting shows a young boy crouching on a city sidewalk. The subject displays significant anatomical distortion in the hands, knees, and face. Background is blurry and textures appear waxy."
"kid, using CD, wild, anime style",deepai_6_9_1_0.jpg,134,2.719041260911834,An anime-style boy with spiky hair stands before a colorful abstract backdrop. Facial features display minor asymmetry and the hands lack detailed anatomical definition. Background textures appear melted and lack fine-grained detail.
"kid, using CD, wild, realistic style",deepai_6_9_1_1.jpg,134,3.080003877608525,A digital art collage showcases several sketched portraits of children. Multiple faces exhibit severe structural distortion with malformed eyes and warped anatomy. Textures show inconsistent pseudo-details and waxy surface smoothing across all panels.
"man, driving aircraft, city, anime style",deepai_7_0_0_0.jpg,135,2.987869703218017,"A cartoon orange airplane flies above an instrument panel against a blue sky. The aircraft structure is warped with fused parts, and dashboard symbols are illegible. Flat textures and repetitive patterns fill the panel."
"man, driving aircraft, city, realistic style",deepai_7_0_0_1.jpg,135,4.7996387232411415,A close-up view shows mismatched airplane parts over a blurred city. The subject features fused and structurally inconsistent aircraft components. Background details are oversmoothed and surfaces show unnatural waviness.
"man, driving aircraft, wild, anime style",deepai_7_0_1_0.jpg,135,3.261752471005074,A vector-style jet aircraft flies through a bright sky over green terrain. The subject displays illegible tail symbols and unstable landing gear geometry. Sharp contours and flat color regions show minimal global perceptual distortion.
"man, driving aircraft, wild, realistic style",deepai_7_0_1_1.jpg,135,3.0561182836907785,A digital painting shows a small airplane flying through a blue sky. The subject is structurally distorted with malformed wings and warped geometry. Surfaces appear waxy and lack sharp detail across the frame.
"man, driving bike, city, anime style",deepai_7_1_0_0.jpg,136,2.39732546,An anime-style boy rides a bicycle across a city street. The bicycle frame and wheels are distorted with broken mechanical logic. Background architecture exhibits repetitive textures and softened details.
"man, driving bike, city, realistic style",deepai_7_1_0_1.jpg,136,3.427889742,"A man rides a bicycle on a street near a reflective barrier. The subject's limbs and bicycle frame appear warped and lack precision. Global textures exhibit heavy oversmoothing and a flat, painterly visual quality."
"man, driving bike, wild, anime style",deepai_7_1_1_0.jpg,136,3.2629218605635284,A spiky-haired anime character rides a bicycle in a bright outdoor setting. The figure's hands and the bicycle frame show significant fusion and structural warping. Textures appear flat with inconsistent detail density across the image.
"man, driving bike, wild, realistic style",deepai_7_1_1_1.jpg,136,2.847384669474931,"A sketch depicts a person riding a bicycle on a textured background. The subject shows distorted anatomy, fused hands, and implausible bicycle geometry. Coarse grain texture and a blurry bottom strip degrade clarity."
"man, using laptop, city, anime style",deepai_7_10_0_0.jpg,137,2.490568222827769,A cropped anime male uses a laptop in a bright urban setting. The hand shows distorted anatomy with fused fingers and an illegible keyboard. Background windows repeat unnaturally while edges show slight softening.
"man, using laptop, city, anime style",dreamStudio_6_5_0_0.jpg,137,2.002489484942369,A digital illustration shows a teal-haired figure in profile against a soft background. The subject's face and hand exhibit noticeable structural distortion and anatomical incoherence. Global oversmoothing flattens textures and softens boundaries.
"man, using laptop, city, realistic style",deepai_7_10_0_1.jpg,137,3.6514819563548326,A digital painting depicts a figure standing in a narrow urban street. The subject shows malformed hands and fused shoes while vehicles lack form. Textures appear flat with visible repetitive tiling on background surfaces.
"man, using laptop, city, realistic style",dreamStudio_6_5_0_1.jpg,137,1.261751936452175,A heavily blurred sepia-toned cityscape silhouette dominates the hazy frame. Building forms are structurally plausible but lack any readable detail. Intense global blur flattens textures and destroys edge definition.
"man, using laptop, wild, anime style",deepai_7_10_1_0.jpg,137,2.6193338678926845,"An anime-style illustration depicts a young boy viewing a laptop screen. The facial anatomy is coherent, though the laptop components lack logical detail. Global oversmoothing creates flat textures and indistinct background boundaries."
"man, using laptop, wild, anime style",dreamStudio_6_5_1_0.jpg,137,2.0129468065850507,A blurry anime illustration depicts a person looking at a laptop screen. The subject's form is recognizable but lacks clear structural edge definition. Pervasive oversmoothing flattens textures and obscures fine details.
"man, using laptop, wild, realistic style",deepai_7_10_1_1.jpg,137,2.681156006050529,"A digital sketch of an anime character appears within a software interface. The subject's facial features are coherent, though hair strands show minor structural detachment. Skin textures appear somewhat waxy with softened fine details."
"man, using laptop, wild, realistic style",dreamStudio_6_5_1_1.jpg,137,1.4321909393765384,A soft-focus laptop rests on a plain beige background surface. The object's structure is malformed with fused keys and warped chassis lines. Extreme global blurring flattens texture and destroys edge clarity.
"man, wearing hat, city, anime style",deepai_7_13_0_0.jpg,140,2.627433488405267,An anime-style illustration shows a faceless man in a straw hat on a street. The subject lacks facial features and has minor clothing geometry issues. Edges show jagged aliasing and textures appear overly flat.
"man, wearing hat, city, anime style",dreamStudio_6_8_0_0.jpg,140,2.236327856,"A stylized illustration shows a man in a fedora and sunglasses against a plain background. The subject's facial structure exhibits distortion, particularly a malformed nose and simplified mouth. Global rendering is soft with flat textures and weak definition."
"man, wearing hat, city, realistic style",deepai_7_13_0_1.jpg,140,4.607223336556273,A photorealistic close-up of a man in a wide-brimmed hat. Facial anatomy is stable despite minor eye asymmetry and flattened lip geometry. Skin textures show a waxy smoothness and repetitive patterns.
"man, wearing hat, city, realistic style",dreamStudio_6_8_0_1.jpg,140,2.865539601,A digital portrait shows a man in a dark cap against a blurred background. Facial features are clear but show subtle structural fusion around the nose and mouth. Oversmoothing creates waxy textures and softened edges.
"man, wearing hat, wild, anime style",deepai_7_13_1_0.jpg,140,3.1207684261779645,An anime-style portrait depicts a person in a hat against a forest. The subject's facial structure shows subtle fusion and asymmetry around the eyes. Surfaces display heavy oversmoothing and a consistent waxy texture quality.
"man, wearing hat, wild, anime style",dreamStudio_6_8_1_0.jpg,140,1.4798851621391789,"A soft-focus sepia portrait depicts a face wearing a dark hat. Facial features are recognizable but appear heavily smoothed and indistinct. Extreme global oversmoothing creates a flat, waxy texture throughout."
"man, wearing hat, wild, realistic style",deepai_7_13_1_1.jpg,140,3.185411403467083,"A digital portrait shows a bearded man in a black cap on a grey background. The face is stable, but the cap features a distorted white patch. Skin appears waxy and smooth with repetitive background grain visible."
"man, wearing hat, wild, realistic style",dreamStudio_6_8_1_1.jpg,140,3.069217090333969,A digital portrait depicts a man wearing a green cowboy hat. The face is readable but features a stiff beard outline and synthetic skin. Overall textures appear waxy and lack natural micro-detail or surface variation.
"man, wearing shirt, city, anime style",deepai_7_14_0_0.jpg,141,3.0101425926044785,An anime-style sketch portrays a young man on a city sidewalk. The subject is structurally coherent despite noticeable facial asymmetry and vague features. Background architecture exhibits repetitive textures and inconsistent edge definitions.
"man, wearing shirt, city, anime style",dreamStudio_6_9_0_0.jpg,141,0.0,A heavily blurred figure in light clothing stands against a neutral background. The subject's structure is indistinct and lacks recognizable anatomical features. Extreme global oversmoothing eliminates all fine textures and sharp edges.
"man, wearing shirt, city, realistic style",deepai_7_14_0_1.jpg,141,4.260295012,A man stands centered in a selective-color urban street scene. The subject's face and hair show mild structural distortion and unnatural styling. Background elements lack sharpness and contain visible noise patterns.
"man, wearing shirt, city, realistic style",dreamStudio_6_9_0_1.jpg,141,1.9651109541803915,"A digital rendering shows the back of a person before a plain wall. The subject's body is coherent, but the head features a fused and malformed ear. Global blur flattens textures and obscures fine details."
"man, wearing shirt, wild, anime style",deepai_7_14_1_0.jpg,141,3.5880527440900547,A photorealistic portrait of a young man against a textured grey wall. The subject displays an elongated neck and distorted clothing and hand anatomy. Skin appears waxy while background textures show distinct repetition.
"man, wearing shirt, wild, anime style",dreamStudio_6_9_1_0.jpg,141,2.804391315013344,"Anime-style digital portrait of a young man on a textured beige background. The face is clear, but the neck and shoulder anatomy appears distorted. Image shows oversmoothing, flat textures, and softened edge definitions."
"man, wearing shirt, wild, realistic style",deepai_7_14_1_1.jpg,141,3.325960058419524,"A digital sketch portrays a man's face resting against his hand. Facial features are subtly distorted, and the hand structure is malformed. Surfaces display waxy smoothing with softened fine details."
"man, wearing shirt, wild, realistic style",dreamStudio_6_9_1_1.jpg,141,1.803817233145449,A bearded man stands against a plain background in a soft digital style. The subject's face is structurally distorted and lacks clear anatomical readability. Extreme oversmoothing flattens textures and blurs all edges.
"man, driving car, city, anime style",deepai_7_2_0_0.jpg,142,3.2485555890673017,A vibrant digital illustration depicts a red car driving down a city street. The central vehicle is structurally coherent while background buildings display warped geometry. Heavy motion blur and flat textures obscure fine surface details.
"man, driving car, city, realistic style",deepai_7_2_0_1.jpg,142,2.572057629086884,A yellow cartoon car with a face centers a blue sketched city scene. The subject's stylized structure is coherent with clear facial features and geometry. Background textures exhibit slight oversmoothing and repetitive grainy patterns.
"man, driving car, wild, anime style",deepai_7_2_1_0.jpg,142,2.4572562767927835,"A green-haired anime character leans from a car window holding an object. The subject's hand fuses with the object, and facial features are asymmetrical. Skin textures look waxy, and edges lack sharp definition."
"man, driving car, wild, realistic style",deepai_7_2_1_1.jpg,142,3.3488478296035638,"A red vintage car illustration sits on a dusty road in a sketchy style. The car features malformed headlights, a distorted grille, and weak wheel alignment. Noisy hatching textures and soft edges affect clarity."
"man, having hamburger, city, anime style",deepai_7_3_0_0.jpg,143,2.618073011476788,An anime-style boy eats a burger before a bright city street. The subject's hands exhibit severe anatomical distortion and fused finger geometry. Distant background elements show oversmoothing and repetitive texture patterns.
"man, having hamburger, city, realistic style",deepai_7_3_0_1.jpg,143,3.112203730316986,A cartoon illustration presents three burgers and drink containers against a dark background. The bottom-right burger and tall container display malformed geometry and confusing internal structures. Uneven outlines and flat repetitive textures dominate the visual surface.
"man, having hamburger, wild, anime style",deepai_7_3_1_0.jpg,143,2.359499101895504,"A cartoon illustration depicts two burgers on plates against a simple background. The large burger is clear, but the smaller object is a semantically distorted fusion. Thick outlines and flat shading create a stylized, textureless appearance."
"man, having hamburger, wild, realistic style",deepai_7_3_1_1.jpg,143,3.7992165426380593,An overhead shot depicts a stylized hamburger on a green plate. The subject features a structurally illogical yellow band and distorted utensil shapes. Surfaces show a consistent painterly texture with soft edge definition throughout.
"man, having icecream, city, anime style",deepai_7_4_0_0.jpg,144,3.262183640085479,Two anime characters eat ice cream on a bright city sidewalk. Facial features and hands display subtle fusion and anatomical ambiguity. Nonsensical text and soft details affect background clarity.
"man, having icecream, city, realistic style",deepai_7_4_0_1.jpg,144,3.161614359625016,A stylized illustration features multiple colorful ice cream cones and scoops on a blue background. Subjects remain recognizable despite unconventional structural forms and unusual stacking arrangements. Cone textures show repetitive patterns and surfaces appear somewhat flat.
"man, having icecream, wild, anime style",deepai_7_4_1_0.jpg,144,2.871319479915184,"An anime illustration shows a green-haired boy holding a yellow object against a red pattern. The subject's anatomy is stable, but the held object lacks clear semantic definition. Repetitive background patterns and softened edges are visible."
"man, having icecream, wild, realistic style",deepai_7_4_1_1.jpg,144,3.0305187007619967,"A stylized portrait shows a young man biting into an ice cream cone. Hand anatomy is distorted with fused fingers, and the mouth area lacks clarity. Skin textures appear waxy and edges are overly softened."
"man, having pizza, city, anime style",deepai_7_5_0_0.jpg,145,3.02587136274678,An anime-style illustration shows two characters holding pizzas outside a shop. Hands are malformed and the speech bubble text is completely illegible. Textures lack detail and exhibit global oversmoothing.
"man, having pizza, city, anime style",dreamStudio_6_0_0_0.jpg,145,2.682676000930225,A close-up view captures a sliced pepperoni pizza on a dark surface. Toppings display malformed cheese blobs and structurally unstable melt patterns. Textures appear waxy with flat surface detail.
"man, having pizza, city, realistic style",deepai_7_5_0_1.jpg,145,4.044364566,"An illustrated overhead scene features pizzas, an iced drink, and fruit. Recognizable food subjects display semantic confusion in the beverage and inconsistent topping layout. Textures are flat with sharp outlines and repetitive pseudo-details."
"man, having pizza, city, realistic style",dreamStudio_6_0_0_1.jpg,145,2.764259977190518,"A sliced pepperoni pizza sits on a light surface under dim lighting. The pizza's toppings show irregular placement and fused boundaries with the cheese. Heavy grain masks details while creating flat, repetitive surface textures."
"man, having pizza, wild, anime style",deepai_7_5_1_0.jpg,145,2.523947189747924,"A top-down view captures a sliced pepperoni and olive pizza inside a box. Toppings are clear, but many olives appear as flat, malformed discs without depth. Textures show waxy oversmoothing and softened detail."
"man, having pizza, wild, anime style",dreamStudio_6_0_1_0.jpg,145,0.6892008989220204,"A blurry, round, reddish-orange object is centered on a neutral background. The subject's internal structure is completely obscured by heavy blurring. Extreme global smoothing eliminates all fine details and edge definition."
"man, having pizza, wild, realistic style",deepai_7_5_1_1.jpg,145,2.4681996144627303,"A whole pepperoni pizza on a dark wooden surface viewed from above. The pizza is clearly readable, but pepperoni placement lacks organic randomness. Surfaces show mild oversmoothing with waxy cheese and softened wood grain."
"man, having pizza, wild, realistic style",dreamStudio_6_0_1_1.jpg,145,1.6963994027167075,A top-down digital painting displays a sliced pizza on a neutral background. The subject's geometry is mostly coherent but exhibits slight slice boundary fusion. Background grain and waxy textures reduce local detail clarity.
"man, playing baseball, city, anime style",deepai_7_6_0_0.jpg,146,3.2472977424022345,A monochrome manga drawing features a youth holding two baseball bats against city buildings. The subject's face and floating ball display subtle asymmetry and malformed textural details. Background lines appear inconsistent with visible repetitive texture patterns.
"man, playing baseball, city, anime style",dreamStudio_6_1_0_0.jpg,146,1.997680755475142,A stylized painting depicts a baseball player in a batting stance on a field. The subject shows simplified anatomy with malformed hands and a featureless head. Heavy oversmoothing flattens textures and softens all image edges.
"man, playing baseball, city, realistic style",deepai_7_6_0_1.jpg,146,1.855141862814434,A dark silhouette of a baseball player swinging a bat against a textured wall. The subject anatomy shows a disconnected arm and a floating bat without a grip. Repetitive background textures and softened edges are visible.
"man, playing baseball, city, realistic style",dreamStudio_6_1_0_1.jpg,146,1.5023687655415847,"A heavily blurred digital painting depicts a young baseball player in uniform. The subject's anatomy is vague, featuring an indistinct face and poorly defined limbs. Global oversmoothing removes texture detail and softens every edge boundary."
"man, playing baseball, wild, anime style",deepai_7_6_1_0.jpg,146,3.114000050467705,"Eight anime-style baseball players are arranged in a two-by-four portrait grid. Several faces and hands appear malformed, while jersey text is largely illegible. Global textures appear oversmoothed with softened edge boundaries."
"man, playing baseball, wild, anime style",dreamStudio_6_1_1_0.jpg,146,2.038736549645135,"A stylized baseball player in a pitching stance on a blurred field. The subject has a featureless black head and a severely distorted throwing arm. Widespread softness, flat textures, and grain reduce perceptual detail."
"man, playing baseball, wild, realistic style",deepai_7_6_1_1.jpg,146,3.328557915205721,A stylized digital painting depicts a baseball player in a batting stance. The subject exhibits anatomical distortion with an oversized head and warped limbs. Flat textures and repetitive background patterns affect perceptual quality.
"man, playing baseball, wild, realistic style",dreamStudio_6_1_1_1.jpg,146,1.9037484935533948,A minimalist vector illustration shows a person with a racket and a floating ring. The subject displays simplified anatomy with a featureless face and poorly defined limbs. Flat textures and softened edges dominate the visual field.
"man, playing football, city, anime style",deepai_7_7_0_0.jpg,147,2.8817534728122784,An anime-style illustration depicts a male soccer player in a dynamic pose. The subject is stable despite an ambiguous handheld object and illegible text. Rendering shows flat textures and indistinct background details.
"man, playing football, city, anime style",dreamStudio_6_2_0_0.jpg,147,2.7065505983567864,An anime-style illustration features a male soccer player mid-kick on a field. The subject shows severe limb distortion with malformed hands and undefined feet. Oversmoothing causes lost texture and soft edge definitions.
"man, playing football, city, realistic style",deepai_7_7_0_1.jpg,147,3.205538052990965,A rear-view shot shows a soccer player on a stadium field. The player's right leg is severely malformed with a fused red foot. Background textures appear repetitive and edges lack sharp definition.
"man, playing football, city, realistic style",dreamStudio_6_2_0_1.jpg,147,1.6093064004342217,A sepia-toned image shows a blurred soccer player in motion on a field. The subject's limbs and facial features are severely distorted by heavy blurring. Extreme oversmoothing flattens textures and obscures all edge definitions.
"man, playing football, wild, anime style",deepai_7_7_1_0.jpg,147,3.054931382173066,Anime-style illustration depicts three male soccer players on a stadium field. Subjects are recognizable but include a floating hand and crowded limb overlaps. Textures show noticeable smoothing and waxy pseudo-detailing.
"man, playing football, wild, anime style",dreamStudio_6_2_1_0.jpg,147,0.3404259554370622,A heavily blurred figure in white clothing stands on a green field. The subject lacks any discernible structure due to severe loss of detail. Extreme global oversmoothing completely obscures all textures and edges.
"man, playing football, wild, realistic style",deepai_7_7_1_1.jpg,147,2.7754014934828386,A soccer player kicks a ball on a field under dramatic lighting. The subject's face and hands are severely distorted and structurally broken. Global textures appear waxy with significant background blur and soft edges.
"man, playing football, wild, realistic style",dreamStudio_6_2_1_1.jpg,147,1.194123771103606,A blurry painting shows a man playing with soccer balls on a plain background. The subject displays distorted anatomy with elongated limbs and a malformed face. Heavy blurring washes out all textures and sharp edges.
"man, using CD, city, anime style",deepai_7_9_0_0.jpg,149,3.306505587,A green-haired anime boy stands before a densely packed colorful city background. The central figure is structurally sound with only minor collar fusion visible. Background textures show repetitive patterns and illegible pseudo-detailing throughout.
"man, using CD, city, anime style",dreamStudio_6_4_0_0.jpg,149,2.337633756735624,"Two anime-style figures stand against a soft, colorful blurred background. Character anatomy is simplified and the handheld device appears structurally malformed. Oversmoothing flattens textures and obscures fine edge details."
"man, using CD, city, realistic style",deepai_7_9_0_1.jpg,149,3.106952043627357,"A painted cityscape centers on a tall skyscraper viewed from a street. The main structure is stable, but side buildings show malformed window patterns. Blur and coarse textures obscure fine details."
"man, using CD, city, realistic style",dreamStudio_6_4_0_1.jpg,149,0.0,A blurry abstract image depicts a pale surface with faint vertical shadow shapes. The image lacks structural coherence and semantic meaning due to severe defocus. Oversmoothing and digital grain dominate the entire visual field.
"man, using CD, wild, anime style",deepai_7_9_1_0.jpg,149,3.119349020801104,"A circular anime-style illustration depicts multiple characters surrounding a central hub. Character faces and limbs show severe distortion, fusion, and anatomical inconsistencies. Global textures look waxy with jagged edges and illegible pseudo-details."
"man, using CD, wild, anime style",dreamStudio_6_4_1_0.jpg,149,1.6302245490129883,A digital painting shows an anime-style character against a heavily blurred background. The subject is structurally stable with readable features and minor asymmetry. Extreme blur and oversmoothing flatten all textures and details.
"man, using CD, wild, realistic style",deepai_7_9_1_1.jpg,149,3.8983886717805647,Two side-by-side digital portraits depict a person in a stylized artistic medium. Facial features are recognizable but exhibit subtle asymmetry and unnatural skin markings. Textures appear waxy and lack fine-grained natural surface detail.
"man, using CD, wild, realistic style",dreamStudio_6_4_1_1.jpg,149,0.3282259817216417,A heavily blurred close-up shows a single human eye. The eye structure is recognizable but lacks any anatomical detail. The entire image suffers from severe oversmoothing and loss of definition.
"woman, driving aircraft, city, anime style",deepai_8_0_0_0.jpg,150,2.9883708711837063,An anime-style woman in a suit drives a car against a vibrant sky. Her hands and the steering wheel exhibit significant structural fusion and warping. Inconsistent shading and flat textures reduce surface naturalness.
"woman, driving aircraft, city, realistic style",deepai_8_0_0_1.jpg,150,3.747633299515488,A cartoon propeller airplane flies over a dense grayscale urban cityscape. The aircraft's structure is stable despite minor malformations near the nose. Background architecture shows heavy blurring and melted details.
"woman, driving aircraft, wild, anime style",deepai_8_0_1_0.jpg,150,2.3292625590395697,A red-haired anime woman sits on an aircraft against a bright landscape. The subject's torso exhibits severe anatomical warping and malformed garment structure. Distant background textures appear flat with visible repetitive patterns.
"woman, driving aircraft, wild, realistic style",deepai_8_0_1_1.jpg,150,3.986808698071111,A digital painting portrays a woman in aviation goggles inside a cockpit. Facial anatomy remains stable though subtle dental distortions are present. Global textures show significant oversmoothing and a waxy surface appearance.
"woman, driving bike, city, anime style",deepai_8_1_0_0.jpg,151,3.011848267016205,An anime illustration shows a girl riding a bicycle through a city. The subject is coherent despite malformed bicycle wheels and simplified hand grips. Inconsistent lighting and flat textures reduce overall scene coherence.
"woman, driving bike, city, realistic style",deepai_8_1_0_1.jpg,151,3.874209179838025,A rear view shows a woman cycling along a sunlit urban street. The rider's hands are malformed and the bicycle frame lacks structural coherence. Waxy textures and heavy smoothing obscure fine details.
"woman, driving bike, wild, anime style",deepai_8_1_1_0.jpg,151,2.634430540810227,A pink-haired anime girl poses with a bicycle on a purple background. The subject features distorted limb anatomy and a structurally broken bicycle frame. Edges show aliasing and textures appear overly smooth.
"woman, driving bike, wild, realistic style",deepai_8_1_1_1.jpg,151,2.9199152814227416,A partial view shows a person on a bicycle in a field. The bicycle frame is severely warped and fused with the rider's legs. Edges are softened and textures appear flat across the scene.
"woman, using laptop, city, anime style",deepai_8_10_0_0.jpg,152,2.5223581100704613,An anime-style girl sits with a laptop against a city backdrop. The subject's limbs are unnaturally thin and lack plausible anatomical detail. Textures are flat and fine details are heavily smoothed out.
"woman, using laptop, city, anime style",dreamStudio_7_5_0_0.jpg,152,1.5478824844232255,"A side-profile view of a yellow-haired figure using a laptop indoors. The subject's silhouette is stable, while hands and the device appear fused. Global oversmoothing flattens textures and obscures fine edge definition."
"woman, using laptop, city, realistic style",deepai_8_10_0_1.jpg,152,3.314756034439703,A woman sits at a street-side table with a laptop in a realistic style. Her hands and the laptop keyboard show severe malformation and distorted anatomy. Background textures appear smoothed and lack fine-grained detail.
"woman, using laptop, city, realistic style",dreamStudio_7_5_0_1.jpg,152,0.3925288247466516,A close-up captures a blurry white mask-like face on a dark background. The subject lacks clear anatomy and appears as a smoothed abstract shape. Extreme blur obscures all fine details and surface textures.
"woman, using laptop, wild, anime style",deepai_8_10_1_0.jpg,152,2.5515148563795904,An anime girl sits at a laptop against a vibrant abstract background. The subject displays facial asymmetry and indistinct hand-laptop contact regions. Chaotic background textures and heavy outlines affect global visual stability.
"woman, using laptop, wild, anime style",dreamStudio_7_5_1_0.jpg,152,1.4221384483178456,"An anime character with black hair faces a laptop on a plain background. The face is stable, but the body and hand are severely melted and distorted. Heavy oversmoothing flattens textures and blurs background details."
"woman, using laptop, wild, realistic style",deepai_8_10_1_1.jpg,152,2.817816219787151,A stylized digital painting depicts a woman in profile at a laptop. The subject's hands are malformed and fused with the keyboard and mouse. Waxy textures and heavy smearing obscure all fine details.
"woman, using laptop, wild, realistic style",dreamStudio_7_5_1_1.jpg,152,2.033295166192222,A blurred illustration shows a person using a laptop at a desk. The subject's features are merged into indistinct shapes by heavy blur. Global oversmoothing removes all texture and sharp edge definition.
"woman, using phone, city, anime style",deepai_8_11_0_0.jpg,153,2.344689254773755,"An anime-style illustration shows a girl holding a smartphone before a cityscape. The figure shows severe anatomical distortions, notably in the hands and neck. Outlines show jagged aliasing and textures appear flat and lacking detail."
"woman, using phone, city, anime style",dreamStudio_7_6_0_0.jpg,153,2.658548577368768,"An anime-style woman holds a phone against a blurred city background. The subject is clear, but her hands show distorted finger anatomy and fusion. Textures appear overly smooth with softened edges and weak definition."
"woman, using phone, city, realistic style",deepai_8_11_0_1.jpg,153,3.0837959366195693,A digital illustration depicts a red-haired woman on a city street. The subject's hands and held objects are malformed and poorly defined. Heavy grainy texture and softened edges dominate the visual quality.
"woman, using phone, city, realistic style",dreamStudio_7_6_0_1.jpg,153,2.1005999792273227,"A minimalist, blurred silhouette of a woman using a phone in a neutral space. The figure lacks facial features and exhibits fused limbs with indistinct hand anatomy. Extreme oversmoothing creates flat textures and eliminates all fine detail."
"woman, using phone, wild, anime style",deepai_8_11_1_0.jpg,153,2.458275956999795,A stylized illustration shows a red-haired figure holding two smartphones against a grey background. The subject's hands are distorted with unnatural finger lengths and malformed joints. Dense uniform grain texture reduces edge definition and overall surface clarity.
"woman, using phone, wild, anime style",dreamStudio_7_6_1_0.jpg,153,0.6540998950321218,"A soft digital painting shows an anime girl with long dark hair. The subject lacks most facial features and has fused, malformed hand structures. Severe oversmoothing results in waxy surfaces and loss of fine detail."
"woman, using phone, wild, realistic style",deepai_8_11_1_1.jpg,153,2.977643086303248,A digital painting shows a woman from behind holding a device on a green background. The subject's ear and hand structures are distorted with unclear anatomical definition. Textures appear flat and edges lack sharp definition.
"woman, using phone, wild, realistic style",dreamStudio_7_6_1_1.jpg,153,1.1905689318647057,A soft-focus portrait depicts a woman against a muted background. The subject's facial features and pose remain semantically readable. Extreme oversmoothing flattens textures and blurs all local details.
"woman, wearing coat, city, anime style",deepai_8_12_0_0.jpg,154,2.860603933896219,A photorealistic portrait shows a woman in a coat on a city street. The subject's facial structure and shoulder anatomy appear slightly distorted and unnatural. Skin exhibits waxy oversmoothing and the coat lacks realistic textile detail.
"woman, wearing coat, city, anime style",dreamStudio_7_7_0_0.jpg,154,1.631006787206495,A digital illustration shows a short-haired woman on a plain background. The subject's torso and garment structure are severely malformed and anatomically broken. Oversmoothing creates flat textures and softened edge definitions.
"woman, wearing coat, city, realistic style",deepai_8_12_0_1.jpg,154,3.249109478848899,A woman in a light coat stands against a gray concrete wall. Facial features are misaligned and hands appear fused within the pockets. Global textures display oversmoothing and a lack of fine detail sharpness.
"woman, wearing coat, city, realistic style",dreamStudio_7_7_0_1.jpg,154,2.091326548927684,A side-profile of a woman on a blurred escalator in a hazy space. The figure is structurally stable but facial features and hands lack clear definition. Heavy global blur flattens textures and eliminates all fine edge definitions.
"woman, wearing coat, wild, anime style",deepai_8_12_1_0.jpg,154,2.981151657552118,An anime-style illustration depicts a long-haired girl in a snowy forest. The subject's face is a featureless white void with distorted boot anatomy. Heavy grain and noise obscure fine details across the image.
"woman, wearing coat, wild, anime style",dreamStudio_7_7_1_0.jpg,154,2.086825817120173,A rear-view anime painting shows a figure holding an object against a blurred background. The figure's hands and coat opening display anatomical confusion and structural warping. Textures appear waxy and oversmoothed with softened details and faint noise.
"woman, wearing coat, wild, realistic style",deepai_8_12_1_1.jpg,154,3.363829118406436,A photorealistic profile portrait of a woman in a grey coat against a blurred field. The subject's facial structure contains subtle fusion artifacts near the jawline and chin. Textures appear flattened while edges show consistent softening.
"woman, wearing coat, wild, realistic style",dreamStudio_7_7_1_1.jpg,154,1.969011528216276,A soft digital painting shows a woman's face against a blurred background. Facial anatomy appears stable while surface details remain largely undefined. Global oversmoothing flattens all textures and obscures sharp edges.
"woman, wearing hat, city, anime style",deepai_8_13_0_0.jpg,155,2.3891942899395704,"A stylized line art portrait shows a smiling woman in a wide hat. The face is stable, yet the neck region displays distorted anatomical geometry. Strokes show inconsistent width and slight edge softening."
"woman, wearing hat, city, anime style",dreamStudio_7_8_0_0.jpg,155,2.2445155757866164,An anime portrait shows a girl in a hat against a blurred background. The subject's facial features and headwear are structurally coherent and readable. Heavy oversmoothing flattens textures and blurs fine details.
"woman, wearing hat, city, realistic style",deepai_8_13_0_1.jpg,155,2.587342137994282,Digital sketch portrait of a woman in a red cap on a plain background. The face is clear but shows slight eye misalignment and unnatural lips. Skin appears waxy and hair shows repetitive stroke patterns.
"woman, wearing hat, city, realistic style",dreamStudio_7_8_0_1.jpg,155,2.1946426165234976,"Soft-focus portrait of a woman in a dark hat on a plain background. Facial features are recognizable but lack definition, with eyes appearing as smudges. Oversmoothing creates waxy textures and removes fine details."
"woman, wearing hat, wild, anime style",deepai_8_13_1_0.jpg,155,2.9425245092357386,"An anime-style portrait of a woman in a wide-brimmed hat against a colorful sky. The subject's face is clear, but the hand anatomy is malformed with fused digits. Skin textures appear waxy with softened details."
"woman, wearing hat, wild, anime style",dreamStudio_7_8_1_0.jpg,155,2.3139007889510825,A digital anime portrait features a girl in a wide-brimmed black hat. The character's facial features and hair structure remain coherent and readable. The image exhibits noticeable grain and softened edge definitions.
"woman, wearing hat, wild, realistic style",deepai_8_13_1_1.jpg,155,3.756146094679007,A digital painting portrays a close-up of a woman in a blue hat. The subject's face is structurally stable despite minor eye asymmetry. Global rendering exhibits smooth skin textures and softened hair boundaries.
"woman, wearing hat, wild, realistic style",dreamStudio_7_8_1_1.jpg,155,2.511615823405414,A digital portrait shows a woman in a wide-brimmed hat against a plain background. The face is clear while the body structure appears structurally vague and incomplete. Waxy textures and undefined edges degrade the global perceptual quality.
"woman, wearing shirt, city, anime style",deepai_8_14_0_0.jpg,156,3.1840137267150723,An anime-style girl stands before a glowing nighttime city skyline. The subject's anatomy is coherent except for a severely malformed hand. Background textures exhibit repetitive tiling and lack sharp local detail.
"woman, wearing shirt, city, anime style",dreamStudio_7_9_0_0.jpg,156,2.4616884197689437,An anime-style girl in a red shirt stands before a blurred city skyline. The subject's right arm is thin and structurally ambiguous near the hand. Background textures exhibit oversmoothing and lack fine architectural detail.
"woman, wearing shirt, city, realistic style",deepai_8_14_0_1.jpg,156,3.327116652355558,"A low-angle selective-color portrait shows a woman in red pants before city buildings. The subject's anatomy is plausible except for malformed, fused fingers on both hands. Background textures appear oversmoothed with slight boundary inconsistencies."
"woman, wearing shirt, city, realistic style",dreamStudio_7_9_0_1.jpg,156,0.065347353,A heavily blurred dark silhouette is centered on a plain light background. The subject's structure is entirely illegible with no recognizable features or forms. Extreme global smoothing eliminates all texture and edge definition.
"woman, wearing shirt, wild, anime style",deepai_8_14_1_0.jpg,156,2.576886120364101,An anime-style female character with long dark hair stands against a purple background. The subject's hands are severely distorted with fused fingers and broken structure. Skin textures appear flat while edges remain sharp.
"woman, wearing shirt, wild, anime style",dreamStudio_7_9_1_0.jpg,156,0.5230552518228433,A heavily blurred humanoid figure stands against a plain background. The subject's form is vague and lacks any semantic readability. Extreme global blur eliminates all texture and edge definition.
"woman, wearing shirt, wild, realistic style",deepai_8_14_1_1.jpg,156,3.2213624132633907,A desaturated close-up portrait shows a woman holding her head. The subject's eyes are slightly misaligned and her hands lack anatomical clarity. Skin textures appear waxy and fine details are softened throughout.
"woman, wearing shirt, wild, realistic style",dreamStudio_7_9_1_1.jpg,156,2.1513196735694904,A full-body portrait of a woman stands against a solid warm background. Her facial features are malformed and lack clear anatomical definition. Oversmoothing causes flat textures and weak edge definition.
"woman, driving car, city, anime style",deepai_8_2_0_0.jpg,157,2.7669542773998432,A red-haired anime girl stands on a city street with several cars. The subject's hands and the held object are severely malformed and indistinct. Background surfaces display flat textures and softened geometric edges.
"woman, driving car, city, realistic style",deepai_8_2_0_1.jpg,157,2.810297384737349,A close-up of a car's side mirror and hood against a blurred city. The car's geometry is malformed and lacks structural coherence. Heavy blur and flat textures dominate the perceptual quality.
"woman, driving car, wild, anime style",deepai_8_2_1_0.jpg,157,2.609954932742875,An anime illustration shows a woman driving a car in daylight. The subject's hands show distorted anatomy with fused fingers and poor definition. Surfaces appear waxy and fine details are softened.
"woman, driving car, wild, realistic style",deepai_8_2_1_1.jpg,157,2.6559276752966983,A woman stands on a car hood along a tree-lined road. The subject's facial features are severely distorted and her limbs appear malformed. Textures show pervasive oversmoothing and weak local edge definition.
"woman, having hamburger, city, anime style",deepai_8_3_0_0.jpg,158,3.100074238380901,A digital anime illustration depicts a girl holding food in an urban setting. The subject's hand is malformed and background signage lacks semantic meaning. Global textures appear flat with noticeable background detail repetition.
"woman, having hamburger, city, realistic style",deepai_8_3_0_1.jpg,158,1.9244608434635508,A stylized faceless figure holds a burger and tray against a grey background. The faceless figure lacks features and has malformed limbs with an odd body shape. Heavy grainy noise covers surfaces and reduces overall clarity.
"woman, having hamburger, wild, anime style",deepai_8_3_1_0.jpg,158,2.8644500187356736,"An anime-style close-up shows a woman eating pizza and holding a hamburger. The subject's anatomy is stable, though the hand holding food appears slightly malformed. Bold outlines and flat colors exhibit minor textural inconsistencies."
"woman, having hamburger, wild, realistic style",deepai_8_3_1_1.jpg,158,2.734204565213401,A pop-art illustration shows a woman with voluminous curly hair yawning. The subject's hand and face exhibit noticeable anatomical distortion and fusion. Dense speckled noise affects the dark hair and skin textures.
"woman, having icecream, city, anime style",deepai_8_4_0_0.jpg,159,3.6523143573329153,An anime-style illustration shows a girl in profile eating an ice cream cone. The hand holding the cone is malformed with fused fingers and awkward joints. Skin appears waxy and edges lack sharpness throughout.
"woman, having icecream, city, realistic style",deepai_8_4_0_1.jpg,159,2.597195796571933,A digital illustration portrays a woman with glasses eating from a container. The subject displays distorted eye placement and malformed finger anatomy. Flat colors and bold outlines exhibit high visual stability.
"woman, having icecream, wild, anime style",deepai_8_4_1_0.jpg,159,3.222871907618316,An anime-style illustration shows a red-haired girl holding ice cream under a blue sky. The figure exhibits subtle anatomical distortions in the hand grip and neck region. Lower background contains unresolved blurry textures and weak edge clarity.
"woman, having icecream, wild, realistic style",deepai_8_4_1_1.jpg,159,2.608129096661288,A pop-art illustration shows a red-haired woman holding ice cream against a split background. Her hands are severely malformed with fused and distorted fingers. Flat textures and sharp edges lack traditional noise or blur.
"woman, having pizza, city, anime style",deepai_8_5_0_0.jpg,160,3.1219857898886163,An anime illustration shows a woman in a blue blazer amidst pizzas. The subject is structurally coherent despite an elongated neck and fused fingers. Textures are flat with repetitive patterns and minimal shading.
"woman, having pizza, city, anime style",dreamStudio_7_0_0_0.jpg,160,0.1067393573017811,A heavily blurred portrait of a person with dark hair on a plain background. The subject is structurally illegible and lacks recognizable anatomical definition. Extreme global blur destroys all texture and edge clarity.
"woman, having pizza, city, realistic style",deepai_8_5_0_1.jpg,160,3.088725123864893,A digital cartoon illustration features a woman holding a pizza slice among floating pepperoni. The subject is structurally coherent despite indistinct hand details merging with the pizza. Repetitive background textures lack depth and fine granular detail.
"woman, having pizza, city, realistic style",dreamStudio_7_0_0_1.jpg,160,2.2936069185403407,A digital sketch shows a woman holding a colorful pizza slice. Her structure is distorted by a malformed fused object on the shoulder. Background details are oversmoothed into flat gray shapes with weak edges.
"woman, having pizza, wild, anime style",deepai_8_5_1_0.jpg,160,2.447115982486144,An anime-style illustration shows a girl holding pizza against a blue background. The subject's face is asymmetrical and her hands appear structurally malformed. Flat colors show minor edge aliasing and lack fine texture detail.
"woman, having pizza, wild, anime style",dreamStudio_7_0_1_0.jpg,160,0.3068200179843752,A blurry figure with long dark hair and red circles on a plain background. Extreme defocus makes the subject's anatomy and object details semantically illegible. Pervasive softness eliminates all texture and edge clarity across the frame.
"woman, having pizza, wild, realistic style",deepai_8_5_1_1.jpg,160,3.297129629775455,A woman with curly hair holds a large pizza slice against a neutral background. The subject's eyes are misaligned and her hands exhibit malformed finger geometry. Skin textures appear waxy and lack fine natural detail.
"woman, having pizza, wild, realistic style",dreamStudio_7_0_1_1.jpg,160,1.1597808555431774,A close-up painterly portrait of a woman's face obscured by dark strands. Facial anatomy is severely distorted with malformed eyes and oversized lips. Image exhibits heavy oversmoothing and waxy surface textures throughout.
"woman, playing baseball, city, anime style",deepai_8_6_0_0.jpg,161,2.840670548071218,An anime-style illustration depicts a female baseball player holding a bat outdoors. The character shows subtle anatomical distortions in the hand and waist area. Distant background elements feature repetitive textures and simplified geometry.
"woman, playing baseball, city, anime style",dreamStudio_7_1_0_0.jpg,161,2.052147216991875,A blurry silhouette of a woman stands against a warm-toned background. The figure exhibits distorted anatomy with malformed hands and awkward limb placement. Heavy oversmoothing flattens textures and melts edge definitions.
"woman, playing baseball, city, realistic style",deepai_8_6_0_1.jpg,161,2.351402491133749,A female baseball player stands on a field before a glowing city skyline. The subject's anatomy is heavily distorted with fused limbs and broken geometry. Distant background textures show repetitive patterns and softened edges.
"woman, playing baseball, city, realistic style",dreamStudio_7_1_0_1.jpg,161,2.481991319856012,"A sepia image depicts a female baseball player in a pitching stance on a field. The subject has an indistinct face and malformed, fused gloved hands. Textures are waxy and oversmoothed with softened edge definition."
"woman, playing baseball, wild, anime style",deepai_8_6_1_0.jpg,161,3.1191661613769366,An anime-style illustration shows a female baseball player against a warm background. The subject's hand is distorted with fused fingers and illegible bat text. Textures and edges show no dominant local artifact.
"woman, playing baseball, wild, anime style",dreamStudio_7_1_1_0.jpg,161,2.27765015731272,"An anime-style illustration shows a young woman against a soft gradient background. The figure has distorted anatomy, specifically malformed hands and awkward joint placement. Textures appear oversmoothed with waxy skin and a featureless background."
"woman, playing baseball, wild, realistic style",deepai_8_6_1_1.jpg,161,2.846522424707029,"A digital painting depicts a female softball player in a batting stance. The subject's arms and hands appear structurally malformed and fused together. Textures across the image exhibit a flat, waxy quality with softened details."
"woman, playing baseball, wild, realistic style",dreamStudio_7_1_1_1.jpg,161,1.025307258582121,A blurred figure holds a stuffed toy against a plain background. The subject is structurally stable but semantically vague due to extreme blurring. Severe oversmoothing flattens all textures and obscures every edge boundary.
"woman, playing football, city, anime style",deepai_8_7_0_0.jpg,162,2.6023934574331515,A long-haired anime girl stands on a soccer field with a city backdrop. Her face and hand are malformed with fused fingers and misaligned eyes. Background textures show repetitive patterns and mild oversmoothing.
"woman, playing football, city, anime style",dreamStudio_7_2_0_0.jpg,162,2.065715908289365,An anime-style female figure stands in profile against a blurred grey background. The subject displays severe anatomical distortion with a warped torso and malformed limbs. Textures appear flat and oversmoothed with soft edge definition.
"woman, playing football, city, realistic style",deepai_8_7_0_1.jpg,162,3.3825553771118733,A female soccer player runs across a field while holding an orange ball. The subject features distorted limb anatomy and malformed fingers grasping the object. Surfaces exhibit waxy smoothing and background details lack crisp edge definition.
"woman, playing football, city, realistic style",dreamStudio_7_2_0_1.jpg,162,1.8175292280725712,A digital painting depicts a female soccer player against a plain gray background. The subject’s limbs and facial features are malformed and lack anatomical definition. Heavy global blurring flattens all textures and obscures fine details.
"woman, playing football, wild, anime style",deepai_8_7_1_0.jpg,162,2.591266040775753,An anime-style female athlete runs across a bright green sports field. The subject's hands are severely malformed and lack anatomical definition. Textures display pervasive noise and lack sharp micro-detail.
"woman, playing football, wild, anime style",dreamStudio_7_2_1_0.jpg,162,2.693873638714269,A stylized illustration features a girl in red with a floating ball. The figure displays simplified anatomy with a fused shoulder and distorted garment. A heavy grainy texture covers the flat colors.
"woman, playing football, wild, realistic style",deepai_8_7_1_1.jpg,162,2.5236031606892677,"A digital artwork depicts a female soccer player on a grassy field. The subject features a distorted face, malformed hands, and duplicate soccer balls. Skin textures appear waxy and edges show inconsistent sharpening."
"woman, playing football, wild, realistic style",dreamStudio_7_2_1_1.jpg,162,2.023062658200408,A high-contrast silhouette of a female soccer player on a textured gold background. The subject displays malformed limb proportions and semantically confusing internal color fills. Coarse background stippling and jagged contours degrade the overall graphic fidelity.
"woman, playing yoga, city, anime style",deepai_8_8_0_0.jpg,163,2.310270183,"An illustrated woman with blue hair does yoga before a stylized city skyline. The figure's anatomy is stable, though the foot and hair show minor distortions. Background windows exhibit repetitive patterns and inconsistent geometry."
"woman, playing yoga, city, anime style",dreamStudio_7_3_0_0.jpg,163,1.5728543899320089,A stylized illustration depicts a woman in a yoga pose on a mat. The figure suffers from a malformed upper limb and lacks facial clarity. Extreme oversmoothing flattens textures and blurs all edges.
"woman, playing yoga, city, realistic style",deepai_8_8_0_1.jpg,163,2.4087031763396585,A digital painting of a woman doing yoga on an urban sidewalk. The subject's lower body displays severe limb warping and anatomical instability. Overall textures are flat with softened edges and blurred background details.
"woman, playing yoga, city, realistic style",dreamStudio_7_3_0_1.jpg,163,2.113094146651932,"A digital painting shows a figure in a yoga pose on a street. The subject lacks a distinct head and has fused hands, reducing clarity. Global oversmoothing results in waxy textures and indistinct boundaries."
"woman, playing yoga, wild, anime style",deepai_8_8_1_0.jpg,163,2.306771336014769,"A silhouetted figure meditates before a vibrant psychedelic background. The subject's silhouette is structurally stable, though hand anatomy is simplified. Background textures show repetitive swirling patterns and pseudo-details."
"woman, playing yoga, wild, anime style",dreamStudio_7_3_1_0.jpg,163,2.164131686167601,A digital illustration depicts a blonde woman meditating on a plain background. The subject's hands and torso show simplified anatomy with fused finger details. Heavy oversmoothing and weak edge definition affect the whole image.
"woman, playing yoga, wild, realistic style",deepai_8_8_1_1.jpg,163,3.369019243670635,A woman in athletic wear stands before a plain textured wall. The figure suffers from severe anatomical distortion in the legs and feet. Textures exhibit a waxy appearance with pervasive oversmoothing.
"woman, playing yoga, wild, realistic style",dreamStudio_7_3_1_1.jpg,163,2.0665808671237005,A digital illustration shows a woman meditating against a green background. The subject's hands and feet are severely malformed with fused or missing digits. Heavy grainy noise texture covers the entire image surface.
"woman, using CD, city, anime style",deepai_8_9_0_0.jpg,164,2.4080731747782127,A stylized female figure holds a screen against a vibrant cityscape. Finger geometry is distorted and the chest area features unreadable symbolic patterns. Thick black outlines enclose solid color fields without complex textural detail.
"woman, using CD, city, anime style",dreamStudio_7_4_0_0.jpg,164,1.8210563187611244,"An anime-style digital portrait depicts a long-haired girl against a plain background. While the face is coherent, the hand anatomy is severely malformed and fused. Global oversmoothing significantly reduces texture detail and edge sharpness."
"woman, using CD, city, realistic style",deepai_8_9_0_1.jpg,164,2.0925764088523944,
"woman, using CD, city, realistic style",dreamStudio_7_4_0_1.jpg,164,0.7778861900671352,A soft-focus sepia portrait of a person's head and shoulders. The subject's profile remains structurally stable despite significant feature obscuration. Pervasive blur creates flat textures and undefined boundaries.
"woman, using CD, wild, anime style",deepai_8_9_1_0.jpg,164,3.354544753257805,"A dark-haired anime girl holds a book against a purple radial background. Her face is coherent, yet her hand and neck show structural weaknesses. Flat shading and repetitive background patterns limit textural richness."
"woman, using CD, wild, anime style",dreamStudio_7_4_1_0.jpg,164,0.9962534580918302,A stylized anime-style female face appears in profile within a rounded frame. Facial features are heavily smoothed and lack distinct anatomical boundaries. Extreme global oversmoothing results in a completely flat and textureless surface.
"woman, using CD, wild, realistic style",deepai_8_9_1_1.jpg,164,3.124016645636525,A stylized digital portrait shows a woman holding a device and string. The subject displays misaligned eyes and structurally implausible fused fingers. Waxy skin and flat textures reduce overall perceptual realism.
"woman, using CD, wild, realistic style",dreamStudio_7_4_1_1.jpg,164,1.2171330201946875,A close-up of a heavily blurred human face in a soft-focus style. Facial features are simplified into indistinct shapes lacking anatomical clarity. Extreme oversmoothing removes all texture and edge definition from the image.
"alien, driving aircraft, city, anime style",deepai_9_0_0_0.jpg,165,3.362415078672566,An anime illustration shows a female pilot in a cockpit above a city. The subject's hands and controls display fused geometry and unclear mechanical layout. Distant textures exhibit subtle repetition and softened edge definition.
"alien, driving aircraft, city, realistic style",deepai_9_0_0_1.jpg,165,4.074428849489113,A stylized orange aircraft flies above a dense futuristic cityscape. The plane and skyscrapers exhibit warped geometry and implausible architectural layering. Background textures appear oversmoothed with inconsistent fine detail and soft edges.
"alien, driving aircraft, wild, anime style",deepai_9_0_1_0.jpg,165,3.001962501725639,An anime-style illustration shows a pilot in a cockpit under a bright sky. The subject's hands are severely distorted with fused fingers and broken anatomy. Waxy textures and illegible pseudo-detail mar the displays.
"alien, driving aircraft, wild, realistic style",deepai_9_0_1_1.jpg,165,4.422065847326173,"A cinematic rendering features a biomechanical alien creature against a cloudy sky. The head structure is plausible, but the torso and limbs show severe anatomical fusion. Intricate surface textures exhibit repetitive pseudo-detail patterns across the subject."
"alien, using laptop, city, anime style",deepai_9_10_0_0.jpg,167,3.5158617413961406,A digital illustration features a laptop in a futuristic urban landscape. The laptop keyboard is malformed while background structures appear fused. Heavy textures and softness obscure fine local details.
"alien, using laptop, city, realistic style",deepai_9_10_0_1.jpg,167,3.829408646526677,A laptop sits on a city street crosswalk in a desaturated urban setting. The laptop subject is clear but exhibits keyboard blurring and base fusion. Distant architecture displays oversmoothing and softened edge definitions.
"alien, using laptop, city, realistic style",dreamStudio_8_5_0_1.jpg,167,1.7948514114282228,A stylized dark creature with a glowing green eye sits in a room. The subject's slender anatomy is readable but exhibits heavy softening and limb fusion. Extreme oversmoothing creates waxy textures and removes all fine detail.
"alien, using laptop, wild, anime style",deepai_9_10_1_0.jpg,167,2.575683320080231,A digital cartoon illustrates an alien-headed figure using a laptop against a starry sky. The subject's hands appear fused and malformed although the primary silhouette is clear. Flat textures and basic shading limit local detail definition.
"alien, using laptop, wild, anime style",dreamStudio_8_5_1_0.jpg,167,0.4797795231209372,A soft-focus profile silhouette of a head against a green background. The subject lacks defined features or structure due to extreme blurring. Heavy global smoothing flattens all textures and obscures edge details.
"alien, using laptop, wild, realistic style",deepai_9_10_1_1.jpg,167,2.9794136153509467,"A digital illustration shows a green alien head and a hand holding a stylus. The alien form is coherent, while the human hand appears waxy and simplified. Hand textures appear flat and lack fine definition."
"alien, using laptop, wild, realistic style",dreamStudio_8_5_1_1.jpg,167,1.0079940186339242,A blurred stylized face peers over a white object on a warm background. The subject's facial structure is indistinct and lacks coherent anatomical definition. Global oversmoothing flattens textures and softens all visible edges.
"alien, using laptop, city, anime style",dreamStudio_8_5_0_0.jpg,167,2.084115711537598,
"alien, using phone, city, anime style",deepai_9_11_0_0.jpg,168,2.8913031957845443,A first-person view of a hand holding a phone in a neon city. The main subject hand exhibits severe anatomical distortion and fused fingers. Surfaces exhibit flat textures and repetitive background architectural details.
"alien, using phone, city, anime style",dreamStudio_8_6_0_0.jpg,168,1.519423971180305,"A centered, soft-focus digital painting of a stylized abstract humanoid figure. The subject's structure is simplified with indistinct limbs lacking clear definition or separation. Heavy blurring and softened edges dominate the global perceptual quality."
"alien, using phone, city, realistic style",deepai_9_11_0_1.jpg,168,2.5896175079846957,"A painted figure in a red suit stands before towering skyscrapers. The subject's head is slightly elongated, but the body structure remains stable. Soft brushstrokes create a painterly texture with indistinct architectural details."
"alien, using phone, city, realistic style",dreamStudio_8_6_0_1.jpg,168,0.9631859623740802,"A dark, silhouetted figure stands against a grainy, minimalist background. The subject's anatomy is simplified and distorted, particularly at the head and limbs. Heavy noise and softened edges degrade overall perceptual clarity."
"alien, using phone, wild, anime style",deepai_9_11_1_0.jpg,168,2.597227050415684,A stylized illustration depicts a girl with a large rabbit-like creature on her head. The subject displays facial asymmetry and severely malformed hands with fused digits. Background textures exhibit repetitive swirling patterns and unnatural eye-like motifs.
"alien, using phone, wild, anime style",dreamStudio_8_6_1_0.jpg,168,1.6804163029926713,A stylized character holds a smartphone in a heavily blurred close-up. The subject's minimalist anatomy and pose remain coherent despite low resolution. Heavy global oversmoothing flattens textures and obscures all fine boundaries.
"alien, using phone, wild, realistic style",deepai_9_11_1_1.jpg,168,3.2208186376361763,A digital painting features a green-headed alien creature in a close-up portrait. The subject has plausible anatomy with a distinct eye and detailed neck. Details show subtle oversmoothing and softened texture.
"alien, using phone, wild, realistic style",dreamStudio_8_6_1_1.jpg,168,0.5480513389463769,"A blurry greenish-grey abstract silhouette of a human-like figure occupies the center. The subject's structure is indistinct, lacking any clear anatomical or geometric definition. Global blur flattens textures and obscures all local details."
"alien, wearing coat, city, anime style",deepai_9_12_0_0.jpg,169,2.940955655160127,An anime-style illustration shows a man in a long coat against a cityscape. The subject's hands are severely malformed with fused fingers and distorted anatomy. Flat textures and softened details reduce overall visual sharpness.
"alien, wearing coat, city, anime style",dreamStudio_8_7_0_0.jpg,169,1.7830605820601215,"A rear-view of a figure with yellow hair in a black coat against a plain wall. The figure shows simplified anatomy with thin legs and a stiff coat shape. Global softness, flat textures, and background grain persist."
"alien, wearing coat, city, realistic style",deepai_9_12_0_1.jpg,169,3.299845986892422,"A digital portrait features a green alien against a neutral background. The subject's anatomy is stable, showing complex textural details on the chest. A distinct white outline surrounds the subject, and surfaces look artificially waxy."
"alien, wearing coat, city, realistic style",dreamStudio_8_7_0_1.jpg,169,2.253514715,A hooded figure stands in profile on a foggy urban street. The subject's body shape is coherent despite lacking facial detail. Global oversmoothing flattens textures and softens all edges.
"alien, wearing coat, wild, anime style",deepai_9_12_1_0.jpg,169,2.8171400114540277,A digital illustration portrays a stylized alien against a cosmic gradient background. The subject's face exhibits fused ocular structures and unclear anatomical boundaries. Shaded regions display noticeable pseudo-detailing and softened edge definition.
"alien, wearing coat, wild, anime style",dreamStudio_8_7_1_0.jpg,169,0.2299619766836053,A heavily blurred dark silhouette of a figure on a plain background. The subject structure is fragmented and lacks recognizable semantic coherence. Severe global blur obscures all fine details.
"alien, wearing coat, wild, realistic style",deepai_9_12_1_1.jpg,169,1.9382961032042705,A centered grayscale sketch shows a front-facing portrait of a person with short hair. The face features distorted solid black eyes and unnaturally deep cheek folds. Stray lines and inconsistent shading degrade textural coherence.
"alien, wearing coat, wild, realistic style",dreamStudio_8_7_1_1.jpg,169,2.208382453393875,A close-up profile of a stylized alien creature on a plain background. The creature's head structure is coherent with a defined glowing eye. Global softness and background grain reduce edge sharpness.
"alien, wearing hat, city, anime style",deepai_9_13_0_0.jpg,170,2.392298883473615,A close-up anime girl wears a cartoon-eyed bucket hat on a vibrant street. The central figure maintains structural stability and clear semantic readability throughout. Background surfaces display heavy smoothing and flattened texture details.
"alien, wearing hat, city, anime style",dreamStudio_8_8_0_0.jpg,170,1.91430671,Anime-style close-up of a young man in a bucket hat. Facial features are distorted with unnatural eyes and a poorly defined nose. Skin texture is waxy and the background is grainy.
"alien, wearing hat, city, realistic style",deepai_9_13_0_1.jpg,170,3.304106099251976,A green alien humanoid stands before a vast futuristic cityscape in concept art. The subject's head and torso junction exhibits significant structural fusion and ambiguity. Repetitive patterns and waxy surfaces result in flat texturing.
"alien, wearing hat, city, realistic style",dreamStudio_8_8_0_1.jpg,170,1.0239161585165355,"A digital illustration shows a featureless head wearing a blue cap. The cap is recognizable but its metallic brim has fused, malformed edges. Surfaces are waxy and oversmoothed with a grainy texture."
"alien, wearing hat, wild, anime style",deepai_9_13_1_0.jpg,170,2.2624216406247504,"An illustration shows a green alien in a purple hat against a blue background. The subject's face is stable, but the left eye has distorted internal shapes. Textures appear flat with softened edges and minor aliasing."
"alien, wearing hat, wild, anime style",dreamStudio_8_8_1_0.jpg,170,2.320733272,A close-up digital painting depicts a stylized one-eyed character against an orange background. The central eye is structurally coherent while the hands remain anatomically vague. Significant global oversmoothing eliminates texture and softens all image contours.
"alien, wearing hat, wild, realistic style",deepai_9_13_1_1.jpg,170,2.6629692283111672,A digital painting shows a front-facing alien-like humanoid in a red cap. The subject's facial features and elongated neck are structurally coherent despite minor headwear irregularities. Skin textures display a subtle waxy smoothness.
"alien, wearing hat, wild, realistic style",dreamStudio_8_8_1_1.jpg,170,1.7484202019631438,"A centered digital portrait of a green-eyed alien against a neutral background. The subject features a coherent facial structure with clear, symmetrical details. Pervasive grainy texture creates a noisy surface across the frame."
"alien, wearing shirt, city, anime style",deepai_9_14_0_0.jpg,171,2.7612373925012736,A digital illustration shows an anime-style boy wearing headphones against a cityscape. The subject maintains stable anatomy despite minor hand malformation and facial asymmetry. Background textures display repetitive patterns and lack fine detail definition.
"alien, wearing shirt, city, anime style",dreamStudio_8_9_0_0.jpg,171,1.4402272437316934,A stylized anime character stands against a solid yellow background. The faceless subject exhibits malformed anatomy and lacks defined limbs. Heavy oversmoothing creates flat textures and poorly defined edges throughout.
"alien, wearing shirt, city, realistic style",deepai_9_14_0_1.jpg,171,3.6465895473361822,A digital painting depicts a purple alien before a futuristic city skyline. The subject's anatomy remains coherent despite an elongated neck and messy teeth. Skin appears waxy and background windows show repetitive patterns.
"alien, wearing shirt, city, realistic style",dreamStudio_8_9_0_1.jpg,171,0.016814678,A heavily blurred human silhouette stands against a plain light background. The subject lacks any discernible anatomical structure or internal semantic detail. Extreme global oversmoothing removes all texture and edge definition.
"alien, wearing shirt, wild, anime style",deepai_9_14_1_0.jpg,171,2.308940643970244,"A centered high-contrast ink drawing depicts a frontal alien on a textured background. The subject's anatomy is compromised by malformed hands, ambiguous limbs, and fused torso regions. Inconsistent line weights and softened edges reduce clarity."
"alien, wearing shirt, wild, anime style",dreamStudio_8_9_1_0.jpg,171,0.6081769257617308,A heavily blurred full-body portrait of a person stands against a plain background. The subject lacks any discernible facial or bodily structural definition. Severe global blur removes all texture and edge definition.
"alien, wearing shirt, wild, realistic style",deepai_9_14_1_1.jpg,171,3.847000230411578,"A 3D render shows a detailed grey alien head in a close-up portrait. The alien anatomy is stable, but facial skin and teeth show repetitive, mushy details. Waxy textures and pseudo-detail appear with inconsistent lighting."
"alien, wearing shirt, wild, realistic style",dreamStudio_8_9_1_1.jpg,171,0.4414155439958131,A dark abstract organic shape is centered on a warm orange background. The subject's smooth flowing form is structurally coherent yet semantically vague. Background grain noise contrasts with the subject's waxy surface texture.
"alien, driving car, city, anime style",deepai_9_2_0_0.jpg,172,2.9034898166927765,Two cartoon characters drive a vehicle through a stylized urban landscape. The primary subject features malformed hands and an implausible cranial shape. Distant architecture shows repetitive textures and softened local detail.
"alien, driving car, city, realistic style",deepai_9_2_0_1.jpg,172,3.066436132573106,A stylized vintage sedan is centered in a dark urban street scene. The vehicle maintains a coherent structure with only minor license plate distortion. Heavy grain and softened edges dominate the global perceptual quality.
"alien, driving car, wild, anime style",deepai_9_2_1_0.jpg,172,3.127910475726202,A stylized digital illustration features a blue-skinned alien character within a circular helmet. The face is structurally clear despite mismatched accessories and messy eye highlights. Strong edges persist despite some flatness in the color rendering.
"alien, driving car, wild, realistic style",deepai_9_2_1_1.jpg,172,3.468469235715027,A centered digital illustration features a glowing alien head on a textured background. The creature's symmetrical facial structure remains coherent and highly readable. Details show subtle oversmoothing and waxy qualities.
"alien, having hamburger, city, anime style",deepai_9_3_0_0.jpg,173,3.0314707383997286,"A monochrome manga illustration shows an alien and humans at an urban table. The alien subject is coherent, while human hands and faces show subtle distortion. Background textures show repetitive hatching and softened boundaries."
"alien, having hamburger, city, realistic style",deepai_9_3_0_1.jpg,173,3.039853228695206,A giant multi-limbed monster hovers over a city in a comic book style. The creature's anatomy is coherent despite chaotic limb and tooth details. Background textures are repetitive and text contains illegible pseudo-characters.
"alien, having hamburger, wild, anime style",deepai_9_3_1_0.jpg,173,2.568051289124297,A stylized red cartoon character wears a green hat near a floating burger. The subject features a distorted face and a structurally messy floating meal. Skin shading appears waxy with faint background pseudo-details.
"alien, having hamburger, wild, realistic style",deepai_9_3_1_1.jpg,173,2.414117275034084,"A centered cartoon hamburger floats against a dark starry background. The burger's internal layering is messy with strange protrusions from the patty. A faint watermark overlays the flat, vector-style textures."
"alien, having icecream, city, anime style",deepai_9_4_0_0.jpg,174,2.153327683465864,Two anime characters hold ice cream cones in a colorful urban scene. Facial anatomy is severely distorted with malformed mouths and unnatural eye shapes. Background surfaces show flat colors and simplified repetitive geometric patterns.
"alien, having icecream, city, realistic style",deepai_9_4_0_1.jpg,174,2.465409829740869,A pink cartoon character holds a brown object against a blue radial background. The figure displays facial asymmetry and contains pseudo-text inside its open mouth. Black outlines show jaggedness and surfaces lack granular texture detail.
"alien, having icecream, wild, anime style",deepai_9_4_1_0.jpg,174,2.933515583890572,"Two anime-style girls hold frozen desserts in a close-up against teal. Hands are severely malformed with fused fingers, and the cup shows nonsense patterns. Outlines are aliased and surfaces lack natural micro-texture."
"alien, having icecream, wild, realistic style",deepai_9_4_1_1.jpg,174,2.409125055091046,A cartoon purple alien holds a lollipop and ice cream cone on a cyan background. The subject has fused fingers and an ambiguous white structure around the mouth. Outlines show internal noise and messy waffle geometry.
"alien, having pizza, city, anime style",deepai_9_5_0_0.jpg,175,3.0937565101013225,A vibrant comic-style illustration shows a storefront with stylized characters and text. The subject features illegible text and figures with malformed anatomy and fused faces. Heavy grainy texture and softened edges degrade clarity.
"alien, having pizza, city, anime style",dreamStudio_8_0_0_0.jpg,175,1.9582942148167903,A stylized silhouette figure holds a plate while a long arm presents a pizza. The subject is readable despite the unnaturally elongated presenting limb. Stray marks and faint noise affect the flat background.
"alien, having pizza, city, realistic style",deepai_9_5_0_1.jpg,175,2.3372205503339747,A cartoon-style drawing features hands holding a pizza over a city backdrop. The hands exhibit severe anatomical distortion with malformed and fused fingers. Background details show repetitive pseudo-textures and messy line definitions.
"alien, having pizza, city, realistic style",dreamStudio_8_0_0_1.jpg,175,2.1671465806485664,A centered top-down view shows a pizza with a central spiral target. The subject contains a semantically confusing central target and gapped slice separations. Textures appear waxy while edges show inconsistent softening.
"alien, having pizza, wild, anime style",deepai_9_5_1_0.jpg,175,2.8240804177808925,A blonde anime character holds pizza slices near a large pepperoni pizza. The subject exhibits malformed fingers and facial asymmetry reducing structural plausibility. Inconsistent outlines and waxy textures affect global clarity.
"alien, having pizza, wild, anime style",dreamStudio_8_0_1_0.jpg,175,2.0666855191047078,A monochrome sketch depicts a surreal alien head against a smoky background. The subject's facial features are fused and lack clear semantic definition. Background textures show repetitive patterns and soft edge bleeding.
"alien, having pizza, wild, realistic style",deepai_9_5_1_1.jpg,175,2.8668830231756943,A digital illustration features a grotesque alien creature in a circular frame. The subject's facial anatomy and skin texture are structurally coherent and readable. Subtle waxy smoothing affects dark textures and background patterns.
"alien, having pizza, wild, realistic style",dreamStudio_8_0_1_1.jpg,175,2.290224560637543,A digital painting shows a stylized alien holding a bowl of food. The subject's neck has fused skeletal structures and its hands are malformed clusters. Pervasive oversmoothing degrades texture and edge definition.
"alien, playing baseball, city, anime style",deepai_9_6_0_0.jpg,176,3.187209133247893,A stylized comic strip shows athletes competing in a crowded arena. Characters display severe anatomical distortions and speech bubbles contain unreadable symbols. Textures appear flat with softened edge definition.
"alien, playing baseball, city, anime style",dreamStudio_8_1_0_0.jpg,176,2.000183652759016,"A stylized character in a red helmet and blue suit crouches on a green background. The subject features a featureless face and structurally distorted, malformed limbs. Global textures are waxy and oversmoothed with softened edges."
"alien, playing baseball, city, realistic style",deepai_9_6_0_1.jpg,176,3.121042066850193,A stylized blue alien character holds a bat in a graffiti-covered alley. The central figure is structurally readable while background elements remain visually confusing. A coarse grain texture dominates the image's surface appearance.
"alien, playing baseball, city, realistic style",dreamStudio_8_1_0_1.jpg,176,1.3653366681545298,A featureless gray humanoid figure leans forward against a blurred background. The stylized figure is anatomically coherent though the grasped object is indistinct. Extreme global blur flattens textures and obscures all fine surface details.
"alien, playing baseball, wild, anime style",deepai_9_6_1_0.jpg,176,2.7459300055677853,A monochrome ink drawing shows a stylized cartoon character wielding a bat. The figure exhibits significant structural failure with malformed hands and messy linework. Heavy digital grain and softened edges obscure fine details.
"alien, playing baseball, wild, anime style",dreamStudio_8_1_1_0.jpg,176,0.9118339419051784,A heavily blurred figure is positioned against a green background. The subject's structure is indistinct and lacks semantic readability. Severe global blur removes all fine textural detail.
"alien, playing baseball, wild, realistic style",deepai_9_6_1_1.jpg,176,3.134373148874395,A green alien head emerges from the center of a baseball. The subject maintains a coherent alien anatomy with well-defined facial features. Textures show subtle smoothing and pseudo-detailing.
"alien, playing baseball, wild, realistic style",dreamStudio_8_1_1_1.jpg,176,0.6920654301928758,A blurry golden abstract humanoid head glows against a neutral background. The simplified head shape remains structurally stable despite its lack of detail. Extreme global blur eliminates all fine texture and edge definition.
"alien, playing football, city, anime style",deepai_9_7_0_0.jpg,177,2.593813840818802,Three purple cartoon figures play soccer on a bright field. Stylized humanoids maintain clear silhouettes despite simplified hand anatomy. Shading appears slightly waxy while edges stay sharp and clean.
"alien, playing football, city, anime style",dreamStudio_8_2_0_0.jpg,177,1.6851138037924662,"A stylized grayscale image shows a running football player against a blurred background. The figure features distorted anatomy with malformed hands, spindly limbs, and warped proportions. Heavy oversmoothing and grainy noise degrade texture clarity."
"alien, playing football, city, realistic style",deepai_9_7_0_1.jpg,177,3.321081687817445,A distorted humanoid kicks a soccer ball in a large indoor arena. The figure shows extreme anatomical warping with malformed hands and mismatched eyes. Distant stadium features contain repetitive textures and illegible symbolic artifacts.
"alien, playing football, city, realistic style",dreamStudio_8_2_0_1.jpg,177,1.5588021355971555,A distorted figure with a yellow smiley face head stands against a neutral background. The subject's body is severely blurred and lacks coherent anatomical structure. Heavy motion blur destroys all fine details and textures.
"alien, playing football, wild, anime style",deepai_9_7_1_0.jpg,177,2.431844269201167,A stylized green cartoon character poses against a dark purple background. The character's hands are severely malformed with fused fingers and unnatural shapes. Shading remains flat with minimal fine textural detail.
"alien, playing football, wild, anime style",dreamStudio_8_2_1_0.jpg,177,1.2457617644991386,A digital painting shows a stylized red-hooded figure on a green background. The subject's facial region is a malformed void lacking recognizable features or geometry. Heavy oversmoothing yields waxy textures and blurred edges everywhere.
"alien, playing football, wild, realistic style",deepai_9_7_1_1.jpg,177,2.581406163262106,A close-up digital illustration portrays a snarling green alien in a dark setting. The creature's head anatomy is plausible although its mouth contains overly dense details. Surfaces appear waxy with artificial glowing light halos.
"alien, playing football, wild, realistic style",dreamStudio_8_2_1_1.jpg,177,0.6008160824881243,"Two dark silhouettes stand on a plain light background in a frontal view. The subjects lack discernible details and appear as indistinct, structurally unreadable shapes. Heavy global blur destroys all texture and sharpness."
"alien, using CD, city, anime style",deepai_9_9_0_0.jpg,179,3.227773050205056,A stylized alien figure stands in a colorful futuristic cityscape. The subject has elongated limbs with inconsistent textures and distorted joints. Background surfaces exhibit repetitive patterns and simplified detail.
"alien, using CD, city, anime style",dreamStudio_8_4_0_0.jpg,179,1.6519876951817627,A soft-focus digital portrait shows a centered alien head against a cloudy sky. The alien's anatomy is simple yet semantically readable despite extreme blurring. Heavy global oversmoothing flattens textures and blurs all edge definitions.
"alien, using CD, city, realistic style",deepai_9_9_0_1.jpg,179,2.852939438900782,A digital illustration of a green alien head on a book cover. The alien's facial features exhibit subtle malformation near the mouth and eyes. Repetitive mesh textures and waxy surfaces affect local realism.
"alien, using CD, city, realistic style",dreamStudio_8_4_0_1.jpg,179,1.993308467762244,"A centered, stylized digital eye sits against a muted textured background. The subject's layered anatomy is coherent despite its abstract and surreal design. Surfaces appear waxy and oversmoothed with visible background grain noise."
"alien, using CD, wild, anime style",deepai_9_9_1_0.jpg,179,1.9236336091179616,A stark black-and-white ink illustration shows a stylized robotic character portrait. The subject's facial features and segmented neck maintain structural coherence and clarity. Background textures show minor repetition while linework remains sharp and distinct.
"alien, using CD, wild, anime style",dreamStudio_8_4_1_0.jpg,179,1.014558691338885,"A blurry, stylized alien head with large green eyes is centered on a plain background. The subject's structure is simplified by extreme oversmoothing that removes all facial features. Heavy global blur and waxy textures dominate the visual quality."
"alien, using CD, wild, realistic style",deepai_9_9_1_1.jpg,179,3.350005276,A 3D box displays a detailed illustration of an alien in a helmet. The subject's structure is intricate and coherent despite minor geometric inconsistencies. Textures exhibit subtle repetition and a slightly waxy finish.
"alien, using CD, wild, realistic style",dreamStudio_8_4_1_1.jpg,179,1.7201972027540398,"A centered digital portrait of a green alien head on a plain background. The subject is structurally coherent but exhibits soft, indistinct boundary transitions. Oversmoothing leads to a waxy texture and loss of fine detail."
