prompt,image_name,index,quality_score,std_quality,mos_align,std_align,generated_answer
statue of a man,AttnGAN_normal_000.jpg,0,0.965602553,0.223270101,0.40889324,0.615607722,A heavily distorted digital figure stands against a plain light background. The subject exhibits severe anatomical fusion with faces embedded in malformed limbs. Global blur and waxy textures obscure all fine surface details.
statue of a man,DALLE2_normal_000.jpg,0,3.058757207,0.538696487,3.481534167,0.46101074,A close-up profile shows a stone bust sculpture against a textured wall. The head structure is coherent despite a malformed ear and facial pitting. Global details appear oversmoothed while the background exhibits heavy blur.
statue of a man,glide_normal_000.jpg,0,1.478221045,0.512782138,1.511295292,1.049921294,A dark distorted statue stands on a pedestal in a grassy field. The subject's anatomy is severely malformed with fused limbs and broken contours. Heavy noise and jagged edges dominate the visual texture.
statue of a man,midjourney_lowstep_000.jpg,0,2.837204233,0.410622239,4.093672499,0.493239159,A photorealistic image shows a classical male statue in an architectural niche. The subject's anatomy and drapery lack clear definition and structural stability. Heavy blur and waxy smoothing obscure fine textures.
statue of a man,midjourney_normal_000.jpg,0,4.324875409,0.596421622,4.04858855,0.2982765,A photorealistic bronze statue of a bearded man stands before classical columns. The subject features malformed hands and physically impossible drapery folds. Textures show subtle oversmoothing and a lack of sharp micro-detail.
statue of a man,sd1.5_highcorr_000.jpg,0,3.283005153,0.723740275,3.185246111,0.592719018,A rear view of a bronze male statue on a park pedestal. Subject anatomy is coherent though the waist and hands appear simplified. Surfaces show waxy smoothing and background textures display repetitive patterns.
statue of a man,sd1.5_lowcorr_000.jpg,0,3.263456549,0.436511135,3.831912184,0.464478632,A bronze statue of a man stands before a modern apartment building. The subject displays facial malformations including misaligned eyes and a distorted nose. Surfaces show waxy pseudo-detail while background windows lack geometric consistency.
statue of a man,sd1.5_lowstep_000.jpg,0,3.389757837,0.386878257,4.180579424,0.381638488,"A statue of a man in historical clothing stands before dense trees. The figure shows severe distortion, with fused hands and a melted face. Surfaces are waxy with subtle background repetition."
statue of a man,sd1.5_normal_000.jpg,0,0.44999057,0.319877891,0.678198368,0.488624139,A heavily blurred dark silhouette stands against a plain light background. The subject is an unrecognizable form lacking any visible structural or semantic clarity. Global blur renders all textures and edges completely indistinct.
statue of a man,xl2.2_normal_000.jpg,0,3.088457462,0.495642922,3.458082253,0.571191471,"A bronze statue of a man stands atop a curved building against a blue sky. The figure's hands and feet are malformed, and facial features lack definition. Surfaces exhibit waxy textures and softened, indistinct details throughout."
a tray of sushi,AttnGAN_normal_001.jpg,1,1.361853219,0.645422466,0.428796637,0.667071153,A blurry close-up of malformed flesh-toned shapes on a patterned surface. The subject's anatomy is severely distorted with fused and unrecognizable structures. Heavy global blur and softness eliminate all local texture details.
a tray of sushi,DALLE2_normal_001.jpg,1,3.135881857,0.868484694,3.472908747,1.158868083,A close-up depicts photorealistic sushi rolls topped with sauce and sesame seeds. The rolls exhibit severe structural fusion and melting that obscures ingredient boundaries. Textures appear waxy and oversmoothed with inconsistent local detail.
a tray of sushi,glide_normal_001.jpg,1,1.177351713,1.051160634,2.397337086,1.610692851,A blurry close-up of sushi pieces inside an orange container. The food subjects are malformed and lack any discernible internal structure. Severe global blur and flat textures eliminate all detail.
a tray of sushi,midjourney_lowstep_001.jpg,1,2.610261314,0.762893836,3.481534167,0.674440876,A blurred close-up shows various sushi pieces arranged in a black tray. The food items are recognizable but exhibit significant blurring and softened boundaries. Heavy global oversmoothing eliminates texture details and sharp edge definitions.
a tray of sushi,midjourney_normal_001.jpg,1,3.537280489,0.696301426,3.83707886,0.738674494,A close-up shot displays various sushi types in a dark tray. The sushi maintains a plausible arrangement though some rice textures appear fused. Mild oversmoothing and soft focus obscure fine textures.
a tray of sushi,sd1.5_highcorr_001.jpg,1,0.563498947,0.786175875,2.061283155,1.760674264,A heavily blurred close-up of colorful objects on a flat surface. Subject structure is completely obscured by heavy blurring. Extreme oversmoothing results in total loss of texture and detail.
a tray of sushi,sd1.5_lowcorr_001.jpg,1,3.407636041,0.599272665,3.772760957,0.536885198,A top-down view shows a white platter of assorted sushi and sashimi. Sushi pieces are clearly arranged with consistent shapes and recognizable ingredients. Some fish textures appear slightly waxy with softened edge definitions.
a tray of sushi,sd1.5_lowstep_001.jpg,1,3.703369342,0.307984991,4.192994699,0.373920151,"A close-up view shows a platter of assorted sushi on a blue background. The sushi is recognizable but exhibits waxy textures and unnatural surface markings. Details appear oversmoothed with flat, plastic-like textures."
a tray of sushi,sd1.5_normal_001.jpg,1,3.516316957,0.885299333,3.860433867,0.594770906,An overhead shot displays various sushi rolls and sashimi on a dark tray. Many ingredients exhibit unnatural geometry and lack realistic organic textural complexity. Surfaces appear waxy with softened edges and pseudo-detail graininess.
a tray of sushi,xl2.2_normal_001.jpg,1,3.823445557,1.092074401,3.812256598,0.551123902,A top-down view shows assorted nigiri and maki sushi on a dark tray. Salmon slices show distorted shapes and maki roll fillings lack coherence. Surfaces appear waxy with repetitive pseudo-details in the fish grain.
man lost in space,AttnGAN_normal_002.jpg,2,0.195283431,0.949402643,0.506802093,0.723514494,A dark close-up captures a textured surface with small attached elements. The right-side feature is structurally malformed and visually ambiguous. Textures display repetitive patterns and noticeable edge softening.
man lost in space,DALLE2_normal_002.jpg,2,2.855791343,0.640929112,2.908503737,0.836745771,A costumed man reclines against a blue cosmic grid background. The subject's mouth and jawline show visible warping and anatomical fusion. Global textures appear waxy with oversmoothed details and inconsistent highlights.
man lost in space,glide_normal_002.jpg,2,0.508202054,0.913728813,0.902085383,0.586784713,Sparse white specks are scattered randomly across a dark black void. The image lacks any coherent subject structure or semantic readability. Extreme underexposure hides almost all texture and edge definition.
man lost in space,midjourney_lowstep_002.jpg,2,2.576017007,0.636710141,3.259317616,0.610354445,"A rear-view figure in a spacesuit stands before a cosmic portal. The subject's anatomy is stable but features simplified, unstructured hand regions. Heavy image smoothing produces flat textures and indistinct boundaries throughout."
man lost in space,midjourney_normal_002.jpg,2,3.912443678,0.2383012,3.609476773,0.425648521,A cinematic close-up portrays an astronaut in a helmet within a dimly lit cockpit. The subject exhibits stable facial anatomy and a structurally coherent space suit assembly. Textures and edges show no dominant local artifact.
man lost in space,sd1.5_highcorr_002.jpg,2,3.688435461,0.345028023,3.311510172,0.505871675,"A digital sci-fi poster shows a man in a spacesuit before planets. The subject's face is clear, while the header text remains semantically garbled. Metallic textures show slight waxiness and softened surface detail."
man lost in space,sd1.5_lowcorr_002.jpg,2,2.659178911,0.756436473,2.956517697,0.896497904,Two fused astronauts float before a large moon and Earth in space. The subjects show severe structural distortion with multiple fused heads and limbs. Suit textures appear waxy while background details stay softly defined.
man lost in space,sd1.5_lowstep_002.jpg,2,2.941741401,0.587283324,3.584646223,0.413518818,"A digital illustration shows a man's head in a space helmet against a cosmic background. The face is clear, but the helmet structure lacks a plausible neck or body attachment. Planetary surfaces blur and skin textures appear over-smoothed."
man lost in space,sd1.5_normal_002.jpg,2,2.7089479,0.842461074,3.191417702,0.482472292,A centered portrait of an astronaut in a white suit against a purple nebula. The subject's face is severely distorted and lacks semantic coherence in the visor. Local textures appear melted while global edges remain stable.
man lost in space,xl2.2_normal_002.jpg,2,3.748750887,0.677341982,3.410425033,0.517093402,A photorealistic close-up of an astronaut in a spacesuit against a space background. The subject's facial anatomy is stable though helmet junctions show minor fusion. Textures exhibit mild oversmoothing and edges lack fine definition.
a cosmic universe,AttnGAN_normal_003.jpg,3,1.075006252,0.256997016,0.207691414,0.461925764,A blurry indoor scene shows a monitor and several reflective surfaces. Extreme blurring renders the subject's structure and semantic content completely illegible. Heavy oversmoothing eliminates texture and sharpness across the entire frame.
a cosmic universe,DALLE2_normal_003.jpg,3,3.274576995,0.51408255,3.641108818,0.286965548,A digital space scene features multiple planets above a dark rocky terrain. The planetary bodies are recognizable but show inconsistent surface textures and lighting. Global softness and waxy textures reduce the overall detail clarity.
a cosmic universe,glide_normal_003.jpg,3,0.72412361,0.679821912,1.662380313,1.349794897,"A dark circular object features a glowing blue rim in a tight frame. The subject's core is structurally undefined and semantically illegible. Heavy grain, blur, and color banding affect clarity."
a cosmic universe,midjourney_lowstep_003.jpg,3,1.112671152,0.583817321,2.976904363,0.760166479,A centered planetary nebula glows against a dark cosmic background. The subject maintains a coherent ring structure with a clear central core. Significant blur and softened edges reduce overall detail clarity.
a cosmic universe,midjourney_normal_003.jpg,3,2.788955814,0.905640435,3.543429565,0.84557205,A centered digital artwork displays a vibrant cosmic nebula in a starry void. The subject's swirling structure is coherent and semantically readable without obvious distortions. Sharp edges and detailed textures show no dominant local perceptual artifact.
a cosmic universe,sd1.5_highcorr_003.jpg,3,2.760431848,0.416397822,3.336157521,0.434636544,A vibrant digital artwork depicts a glowing galaxy inside a cosmic nebula ring. The central galactic structure is coherent and clearly defined against the dark void. Textures and edges show no dominant local artifact.
a cosmic universe,sd1.5_lowcorr_003.jpg,3,3.906607461,0.646229035,3.720100101,0.682847415,A vibrant digital illustration shows a glowing cosmic ring within a dense nebula. The central ring structure is geometrically stable and semantically clear. Faint linear streaks and subtle smoothing affect the background textures.
a cosmic universe,sd1.5_lowstep_003.jpg,3,2.004546739,0.865384403,3.287387628,0.518378878,A colorful digital illustration of a complex galaxy system in space. The galactic morphology is visually confusing with tangled and poorly defined structures. Textures appear slightly waxy with soft edges and inconsistent detail density.
a cosmic universe,sd1.5_normal_003.jpg,3,2.92075847,0.730680424,3.398573511,0.507844946,A vibrant digital nebula with a glowing core fills a star-filled frame. The swirling subject structure is spatially coherent and semantically readable. Fine details show mild oversmoothing and a waxy texture in gaseous areas.
a cosmic universe,xl2.2_normal_003.jpg,3,3.184220697,1.124471208,3.425191569,0.724002858,A vibrant digital nebula glows against a star-filled deep space background. The cosmic cloud formation maintains a coherent and visually fluid internal structure. Textures and edges show no dominant local artifact.
red and blue armor,AttnGAN_normal_004.jpg,4,1.391763291,1.019677291,0.564244714,0.719811275,A blurry digital rendering depicts a cluttered room with distorted objects. The central glowing shape and foreground items are severely malformed and geometrically incoherent. Heavy oversmoothing and soft focus obscure fine details and textures.
red and blue armor,DALLE2_normal_004.jpg,4,2.790423236,0.607927908,3.569908726,0.385583823,Two digital illustrations of red and blue fantasy armor on a white background. The armor shows implausible geometry and fused details at the waist and helm. Surfaces appear waxy with softened edges and pseudo-details.
red and blue armor,glide_normal_004.jpg,4,0.592610402,0.369415555,1.153704822,0.702109438,A blurry dark object with red and blue glowing parts is shown against black. The object's structure is unrecognizable and lacks coherent geometric boundaries. Severe global blur obscures all edges and textures.
red and blue armor,midjourney_lowstep_004.jpg,4,2.293494507,0.840996189,3.353107804,0.78669304,Two blurred suits of medieval armor stand in a dark room. The subjects show malformed necks and lack clear structural separation. Heavy global blur and oversmoothing eliminate all fine details.
red and blue armor,midjourney_normal_004.jpg,4,3.763104867,0.185784972,3.634307323,0.746058009,Two figures in red and blue futuristic armor stand against a dark background. The mechanical suit structures are generally stable though some paneling appears slightly fused. Surfaces maintain sharp metallic details without significant blurring or noise.
red and blue armor,sd1.5_highcorr_004.jpg,4,3.541752783,0.538798154,3.0193248,1.003932657,Two figures in red and blue armor stand against a neutral background. The subjects show malformed hands and structurally inconsistent knee and elbow joints. Armor surfaces exhibit waxy smoothing and noisy pseudo-detailing patterns.
red and blue armor,sd1.5_lowcorr_004.jpg,4,2.309898917,0.774029082,3.153995905,1.034756823,A front view of a person in a blue and red armored suit. The armor structure is stable despite fused joints and repetitive mechanical segments. Metallic textures appear waxy with softened edges and inconsistent reflections.
red and blue armor,sd1.5_lowstep_004.jpg,4,2.775605575,0.567843754,3.351474113,0.479547743,Two people stand in blue and red futuristic armored suits outdoors. The subjects suffer from severe anatomical distortion and broken armor geometry. Textures look waxy and edges lack sharpness across the frame.
red and blue armor,sd1.5_normal_004.jpg,4,2.73141732,0.649435598,3.632145713,0.61278039,"A split view displays a red and blue armored suit and components. The armor's structure is stable, but surface details show semantic confusion. Surfaces appear waxy with repetitive patterns and soft edges."
red and blue armor,xl2.2_normal_004.jpg,4,2.85831935,0.923787049,3.358399036,1.172877285,A render shows a figure in glossy red and blue armor on a plain background. The subject is structurally coherent with stylized but readable armor geometry. Surfaces exhibit a waxy oversmoothed texture and softened details.
house of the dragon,AttnGAN_normal_005.jpg,5,1.106599613,0.448890123,0.70896187,0.593561806,A stack of three rounded stones rests on a patchy ground with foliage. The subject is recognizable but shows significant blurring and softened geometric boundaries. Global oversmoothing and weak edge definition reduce texture clarity everywhere.
house of the dragon,DALLE2_normal_005.jpg,5,3.430745058,0.865400549,3.202040316,0.337856509,"A dragon sculpture rests on a traditional roof against a clear blue sky. The subject is structurally stable, though some ornamental details appear slightly fused. Global textures exhibit mild oversmoothing and some waxy surface qualities."
house of the dragon,glide_normal_005.jpg,5,1.539115041,0.272476936,1.698194229,0.93653824,A close-up shows a stylized mythical creature within an ornate golden frame. The subject's anatomy is severely warped with fused limbs and poor readability. Heavy blur softens edges and obscures fine textural details throughout.
house of the dragon,midjourney_lowstep_005.jpg,5,2.731010208,0.632427665,2.971918712,0.674021424,"A stylized 3D dragon emblem glows against a solid black background. The dragon's anatomy exhibits fused limbs and warped, indistinct wing structures. Surfaces show waxy textures and softened fine details."
house of the dragon,midjourney_normal_005.jpg,5,3.773032655,0.550466888,3.433697306,0.670514487,A stylized red dragon rests upon a complex circular metallic seal. The creature's anatomy is plausible but exhibits a distorted tail and fused wing joints. Ornate background elements contain melted textures and illegible repetitive symbols.
house of the dragon,sd1.5_highcorr_005.jpg,5,3.43455948,0.550046299,2.653500595,0.766464444,A multi-tiered pavilion is integrated into a steep rocky cliff face. The architecture is coherent despite some physically implausible support points. Rock textures exhibit noticeable smoothing and lack of micro-detail.
house of the dragon,sd1.5_lowcorr_005.jpg,5,2.64254653,0.811467431,2.982848125,0.57081922,"A dense surreal illustration shows ornate patterns, a central figure, and a framed landscape. The subject displays structural confusion with malformed anatomy and cluttered geometric forms. Flat textures and repetitive pseudo-details reduce overall clarity."
house of the dragon,sd1.5_lowstep_005.jpg,5,3.421003889,0.841415181,2.960067189,0.84593764,A vibrant Art Nouveau illustration depicts a large coiled dragon in a close-up. The dragon's complex anatomy is structurally stable and semantically readable across all regions. Highly repetitive scale patterns and flat fills characterize the texture.
house of the dragon,sd1.5_normal_005.jpg,5,2.61389334,0.397467103,2.445567744,0.990118601,A fantasy card shows a green coiled dragon on a blue background. The dragon has malformed limbs with fused digits and illegible card text. Repetitive textures and softened contours dominate the surface quality.
house of the dragon,xl2.2_normal_005.jpg,5,3.324474137,0.609880881,2.745874276,1.240522135,A woman in a red gown stands before seated men in a courtyard. Seated men display malformed faces and fused hands affecting subject legibility. Textures appear waxy and edges lack sharp definition.
a cat doing karaoke,AttnGAN_normal_007.jpg,7,0.80654015,0.393910643,0.397771485,0.412883462,"A blurry brown animal shape fills a close-up frame on a plain background. The subject lacks coherent structure, appearing as a featureless, fused shape. Severe oversmoothing flattens textures and obscures all edge definitions."
a cat doing karaoke,DALLE2_normal_007.jpg,7,1.910721781,0.574075394,3.167161119,1.011091307,A cartoon cat sings into a microphone on a solid red background. The stylized subject maintains a coherent structure and clear semantic identity. Flat colors and simple outlines dominate the visual field.
a cat doing karaoke,glide_normal_007.jpg,7,0.821435934,0.631626061,1.388019295,0.793575782,"A blurry close-up shows a black cat on a light indoor surface. The subject lacks anatomy, appearing as a fused mass with malformed features. Global blur and oversmoothing destroy texture and edge definition."
a cat doing karaoke,midjourney_lowstep_007.jpg,7,2.821971923,0.621457002,3.679897602,0.461713348,A photorealistic grey cat sits behind a microphone on a wooden table. The cat's face and paws appear slightly malformed with poor local definition. Fur textures show mild oversmoothing and edges lack crispness.
a cat doing karaoke,midjourney_normal_007.jpg,7,3.658567698,0.360187657,3.410832372,1.035166179,A photorealistic close-up depicts a tabby cat yawning indoors. The subject maintains structural coherence despite minor facial and paw distortion. Fur textures appear natural with consistent lighting throughout the scene.
a cat doing karaoke,sd1.5_highcorr_007.jpg,7,3.12288234,0.48840896,2.258697793,0.5263155,A photorealistic close-up features a grey tabby cat on an office chair. The cat's face and limbs show significant structural warping and unnatural patterns. Fur textures exhibit waxy smoothing and inconsistent local detail.
a cat doing karaoke,sd1.5_lowcorr_007.jpg,7,2.354106472,0.475679937,1.972767588,0.643913468,A calico cat sits centrally before a multi-colored wall. The feline subject is recognizable despite having duplicated and fused structures near its paws. Fine details are obscured by pervasive blurring and soft textural rendering.
a cat doing karaoke,sd1.5_lowstep_007.jpg,7,3.214375205,0.430991709,2.163775142,0.257010202,"A photorealistic grey and white tabby cat lies on a wooden floor. The subject is structurally coherent, though the front paw appears malformed. Fur textures show mild oversmoothing and lack crisp micro-detail definition."
a cat doing karaoke,sd1.5_normal_007.jpg,7,3.419625599,0.438529777,3.001128296,0.551710795,A photorealistic close-up of a ginger tabby cat with green eyes. Facial features show subtle unnatural symmetry and a slightly malformed muzzle. Background elements are melted pseudo-textures and fur appears oversmoothed.
a cat doing karaoke,xl2.2_normal_007.jpg,7,3.490797944,0.938736911,3.575282749,0.710863625,A digital illustration of an orange cat wearing glasses and a bow tie. The subject is stable but shows unnatural eye symmetry and mouth geometry. Fur textures appear slightly smoothed with flat background detail.
joe biden very happy,AttnGAN_normal_008.jpg,8,1.230273953,0.574807841,0.577911226,0.711439334,A blurred digital painting depicts a warped interior with indistinct objects. Subject geometry is severely distorted and semantically unreadable due to fusion. Global sharpness is extremely low with pervasive smearing and flat textures.
joe biden very happy,glide_normal_008.jpg,8,1.599484777,0.377380508,1.519124647,1.464568543,A close-up portrait of a black dog in a snowy forest. The subject's facial anatomy is distorted with malformed ears and obscured features. Severe blurring and extreme contrast loss degrade texture and edge clarity.
joe biden very happy,midjourney_lowstep_008.jpg,8,2.74826005,0.280607807,3.588197866,0.29803017,A photorealistic portrait shows a smiling man in a suit at a table. The subject's face is severely distorted with an unnaturally wide mouth. Waxy skin textures and heavy background oversmoothing affect visual quality.
joe biden very happy,midjourney_normal_008.jpg,8,2.736106345,0.64307607,3.391795303,0.805137727,A high-contrast studio portrait shows a man laughing against a dark background. The subject's face is stable but displays unnatural eye closure and skin pitting. Waxy textures and artificial micro-details affect global quality.
joe biden very happy,sd1.5_highcorr_008.jpg,8,3.330022312,0.575477002,4.106087774,0.37188477,A close-up portrait features a suited man in front of an American flag. The subject's face shows severe distortion with misaligned eyes and a malformed mouth. Surfaces exhibit waxy oversmoothing and inconsistent fine textural details.
joe biden very happy,sd1.5_lowcorr_008.jpg,8,3.238537588,0.450337076,3.491984103,0.807906209,A photorealistic side view of a man in a blue suit outdoors. The figure exhibits distorted facial features and a malformed hand in pocket. Global oversmoothing and softened edges affect the scene.
joe biden very happy,sd1.5_lowstep_008.jpg,8,2.598262134,0.296827369,3.832951723,0.606471401,A close-up portrait of a suited man against a neutral background. Facial structure is severely distorted with unnatural alignment and a malformed mouth. Textures appear waxy with inconsistent lighting and softened edges.
joe biden very happy,sd1.5_normal_008.jpg,8,3.162256259,0.765122134,3.647455477,0.234010576,Two smiling men in suits appear against a solid red background. Facial features exhibit severe distortion including malformed teeth and warped eye regions. Skin textures appear waxy while hair lacks natural fine detail.
joe biden very happy,xl2.2_normal_008.jpg,8,3.790180796,0.674059997,3.654274032,0.848578602,A man in a suit walks a flag-lined path toward a capitol-like building. The subject's facial structure and hand anatomy exhibit visible unnatural distortions. Distant details appear oversmoothed with repetitive textures and soft edges.
girl from fight club,AttnGAN_normal_009.jpg,9,1.222173929,0.637559058,0.420831212,0.549756696,A painterly digital image depicts malformed human figures in a domestic interior. Subjects show extreme facial fusion and lack recognizable anatomical coherence. Global textures appear waxy with heavily softened edge definitions.
girl from fight club,DALLE2_normal_009.jpg,9,3.127756575,0.73335884,3.4459796,0.810489819,"Close-up portrait of a woman in a hoodie and boxing gloves. The subject's face is coherent, while the hand holding the string is malformed. Textures exhibit significant oversmoothing and a waxy finish."
girl from fight club,glide_normal_009.jpg,9,0.754308478,0.323115349,0.277575547,0.515737277,A blurry close-up shows a cluster of small furry animals in a dark setting. Severe blurring renders the subjects' structure and anatomy completely unrecognizable. Global quality is dominated by extreme softness and loss of texture.
girl from fight club,midjourney_lowstep_009.jpg,9,3.421003889,0.665631714,3.161543067,0.472613666,"A digital portrait shows a woman with short dark hair in a dark setting. The face is coherent, but hair structure is blurred and lacks definition. Oversmoothing creates waxy textures and blurs fine details."
girl from fight club,midjourney_normal_009.jpg,9,3.792972629,0.465549183,3.323925447,0.621589414,A digital painting portrays a young woman's portrait within a blurred interior setting. The subject remains structurally readable despite minor distortions in the ear and hair. Textures appear waxy and edges are poorly defined.
girl from fight club,sd1.5_highcorr_009.jpg,9,3.025091285,0.842785869,3.022343767,0.53010911,A cinematic close-up portrait features a woman with a messy hair bun. Facial features show subtle asymmetry and distorted lip structure impacting realism. Skin exhibits a waxy texture with softened edge definition.
girl from fight club,sd1.5_lowcorr_009.jpg,9,2.874527714,0.653036503,2.275412354,1.103290064,"A stylized portrait depicts a woman with a choker against a splattered background. The facial structure is coherent, but the collar text is semantically illegible. Skin and hair textures exhibit localized oversmoothing and waxy artifacts."
girl from fight club,sd1.5_lowstep_009.jpg,9,2.574642925,0.357780324,1.928094768,0.672509907,"A cropped woman in a skirt stands in a hazy corridor. Her lower body is coherent, but the feet look malformed. Global softness and smoothed textures reduce perceptual detail clarity."
girl from fight club,sd1.5_normal_009.jpg,9,3.986962403,0.206308784,2.775303755,1.170266041,"A high-contrast monochrome close-up portrait of a woman facing forward. Facial structure is coherent, but eyes exhibit subtle asymmetry and unnatural detailing. Surfaces show a waxy smoothness with softened boundaries at the hairline."
girl from fight club,xl2.2_normal_009.jpg,9,3.757702826,0.420776374,3.381448298,0.66965805,A close-up portrait of a woman in a red top against a blurred room. Facial anatomy and hair show subtle structural distortions and unnatural transitions. Weak details feature smoothed skin and soft edges.
face shot of a woman,AttnGAN_normal_010.jpg,10,1.311956077,0.754244761,0.178657573,0.569770583,A blurry digital painting depicts a distorted electric guitar in close-up. The instrument's body and hardware are severely warped and semantically unreadable. Global oversmoothing eliminates all fine texture and edge definition.
face shot of a woman,DALLE2_normal_010.jpg,10,2.841733922,0.448757939,3.159306031,1.317152981,A high-key frontal portrait of a woman on a white background. Facial structure is clear but exhibits subtle distortion in the eyes and ears. Skin lacks pores and shows a waxy smoothness.
face shot of a woman,glide_normal_010.jpg,10,1.106599613,0.8161563,0.341602936,0.341917555,A frontal macro shot shows a distorted creature's head on a dark background. The subject's facial structure is severely malformed with fused and confusing features. Heavy blur and noise obscure all fine details.
face shot of a woman,midjourney_lowstep_010.jpg,10,3.066652656,0.426446392,3.592509994,0.774877561,A close-up photorealistic portrait of a woman's face set against darkness. The subject's facial features are clear and structurally stable. Skin textures appear slightly waxy and lack fine detail.
face shot of a woman,midjourney_normal_010.jpg,10,4.172725551,0.769329252,4.286204297,0.549834454,A photorealistic close-up portrait of a woman against a dark background. The facial structure is anatomically stable and semantically readable. Skin textures appear slightly waxy with reduced fine detail.
face shot of a woman,sd1.5_highcorr_010.jpg,10,0.887752418,0.543146071,1.460690493,1.184797491,A heavily blurred close-up portrait of a person on a plain background. The subject is structurally unreadable as features are lost to extreme smoothing. Severe global blur flattens all textures and destroys edge clarity.
face shot of a woman,sd1.5_lowcorr_010.jpg,10,2.897434093,0.646565153,3.763463406,0.654049046,A high-contrast black-and-white close-up portrait of a woman with heavy makeup. Facial structure remains coherent and semantically clear despite the tight framing. Skin textures appear overly smoothed and waxy.
face shot of a woman,sd1.5_lowstep_010.jpg,10,3.659493494,0.386315776,3.915003482,0.423033914,A photorealistic close-up portrait of a woman with long hair in soft focus. Facial anatomy and hair structure are coherent with no visible distortions. Skin exhibits subtle smoothing and peripheral details appear slightly soft.
face shot of a woman,sd1.5_normal_010.jpg,10,2.83450926,0.59033734,3.576346344,1.019465776,A photorealistic close-up portrait depicts a woman's face against a blurred background. The subject's facial features are coherent and well-formed without visible structural anomalies. Skin exhibits a waxy oversmoothed appearance with flattened textural details.
face shot of a woman,xl2.2_normal_010.jpg,10,3.931077949,0.428812245,3.814814682,0.349437528,A photorealistic front-facing headshot of a woman against a plain background. The facial anatomy is structurally stable and semantically readable without major distortions. Skin surfaces exhibit oversmoothing and a characteristic waxy plastic-like texture.
life bar and mana bar,AttnGAN_normal_012.jpg,12,1.337589887,0.548578888,0.936285696,0.523195868,A close-up of a textured rock face with a small object at the base. The subject features warped vertical geometry and a structurally malformed central object. Textures appear waxy and oversmoothed with softened edges.
life bar and mana bar,DALLE2_normal_012.jpg,12,2.792237956,1.089499638,2.69321342,0.892229676,"A watercolor-style illustration shows cartoon characters, text, and a brown block. The characters are structurally simple while the text contains unreadable semantic errors. Background textures exhibit repetitive patterns and softened edge definitions."
life bar and mana bar,glide_normal_012.jpg,12,1.010879855,0.226619409,0.731218487,0.967764084,Glowing bottles sit on a shelf with reflections in a dark setting. The bottle geometry is distorted with malformed shapes and missing label details. Heavy blur and compression artifacts degrade the overall visual fidelity.
life bar and mana bar,midjourney_lowstep_012.jpg,12,2.610261314,0.490237202,1.976390846,1.182303538,"Two packaged snack bars and scattered nuts sit on wood. The bar wrappers feature distorted, meaningless letter strings as labels. Heavy blurring reduces texture clarity throughout the image."
life bar and mana bar,midjourney_normal_012.jpg,12,3.530547546,0.486796202,0.993286217,1.03687994,"A realistic 3D render shows a dimly lit wooden bar with a neon sign. The bar architecture is stable, though signage and shelf contents lack semantic clarity. Foreground wood textures show smoothing and artificial repetition."
life bar and mana bar,sd1.5_highcorr_012.jpg,12,3.093256891,0.410565617,2.059351502,1.156654434,"Four baseball bats featuring colorful text and symbols are shown in a row. Surface text is heavily distorted, malformed, and lacks semantic meaning. Textures appear somewhat waxy with softened fine details."
life bar and mana bar,sd1.5_lowcorr_012.jpg,12,2.627511156,0.492987338,1.454923869,0.835780542,A close-up captures a translucent rainbow-colored rectangular object on a dark surface. The subject contains a malformed side hole and illegible text at the bottom. Textures appear waxy with softened details and flat background patterns.
life bar and mana bar,sd1.5_lowstep_012.jpg,12,2.093677968,0.599045989,1.758483236,1.173974248,A vibrant 2D cartoon game interface shows wooden structures and UI icons. Game text is largely illegible and icons lack clear semantic meaning. Background textures exhibit subtle melting and inconsistent edge definitions.
life bar and mana bar,sd1.5_normal_012.jpg,12,2.989757839,0.429197186,2.142312157,1.000489566,"A tall glass of yellow liquid centers a decorative fantasy card illustration. The glass form is stable, while the printed text is illegible gibberish. Overall softness and smoothing affect fine texture and edge definition."
life bar and mana bar,xl2.2_normal_012.jpg,12,3.601888857,0.416466271,1.019587617,1.234648149,"A photorealistic architectural visualization of a modern patio and open interior. The primary structure is coherent, though background seating exhibits subtle geometric instability. Surfaces display pervasive smoothing and repetitive fine-grained patterns."
a small leopard gecko,AttnGAN_normal_014.jpg,14,0.919776796,0.669515599,0.613465793,0.713436676,"A blurry, indistinct human-like figure occupies a light-toned interior space. The subject is severely malformed with fused anatomy and no readable pose. Extreme oversmoothing eliminates all texture and edge definition."
a small leopard gecko,DALLE2_normal_014.jpg,14,2.954193289,0.812933299,3.752111454,0.466311259,"A close-up shows a spotted leopard gecko on a grey surface. The head is clear, but the toes are fused and malformed. Heavy blur obscures the background and rear body while scales stay sharp."
a small leopard gecko,glide_normal_014.jpg,14,1.943986542,0.554337473,2.851195987,0.883144202,"A spotted gecko rests on a blurry surface against a dark background. The reptile's head exhibits severe anatomical distortion with a malformed eye. The image displays heavy blurring, low resolution, and inconsistent color rendering."
a small leopard gecko,midjourney_lowstep_014.jpg,14,2.871898573,0.611918654,3.558776637,0.930029454,A photorealistic close-up shows a gecko on a surface against a dark background. The head is clear but the limbs and skin texture appear distorted and fused. Heavy oversmoothing creates waxy textures and lacks sharp detail.
a small leopard gecko,midjourney_normal_014.jpg,14,3.248505469,0.478225242,3.683010044,0.666667627,"A photorealistic close-up features a leopard gecko on a wooden branch. The head anatomy is stable, but the forelimb digits appear fused and malformed. Crisp skin textures contrast with soft edges and mild oversmoothing."
a small leopard gecko,sd1.5_highcorr_014.jpg,14,2.550308113,0.412023623,3.691835574,0.346105293,A close-up shows a yellow spotted gecko on a textured gray surface. The subject's head and limbs show malformed anatomy with unnatural digit arrangements. Heavy noise and blur degrade image clarity.
a small leopard gecko,sd1.5_lowcorr_014.jpg,14,3.048358432,0.538957806,3.572455852,0.438835632,"A photorealistic close-up features a spotted gecko perched on a tree branch. The subject anatomy is stable, though limb digits show slight fusion. Skin textures exhibit mild flatness and repetitive pseudo-detailing."
a small leopard gecko,sd1.5_lowstep_014.jpg,14,3.288125226,0.30327621,3.580006984,0.614398847,A close-up photograph captures a spotted gecko on a sandy surface. The subject is recognizable but has malformed digits and distorted facial patterns. Textures appear waxy and oversmoothed with indistinct background details.
a small leopard gecko,sd1.5_normal_014.jpg,14,3.404030758,0.300872209,3.774911662,0.392592035,A photorealistic close-up shows a spotted gecko on a rock edge. The lizard's anatomy and pose appear structurally coherent and semantically clear. Skin textures exhibit subtle pseudo-detailing and minor surface waxiness.
a small leopard gecko,xl2.2_normal_014.jpg,14,3.516316957,0.433368338,3.738509136,0.241830352,A macro shot features a colorful gecko facing forward on a rock. The lizard's facial patterns and multi-digit paws show clear anatomical distortions. Sharp textures exhibit a consistent waxy or plastic-like surface quality.
santa claus on drugs,AttnGAN_normal_015.jpg,15,0.91586726,0.403143871,0.571482359,0.516367865,Dark blurry figures with white markings rest on a tiled background. Subject forms are structurally incoherent and lack clear semantic meaning. Extreme global blur results in total loss of detail and edge definition.
santa claus on drugs,DALLE2_normal_015.jpg,15,2.505030811,0.409191015,3.345634382,0.652234055,"A close-up shot features a person in a Santa costume holding white pills. Facial features are plausible, yet the hand holding items is heavily distorted. Fur textures exhibit a waxy appearance with softened edge definitions."
santa claus on drugs,glide_normal_015.jpg,15,0.563430702,0.546433261,0.60877307,0.535029947,A distorted red organic figure floats against a pitch-black background. The central subject is severely malformed with fused features and broken geometry. Extreme blurring and darkness obscure all surface textures.
santa claus on drugs,midjourney_lowstep_015.jpg,15,2.630872609,0.413256802,2.851503215,0.787262618,A soft-focus painted portrait depicts Santa Claus smoking in a dark setting. The subject's face and hands show significant blurring and structurally fused fingers. Oversmoothing creates waxy textures and indistinct image boundaries.
santa claus on drugs,midjourney_normal_015.jpg,15,3.657064334,0.419378629,2.931303945,0.876163186,"A realistic portrait shows a man in a Santa costume against a dark background. The face is clear, but hands and held objects are severely malformed. Fur textures appear slightly waxy, and details show subtle oversmoothing."
santa claus on drugs,sd1.5_highcorr_015.jpg,15,2.717733183,0.469201298,2.169304869,0.527900993,A digital portrait shows Santa Claus against a speckled green background. The figure's hands are structurally distorted with fused fingers and poor contact. Repetitive beard textures and waxy skin surfaces reduce naturalness.
santa claus on drugs,sd1.5_lowcorr_015.jpg,15,2.251322245,0.421310603,2.70330186,0.372103707,A stylized digital painting features Santa Claus against a green background. The subject's lower torso and legs are severely distorted with warped anatomy. Textures appear waxy and edges lack fine-grained definition.
santa claus on drugs,sd1.5_lowstep_015.jpg,15,2.926078447,0.428291684,1.893894456,0.559833102,A festive digital portrait of Santa Claus against a blue sky. The subject's face and hands display significant anatomical inconsistencies. Textures appear waxy with soft edges and low-frequency detail.
santa claus on drugs,sd1.5_normal_015.jpg,15,2.675811291,0.69621607,2.706378634,1.015146095,A photorealistic portrait shows Santa Claus sitting near a Christmas tree. The subject's facial features and beard display subtle structural inconsistencies and fusion. Details appear softened with a slight waxy texture on the suit.
santa claus on drugs,xl2.2_normal_015.jpg,15,3.240419025,0.544233908,2.603839495,0.614847811,A photorealistic portrait of Santa holding an object against a blurred background. The subject's hands are malformed with fused fingers and broken glove contours. Facial skin exhibits waxy oversmoothing and flattened texture.
very sad rabbit crying,AttnGAN_normal_016.jpg,16,1.174495727,0.516055647,0.541980536,0.483986297,A distorted digital abstraction of an urban facade featuring illegible signage. The architectural forms are fused and lack recognizable structural stability. Textures appear waxy with blurred edge definitions.
very sad rabbit crying,DALLE2_normal_016.jpg,16,2.790423236,1.034948217,3.569908726,0.58830311,A centered portrait shows a crying grey cartoon rabbit on a white background. The subject has a readable structure despite minor eye detail inconsistencies. Figure outlines display noticeable softness and varying edge sharpness throughout.
very sad rabbit crying,glide_normal_016.jpg,16,1.540771109,0.739184228,1.585290614,0.764202398,A dark rabbit sits in profile on a bright green field. The subject is structurally stable but lacks readable facial definition. Significant blur and flat textures degrade the entire image fidelity.
very sad rabbit crying,midjourney_lowstep_016.jpg,16,2.188089699,0.598396954,2.521914306,0.611682165,"A centered 3D-style white lop-eared rabbit on a plain white background. The subject exhibits malformed facial features, fused ears, and simplified paw geometry. Global textures appear waxy and oversmoothed with softened edge definitions."
very sad rabbit crying,midjourney_normal_016.jpg,16,3.731501045,0.511180023,2.829700445,1.01260011,A photorealistic close-up of a fluffy white rabbit on a wooden surface. The rabbit is recognizable despite a forehead tuft and poorly defined paws. Fur textures show subtle oversmoothing and waxy highlights across the coat.
very sad rabbit crying,sd1.5_highcorr_016.jpg,16,3.630412823,0.375269693,2.775303755,1.073922611,A close-up shot features a gray rabbit against a blurred green background. The rabbit's facial structure remains coherent with only slight fur texture smoothing. Fur textures show subtle oversmoothing and a waxy perceptual quality.
very sad rabbit crying,sd1.5_lowcorr_016.jpg,16,2.831160905,1.285288387,1.588396896,0.348232662,"A stylized brown rabbit sits in profile within a bold red frame. The subject anatomy is stable, but the forepaw holding grass appears malformed. Oversmoothing creates flat textures and softened edge definitions."
very sad rabbit crying,sd1.5_lowstep_016.jpg,16,2.822270352,0.712421381,2.231381244,0.528636304,A digital painting portrays a white rabbit against a muted brown backdrop. The subject features a coherent form with a well-defined head and ears. Fur surfaces appear overly smooth and lack intricate detail.
very sad rabbit crying,sd1.5_normal_016.jpg,16,3.744508689,0.352841522,2.141295149,0.566794798,"A photorealistic close-up shows a grey rabbit head on a blurred background. The rabbit's head is clear, but the muzzle appears artificially defined. Fur textures appear waxy and oversmoothed with inconsistent fine detail."
very sad rabbit crying,xl2.2_normal_016.jpg,16,3.395484412,0.26045841,2.307030807,0.256359155,A white rabbit sits facing forward in a dark studio. The subject displays minor anatomical warping at the mouth and paws. Fur textures are crisp with consistent lighting and soft shadows.
man hating his printer,AttnGAN_normal_018.jpg,18,1.101434458,0.368267338,0.373079324,0.578466453,"Abstract blue figures occupy a warm-toned wall-like background space. The subject forms are heavily distorted and fused without clear semantic meaning. Image exhibits pervasive smearing, flat textures, and poor boundary definition."
man hating his printer,DALLE2_normal_018.jpg,18,2.476222723,0.379930019,2.903856842,1.315259636,A frustrated man leans over an office printer in a close-up view. The man's face shows distortion and unnatural warping around the mouth. Skin textures appear overly smooth and waxy.
man hating his printer,glide_normal_018.jpg,18,0.778016184,0.473773542,0.26365428,0.164672594,"A low-resolution digital image features a black cat on a white object. The cat's anatomy is vaguely defined with indistinct, rounded limb shapes. Heavy blur and flat textures obscure all fine details."
man hating his printer,midjourney_lowstep_018.jpg,18,2.505259558,0.33788971,3.436323658,0.845904873,A soft-focus digital portrait shows a man leaning on a white printer. Facial features and hand structures are visibly malformed and lack anatomical clarity. Heavy smoothing creates waxy textures and eliminates edge definition.
man hating his printer,midjourney_normal_018.jpg,18,3.887128521,0.29436002,3.762894082,0.754260516,A bearded man with glasses leans aggressively toward a desktop printer. The subject's face displays significant anatomical distortion in the eyes and brow. Global rendering shows waxy skin textures and softened edge definition.
man hating his printer,sd1.5_highcorr_018.jpg,18,2.674859949,0.617963761,2.311989774,1.068577956,"A photorealistic image shows a man crouching by a printer outdoors. The man's hands show fused fingers and poor definition, hurting readability. Textures appear waxy and soft with visible background repetition."
man hating his printer,sd1.5_lowcorr_018.jpg,18,2.776844014,0.635934855,1.944623742,1.01590336,A man in an office holds a printed sheet beside a large copier. The man's facial features and the malformed objects on the paper lack plausibility. Unreadable background text and waxy skin textures degrade the image fidelity.
man hating his printer,sd1.5_lowstep_018.jpg,18,3.062007692,0.23845813,2.189529698,1.047998823,A bearded man adjusts the paper tray of a large office copier. The hands show minor structural instability and distorted finger joint geometry. Textures appear waxy while fine details exhibit noticeable oversmoothing.
man hating his printer,sd1.5_normal_018.jpg,18,3.718303223,0.454693416,3.597061498,0.662181967,A bearded man kneels beside office printers in a photorealistic setting. The subject's hand exhibits severe finger fusion and anatomical distortion. Image features sharp details and consistent lighting throughout.
man hating his printer,xl2.2_normal_018.jpg,18,3.516490125,0.539335615,2.954104154,0.809048123,"A man in a tuxedo holds a paper near a white office printer. The subject's face is clear, but his resting hand shows minor anatomical flaws. Skin textures appear waxy, and printer text is illegible."
a overgrown old house,AttnGAN_normal_020.jpg,20,0.965602553,0.353628309,0.277575547,0.476192805,A blurry central mass and orange fabric appear on a textured background. The subject is structurally incoherent and lacks any recognizable form or definition. Global blur and heavy smoothing obscure all texture and edge definition.
a overgrown old house,DALLE2_normal_020.jpg,20,3.501131449,0.617498937,3.978346905,0.372940543,A weathered brick building covered in dense greenery under bright sunlight. The building's form is clear yet window panes and wall fixtures appear distorted. Global textures appear waxy with repetitive patterns and softened boundaries.
a overgrown old house,glide_normal_020.jpg,20,0.764528218,0.664572892,1.763063447,0.629736819,A low-angle view shows a dark house roofline under a bright sky. The building's form is geometrically indistinct and obscured by heavy pixelation. Extreme blur and underexposure cause total loss of surface detail.
a overgrown old house,midjourney_lowstep_020.jpg,20,1.731197672,0.709807101,3.239106761,1.111260456,"A blurry, painterly house sits amidst dense green foliage in a hazy scene. The house structure is recognizable but has poor boundary definition and indistinct details. Global oversmoothing eliminates fine texture and edge clarity."
a overgrown old house,midjourney_normal_020.jpg,20,3.952270172,0.620296158,3.854712392,0.53374121,A photorealistic view of an old wooden house overgrown with dense forest ivy. The architecture is coherent but displays distorted window frames and porch railings. Textures appear waxy with softened fine details and edges.
a overgrown old house,sd1.5_highcorr_020.jpg,20,3.630412823,0.282465315,3.787279028,0.508739763,"A photorealistic image of a dilapidated wooden house overgrown with lush vegetation. The structure displays warped window frames and a geometrically unstable, darkened porch. Shadows are overly smoothed and textures appear flat with waxy surfaces."
a overgrown old house,sd1.5_lowcorr_020.jpg,20,3.686651939,0.717865495,3.915003482,0.418009976,A small wooden shed sits in a dense forest under overcast light. The shed's structure is distorted with warped walls and an irregular roof. Textures show heavy smoothing and lack sharp local definition.
a overgrown old house,sd1.5_lowstep_020.jpg,20,3.380391978,0.632586659,3.870905155,0.515145233,A dilapidated two-story house stands within overgrown woods under an overcast sky. The architecture exhibits warped geometry and illegible text with irregular window shapes. Surfaces show waxy smoothing and softened edges against the background.
a overgrown old house,sd1.5_normal_020.jpg,20,3.094767498,0.803607204,3.729311245,0.572014222,A dilapidated wooden house overgrown with vines sits among tall grass and trees. Warped siding and misaligned window frames compromise the building's architectural coherence. Textures show repetitive patterns and fine details appear overly smoothed.
a overgrown old house,xl2.2_normal_020.jpg,20,3.455503573,0.554336266,3.623752433,0.558754629,A weathered wooden cottage overgrown with ivy stands in a lush forest. The house structure is stable although window frames show minor geometric errors. Foreground textures are oversmoothed with subtle background repetition.
portrait of mecha robot,AttnGAN_normal_021.jpg,21,1.448560438,0.717877486,0.444707156,0.584535149,A blurry boat floats on dark water near vertical wooden posts. The vessel's structure is indistinct and lacks clear geometric definition. Heavy global blur flattens all texture and edge detail.
portrait of mecha robot,DALLE2_normal_021.jpg,21,2.147166571,0.476594059,3.080115584,0.612075669,A close-up shows a stylized silver and yellow robot head against a dark background. The robotic subject features a coherent helmet structure with clear geometric paneling. Surfaces show smooth shading with sharp contours and consistent lighting.
portrait of mecha robot,glide_normal_021.jpg,21,1.960618923,0.51534107,2.877526414,0.940454187,A distorted red and black robotic figure stands on a white background. The subject's limbs and torso are fused into an incoherent malformed mass. Global blur and oversmoothing eliminate most surface texture and detail.
portrait of mecha robot,midjourney_lowstep_021.jpg,21,1.844192258,0.743062154,2.903856842,0.766218644,A close-up depicts a robot head in teal and orange armor. The helmet anatomy is heavily warped with melted and fused components. Global oversmoothing and blur eliminate texture clarity and edge definition.
portrait of mecha robot,midjourney_normal_021.jpg,21,3.887128521,0.401811153,3.921396233,0.429048001,A detailed 3D render of a white robotic head and torso. The subject is structurally stable but features unreadable pseudo-text markings. Visuals are sharp with consistent lighting and clean boundaries.
portrait of mecha robot,sd1.5_highcorr_021.jpg,21,2.960099613,0.843352341,3.348349994,0.749796846,"A digital illustration shows a stylized robot head against a purple background. The robot's head is stable, though chest mechanics show illegible pseudo-details. Metallic textures appear slightly waxy while outlines stay crisp."
portrait of mecha robot,sd1.5_lowcorr_021.jpg,21,2.974361596,0.589694776,2.677763969,1.020991354,"A centered digital render depicts a humanoid robot against a plain background. The subject's anatomy is severely malformed, featuring fused, illegible hands and torso. Armor surfaces show inconsistent pseudo-details and softened edges."
portrait of mecha robot,sd1.5_lowstep_021.jpg,21,2.982308131,0.697198129,3.831912184,0.617656375,A pencil sketch depicts a camera-robot on a plain gray background. The subject has a cluttered structure with malformed joints and fused components. Shading is slightly oversmoothed with minor line-definition inconsistencies.
portrait of mecha robot,sd1.5_normal_021.jpg,21,3.29157139,0.445269554,3.763511558,0.591859564,A digital illustration features a complex humanoid robot on a plain background. The robot's lower body is structurally incoherent with cluttered fused mechanical parts. Surfaces exhibit uneven texture density and localized waxy smoothing.
portrait of mecha robot,xl2.2_normal_021.jpg,21,3.727517958,0.420694013,3.703773546,0.507640182,"A close-up digital illustration features a stylized armored robot with horned headgear. The subject's facial structure is stable, though mismatched eye colors seem inconsistent. Metal surfaces show smooth, waxy textures lacking fine detail."
panda chef in a kitchen,AttnGAN_normal_022.jpg,22,1.428382741,0.692444828,0.784257411,0.776146893,A blurred figure in a white robe stands against a green background. The subject's facial features are heavily distorted and lack coherent anatomy. Global oversmoothing and vertical smearing flatten textures and soften boundaries.
panda chef in a kitchen,DALLE2_normal_022.jpg,22,2.568394371,0.508204609,4.118503049,0.567993321,A cartoon panda chef poses with crossed arms inside a stylized kitchen. The subject is structurally readable but features simplified limb connections and paws. Illegible text and flat color fills define the non-structural artifacts.
panda chef in a kitchen,glide_normal_022.jpg,22,1.527555519,0.522455718,0.909339471,0.608624901,"Several distorted panda-shaped figures rest on a plate of food. The subjects show melted anatomy and simplified, misaligned facial features. Significant blur and flat textures reduce fine detail visibility."
panda chef in a kitchen,midjourney_lowstep_022.jpg,22,2.686140018,0.485625473,3.72764949,0.448157575,"A 3D animated panda chef stands in a warm, softly lit kitchen interior. The anthropomorphic subject maintains coherent anatomy and clear semantic readability. Heavy global oversmoothing and background melting degrade edge clarity."
panda chef in a kitchen,midjourney_normal_022.jpg,22,3.605176603,0.589711699,3.948399749,0.332678014,"A 3D-rendered panda chef cooks in a warmly lit kitchen interior. The anthropomorphic subject maintains coherent anatomy and a stable cooking pose. Textures exhibit a smooth, waxy finish with softened background details."
panda chef in a kitchen,sd1.5_highcorr_022.jpg,22,2.5465021,0.633350225,3.506852145,0.366757999,A stylized panda in a chef uniform stands in a kitchen. The subject's eyes contain unnatural spirals and its paws appear fused. Background details melt and the apron shows grainy pseudo-detail.
panda chef in a kitchen,sd1.5_lowcorr_022.jpg,22,3.257944615,0.886491428,2.877526414,0.460652316,A photorealistic panda sits on a kitchen counter holding vegetables. The subject's limb structure is malformed and fused with the held object. Fur textures exhibit a waxy appearance with softened fine details.
panda chef in a kitchen,sd1.5_lowstep_022.jpg,22,2.776694622,0.598887109,2.462224445,1.077395701,A 3D rendered panda figure sits at a kitchen counter with bowls. The subject shows malformed anatomy with a fused head and unclear limbs. Textures appear waxy with softened edges and flat details.
panda chef in a kitchen,sd1.5_normal_022.jpg,22,2.600314118,0.917060762,2.868587123,0.984522835,A cartoon panda chef sits in a kitchen with a vegetable pan. The character's hands are fused blobs and the torso lacks structure. Edges show aliasing and background details exhibit significant blurring.
panda chef in a kitchen,xl2.2_normal_022.jpg,22,2.954193289,0.654214567,3.877512601,0.249321372,A cheerful cartoon panda chef holds a spatula in a kitchen. The character's limbs and paws display minor anatomical inconsistencies and fusion. Image edges show aliasing and textures appear artificially flat.
king kong on fighting,AttnGAN_normal_023.jpg,23,0.949159982,0.506836937,0.422156431,0.363652825,Two clusters of glossy red organic shapes sit on a blurry surface. The fused bulbous forms lack clear structural definition and logical separation. Heavy oversmoothing and waxy textures obscure all fine details and edges.
king kong on fighting,DALLE2_normal_023.jpg,23,2.679260682,0.619951524,2.403045646,0.900579927,A close-up photorealistic portrait shows a humanoid gorilla against a dark background. The subject's facial anatomy displays noticeable distortion near the mouth and eyes. Fur details appear somewhat waxy and lack fine textural clarity.
king kong on fighting,glide_normal_023.jpg,23,0.84859438,0.494118092,0.597640981,0.648196135,A low-resolution close-up shows a tiger's head and paw in deep shadow. The tiger's face is heavily smeared and its paw is structurally ambiguous. Oversmoothing and compression artifacts flatten all textures.
king kong on fighting,midjourney_lowstep_023.jpg,23,2.077045587,0.673925658,3.232987189,0.516480698,A muscular humanoid figure boxes a large gorilla against a glowing background. Subjects exhibit blurred anatomy with fused joints and lack clear structural definition. Global oversmoothing flattens textures and obscures fine details.
king kong on fighting,midjourney_normal_023.jpg,23,3.822840391,0.255060702,4.093672499,0.465195587,A muscular hairless ape and a large gorilla face off in a harbor. Both subjects show coherent anatomy and stable structure with clear poses. Background details are softened and fur textures show repetitive patterns.
king kong on fighting,sd1.5_highcorr_023.jpg,23,3.169097903,0.436420921,3.608269769,0.74851976,A giant roaring gorilla dominates the foreground against a city and mountain backdrop. Facial features appear distorted with an implausible and broken chest-to-fur anatomical transition. Chest textures look artificially flat while background details remain soft.
king kong on fighting,sd1.5_lowcorr_023.jpg,23,2.339014038,0.411558082,2.629356055,0.485742541,A large gorilla crouches on rocky terrain under a cloudy monochrome sky. The subject shows distorted anatomy with malformed features and awkward limb proportions. Heavy blur and flat textures obscure details across the whole image.
king kong on fighting,sd1.5_lowstep_023.jpg,23,3.162256259,0.811380507,3.185246111,0.75253959,A muscular 3D-rendered gorilla stands in a bright outdoor landscape. The subject's facial features and hand digits show minor anatomical inconsistencies. Skin textures appear slightly waxy while fur details remain sharp.
king kong on fighting,sd1.5_normal_023.jpg,23,2.523592728,0.397561401,3.001128296,0.935792274,"A black and white digital painting shows a gorilla against a cloudy horizon. The gorilla's face is clear, but its hand and limb anatomy are distorted. Fur textures appear waxy while background details exhibit noticeable oversmoothing."
king kong on fighting,xl2.2_normal_023.jpg,23,3.62187092,0.240052245,3.381448298,0.991859966,A digital painting shows a giant roaring gorilla standing on a city skyline. The central ape subject features coherent anatomy and a highly readable aggressive expression. Fur details exhibit minor smoothing while distant buildings lack sharp definition.
goddess of mystic unity,AttnGAN_normal_024.jpg,24,0.979308463,0.692335046,0.310309712,0.508539438,A close-up image features distorted dark silhouettes on a colorful blurred background. The subject shapes are severely malformed and lack any plausible structural form. Global textures exhibit heavy oversmoothing and waxy surfaces.
goddess of mystic unity,DALLE2_normal_024.jpg,24,2.790423236,0.888633917,2.701605789,1.527958588,A close-up of a stylized painted statue face under dramatic lighting. The face exhibits structural asymmetry with mismatched eyes and a warped nose. Surfaces show waxy smoothing and inconsistent pseudo-detailing across the skin.
goddess of mystic unity,glide_normal_024.jpg,24,1.312728533,0.589689332,0.528272961,0.794562287,"A close-up shows a weathered gravestone in a grassy outdoor setting. The inscriptions are severely distorted and appear as illegible pseudo-text. Blur, noise, and waxy textures significantly reduce detail clarity."
goddess of mystic unity,midjourney_lowstep_024.jpg,24,2.886258786,0.31954806,3.4459796,0.415966744,A centered digital painting of a female figure with a glowing halo against a misty background. The subject's hands are severely malformed with fused fingers while the face remains stable. Heavy oversmoothing and flat textures obscure detail.
goddess of mystic unity,midjourney_normal_024.jpg,24,4.255753145,0.330675853,4.014160821,0.314817977,"A centered digital fantasy portrait of a robed woman among birds and flowers. The figure is coherent, though peripheral birds show warped anatomy and wing fusion. Skin shows waxy textures and soft background oversmoothing."
goddess of mystic unity,sd1.5_highcorr_024.jpg,24,3.010422973,0.736941498,3.432908534,0.578376817,A stylized frontal portrait of a robed figure within an ornate decorative frame. The subject's anatomy is largely stable although the clasped hands show slight fusion. Background patterns contain subtle repetitive textures and inconsistent fine details.
goddess of mystic unity,sd1.5_lowcorr_024.jpg,24,2.674859949,0.468550548,3.006960745,0.805281669,"A stylized winged female figure stands against a purple mystical background. The subject shows distorted facial features, malformed hands, and warped anatomy. Intricate textures exhibit repetitive patterns and pseudo-details throughout the image."
goddess of mystic unity,sd1.5_lowstep_024.jpg,24,3.193169444,0.372102935,3.524109368,0.753193782,"A centered portrait shows a stylized female figure with an ornate headdress and halo. Facial features are stable, while the hands are severely malformed with fused fingers. Metallic and skin textures appear waxy with softened local detail definition."
goddess of mystic unity,sd1.5_normal_024.jpg,24,3.108824919,0.249741309,3.535509472,0.608158043,"A centered, ornate illustration of a crowned female figure in an arch. The subject's anatomy is stable, though the central ornament appears as fused details. Background textures show fine pseudo-details and subtle pattern repetition."
goddess of mystic unity,xl2.2_normal_024.jpg,24,3.44620302,0.427607331,3.854712392,0.307186015,"A digital fantasy portrait features a woman with long hair against a glowing orb. Her face is clear, but her hands show fused fingers and awkward posing. Skin textures appear waxy with some inconsistent lighting."
a still of breaking bad,AttnGAN_normal_025.jpg,25,1.086342024,0.384291365,0.456645128,0.664614654,"A close-up shows a cluster of fused, distorted faces on a pink background. Facial structures are severely warped, overlapping, and lack plausible anatomical coherence. Edges are softened and textures exhibit a smeared, waxy quality."
a still of breaking bad,DALLE2_normal_025.jpg,25,3.089166137,0.716777786,2.545756544,0.847135566,Large 3D white text BASND centered over a blue abstract background. The text is structurally stable and fully readable though partially cropped. Background shows some texture repetition and softened fine details.
a still of breaking bad,glide_normal_025.jpg,25,0.648661441,0.423975991,0.325327435,0.564423428,A blurry digital map shows a dark shape on a green background. The subject is structurally incoherent and semantically unreadable due to extreme blur. Heavy pixelation and softness dominate the entire visual field.
a still of breaking bad,midjourney_lowstep_025.jpg,25,2.239848985,0.336980489,2.281042344,0.94617474,Two men in yellow hazmat suits stand in a dimly lit room. Facial features and equipment appear malformed and lack structural coherence. Severe global blur obscures details and flattens all visible textures.
a still of breaking bad,midjourney_normal_025.jpg,25,4.072931267,0.756018156,4.009734806,0.399042585,A cinematic profile shot features a bald man in a dimly lit laboratory. The subject's facial structure is stable despite minor collar and ear distortion. Skin textures appear waxy and background details lack sharpness.
a still of breaking bad,sd1.5_highcorr_025.jpg,25,2.803217798,0.702450233,2.921613433,1.120409468,Two men sit in yellow armchairs in a desert landscape under a bright sky. Subjects display severe anatomical distortion with fused hands and malformed faces. Surfaces appear waxy and background textures show repetitive patterns.
a still of breaking bad,sd1.5_lowcorr_025.jpg,25,3.330911176,0.582173457,2.824073647,0.971996641,A photorealistic close-up shows a man with glasses in an open field. The foreground subject's facial structure is coherent and semantically clear. Background areas exhibit blurring and softened edge definition.
a still of breaking bad,sd1.5_lowstep_025.jpg,25,3.00308113,0.777013979,2.283154863,1.560686507,Three men stand in a bright desert landscape under a clear sky. Facial features and hands show visible distortion and lack anatomical precision. Global textures appear waxy with softened details and weak edge definition.
a still of breaking bad,sd1.5_normal_025.jpg,25,2.86026573,0.646840626,3.263002682,0.563582887,"Two men stand beside a white car in a bright desert. The subjects suffer from severe anatomical distortion, especially in their faces and hands. Global oversmoothing flattens textures and removes fine detail."
a still of breaking bad,xl2.2_normal_025.jpg,25,3.445007041,0.300764992,3.080115584,0.660562197,Two men stand on desert tracks beside freight cars under cinematic lighting. Subject faces and hands exhibit mild anatomical fusion and lack crisp definition. Surfaces display waxy smoothing and pseudo-detailing across clothing and skin.
a painting of a eclipse,AttnGAN_normal_026.jpg,26,1.023275848,0.729412624,0.613465793,0.628982857,"A close-up shows a dense pile of distorted stone-like sculpted faces. Facial structures are heavily fused and malformed with indistinct, repetitive features. Textures appear waxy with softened edges and inconsistent surface detail."
a painting of a eclipse,DALLE2_normal_026.jpg,26,1.179543421,0.778982856,3.001128296,0.735280054,A digital painting shows a glowing solar eclipse on a dark background. The circular subject is coherent but has an uneven luminous ring. Outer textures appear waxy with softened detail in the diffuse glow.
a painting of a eclipse,glide_normal_026.jpg,26,0.746460866,0.780661399,2.579008945,1.348718514,"A faint blue crescent shape glows on a solid black background. The subject displays an irregular, wobbly arc with inconsistent thickness and symmetry. Extreme softness hides all discernible surface texture."
a painting of a eclipse,midjourney_lowstep_026.jpg,26,2.703383915,0.816669843,3.397119887,0.48725533,A centered dark sphere surrounded by a radiant orange corona in space. The circular subject is structurally coherent and semantically readable as an eclipse. Mild oversmoothing reduces texture definition across the frame.
a painting of a eclipse,midjourney_normal_026.jpg,26,3.628699936,0.588498321,2.56659367,1.420453039,A centered digital painting shows a glowing celestial portal in dark space. The circular subject is structurally stable and semantically readable. Surrounding textures exhibit slight waxiness and softened atmospheric detail.
a painting of a eclipse,sd1.5_highcorr_026.jpg,26,2.127719964,0.62058942,2.068271365,0.841338563,A surreal painting displays five celestial phases above a glowing abstract dome. The circular forms and central structure remain geometrically stable and semantically clear. Soft gradients and painterly textures lack dominant perceptual artifacts.
a painting of a eclipse,sd1.5_lowcorr_026.jpg,26,1.6723615,0.680370606,2.082397944,0.951435102,An abstract painting features a glowing central orb amidst swirling cosmic rings. The central orb maintains structural integrity and clear semantic readability. Textures show repetitive patterns and softened edge definitions.
a painting of a eclipse,sd1.5_lowstep_026.jpg,26,2.33566677,0.630645615,2.429699357,0.759789204,A large yellow sun with a red rim centers an abstract swirling landscape. The main circular subject is structurally stable and visually distinct. Background textures appear smooth with minimal fine detail.
a painting of a eclipse,sd1.5_normal_026.jpg,26,0.963421965,0.594351853,1.043972564,0.774170062,A close-up features a large abstract curved shape beside a bright sun. The primary subject maintains a stable and coherent flowing form. Coarse jagged noise heavily degrades the upper light source perimeter.
a painting of a eclipse,xl2.2_normal_026.jpg,26,2.938008313,0.867315489,3.4459796,0.414911994,A centered digital rendering of a solar eclipse against a dark radial void. The central disk exhibits implausible surface lighting and slightly irregular boundaries. Background textures show prominent radial streaks and softened fine details.
the large cresting waves,AttnGAN_normal_027.jpg,27,0.934897999,0.496275127,0.726968261,0.798565759,"A close-up captures a blurry furry creature against a warm background. The subject's anatomy is heavily obscured, making its structure indistinct and fused. Extreme global blur results in waxy textures and softened edge definition."
the large cresting waves,DALLE2_normal_027.jpg,27,2.731010208,0.660265604,3.374870467,0.433080649,A large curling ocean wave fills the frame in a realistic style. The wave form is coherent but exhibits softness and blurring at the lip. Fine details appear overly smooth with subtle repetitive patterning.
the large cresting waves,glide_normal_027.jpg,27,1.378485599,0.83958531,2.798535131,0.543410228,A blurry high-angle view shows ocean waves beneath a cloudy blue sky. Wave structures and rocky foreground lack clarity due to severe blur. Heavy compression artifacts and color banding degrade overall perceptual quality.
the large cresting waves,midjourney_lowstep_027.jpg,27,1.49383774,0.502659367,3.309820466,0.543355209,A large ocean wave crests under a clear sky in a realistic style. The wave structure lacks definition with melted edges and indistinct foam. Oversmoothing creates waxy surfaces and obscures fine details.
the large cresting waves,midjourney_normal_027.jpg,27,3.657121751,0.847638231,3.720100101,0.554704306,"A large curling wave dominates a dark, moody seascape under overcast light. The wave structure is coherent, though the white crest shows minor fusion. Shadowed water surfaces exhibit mild oversmoothing and flat texture patterns."
the large cresting waves,sd1.5_highcorr_027.jpg,27,3.375915916,0.449940811,3.923113018,0.378377349,A photorealistic wide shot depicts a rough ocean under an overcast sky. The main wave structure is readable despite some crest-level smearing. Water textures appear waxy with softened and unclear boundaries.
the large cresting waves,sd1.5_lowcorr_027.jpg,27,2.161765422,0.485685397,3.576346344,0.556044309,A massive curling ocean wave dominates the frame under natural light. The wave structure remains largely coherent despite some indistinct spray details. Foreground textures appear flat with subtle horizontal repetition patterns.
the large cresting waves,sd1.5_lowstep_027.jpg,27,1.97566987,0.70280171,3.146889346,0.889781994,"A large curling ocean wave breaks under a muted, overcast sky. The wave's form contains fused crests and unnatural vertical water pillars. Global details appear softened with flat, waxy surface textures."
the large cresting waves,sd1.5_normal_027.jpg,27,1.678769845,0.674854537,2.379342601,0.963561553,A photorealistic shot shows a large neon-green ocean wave under a dark sky. The wave structure is coherent despite its semantically implausible green saturation. Foreground textures show noticeable smoothing and slight waxiness.
the large cresting waves,xl2.2_normal_027.jpg,27,3.008458905,1.055804681,3.548952321,0.469385366,"A massive curling ocean wave dominates a moody, dark seascape. The wave's fluid structure is coherent and semantically clear across the frame. Bright spray details exhibit slight perceptual softening."
maroon to black gradient,AttnGAN_normal_028.jpg,28,1.527555519,0.734475663,0.686697692,0.609546191,A malformed boat floats on green water near blurred trees. The subject is severely distorted with fused and overlapping structural parts. Global oversmoothing creates waxy textures and softens all edges.
maroon to black gradient,DALLE2_normal_028.jpg,28,1.104874015,0.746620722,1.809261893,1.138048759,A large dark red diamond on a black background with magenta corners. The geometric subject is perfectly formed with sharp edges and clear separation. Solid colors exhibit no visible noise or boundary artifacts.
maroon to black gradient,glide_normal_028.jpg,28,1.310287954,0.46841795,1.209905872,0.624367824,A glowing cylindrical tumbler sits on a wooden surface against darkness. The object's form is malformed with a fused and unclear base. Heavy blurring and flat textures obscure all fine visual details.
maroon to black gradient,midjourney_lowstep_028.jpg,28,1.877457019,0.671840807,1.482013745,1.369323381,A close-up view shows a hand with long dark gradient manicured nails. Finger structures are recognizable but show subtle joint fusion and unnatural curvature. Global textures appear waxy and oversmoothed with softened boundaries and low detail.
maroon to black gradient,midjourney_normal_028.jpg,28,2.546528083,0.8602909,2.338498523,1.716534757,A close-up photograph displays a hand with dark gradient manicured nails. The fingernails and skin anatomy appear structurally coherent and well-defined. Skin textures exhibit subtle oversmoothing and a slightly waxy appearance.
maroon to black gradient,sd1.5_highcorr_028.jpg,28,0.713190373,0.890613963,1.152883399,1.316564835,A full-frame view captures vertical red strands filling the entire frame. The repetitive linear subject remains coherent with only minor strand merging. Local textures show subtle melting and softened edge definitions.
maroon to black gradient,sd1.5_lowcorr_028.jpg,28,0.577009925,1.167318011,0.642169337,0.716782899,The image contains a uniform dark maroon field with no discernible subject. Structural and semantic content is entirely absent from the visual frame. The surface exhibits extreme low luminance and subtle blocky compression artifacts.
maroon to black gradient,sd1.5_lowstep_028.jpg,28,1.313948351,0.482293295,1.920999368,1.261267856,A close-up view shows stylized lips with dark dripping cosmetic details. The upper lip structure is severely distorted with malformed and fused paint regions. Skin surfaces exhibit noticeable oversmoothing and softened boundary transitions.
maroon to black gradient,sd1.5_normal_028.jpg,28,2.903508628,0.656135352,1.229744947,1.220082233,"A photorealistic back-view portrait shows a woman with long magenta hair and tattoos. The subject is stable, though the ear and tattoo details appear distorted. Skin texture appears waxy with unnaturally sharp hair boundaries."
maroon to black gradient,xl2.2_normal_028.jpg,28,3.908627165,0.417020503,2.199589058,1.653672054,A photorealistic studio portrait shows a woman with dark-to-red ombre hair. The subject maintains a stable facial structure and semantically readable features. Image-wide details remain sharp with no significant perceptual artifacts present.
legendary river of slugs,AttnGAN_normal_029.jpg,29,0.747278376,0.747544955,0.530505137,0.639145334,"An abstract digital image shows a distorted magenta figure with green forms. The subject's anatomy is severely malformed with fused regions and unclear meaning. Textures show heavy smearing, waxy surfaces, and soft edges."
legendary river of slugs,DALLE2_normal_029.jpg,29,3.127756575,0.701500633,1.846024102,1.411717257,A blurry outdoor landscape shows a grassy field before a dense forested hill. Foreground elements and tree structures appear melted and indistinct with poor boundaries. Global textures exhibit heavy oversmoothing and repetitive pseudo-detailing.
legendary river of slugs,glide_normal_029.jpg,29,0.612055936,0.242380104,1.225743967,1.106163576,A vibrant orange-striped slug-like creature sits on a dark forest floor. The subject is structurally indistinct and appears as a color smear. Severe blur and smearing destroy all local texture and boundary clarity.
legendary river of slugs,midjourney_lowstep_029.jpg,29,1.267302782,0.580181528,2.589300817,0.982882993,"A blurry close-up shows a stream with many small orange objects and a rock. The small subjects lack clear structure and appear as indistinct, repetitive smears. Heavy blur flattens textures and obscures all fine details."
legendary river of slugs,midjourney_normal_029.jpg,29,3.593502309,0.688805336,3.422276555,0.836900578,A stylized digital painting depicts slug-like creatures lining a river valley. The subjects maintain coherent anatomical forms despite their repetitive placement. Surfaces exhibit flat textures and softened edge definitions throughout the scene.
legendary river of slugs,sd1.5_highcorr_029.jpg,29,3.307841757,0.973647671,2.956517697,0.862643902,A photorealistic image depicts a large white tube within a forest stream. The subject is structurally coherent but exhibits unnaturally rigid and smooth geometry. Global textures show pervasive oversmoothing and weak edge definition.
legendary river of slugs,sd1.5_lowcorr_029.jpg,29,3.208047473,0.894120113,2.35091786,1.515254285,A high-angle photograph depicts a narrow stream flowing between grassy embankments. Amorphous white objects in the water lack structural definition and semantic sense. Global textures suffer from oversmoothing and repetitive patterns with soft edges.
legendary river of slugs,sd1.5_lowstep_029.jpg,29,2.742340814,0.843031869,2.824865559,1.49280996,A high-angle view shows numerous pale larval creatures in a forest stream. The subjects exhibit malformed anatomy with fused bodies and indistinct features. Water textures show repetitive patterns and softened edge definition.
legendary river of slugs,sd1.5_normal_029.jpg,29,2.974361596,0.535464952,1.934023105,0.881262156,A photorealistic low-angle view of a vibrant green mossy forest stream. The foreground terrain features a malformed fused object and repetitive moss patterns. Surfaces display waxy pseudo-details with softened edges and flat local contrast.
legendary river of slugs,xl2.2_normal_029.jpg,29,3.507430325,0.903631583,2.917022056,1.333162974,A stylized digital painting depicts a warrior by a river at sunset. The figure remains coherent despite malformed weapons and slightly awkward limb positioning. Distant textures are smooth and water ripples look repetitive.
brand logo fruit company,AttnGAN_normal_030.jpg,30,1.014269206,0.559228261,0.605682672,0.678309106,A close-up view shows abstract distorted organic shapes in a painterly style. The main forms exhibit severe structural warping and lack semantic clarity. Global oversmoothing and weak edge definition reduce visual fidelity.
brand logo fruit company,DALLE2_normal_030.jpg,30,3.034849246,1.025747232,3.180285613,0.777579257,A graphic design template displays text and fruit icons on a blue background. Fruit icons fused within the letterforms show distorted and inconsistent internal structures. Internal fruit details exhibit blurry pseudo-details and inconsistent markings.
brand logo fruit company,glide_normal_030.jpg,30,0.986154364,0.348167326,1.164287781,0.538881024,Stylized green and black graphic letters on a plain white background. The letterforms are heavily distorted and fail to form coherent text. Edges show subtle aliasing while textures remain flat and uniform.
brand logo fruit company,midjourney_lowstep_030.jpg,30,1.834018423,0.695191613,2.616373046,0.925985584,Four circular fruit logo designs on a colored grid background. Fruit shapes are recognizable but text is illegible and forms are blurred. Heavy global blur and waxy texture obscure all fine surface details.
brand logo fruit company,midjourney_normal_030.jpg,30,2.433989441,0.536688873,2.988713021,0.704842281,Four stylized glossy fruits are arranged on a plain light background. The fruit subjects show confusing internal surface geometry and fused layering artifacts. Surfaces exhibit overly smooth waxy textures with inconsistent local gradient details.
brand logo fruit company,sd1.5_highcorr_030.jpg,30,2.83450926,0.533069673,3.280058289,0.920527596,"A circular black logo with red graphics and text on a grey textured background. The logo contains semantically garbled text and a structurally ambiguous central graphic. The background shows a flat, repetitive synthetic texture."
brand logo fruit company,sd1.5_lowcorr_030.jpg,30,2.39306082,0.714935726,2.851195987,0.6482781,A low-angle view shows a large green and black sign on a brick facade. The sign displays severely distorted text and a structurally unstable central graphic element. Masonry surfaces exhibit softness and repetitive texture patterns.
brand logo fruit company,sd1.5_lowstep_030.jpg,30,2.86026573,0.94445038,3.055730638,0.810084084,"A centered graphic displays white and gold text on horizontal grey siding. The main word is structurally stable but semantically garbled, while smaller text is illegible. Wood textures appear repetitive and lack fine natural detail."
brand logo fruit company,sd1.5_normal_030.jpg,30,2.736106345,0.555075352,3.247078147,0.689118541,A vector logo shows red fruit and distorted text on a green circle. Fruit anatomy remains coherent while the circular text is severely malformed and illegible. Edges lack definition and the green surface shows uniform flat coloring.
brand logo fruit company,xl2.2_normal_030.jpg,30,2.912021026,0.422026357,2.817302903,0.767429826,A 3D illustration displays fruits and leaves arranged centrally on a dark background. The central orange slice and surrounding fruit structures are coherent and semantically clear. Surfaces show slight waxy smoothing with minimal fine texture variation.
black mickey mouse skull,AttnGAN_normal_031.jpg,31,0.821435934,0.354271932,0.742358137,0.980585945,A chaotic interior scene contains heavily distorted human-like forms and furniture. Subjects are structurally malformed with fused faces and unrecognizable body geometry. Waxy textures and undefined edges dominate the entire visual field.
black mickey mouse skull,DALLE2_normal_031.jpg,31,1.977251303,1.140480122,2.495735212,0.93269573,A stylized black mouse head centers a yellow poster with text and bowls. The subject is clear but features mismatched eyes and crudely rendered peripheral figures. Textures appear flat while all text remains illegible and nonsensical.
black mickey mouse skull,glide_normal_031.jpg,31,1.328588457,0.54927107,0.915909549,0.742299026,A stylized white mask-like graphic is centered on a black background. The subject displays a coherent and symmetrical structure with clear semantic intent. Edges show slight softness and lack fine detail.
black mickey mouse skull,midjourney_lowstep_031.jpg,31,3.389757837,0.321436009,2.951467196,0.533848304,"A decorative skull rests on a wooden surface under soft lighting. The subject displays oversized orbits and a smoothed, structurally simplified facial region. Waxy textures and pervasive softness mask fine details."
black mickey mouse skull,midjourney_normal_031.jpg,31,4.37231412,0.756369971,3.825421812,0.967820386,A glossy black skull with Mickey Mouse ears features white technical diagrams on a dark background. The subject's hybrid anatomy is structurally coherent and semantically clear. Textures and edges show no dominant local artifact.
black mickey mouse skull,sd1.5_highcorr_031.jpg,31,2.92075847,0.561490012,3.031176323,0.711475471,A glossy Mickey Mouse skull figurine rests on a light wood surface. The subject's jawline and teeth display illegible markings and structural ambiguity. The background wood grain exhibits repetitive patterns and softened fine textures.
black mickey mouse skull,sd1.5_lowcorr_031.jpg,31,2.426325581,0.736445946,1.916465803,1.581185354,A digital illustration depicts a distorted cartoon mouse on a red background. The subject features severe anatomical warping with mismatched eyes and fused structures. Clean edges and flat fills maintain consistent local detail quality.
black mickey mouse skull,sd1.5_lowstep_031.jpg,31,0.620661421,0.217660999,2.315698314,1.462896946,A heavily blurred frontal view of a stylized skull on a plain background. The facial structure is recognizable but lacks clear definition or coherent details. Severe global oversmoothing flattens textures and obscures edges.
black mickey mouse skull,sd1.5_normal_031.jpg,31,2.851759102,0.698872865,2.74673979,0.746797429,A glossy 3D-rendered hybrid character sits against a plain gray background. The subject is structurally stable despite its surreal fusion of disparate features. Surfaces show a uniform waxy texture with minimal detail variation.
black mickey mouse skull,xl2.2_normal_031.jpg,31,3.727517958,0.334557438,0.564086878,0.635111809,A stylized portrait shows a man in a fedora and trench coat. Facial features show minor asymmetry but remain structurally coherent and semantically readable. Skin appears slightly waxy while edges stay sharp.
the pope had a rock band,AttnGAN_normal_033.jpg,33,1.179543421,0.398577932,0.182860864,0.469014935,A distorted digital painting of a figure integrated with green foliage. The subject displays severe anatomical fusion and lacks recognizable structural coherence. Waxy textures and blurred edges obscure fine details.
the pope had a rock band,DALLE2_normal_033.jpg,33,2.742340814,0.567100146,2.574726496,0.903119279,A low-angle shot shows a band group centered on a man in a white jacket. The subject displays severe anatomical distortion including extra fingers and a fused head. Waxy textures and softened details show inconsistent lighting.
the pope had a rock band,glide_normal_033.jpg,33,1.421934412,0.671323314,1.10728726,0.970739104,"A blurry nighttime photo captures a large illuminated domed building facade. The architecture is heavily smeared, causing severe loss of structural legibility. Extreme global blur and color bleeding eliminate almost all fine detail."
the pope had a rock band,midjourney_lowstep_033.jpg,33,2.165179579,0.624781709,2.44244092,0.570381404,Three blurred musicians perform in a bright room with large windows. The central guitarist's anatomy is obscured by heavy blurring and lacks defined features. Extreme softness eliminates fine texture and creates indistinct boundaries throughout.
the pope had a rock band,midjourney_normal_033.jpg,33,3.908627165,0.243365802,3.739587462,0.418155124,A photorealistic image depicts men in priest robes playing guitars outdoors. The central subject's face and hand anatomy exhibit subtle structural inconsistencies. Background textures appear oversmoothed with softened architectural edge definition.
the pope had a rock band,sd1.5_highcorr_033.jpg,33,2.911873639,0.682064028,2.069982669,0.70418382,"A photorealistic portrait of an elderly man in white papal robes holding a red book. The subject is clear, but his right hand shows finger fusion and distortion. Textures appear waxy with softened details and blurred edges."
the pope had a rock band,sd1.5_lowcorr_033.jpg,33,2.524012104,0.423985312,2.971918712,0.727334424,A central religious figure stands amidst a dense crowd outdoors. Surrounding individuals show extreme facial distortions and malformed limb structures. Global textures appear waxy with inconsistent edge definition throughout.
the pope had a rock band,sd1.5_lowstep_033.jpg,33,3.758770672,0.493223859,2.092525257,1.370166106,A photorealistic portrait shows a man in papal vestments waving before a blurred background. The subject displays distorted hand anatomy with fused fingers and noticeable facial asymmetry. Softened textures and weak edge boundaries lower global detail fidelity.
the pope had a rock band,sd1.5_normal_033.jpg,33,3.389757837,0.349260762,2.318288169,0.638001823,A centered photorealistic portrait depicts an elderly man in white papal vestments. The subject's raised hand exhibits severe anatomical distortion with fused fingers. Skin appears waxy with inconsistent local detail rendering.
the pope had a rock band,xl2.2_normal_033.jpg,33,3.344956193,0.755393501,1.722354968,0.940277679,"A photorealistic studio portrait features a man in white religious garments. The face is structurally stable, but the hand anatomy is severely malformed and fused. Textures exhibit mild waxiness and softened edge definition throughout."
rat portrait as a warrior,AttnGAN_normal_034.jpg,34,1.508930173,0.551647733,0.385017296,0.559629168,A distorted digital rendering of a cluttered interior space with mirrors. Subject geometry is severely warped and semantically illegible with fused components. Heavy oversmoothing causes flat textures and melted edges.
rat portrait as a warrior,DALLE2_normal_034.jpg,34,2.686140018,0.399180914,2.366720668,0.892574459,A digital illustration depicts an anthropomorphic rat in a purple uniform against a dark background. The subject's facial features and malformed paws exhibit clear structural distortion. Surfaces appear waxy with softened edges and flat texture detail.
rat portrait as a warrior,glide_normal_034.jpg,34,0.513601805,0.764367316,0.297144498,0.519616982,"A dark, blurry close-up of a distorted head against a solid black background. The subject's features are malformed and lack clear structural or semantic readability. Extreme blurring and heavy shadows obscure all visible details."
rat portrait as a warrior,midjourney_lowstep_034.jpg,34,2.309898917,0.640505878,3.232987189,0.554593461,"A digital painting depicts a close-up of an armored anthropomorphic mouse. The facial structure is stable, while the hands and gear appear fused. Extreme oversmoothing and softness obscure all fine textural details."
rat portrait as a warrior,midjourney_normal_034.jpg,34,3.44620302,0.339150857,3.74071135,0.493576401,A cinematic close-up of an armored anthropomorphic rat against a dark background. The subject's head and neck armor are structurally stable and semantically clear. Surfaces show slight softening and a pervasive waxy texture quality.
rat portrait as a warrior,sd1.5_highcorr_034.jpg,34,3.576252467,0.762175533,3.434128078,0.496570111,"A digital painting shows a stylized mouse head within a wooden frame. The subject's anatomy is stable, though whiskers are dense and tangled. Fur textures show minor smoothing against a flat, uniform background."
rat portrait as a warrior,sd1.5_lowcorr_034.jpg,34,2.841733922,0.501771785,2.14469675,0.47950432,"A front-facing close-up of a small rodent on a plain background. The head structure is stable, but the foreground paws appear malformed and fused. Fur textures show waxy oversmoothing and softened global edges."
rat portrait as a warrior,sd1.5_lowstep_034.jpg,34,1.594706548,0.685175385,1.587335456,0.460303967,"A digital painting portrays a stylized gray mouse against a yellow backdrop. The mouse head is clear, but its forepaws are malformed and fused. Fur exhibits waxy smoothing and inconsistent background surface details."
rat portrait as a warrior,sd1.5_normal_034.jpg,34,2.609281769,0.488739355,2.245596149,1.084802758,A photorealistic close-up portrait of a rat within a wooden frame. The rodent's head shows coherent anatomy with well-defined whiskers and ears. Fine fur details exhibit slight waxy smoothing in darker shadow areas.
rat portrait as a warrior,xl2.2_normal_034.jpg,34,3.430745058,0.487108732,3.701931716,0.526657927,A fantasy portrait shows a rat in ornate metallic armor against a dark background. The subject displays a coherent facial structure and plausible armor geometry. Sharp textures show minor smoothing on the metal surfaces.
illustration of a rowboat,AttnGAN_normal_035.jpg,35,0.761394747,0.207618326,0.269767789,0.372108636,A close-up of a distorted brown organic mass on a warm background. The subject features malformed fused segments lacking coherent structure or semantic readability. Significant oversmoothing and poor edge definition flatten image textures.
illustration of a rowboat,DALLE2_normal_035.jpg,35,1.662259142,0.330195054,3.17765537,0.903230858,A stylized red rowboat is isolated on a plain white background. Internal components such as the seat and oars are malformed and fused. Surfaces exhibit flat shading with weak edge definition and pseudo-texture details.
illustration of a rowboat,glide_normal_035.jpg,35,1.14563227,0.585590311,2.11394401,1.261813666,A minimalist line-art sketch portrays a boat on wheels near a crescent moon. The subject exhibits a warped hull geometry and nonsensical circular attachments. Jagged contours and flat fills appear across the entire frame.
illustration of a rowboat,midjourney_lowstep_035.jpg,35,2.869848764,0.629039459,3.797711871,0.357910762,"A digital painting shows a wooden rowboat on a minimalist water surface. The hull is stable, but internal thwarts appear floating and lack integration. Soft edges and stylized wood textures diminish fine detail clarity."
illustration of a rowboat,midjourney_normal_035.jpg,35,3.024480393,0.723330387,3.774911662,0.475903087,A detailed sketch depicts a wooden rowboat floating on rippling water. Internal hull components exhibit warped geometry and lack logical connections. Repetitive textures and soft edges affect visual fidelity.
illustration of a rowboat,sd1.5_highcorr_035.jpg,35,2.526119865,0.922657192,3.075004622,0.786121099,"An engraved-style illustration depicts a canoe on a horizontally textured surface. The boat’s hull is coherent, but internal ribs appear malformed and fused. Shading exhibits repetitive pseudo-details and lacks natural textural variation."
illustration of a rowboat,sd1.5_lowcorr_035.jpg,35,2.804002459,0.592637777,2.890851301,0.601634029,A stylized painting portrays two boats on a calm sea surface. The vessel anatomy is distorted with malformed hulls and fused masts. Textures appear flat with weak edge definition.
illustration of a rowboat,sd1.5_lowstep_035.jpg,35,3.199282771,1.038415057,3.488890048,0.994729081,A monochrome sketch depicts a wooden boat on water before distant mountains. The boat's structure is coherent despite a malformed detail at the stern. Background textures show repetitive hatching and soft edges.
illustration of a rowboat,sd1.5_normal_035.jpg,35,2.254782866,0.846784177,3.038374121,1.274792428,A red boat floats on blue water before mountains in a graphic style. The boat's interior contains confusing geometric overlaps and malformed structural parts. Surfaces show flat textures and repetitive stylized patterns.
illustration of a rowboat,xl2.2_normal_035.jpg,35,3.516316957,0.868875288,3.348349994,0.618934168,A centered wooden rowboat floats on a calm lake during sunset. The subject maintains a coherent geometric structure with clear internal framing. Surfaces exhibit a pervasive waxy smoothness and flattened textures.
gnome warfare at walmart,AttnGAN_normal_036.jpg,36,1.116526892,0.196692972,0.468583101,0.56108141,A distorted photorealistic image depicts blurred human figures in an urban setting. Subjects show severe anatomical warping with fused limbs and broken geometry. Heavy global blurring and melted textures obscure all fine surface details.
gnome warfare at walmart,DALLE2_normal_036.jpg,36,2.506762262,0.633179291,1.62084518,1.25875967,A close-up of garden gnomes on a blue shelf with a price tag. Gnome faces appear malformed while the price tag text is semantically illegible. Noticeable noise and softened details affect the overall perceptual clarity.
gnome warfare at walmart,glide_normal_036.jpg,36,1.558020951,0.799588025,0.554208182,0.625545276,A blurry circular object with dark markings hangs in a dim room. Internal subject features are malformed and lack recognizable semantic structure or coherence. Severe blur and noise obscure fine details.
gnome warfare at walmart,midjourney_lowstep_036.jpg,36,1.916425889,0.200288738,2.342844724,1.00542466,A row of identical garden gnomes sits on a store shelf under bright lights. The repetitive figures have fused faces and lack distinct anatomical structure. Global motion blur softens edges and flattens textures.
gnome warfare at walmart,midjourney_normal_036.jpg,36,3.196755943,0.547887298,2.971918712,0.763404796,"A crowded display of garden gnomes sits beneath a storefront sign. Many figures possess malformed faces, fused bodies, and distorted anatomical features. Surfaces show waxy textures and softened local details."
gnome warfare at walmart,sd1.5_highcorr_036.jpg,36,2.701232452,0.388189715,1.996643532,0.848162574,A garden gnome stands in the center of a supermarket aisle. The gnome's facial features and tiny hands appear distorted and malformed. Background shelves exhibit blurry pseudo-details and lack legible text clarity.
gnome warfare at walmart,sd1.5_lowcorr_036.jpg,36,3.106014094,0.677009032,1.958245193,1.414878401,A bearded gnome stands by a green piggy bank in a cluttered room. The subject's face and hands are malformed with distorted anatomy and poor structure. Textures appear waxy and background contains illegible pseudo-text.
gnome warfare at walmart,sd1.5_lowstep_036.jpg,36,2.703383915,0.302327474,1.982792998,0.892086408,Two stylized cartoon figures stand within a brightly lit retail store environment. The central figure exhibits severe facial distortion with malformed eyes. Background text is illegible and details show softness.
gnome warfare at walmart,sd1.5_normal_036.jpg,36,2.731010208,0.636159344,2.580818479,0.782890585,A garden gnome stands in the center of a supermarket aisle. The gnome's facial alignment and grasping hand show subtle structural distortions. Illegible background text and waxy textures reduce perceptual realism.
gnome warfare at walmart,xl2.2_normal_036.jpg,36,3.583898292,0.453484735,2.976297746,1.006300653,A garden gnome figurine stands in a brightly lit retail store aisle. The central subject is structurally stable despite slightly malformed hands and boots. The background exhibits significant blurring and indistinct repetitive textures.
beautiful topaz girl dark,AttnGAN_normal_039.jpg,39,1.247523795,0.577585912,0.945308415,0.911718028,The image depicts several distorted robotic figures in a red-toned interior setting. The subjects show severe structural fusion with no discernible limbs or faces. Global blurring and flat textures eliminate most fine visual information.
beautiful topaz girl dark,DALLE2_normal_039.jpg,39,2.674859949,0.568721509,2.568031711,1.05354889,A digital portrait shows a woman with dark hair against a glowing red background. Facial structure is readable but shows asymmetrical eyes and simplified geometry. Waxy textures and softened edges affect the global quality.
beautiful topaz girl dark,glide_normal_039.jpg,39,0.582188173,0.414658559,0.480827465,0.435147679,A dark textured spherical object is centered on a plain white background. The subject maintains a stable spherical form with a complex surface pattern. Noticeable blur and crushed black levels diminish fine textural details.
beautiful topaz girl dark,midjourney_lowstep_039.jpg,39,2.644930029,0.494554346,2.657701443,0.821962912,"A digital painting portrays a blue-skinned woman with voluminous dark hair. The facial structure is stable, while the hand exhibits minor finger fusion. Skin textures appear waxy with softened details."
beautiful topaz girl dark,midjourney_normal_039.jpg,39,4.058272319,0.255470312,3.494659672,0.570908616,A digital portrait of a dark-haired woman with blue eyes in a moody setting. Her facial features and jewelry are structurally stable and semantically readable. Skin appears waxy and background boundaries lack sharp definition.
beautiful topaz girl dark,sd1.5_highcorr_039.jpg,39,2.701159713,0.570850777,0.78808434,0.776253277,"A large blue gemstone sits on a red flower in close-up. The gem is well-formed, but small accent stones appear slightly fused. Petal surfaces show a waxy texture with softened edges and flat colors."
beautiful topaz girl dark,sd1.5_lowcorr_039.jpg,39,0.335894705,0.302515981,0.690390841,0.504460237,A heavily blurred close-up portrait of a blonde woman with long hair. Subject anatomy is unrecognizable due to extreme loss of structural detail. Intense global blur flattens textures and obscures all boundaries.
beautiful topaz girl dark,sd1.5_lowstep_039.jpg,39,2.725708433,1.126752139,2.877526414,0.8390752,A 3D animated portrait of a woman with dark hair before wooden panels. The subject displays distorted facial geometry and lacks anatomical stability around the eyes. Global textures appear waxy and lack fine-grained surface detail.
beautiful topaz girl dark,sd1.5_normal_039.jpg,39,3.333592147,0.760185326,2.835190856,0.793014262,A photorealistic close-up portrait of a woman with long dark hair. Facial anatomy is mostly stable despite unnatural eye size and waxy skin. Global textures appear oversmoothed with softened edge definitions and background melting.
beautiful topaz girl dark,xl2.2_normal_039.jpg,39,3.510122043,0.873307501,3.558776637,0.776615494,An anime illustration shows a young woman in a wide-brimmed hat. The subject exhibits a coherent facial structure with minor hand digit ambiguity. Skin appears waxy with softened detail edges.
an elaborate robot coding,AttnGAN_normal_040.jpg,40,0.980694987,0.345974902,0.946101985,1.092064402,Distorted humanoid figures stand on a green field near stadium seating. Subjects exhibit severe structural fusion with malformed limbs and broken geometry. Heavy blur and oversmoothing flatten textures and obscure edge definition.
an elaborate robot coding,DALLE2_normal_040.jpg,40,2.80733647,0.845322253,3.311510172,0.849421262,A 3D rendered robot stands before a glowing blue digital interface. The robot's hands are malformed claws and the book contains illegible pseudo-text. Background icons are repetitive meaningless symbols with waxy textures.
an elaborate robot coding,glide_normal_040.jpg,40,0.977683949,0.536187806,1.324399447,0.792990562,"A blurry, dark mechanical object sits on a plain white background. The subject's form is indistinct and lacks clear structural definition. Severe global blur and oversmoothing obscure all fine details."
an elaborate robot coding,midjourney_lowstep_040.jpg,40,1.358005834,0.756235275,1.340055066,0.624783555,A blurry wooden humanoid sits at a table in an indoor room. The subject's anatomy is severely distorted with fused limbs and a malformed head. Extreme global blur degrades overall clarity and edge definition.
an elaborate robot coding,midjourney_normal_040.jpg,40,3.352004521,0.589893141,3.303761333,0.813347974,A complex humanoid robot stands frontally against a plain light background. The mechanical subject shows malformed fingers and semantically confused torso components. Metallic textures exhibit subtle oversmoothing and softened edge definition.
an elaborate robot coding,sd1.5_highcorr_040.jpg,40,2.671047584,0.509475821,3.357572354,0.56883057,A glossy green cartoon robot stands before a background of digital symbols. The subject features simplified anatomy with fused limb segments and a malformed hand. Background textures show repetitive pseudo-code patterns.
an elaborate robot coding,sd1.5_lowcorr_040.jpg,40,3.69733309,0.349459672,3.847029211,0.266010105,A retro-style robot stands centered before a glowing digital data wall. The robot's anatomy shows limb distortion and fused mechanical components. Repetitive backgrounds and waxy surfaces lack natural micro-texture.
an elaborate robot coding,sd1.5_lowstep_040.jpg,40,3.636963354,0.490483317,3.345634382,0.832930907,A front-facing 3D-rendered robot with stacked facial components on a grey background. The subject shows distorted multi-layered head geometry and illegible chest pseudo-text. Metallic surfaces appear slightly waxy with minor light halos.
an elaborate robot coding,sd1.5_normal_040.jpg,40,3.688435461,0.635644819,3.199772697,0.563501282,A 3D rendered humanoid robot stands at a desk with a keyboard. The robot's limbs show severe structural confusion with fused and tangled parts. Surface textures appear waxy with softened details throughout the image.
an elaborate robot coding,xl2.2_normal_040.jpg,40,3.345173159,0.205551558,2.90942096,0.642219356,A digital painting depicts a man working with a robot in a workshop. The subject contains malformed hands and structurally unstable robotic limb connections. Surfaces show a waxy texture with softened edges and pseudo-details.
a man jumping off a cliff,AttnGAN_normal_042.jpg,42,1.253245361,0.403445987,1.004686321,1.301381217,Distorted brown animal-like figures occupy a grassy field near industrial structures. The subjects exhibit severe structural fusion and malformed anatomy with unclear form. Heavy oversmoothing creates waxy textures and blurs all fine details.
a man jumping off a cliff,DALLE2_normal_042.jpg,42,3.231077294,0.860222223,2.958190852,1.293121376,A dark-clad figure leaps between boulders against a bright sky backdrop. The subject's hands and feet suffer from severe structural malformation and fusion. Rock textures appear waxy and lack fine granular detail.
a man jumping off a cliff,glide_normal_042.jpg,42,0.536272256,0.262779761,0.742358137,0.626394756,"A dark, blurry image depicts a rugged rock formation or cave wall. The subject's irregular geometry appears structurally unstable with indistinct local features. Severe blur and pixelation mask all fine textural details."
a man jumping off a cliff,midjourney_lowstep_042.jpg,42,2.64254653,0.428792262,1.890135375,1.319796989,A dark silhouette of a person jumps from a foggy cliff edge. The distant figure is anatomically vague yet semantically readable as a jumper. Extreme softness and lack of grain result in unnaturally smooth surfaces.
a man jumping off a cliff,midjourney_normal_042.jpg,42,4.076497886,0.641375104,3.137840023,0.916460342,A photorealistic image depicts a man leaping from a rugged coastal cliff. The jumping figure is coherent but displays warped limbs and inconsistent anatomy. Crisp rock textures highlight the subject's softened appearance.
a man jumping off a cliff,sd1.5_highcorr_042.jpg,42,2.927618961,0.508914931,3.787339351,0.573071204,Aerial view of a figure falling toward turquoise water near a cliff. The subject shows anatomical distortion with a fused head and elongated limbs. Dark areas lack detail and the water shows subtle smoothing.
a man jumping off a cliff,sd1.5_lowcorr_042.jpg,42,3.335114676,0.75794871,2.330906752,1.063907569,A man in a red hoodie balances on a rocky cliff above the sea. The subject's anatomy is distorted with elongated limbs and malformed feet. Rocky textures appear waxy and lack fine detail.
a man jumping off a cliff,sd1.5_lowstep_042.jpg,42,3.231077294,0.69448833,3.787279028,0.592418874,A photorealistic shot depicts a man leaping from a cliff toward water. Jumper anatomy is severely distorted with malformed legs and fused hands. Limb edges show heavy blurring while surface textures lack fine detail.
a man jumping off a cliff,sd1.5_normal_042.jpg,42,2.763264791,0.736226076,3.447455747,0.535980761,A suited man jumps from a cliff against a muted coastal background. The subject suffers from severe facial distortion and malformed hand anatomy. Image-wide softness flattens textures and blurs fine edge definition.
a man jumping off a cliff,xl2.2_normal_042.jpg,42,3.088457462,0.896793067,3.506852145,0.303933018,"A photorealistic image depicts a person leaping from a cliff toward the ocean. The figure is coherent, yet the feet and shoes appear distorted and fused. Background textures exhibit noticeable flatness and lack fine-grained detail."
a frog wearing police cap,AttnGAN_normal_043.jpg,43,1.23918794,0.91838711,0.605682672,0.788806643,An abstract cluster of dark shapes sits against a blurred multicolored background. The central mass is severely malformed with fused and warped structures lacking clarity. Heavy oversmoothing creates waxy textures and undefined edges.
a frog wearing police cap,DALLE2_normal_043.jpg,43,2.660597966,0.462006216,3.67754677,0.939010903,A cartoon green frog in a police hat is centered on a white background. The subject is structurally stable with clear features and minor eye asymmetry. Flat textures and sharp edges show no dominant local artifact.
a frog wearing police cap,glide_normal_043.jpg,43,1.677868451,0.495970421,0.6789357,0.736886716,A centered shield emblem features glowing text and a central icon on a dark field. The subject contains illegible pseudo-text and a warped central motif lacking clarity. Heavy blur and soft edges degrade the image.
a frog wearing police cap,midjourney_lowstep_043.jpg,43,3.231255627,0.49622256,3.256355245,0.815760489,A green frog wearing a hat sits on a surface against a blurred background. The subject is clear but has softened limbs and a fused hat placement. Oversmoothing causes waxy textures and indistinct edge boundaries.
a frog wearing police cap,midjourney_normal_043.jpg,43,3.699236596,0.485243741,3.923113018,0.346015229,"A close-up digital portrait of a frog wearing a blue cap. The subject's anatomy is coherent, but the eyes contain confusing internal details. Skin textures appear waxy with noticeable pattern repetition."
a frog wearing police cap,sd1.5_highcorr_043.jpg,43,3.455805152,0.596598709,3.703493793,0.415965946,"A green frog wears a black cross hat in a close-up portrait. The subject's anatomy is stable, though the right limb appears fused and the jaw is stiff. Waxy textures show softened edges and subtle pseudo-detailing."
a frog wearing police cap,sd1.5_lowcorr_043.jpg,43,1.76550155,0.509767547,3.238192633,0.523450869,A digital watercolor sketch shows a frog character wearing a baseball cap. The subject has severe anatomical distortion with melted features and malformed limbs. Edges are soft and textures exhibit inconsistent smearing.
a frog wearing police cap,sd1.5_lowstep_043.jpg,43,2.73141732,0.3781469,1.698194229,0.354414098,"A close-up portrait depicts a man wearing a military cap and visor. The headgear exhibits a malformed visor-sunglasses fusion and a semantically unclear badge. Facial skin shows an overly smoothed, waxy texture."
a frog wearing police cap,sd1.5_normal_043.jpg,43,2.776844014,0.579217535,3.191417702,0.750123733,"A stylized 3D frog character in a police hat sits on a plain background. The subject is stable, though the fingers and toes appear slightly malformed. Surfaces show a smooth waxy texture with consistent lighting."
a frog wearing police cap,xl2.2_normal_043.jpg,43,3.038537814,0.808497686,3.626710307,0.867953799,A photorealistic portrait of a frog-headed figure in a formal navy uniform. The hybrid subject remains structurally stable despite a slightly softened neck transition. Illegible pseudo-text appears on the lower chest badge.
male warrior silver armor,AttnGAN_normal_044.jpg,44,1.106599613,0.524232798,0.553112625,0.466850533,A close-up view shows distorted organic shapes against a vibrant red background. The subject forms are severely malformed and fused into an unrecognizable structure. Heavy blurring and smeared textures obscure all fine details.
male warrior silver armor,DALLE2_normal_044.jpg,44,2.459590343,0.44106585,3.44363061,0.826287868,A full-body figure in ornate textured armor stands against a black background. The subject shows severe structural distortion with fused hands and a malformed head. Surface textures display waxy smoothing and inconsistent pseudo-detailing.
male warrior silver armor,glide_normal_044.jpg,44,1.834018423,0.382660546,0.92160537,0.522624875,A close-up shows a large-finned fish-like creature on a red background. The subject has a clear head but exhibits fused and distorted fins. Heavy blur and soft textures significantly reduce visible edge sharpness.
male warrior silver armor,midjourney_lowstep_044.jpg,44,2.132904587,0.982378921,3.055730638,0.505044888,A frontal view of a figure in full plate armor on a dark background. The armored subject is recognizable but exhibits simplified geometry and soft structural transitions. Severe global blurring flattens textures and obscures fine edge details.
male warrior silver armor,midjourney_normal_044.jpg,44,3.590592228,0.43065865,3.891247881,0.590716065,A close-up depicts a warrior in intricate silver plate armor against a dark background. The armor's complex geometry is stable despite minor finger and shoulder distortions. Metallic surfaces exhibit subtle waxy textures and softened boundaries.
male warrior silver armor,sd1.5_highcorr_044.jpg,44,2.355888108,0.578381295,3.269342324,0.568790701,"An armored knight stands frontally against a plain gray background. The subject has a featureless helmet, a floating sword hilt, and malformed hands. Metal textures appear waxy with softened edges and flat details."
male warrior silver armor,sd1.5_lowcorr_044.jpg,44,3.257944615,0.518867863,3.325143686,0.561324901,A centered frontal view of a figure in ornate silver plate armor. Hands are malformed with fused digits while armor plates show warped geometry. Metal surfaces show a waxy texture with softened fine details.
male warrior silver armor,sd1.5_lowstep_044.jpg,44,3.214375205,0.426768092,3.799277323,0.24529812,"A full-body shot of a figure in silver plate armor against a gray background. The armor is structurally coherent, but the handheld object is malformed and illegible. Metal surfaces exhibit waxy textures and softened edge definitions."
male warrior silver armor,sd1.5_normal_044.jpg,44,2.899057018,0.58837098,3.146889346,0.672234921,A figure in ornate silver armor stands against a neutral grey background. The armor plating shows structural instability and semantic confusion at the waist and joints. Metallic surfaces exhibit waxy textures and softened edge definitions.
male warrior silver armor,xl2.2_normal_044.jpg,44,3.479361124,0.484904087,3.857782273,0.667536859,A digital render shows a knight in silver armor on a gray background. The figure exhibits fused armor plating and malformed hands. Metallic textures appear waxy with inconsistent surface reflections.
superman punches the pope,AttnGAN_normal_045.jpg,45,1.252358797,0.630744468,0.325327435,0.533822636,Stylized dark mask-like shapes float in a soft-focus blue background. Subject forms are malformed with fused features and unreadable internal markings. Heavy blurring and flat textures dominate the overall perceptual field.
superman punches the pope,DALLE2_normal_045.jpg,45,2.209149982,0.685703915,3.809111975,0.671474416,A cartoon depicts a religious figure and a superhero on a white background. Both figures show minor anatomical distortions in their hands and faces. Inconsistent lines and flat textures result in softened edges.
superman punches the pope,glide_normal_045.jpg,45,0.929924681,0.688061985,0.423281003,0.498508127,A low-angle view shows dark silhouetted figures and pillars against a bright sky. The subjects are structurally ambiguous dark shapes lacking discernible internal detail. Blurring and compression artifacts degrade edge definition and texture fidelity.
superman punches the pope,sd1.5_highcorr_045.jpg,45,3.235341707,0.916091733,2.509500087,0.775779367,Two superhero figures face each other in a comic book illustration style. The subjects display distorted torso anatomy and implausible facial features. Textures appear waxy with inconsistent detail and soft edge definition.
superman punches the pope,sd1.5_lowcorr_045.jpg,45,2.520123245,0.837140463,2.31896878,1.069897922,"Two illustrated superhero figures stand within a classical interior hall. Subjects show severe anatomical distortion in faces, hands, and costume logos. Flat textures and soft edges diminish the illustration's overall clarity."
superman punches the pope,sd1.5_lowstep_045.jpg,45,2.418144251,0.600207823,2.787496228,0.958706981,"A comic-style illustration shows two costumed figures in a two-panel layout. Subject anatomy is distorted in hands and faces, and text is illegible. Halftone textures appear while edges show softness and localized melting."
superman punches the pope,sd1.5_normal_045.jpg,45,3.008458905,0.587191575,1.995457086,0.703606545,A six-panel comic strip illustrates Superman in several dynamic poses. The subject's facial anatomy and limb structures are significantly distorted and malformed. Speech bubbles contain illegible pseudo-text and edges lack crispness.
superman punches the pope,xl2.2_normal_045.jpg,45,2.954193289,0.421191192,2.577900713,1.163017846,A comic-style illustration depicts a muscular superhero posing before suited men. The central figure is stable despite malformed fists and distorted background faces. Surfaces exhibit mild oversmoothing and inconsistent texture detail.
stalin tapdancing on stage,AttnGAN_normal_047.jpg,47,0.86802727,0.698879262,0.411989915,0.445736623,A distorted dark glossy figure occupies the foreground of an indoor scene. The subject is a malformed fused mass lacking any recognizable structure. Heavy blur and smoothing obscure fine details.
stalin tapdancing on stage,glide_normal_047.jpg,47,1.49383774,0.267439768,0.265637574,0.468348897,A side-profile portrait of a black cat against a blurry gray backdrop. The subject is structurally stable but contains anomalous textures around the jawline. Shadows are flat and the background is heavily smoothed.
stalin tapdancing on stage,midjourney_lowstep_047.jpg,47,2.896939758,0.501070911,4.056426674,0.386403509,A man in a red shirt dances on a dark stage under red lighting. Facial features and limb shapes are distorted by severe motion smearing. Heavy global blur flattens textures and softens all visible edges.
stalin tapdancing on stage,midjourney_normal_047.jpg,47,3.457533183,0.603171498,3.588447963,0.451391541,A man in a tan military uniform stands before heavy red curtains. The figure is largely coherent but features malformed fingers and odd footwear. Textures show a pervasive waxy quality with softened local details.
stalin tapdancing on stage,sd1.5_highcorr_047.jpg,47,3.145006417,0.386283181,2.616373046,0.962984816,A black-and-white photo shows a mustached man in a military uniform by curtains. The subject's face and hand show severe anatomical distortion and malformed fingers. Surfaces show waxy smoothing and inconsistent edge definition.
stalin tapdancing on stage,sd1.5_lowcorr_047.jpg,47,2.689121932,0.534780838,3.336157521,0.323391175,Three men in military uniforms stand inside a large hall. Subject faces and body parts show significant structural distortion and malformation. Heavy graininess and soft focus degrade the overall image clarity.
stalin tapdancing on stage,sd1.5_lowstep_047.jpg,47,2.625914149,0.66030894,2.719543848,0.396426043,A grainy photo shows a giant man in a military uniform over two small heads. The subject displays severe facial distortion and malformed hands with fused digits. Heavy grain and flat textures reduce overall detail clarity.
stalin tapdancing on stage,sd1.5_normal_047.jpg,47,2.233367001,0.327660304,2.820363609,1.368970073,A black-and-white photo shows a man in a white suit gesturing before uniformed men. The subject's face and hands exhibit malformed anatomy and unnatural proportions. Widespread blur and missing fine texture lower perceptual quality.
stalin tapdancing on stage,xl2.2_normal_047.jpg,47,3.800500414,0.609227857,3.813376788,0.609634754,A monochrome image features a man in a white coat on a stage. The central figure is structurally sound despite some unnatural finger shapes. Background elements exhibit significant blurring and low-resolution smearing.
scottish highlands at dawn,AttnGAN_normal_048.jpg,48,0.735230234,0.326858888,0.519696217,0.534904966,A soft digital painting portrays a seated woman within a hazy room. The subject’s face shows severe distortion with duplicated eyes and fused features. Heavy oversmoothing flattens textures and obscures edge definition.
scottish highlands at dawn,DALLE2_normal_048.jpg,48,3.259652507,0.433340294,3.572455852,0.420171213,A photorealistic high-angle view of a snowy mountain range under dramatic clouds. The terrain structure is stable but contains oddly rigid geometric patches. Textures show subtle oversmoothing with softened edges and flat surfaces.
scottish highlands at dawn,glide_normal_048.jpg,48,2.630872609,0.887937929,2.452499565,1.279408958,A serene twilight landscape features a calm lake reflecting mountains and clouds. The landscape structure is stable while foreground details remain obscured by darkness. Noticeable blur and softness flatten textures and weaken edge definitions.
scottish highlands at dawn,midjourney_lowstep_048.jpg,48,1.713269529,0.623011002,2.486006301,1.05307304,A soft-focus digital painting depicts a misty mountain valley with a river. The landscape subjects are recognizable but appear as simplified blobs without internal structure. Severe global oversmoothing eliminates texture detail and creates a waxy appearance.
scottish highlands at dawn,midjourney_normal_048.jpg,48,3.797638542,1.082493276,3.50130916,0.850781365,A photorealistic wide-angle view of a sunlit misty mountain valley landscape. Foreground rocks appear malformed and fused while background trees lack structural clarity. Global oversmoothing and waxy textures diminish the naturalness of the landscape details.
scottish highlands at dawn,sd1.5_highcorr_048.jpg,48,4.039711731,0.409328398,3.93726766,0.725572118,A photorealistic landscape shows a lake reflecting golden mountains under a dramatic sky. The foreground rock exhibits unnatural texture and melted edges against the grass. Textures appear waxy and lack sharp micro-detail.
scottish highlands at dawn,sd1.5_lowcorr_048.jpg,48,3.572719808,0.605618532,3.455708742,0.836237302,A photorealistic landscape depicts rolling green hills beneath a vibrant purple sky. The terrain maintains global coherence though foreground vegetation lacks clear structural definition. Textures exhibit mild oversmoothing and waxy surface qualities.
scottish highlands at dawn,sd1.5_lowstep_048.jpg,48,3.316649193,0.842205713,3.336157521,0.638051125,A photorealistic landscape captures rolling hills and fields under warm light. The terrain's macro-structure is plausible while organic details remain simplified. Mid-ground textures show noticeable oversmoothing and reduced edge clarity.
scottish highlands at dawn,sd1.5_normal_048.jpg,48,3.944657172,0.221794793,3.93726766,0.639162304,A photorealistic landscape captures grassy hills and a loch under a twilight sky. The scene structure is coherent and semantically readable without any geometric errors. Foreground vegetation shows subtle oversmoothing and waxy textures.
scottish highlands at dawn,xl2.2_normal_048.jpg,48,3.657064334,0.47548068,3.273307074,1.223685853,A photorealistic landscape features a snow-capped mountain range reflected in a calm lake. The mountain structures and reflections are geometrically plausible and visually coherent. Mountain textures show minor pseudo-detailing and localized smoothing.
portrait of evil alchemist,AttnGAN_normal_049.jpg,49,0.649658335,0.525468227,0.288039227,0.239239529,A close-up shows several blurry white organic shapes on a pale background. The subject is structurally incoherent and lacks any recognizable form. Heavy blur and flat textures dominate the entire frame.
portrait of evil alchemist,DALLE2_normal_049.jpg,49,2.625914149,0.978664452,3.483126252,1.085315278,A costumed woman holds a red flask against a plain grey background. Her hand displays distorted anatomy with unnatural finger lengths and joint positions. Skin and fabric textures show pervasive waxy oversmoothing.
portrait of evil alchemist,glide_normal_049.jpg,49,2.02640351,0.50032836,0.571482359,0.594629404,A close-up portrait shows an orange and white cat against a blue background. The feline face is heavily distorted with mismatched eyes and a malformed snout. Extreme blur and oversmoothing flatten textures and obscure all sharp edges.
portrait of evil alchemist,midjourney_lowstep_049.jpg,49,2.472262578,0.565429931,3.173394589,0.687710414,"A digital fantasy portrait shows a bald wizard with a glowing orb. Facial features are clear, yet the hand structure is blurred and malformed. Global oversmoothing flattens textures and softens all visible boundaries."
portrait of evil alchemist,midjourney_normal_049.jpg,49,3.92737756,0.522641898,3.708798973,1.474879694,A digital portrait displays a hooded figure with glowing red eyes amidst fire. The subject maintains plausible facial geometry and clothing structure with high semantic clarity. Background swirls show repetitive patterns and softened details.
portrait of evil alchemist,sd1.5_highcorr_049.jpg,49,3.559002625,0.743401157,3.505237211,0.540817857,A stylized illustration depicts an elderly bearded man in a formal jacket. The subject exhibits facial asymmetry and malformed hands with unreadable pseudo-text below. Skin textures appear waxy while background details show subtle repetitive patterns.
portrait of evil alchemist,sd1.5_lowcorr_049.jpg,49,1.463287163,0.573066265,2.181720144,0.902243796,A painterly portrait depicts a seated man in a hat and vest. The man's face and hands exhibit severe structural malformation and fusion. Oversmoothing and flat textures obscure fine details across the composition.
portrait of evil alchemist,sd1.5_lowstep_049.jpg,49,3.288125226,0.430748807,3.604391931,0.547669416,"A digital painting depicts a hooded, bearded man in a close-up portrait view. The subject's face exhibits minor warping and fusion around the eyes and brow. Textures appear waxy and oversmoothed with softened edge definition."
portrait of evil alchemist,sd1.5_normal_049.jpg,49,2.940135868,0.354424696,2.885703528,1.259086075,A centered portrait of an elderly bald man in a dark robe. The subject displays severe anatomical distortion with an oversized head and malformed neck region. Facial textures appear waxy and overall detail lacks sharpness.
portrait of evil alchemist,xl2.2_normal_049.jpg,49,2.896939758,0.472623029,3.584646223,0.52054444,A digital illustration shows a green-skinned fantasy character holding a staff. The subject is clearly readable despite some minor malformation in the hands. Outlines show noticeable aliasing and softened detail in shaded regions.
logo design of a full moon,AttnGAN_normal_050.jpg,50,2.010516065,0.557545506,0.178657573,0.574420866,A blurry eye-level shot depicts a vast ocean surface in daylight. The water surface is recognizable but lacks distinct structural wave definitions. Heavy oversmoothing eliminates fine textures and creates a waxy visual appearance.
logo design of a full moon,DALLE2_normal_050.jpg,50,2.825502717,0.713531868,3.10133505,0.755226678,"A centered graphic shows a gradient peach sphere and text on a dark background. The central subject is clear, but the bottom script text is malformed and illegible. Gradients are smooth and edges appear sharp throughout."
logo design of a full moon,glide_normal_050.jpg,50,1.154843415,0.284550484,1.916694664,1.140091776,"A stylized golden logo and text occupy a central white circular area. The text characters are structurally distorted and fused, rendering them illegible. Significant aliasing and jagged edges are visible throughout the composition."
logo design of a full moon,midjourney_lowstep_050.jpg,50,1.901333455,0.670623233,2.068271365,1.015345111,"A centered abstract digital emblem features a logo within nested spheres on a dark background. The emblem's nested circular forms are structurally sound and clearly defined. Internal details show noticeable softening and a waxy, over-smoothed texture."
logo design of a full moon,midjourney_normal_050.jpg,50,3.058356047,1.006463942,2.548396068,1.17504019,A centered stylized illustration depicts a crescent moon containing a mountain forest scene. The subject maintains coherent structure and clear semantic readability of the landscape. Subtle grainy noise is visible in the darker interior areas.
logo design of a full moon,sd1.5_highcorr_050.jpg,50,2.632073999,0.914094703,1.775520954,1.167082385,A stylized vector illustration features a crescent moon and stars within a centered circle. The subject is structurally coherent with clean geometry and high semantic clarity. Subtle grainy texture is visible in the solid red background.
logo design of a full moon,sd1.5_lowcorr_050.jpg,50,3.482963598,0.715445511,4.004060194,0.605967927,"A full moon on a blue card rests on a brown surface near leaves. Lunar surface details are readable but show smearing and unnatural luminous patches. Global textures lack fine grain, appearing flat and slightly over-smoothed."
logo design of a full moon,sd1.5_lowstep_050.jpg,50,2.580492981,0.473130473,2.963619274,0.847535668,A centered monochrome emblem shows a moon within ornate wings on a textured field. The subject is structurally coherent with symmetrical wings and readable text. A consistent dithering pattern covers the background and shaded areas.
logo design of a full moon,sd1.5_normal_050.jpg,50,2.852156791,0.560566444,3.130750884,0.450949921,A centered graphic logo features a textured moon within a black claw-like circle. The subject contains reversed text and unnatural rectangular patches on the lunar surface. Background textures appear flat with some inconsistent surface details near the moon.
logo design of a full moon,xl2.2_normal_050.jpg,50,3.210551263,0.765538101,3.386001822,0.383351038,A monochrome illustration shows a human silhouette before a giant glowing moon. The subject's pose and anatomy remain structurally coherent in its simplified style. Cloud textures show repetitive layering while sky gradients exhibit minor oversmoothing.
hanging gardens of babylon,AttnGAN_normal_051.jpg,51,1.062470367,0.623660348,0.981735619,0.76164381,"A close-up view shows a snowy forest with dense vertical tree trunks. Tree structures are repetitive and lack plausible branching or spatial coherence. Textures show smearing, flatness, and repetitive artifacts."
hanging gardens of babylon,DALLE2_normal_051.jpg,51,2.927618961,0.96837507,2.139899198,1.298750507,A photorealistic view of a large earthen fortress under bright daylight. The building's structure contains warped geometry and semantically confusing window voids. Global textures appear waxy and lack high-frequency detail in natural areas.
hanging gardens of babylon,glide_normal_051.jpg,51,1.428382741,0.578207009,1.60050067,1.386441329,A close-up shows blurry yellow and white hanging floral structures against a dark background. The central flower's anatomy is fused and lacks coherent botanical geometry. Global blur creates waxy textures and softened edges across the entire frame.
hanging gardens of babylon,midjourney_lowstep_051.jpg,51,2.323921604,0.648105458,3.369510326,0.622170435,"A multi-tiered green-roofed building appears in a warm, hazy atmosphere. The subject architecture is structurally coherent but heavily softened by blur. Intense global smoothing removes all local texture and fine detail."
hanging gardens of babylon,midjourney_normal_051.jpg,51,3.878442297,0.288003288,3.847029211,0.318315498,A photorealistic fantasy architectural complex overlooks a sunlit canal. The tiered stone structure stays coherent despite illogical pillar junctions and repetitive carvings. Distant textures show slight oversmoothing and waxy quality.
hanging gardens of babylon,sd1.5_highcorr_051.jpg,51,3.645914271,0.477898507,3.514248281,1.056068743,A low-angle view depicts a dense vertical garden with hanging circular platforms. The subject is structurally coherent despite surreal and physically implausible platform geometry. Textures show slight waxiness and repetitive detail in the dense foliage.
hanging gardens of babylon,sd1.5_lowcorr_051.jpg,51,3.630412823,0.479711494,3.055730638,0.810248273,A low-angle view shows a dense vertical garden on a modern building. The architecture is coherent but displays fused foliage and warped balcony geometry. Global textures appear waxy with softened edge definitions.
hanging gardens of babylon,sd1.5_lowstep_051.jpg,51,3.34717137,0.596652105,3.581040815,0.700610184,A low-angle view shows a massive hanging greenery installation in a bright atrium. The central plant mass is coherent though its edges appear softly fused. Foliage textures show subtle repetition and a slightly waxy smoothness.
hanging gardens of babylon,sd1.5_normal_051.jpg,51,3.279275256,0.519982969,3.592172903,0.418834137,"A photorealistic vertical garden building viewed from below under dappled sunlight. The architecture is coherent, though dense foliage exhibits minor spatial repetition and fusion. Distant textures show subtle oversmoothing despite high-contrast naturalistic lighting."
hanging gardens of babylon,xl2.2_normal_051.jpg,51,3.165054602,0.856642388,3.478508951,0.688891256,A digital painting shows a person rowing a boat through a fantasy city. Subject and architecture remain structurally coherent with simplified anatomical details. Rendering exhibits waxy textures and softened edge definitions throughout.
concept art of giant ogres,AttnGAN_normal_052.jpg,52,1.168900836,0.472985683,0.845084862,0.641668615,A close-up of a distorted metallic structure on a colorful blurred background. The central subject is a malformed fusion of parts lacking coherent geometry. Global oversmoothing produces waxy textures and indistinct boundaries.
concept art of giant ogres,DALLE2_normal_052.jpg,52,2.92075847,0.767190259,3.078582412,0.9195149,Side-profile digital painting of a muscular green-skinned fantasy figure on a white background. The subject displays distorted anatomy including malformed facial features and fused hand structures. Waxy textures and softened details reduce overall perceptual sharpness.
concept art of giant ogres,glide_normal_052.jpg,52,1.177351713,0.539715068,1.446324178,0.886446827,A high-contrast monochrome sketch features a stylized dark creature on a white background. The subject's anatomy is malformed with fused regions and indistinct limb structures. Edges show heavy aliasing and textures appear flat without detail.
concept art of giant ogres,midjourney_lowstep_052.jpg,52,1.527555519,0.27642482,2.890851301,0.756954899,Three muscular ogre-like figures in varying sizes stand against a plain background. The main subject shows severe oversmoothing with indistinct features and melted anatomy. Waxy textures and extreme blurring obscure all fine edge definition.
concept art of giant ogres,midjourney_normal_052.jpg,52,3.524162768,0.49081556,2.790068621,1.537157932,"A digital painting shows a girl before a massive octopus in darkness. The central figure is stable, while foreground monsters are structurally broken and fused. Surfaces show pervasive waxy smoothness and weak local detail."
concept art of giant ogres,sd1.5_highcorr_052.jpg,52,3.063450866,0.553394699,3.369510326,0.702509894,A large horned humanoid holds a wooden object near a smaller creature outdoors. The main subject's hand has malformed fused fingers and unnatural anatomical proportions. Textures appear waxy and background details exhibit heavy oversmoothing.
concept art of giant ogres,sd1.5_lowcorr_052.jpg,52,3.229467639,0.491495294,3.72764949,0.430043653,A grayscale painting depicts two muscular monstrous humanoids in a misty landscape. The foreground creature displays fused shoulder anatomy and poorly defined hand digits. Textures appear waxy and backgrounds are heavily oversmoothed.
concept art of giant ogres,sd1.5_lowstep_052.jpg,52,2.867071995,0.446989912,3.808121173,0.43081433,"A digital painting depicts a large, muscular, brownish creature in a misty environment. The subject shows facial distortion with malformed teeth and a fused head feature. Skin textures appear waxy and lack fine surface detail."
concept art of giant ogres,sd1.5_normal_052.jpg,52,2.852156791,0.68146831,2.462224445,1.29259016,A digital painting portrays green fantasy creatures within a misty forest. The subjects display malformed anatomy with fused body segments and vague faces. Widespread oversmoothing and flat textures diminish local detail definition.
concept art of giant ogres,xl2.2_normal_052.jpg,52,3.591686053,0.339003413,3.548579908,0.502986972,"A digital painting depicts a muscular green fantasy warrior in a ruined alley. The subject's anatomy is stable, although hand fingers show minor fusion. Skin appears waxy and background details lack clarity."
castle from howl's sticker,AttnGAN_normal_053.jpg,53,1.084556311,0.326742089,0.845084862,0.442218359,"A grayscale close-up displays abstract, fused rock-like formations on a textured surface. The subject features malformed shapes forming an incoherent and warped geometric structure. Textures appear flat and smeared with weak overall edge definition."
castle from howl's sticker,DALLE2_normal_053.jpg,53,2.405953874,0.643446948,2.919903841,1.108147358,A frontal-view cartoon castle sticker on a plain white background. The castle structure is recognizable but features inconsistent windows and misspelled text. Flat colors show minimal texture while edges remain mostly sharp.
castle from howl's sticker,glide_normal_053.jpg,53,1.012573225,0.744960462,0.981735619,0.592176071,An abstract character in a hat is centered on a yellow background. The figure lacks a face and contains illegible text on its chest. Edges show heavy aliasing and the image appears low-resolution.
castle from howl's sticker,midjourney_lowstep_053.jpg,53,1.696019687,0.87769098,2.841551967,0.632415009,"A blurry gothic castle illustration centered within a white sticker border. The castle structure is heavily obscured by blur, lacking clear architectural definition. Extreme oversmoothing eliminates all fine textures and sharp edge boundaries."
castle from howl's sticker,midjourney_normal_053.jpg,53,3.307841757,0.910429463,4.115056517,0.379821074,A circular sticker illustration features a castle on a hill at sunset. The castle subject is structurally stable and fully recognizable as architecture. Global textures and edges show no dominant local artifact.
castle from howl's sticker,sd1.5_highcorr_053.jpg,53,2.803217798,1.340229125,3.470274726,0.349137299,A digital castle illustration on a sticker resting on a laptop keyboard. The castle structure displays minor geometric distortions in tower connections and window alignment. Textures show subtle oversmoothing and softened detail definition.
castle from howl's sticker,sd1.5_lowcorr_053.jpg,53,3.307841757,0.791820938,3.50945668,0.85249769,A sketched castle drawing lies on a wooden desk next to an ink pad. The subject shows warped building geometry and irregularly spaced window details. Ink pad text is illegible pseudo-characters with softened boundaries.
castle from howl's sticker,sd1.5_lowstep_053.jpg,53,3.973136983,0.652712499,3.943908737,0.406662073,A circular sticker depicting a fantasy castle sits on a textured wood background. The castle structure displays warped geometry and semantically confusing architectural details. Shading patterns show repetitive pseudo-detailing across the illustrated surfaces.
castle from howl's sticker,sd1.5_normal_053.jpg,53,2.817259418,0.861971668,3.315612856,1.217579403,A cartoon castle sticker is centered on a grey textured field. The subject displays warped tower geometry and unreadable roof decorations. Edges show slight aliasing and surfaces lack fine textural detail.
castle from howl's sticker,xl2.2_normal_053.jpg,53,3.700231162,0.590692769,3.480852014,0.811836447,A hand holds a circular sticker featuring a vector-style castle drawing. The primary subjects remain recognizable despite subtle simplifications in hand anatomy. Image exhibits waxy surface rendering and significant background blurring.
a small ocean full of life,AttnGAN_normal_055.jpg,55,1.161804194,0.315363014,0.504397017,0.663185181,A distorted abstract interior scene shows malformed furniture and organic blobs. The scene's geometry is incoherent with fused objects and broken spatial layout. Heavy blur and waxy textures obscure fine details and edges.
a small ocean full of life,DALLE2_normal_055.jpg,55,3.001476926,0.585732885,2.963882471,0.873890113,A high-angle shot shows seaweed-covered rocks submerged in clear water. The organic structures are visually coherent but lack distinct anatomical detail. Widespread oversmoothing creates flat textures and softens all visible edges.
a small ocean full of life,glide_normal_055.jpg,55,1.614577211,0.44124668,3.082998995,0.85463265,"A school of colorful fish swims in a blue aquatic environment. Individual fish show blurred forms and fused, indistinct body parts. Global oversmoothing eliminates textures and sharp edges."
a small ocean full of life,midjourney_lowstep_055.jpg,55,1.977251303,0.697641955,1.495178959,1.12967246,"A soft-focus, low-angle view of ocean waves beneath a cloudy sky. The wave forms are poorly defined and lack coherent structural integrity. Heavy global blur and oversmoothing eliminate most fine surface details."
a small ocean full of life,midjourney_normal_055.jpg,55,3.502054974,0.668823758,3.080115584,1.037816116,A split-level underwater shot captures a coral reef under a bright sunlit sky. The reef and surface are readable but exhibit softened forms and fused textures. Image shows waxy textures and mild background melting.
a small ocean full of life,sd1.5_highcorr_055.jpg,55,3.39100366,0.341050285,3.720100101,0.5539138,A large striped fish rests on a rocky reef among smaller colorful fish. The central subject displays malformed anatomy with unnatural markings and distorted proportions. Surfaces show waxy textures and lack fine edge definition.
a small ocean full of life,sd1.5_lowcorr_055.jpg,55,3.386504205,0.491298606,3.813376788,0.51800485,A colorful digital painting shows various fish swimming over a vibrant coral reef. Marine creatures exhibit malformed anatomy and fused boundaries with the surrounding rocks. Textures appear waxy and oversmoothed with inconsistent edge definition.
a small ocean full of life,sd1.5_lowstep_055.jpg,55,3.108253189,0.953067966,3.167161119,1.166571625,A close-up view shows colorful coral formations on a rocky seabed. The subject structures are recognizable but suffer from local fusion and soft boundaries. Global oversmoothing creates waxy textures and reduces fine detail clarity.
a small ocean full of life,sd1.5_normal_055.jpg,55,2.058266369,0.644567027,2.711185223,0.844196893,"A digital painting shows colorful, stylized fish in swirling blue water. The creatures possess simplified, blob-like forms with ambiguous anatomy and distorted fins. Textures are overly smooth with repetitive patterns and softened edges."
a small ocean full of life,xl2.2_normal_055.jpg,55,2.654631009,1.150592532,3.247078147,0.973165871,A digital painting depicts stylized coral on a beach under a vibrant sunset sky. Foreground subjects are structurally coherent and semantically clear without visible deformations. Global textures exhibit slight waxiness and inconsistent background detail.
survival in a winter forest,AttnGAN_normal_056.jpg,56,1.391281461,0.563978653,0.922047832,0.470764946,"A close-up of a dense, vertically textured forest scene in a painterly style. Foliage and bark structures merge into a visually confusing, smeared organic mass. Heavy blur and flat textures obscure fine details across the frame."
survival in a winter forest,DALLE2_normal_056.jpg,56,3.124885569,0.877463741,2.666882993,1.012379564,A photorealistic image shows a fallen tree trunk lying in snow. The subject's branching structure is distorted with fused and illogical limbs. Textures appear waxy with softened boundaries and weak fine detail.
survival in a winter forest,glide_normal_056.jpg,56,1.385522531,0.561263015,1.952687802,0.76933614,"A dark, blurry image shows a snowy forest with indistinct vertical tree forms. Tree structures are heavily distorted by blur, lacking clear trunks or geometry. Extreme oversmoothing eliminates fine textures and creates a melted appearance."
survival in a winter forest,midjourney_lowstep_056.jpg,56,2.545997226,0.683068683,3.135757257,0.486667254,A blurry image shows a person by a tent in a snowy forest. The subject forms are recognizable silhouettes but lack coherent internal structure. Heavy global oversmoothing destroys texture and blurs all boundaries.
survival in a winter forest,midjourney_normal_056.jpg,56,3.686651939,0.714138926,3.302738591,0.830557787,A tent rests in a misty snowy forest beside a woodpile. The main subject is structurally stable despite minor fusion in the logs. Foreground snow exhibits unnatural lumpiness and softened edge definition.
survival in a winter forest,sd1.5_highcorr_056.jpg,56,3.21681531,0.92789275,2.543646764,1.024202385,A low-angle view of snow-laden evergreen and bare trees in a misty landscape. Tree structures are stable but show fused branch textures and messy foliage. Waxy textures and soft focus obscure fine details and surface variations.
survival in a winter forest,sd1.5_lowcorr_056.jpg,56,3.214375205,0.765754419,3.082998995,0.521207011,A photorealistic image depicts a snowy forest with tall vertical tree trunks. Foreground shrubs show distorted wiry structures while tree trunks remain largely stable. Ground textures appear flat and bark exhibits repetitive pseudo-detail.
survival in a winter forest,sd1.5_lowstep_056.jpg,56,3.524162768,0.536099116,3.274264347,0.525660182,A low-angle shot depicts tall trees in a snowy forest under diffuse light. Vertical tree structures remain stable despite some unnatural bark textures and markings. Distant regions soften while surfaces exhibit mild flatness and repetitive texturing.
survival in a winter forest,sd1.5_normal_056.jpg,56,3.361858495,0.581168107,3.387308117,0.765519336,A photorealistic winter scene shows a dark tent within a snowy forest. The tent is structurally basic and background branches exhibit slight fusion. Subtle noise and softened contours degrade local texture clarity.
survival in a winter forest,xl2.2_normal_056.jpg,56,3.373697126,0.448106458,2.921613433,0.960725472,"A campfire burns in a snowy forest beside a flowing stream. The fire's log structure is stable, though snow mounds show slight geometric softness. Background trees exhibit repetitive texture patterns and softened edge definition."
sartre hugging a sad alien,AttnGAN_normal_057.jpg,57,1.112367509,0.758240123,0.652605272,1.333069062,A heavily blurred grey tabby cat stands on a wooden floor. The subject is structurally melted with fused limbs and a warped torso. Global blur and smeared textures obscure all fine details.
sartre hugging a sad alien,DALLE2_normal_057.jpg,57,1.829599618,0.388165887,3.432908534,0.593375157,"A monochrome cartoon sketch depicts a man with glasses hugging an alien. Subjects show distorted facial anatomy, malformed hands, and illegible bubble text. Shading exhibits a waxy texture with softened edges and weak detail."
sartre hugging a sad alien,glide_normal_057.jpg,57,0.0,1.012662656,0.293474693,0.479069102,"A faint, unidentifiable shape sits at the center of a dark void. The subject lacks any coherent structure or readable semantic information. Extreme underexposure eliminates all texture and edge definition from the scene."
sartre hugging a sad alien,midjourney_lowstep_057.jpg,57,3.031344688,0.512054623,3.609476773,0.409428947,A man hugs a large alien-like creature in a monochrome indoor scene. The subjects' anatomy is coherent despite smoothed facial features and fused hand details. Global oversmoothing flattens textures and softens edges throughout the composition.
sartre hugging a sad alien,midjourney_normal_057.jpg,57,4.143844218,0.404732706,3.726316663,0.605461695,"A sepia photo shows a suited man holding a wrinkled alien indoors. The man's face and glasses exhibit visible warping and inconsistent geometry. Soft focus, waxy textures, and blurred background details affect clarity."
sartre hugging a sad alien,sd1.5_highcorr_057.jpg,57,2.628129896,0.359560217,1.734770243,1.110217995,A black-and-white close-up shows two men in suits hugging against a dark background. Facial structures are distorted with malformed noses and unnatural features at the contact. Textures exhibit noise and softened fabric details with inconsistent sharpness.
sartre hugging a sad alien,sd1.5_lowcorr_057.jpg,57,2.765509892,0.497543111,1.62084518,1.122546083,A black-and-white photograph captures three people in an indoor setting. Facial features and hand anatomy appear significantly distorted and structurally unstable. Heavy grain and softened edges reduce overall detail clarity.
sartre hugging a sad alien,sd1.5_lowstep_057.jpg,57,2.671047584,0.671895488,2.056333393,1.069018893,"A black-and-white photograph depicts a man in a suit embracing another figure. The subject's hands appear malformed and fused with the clothing, lacking natural anatomy. Textures exhibit a waxy, oversmoothed appearance with softened edge definition."
sartre hugging a sad alien,sd1.5_normal_057.jpg,57,2.420011295,0.705383824,1.631692057,0.612355424,A high-contrast monochrome photograph displays three people in an intimate grouping. Subjects display significant facial distortion and anatomically implausible hand positioning. Perceptual quality is degraded by heavy grain and flattened surface textures.
sartre hugging a sad alien,xl2.2_normal_057.jpg,57,2.897963605,0.481181578,2.78310259,0.585748437,A black-and-white studio portrait shows an older man hugging a doll. The man's hands are severely malformed with fused fingers and inconsistent anatomy. Surfaces show mild waxiness and softened detail definition.
hairy man in eagle costume,AttnGAN_normal_058.jpg,58,1.000336846,0.358423691,0.69188714,0.358839142,A distorted stylized figure stands in a blurry environment with railings. The subject exhibits severe structural fusion and overlapping facial features. Heavy global blur flattens all textural details.
hairy man in eagle costume,glide_normal_058.jpg,58,0.712802152,0.422377358,1.02066036,0.639804694,A blurry red and black abstract creature faces forward on a plain background. The subject shows a malformed central eye and indistinct facial geometry with fused strands. Oversmoothing flattens textures and softens all visible edges.
hairy man in eagle costume,midjourney_lowstep_058.jpg,58,2.692443672,0.731774351,2.732709062,0.911978817,"A close-up portrait shows a man's face framed by shaggy yellow fur. The face is clear, but the surrounding fur and beard are heavily smeared. Heavy oversmoothing and waxy textures obscure fine details across the frame."
hairy man in eagle costume,midjourney_normal_058.jpg,58,3.98539484,0.696850244,3.926135571,0.399518422,A photorealistic profile portrait shows an elderly man in a feathered coat. The subject is stable despite a distorted nose and a fused oval object. Dense textures exhibit subtle repetition and softened boundaries.
hairy man in eagle costume,sd1.5_highcorr_058.jpg,58,3.136939761,0.508817674,3.58110989,0.417471873,"A studio portrait shows a bearded man in a feathered bird costume. The face is clear, while the arm anatomy and feather boundaries appear distorted. Skin textures show waxy oversmoothing and edges lack definition."
hairy man in eagle costume,sd1.5_lowcorr_058.jpg,58,2.888789697,0.540522204,3.275195155,0.476954865,A bearded man wears an oversized feathered coat on a paved street. The subject's hands and lower garment exhibit severe structural fusion and distortion. Textures appear waxy with softened details and inconsistent edge definition.
hairy man in eagle costume,sd1.5_lowstep_058.jpg,58,0.580131327,0.784437885,0.757926983,0.490602063,A heavily blurred image shows a human figure in a green outdoor setting. The subject's form is vague and lacks discernible anatomical structure. Extreme smoothing eliminates all local texture and sharp boundaries.
hairy man in eagle costume,sd1.5_normal_058.jpg,58,3.093256891,0.530696941,3.078582412,0.613214407,A side-profile portrait depicts a man with extreme hair density on his head and torso. Head hair forms a fused cap-like structure with an implausible forehead boundary. Skin appears waxy and hair edges lack sharp definition.
hairy man in eagle costume,xl2.2_normal_058.jpg,58,0.712778692,0.756830043,0.826793192,0.634644364,"A blurred human figure stands centered against a bright, indistinct background. Extreme blur makes the subject's structure and anatomical details completely illegible. Severe oversmoothing removes all texture and edge definition."
barak obama as master chief,AttnGAN_normal_059.jpg,59,0.753539821,0.355756524,0.441791736,0.296513671,A group of people in white shirts sits on a grassy field. The subjects exhibit severe structural distortion with multiple faces and fused limbs. Global blur and waxy textures obscure all fine details.
barak obama as master chief,glide_normal_059.jpg,59,0.635396352,0.176931204,0.288039227,0.211923591,A blurry monochrome image shows a vertical list of illegible text symbols. The tabular layout is coherent but character forms are malformed and illegible. Heavy compression artifacts and blur degrade overall sharpness and detail.
barak obama as master chief,midjourney_lowstep_059.jpg,59,3.407636041,0.597186436,3.627943604,0.89618239,"A digital portrait features a man in green armor against a blurred background. The subject's face is coherent, while the armor geometry is distorted and imprecise. Heavy smoothing flattens textures and softens every edge."
barak obama as master chief,midjourney_normal_059.jpg,59,3.208047473,0.533691262,2.890691628,1.046454853,A digital portrait shows Master Chief in green armor against a smoky background. Facial features within the helmet show slight misalignment and structural issues. Global oversmoothing creates waxy textures and softens edges everywhere.
barak obama as master chief,sd1.5_highcorr_059.jpg,59,3.837774272,0.264782207,3.895028099,0.451062094,A digital illustration shows a man in tactical armor against a stylized flag. The subject's face and gear exhibit subtle asymmetries and ambiguous connections. Skin textures appear waxy and background elements show slight melting distortion.
barak obama as master chief,sd1.5_lowcorr_059.jpg,59,3.27751397,0.286821834,3.626710307,0.419388643,A digital portrait shows a man in futuristic armor against a hazy sky. The subject's face is coherent but armor parts show geometric fusion and pseudo-details. Image exhibits waxy skin textures and softened edges.
barak obama as master chief,sd1.5_lowstep_059.jpg,59,2.782759734,0.481363463,3.173394589,0.735349604,A digital image depicts a man in green armor against a sci-fi scene. The subject is structurally readable despite some fusion in the armored gloves. Textures appear uniformly waxy and oversmoothed with softened global edges.
barak obama as master chief,sd1.5_normal_059.jpg,59,2.926215464,0.344658378,3.158021435,0.807738085,A digital portrait shows a man in green sci-fi armor holding a rifle. The weapon and hand are structurally malformed with poor geometric clarity. Textures are waxy and oversmoothed with inconsistent lighting across surfaces.
barak obama as master chief,xl2.2_normal_059.jpg,59,3.835000098,0.704624045,3.5526433,0.418555939,A stylized digital painting shows a man in a space helmet and suit. The face is coherent while the helmet displays nonsensical symbolic text. Surfaces exhibit waxy smoothing and lack high-frequency textural detail.
"artwork with only triangles, anime style",AttnGAN_normal_060.jpg,60,0.919776796,0.719282241,0.850496237,0.842552058,"A close-up abstract image shows a distorted organic form on a soft background. The subject's structure is severely warped and fused, lacking semantic readability. Waxy textures and soft edges obscure details throughout."
"artwork with only triangles, anime style",DALLE2_normal_060.jpg,60,2.817259418,1.041876621,1.715657358,0.612244778,A centered low-poly geometric fox head logo on a plain blue background. The subject maintains a coherent faceted structure while the text appears crudely formed. Minor stray marks and aliasing are visible along the outer contours.
"artwork with only triangles, anime style",glide_normal_060.jpg,60,1.063255848,0.447317489,1.507286544,0.988836031,Abstract black lines form irregular polygonal shapes on a white background. The geometric structure is coherent but lacks clear semantic readability. Line edges exhibit noticeable aliasing and jagged pixelation.
"artwork with only triangles, anime style",midjourney_lowstep_060.jpg,60,2.852156791,0.682305992,2.689045915,0.607658595,"A soft digital painting shows a stylized face against a dark background. Facial features are clear, but hair is jagged and the neck is blurred. Oversmoothing and color bleeding soften edges and texture."
"artwork with only triangles, anime style",midjourney_normal_060.jpg,60,3.523701266,0.593471822,2.846322945,1.150749691,A vibrant low-poly portrait of a woman's face in a hexagonal frame. Facial anatomy stays structurally stable and readable despite heavy geometric simplification. Polygonal edges appear sharp without noticeable blur or compression artifacts.
"artwork with only triangles, anime style",sd1.5_highcorr_060.jpg,60,2.120377936,0.706087249,1.709939693,0.84991724,A centered geometric portrait of a stylized human face on a solid background. The facial structure is coherent and recognizable despite the abstract polygonal fragmentation. Sharp edges and flat textures show no dominant local artifact.
"artwork with only triangles, anime style",sd1.5_lowcorr_060.jpg,60,2.927618961,0.354531201,2.927805358,0.816263213,A close-up anime portrait of a dark-haired girl with red eyes. Unnatural facial lines and fused anatomy compromise the subject's structural stability. Sharp polygonal fragmentation disrupts textures and edges across the global view.
"artwork with only triangles, anime style",sd1.5_lowstep_060.jpg,60,2.792402589,0.455431566,1.970660469,0.638320618,"A digital illustration of an anime girl against a purple background. The face is stable, while hand structures and hair strands appear malformed. Surfaces show mild waxiness and softened fine details."
"artwork with only triangles, anime style",sd1.5_normal_060.jpg,60,3.162256259,0.734972763,2.651927612,1.295763077,A monochrome sketch shows a close-up of an anime girl's face. The face and clothing exhibit unnatural geometric fragmentation and angular distortion. Shading is soft with inconsistent line weight and slightly flat textures.
"artwork with only triangles, anime style",xl2.2_normal_060.jpg,60,3.568964411,0.486342725,1.759600793,0.674568896,"An anime portrait of a young man with reddish hair against a soft background. Facial features are stable, while neck and garment areas show subtle distortions. Textures appear smooth with artificial highlights and inconsistent local color values."
"a yellow rendition of venom, sci-fi style",AttnGAN_normal_061.jpg,61,0.678182301,0.409283535,0.409963958,0.28187264,"A distorted, glowing organic mass appears in a dark room. The central figure is severely warped and lacks any plausible anatomy. Significant blur and grain obscure all textural details."
"a yellow rendition of venom, sci-fi style",DALLE2_normal_061.jpg,61,1.815542197,0.590795755,2.486699878,0.790906117,"A stylized glowing reptilian head appears against a solid black background. The subject features a malformed jaw with fused, excessive spike-like teeth. Surfaces show waxy smoothing and inconsistent line weights."
"a yellow rendition of venom, sci-fi style",glide_normal_061.jpg,61,1.494912264,0.667057786,1.231874682,0.530558064,"A stylized yellow mechanical object is centered on a white background. The subject's structure is coherent, though arm attachments appear fused. Global quality suffers from heavy oversmoothing and visible halos."
"a yellow rendition of venom, sci-fi style",midjourney_lowstep_061.jpg,61,3.165054602,0.626977397,3.706511037,0.514244187,A digital illustration portrays a muscular symbiote figure on a yellow background. The subject's facial structure and musculature show significant distortion and lack definition. Waxy textures and heavy blurring obscure all fine details.
"a yellow rendition of venom, sci-fi style",midjourney_normal_061.jpg,61,2.994111578,0.984666704,3.62556917,0.516253325,A close-up digital portrait shows a yellow symbiote-like creature against darkness. The subject exhibits stable monstrous anatomy with clearly defined teeth and sockets. Fine tendrils show slight softness while textures stay detailed.
"a yellow rendition of venom, sci-fi style",sd1.5_highcorr_061.jpg,61,2.774693831,0.722920973,2.836266121,0.718025029,"A digital illustration of a muscular black monster on a yellow scaled background. The subject's anatomy exhibits warped joint transitions and fused limb segments. Repetitive scale patterns create flat, pseudo-detailed textures."
"a yellow rendition of venom, sci-fi style",sd1.5_lowcorr_061.jpg,61,2.576017007,0.791252523,2.732709062,1.084038937,"A centered portrait of a stylized striped monster head against a dark backdrop. The subject shows a coherent symmetrical structure with intricate, sharp dental details. Crisp edges contrast with slightly repetitive surface textures."
"a yellow rendition of venom, sci-fi style",sd1.5_lowstep_061.jpg,61,2.871898573,0.572156501,3.135757257,0.198365644,"A digital illustration shows a muscular black and yellow symbiote on a splattered background. The figure has severe anatomical distortion, especially in the malformed hands and face. Waxy textures and inconsistent edge definition are visible."
"a yellow rendition of venom, sci-fi style",sd1.5_normal_061.jpg,61,2.14357511,0.835865144,2.548396068,1.29137607,A digital painting portrays a black symbiote character against a yellow smoky backdrop. The facial region contains a fused mechanical mouth and distorted neck musculature. Surfaces exhibit a waxy smoothness and the background shows repetitive grain.
"a yellow rendition of venom, sci-fi style",xl2.2_normal_061.jpg,61,3.235341707,0.970120249,3.364507908,0.797693524,A digital illustration depicts a stylized yellow-suited figure in a dynamic pose. The figure exhibits a coherent stylized anatomy with a clear and plausible silhouette. Textures are smooth with sharp edges and consistent lighting.
"a colour portrait of a king, realistic style",AttnGAN_normal_062.jpg,62,0.901809839,0.404428381,0.833684757,0.435066391,A distorted digital painting shows several human figures in an outdoor setting. The subjects feature severely warped faces and fused limbs that lack semantic coherence. Heavy blurring and melted textures eliminate all fine detail.
"a colour portrait of a king, realistic style",DALLE2_normal_062.jpg,62,3.401488261,0.709113958,3.547644548,0.949342644,A digital painting portrays a crowned elderly man in a dark setting. The subject's face is clear but exhibits subtle structural warping and asymmetry. Textures appear waxy with softened details and indistinct boundaries.
"a colour portrait of a king, realistic style",glide_normal_062.jpg,62,2.376428439,0.669542476,1.732152809,0.905865958,A stylized close-up of a lion's face on a plain background. The lion's face is recognizable but exhibits slight asymmetry and distorted muzzle. Global smoothing reduces fur detail and edge clarity significantly.
"a colour portrait of a king, realistic style",midjourney_lowstep_062.jpg,62,2.55346049,0.493727777,2.740407521,0.475325254,A digital portrait depicts an elderly bearded man with a crown in profile. The subject's face and crown are heavily blurred and lack anatomical precision. Severe oversmoothing removes texture and softens all image boundaries.
"a colour portrait of a king, realistic style",midjourney_normal_062.jpg,62,3.839810805,0.464018123,3.524109368,0.804895291,A digital painting shows a crowned bearded king in a centered portrait. Facial features remain coherent despite slight eye asymmetry and beard clumping. Surfaces display subtle waxy smoothing and inconsistent micro-detail.
"a colour portrait of a king, realistic style",sd1.5_highcorr_062.jpg,62,3.292854479,0.465777148,3.180285613,0.930060704,"A digital portrait shows a bearded man in an ornate red military uniform. Facial features display subtle structural distortions around the eyes and brow area. Textures appear waxy, and fine details lack sharp local definition."
"a colour portrait of a king, realistic style",sd1.5_lowcorr_062.jpg,62,3.419625599,0.646762789,3.671553148,0.510074716,"A realistic portrait shows a bearded man in ornate military regalia. Facial features show asymmetry, and the sash decorations appear malformed and structurally confused. Repetitive fur textures and waxy surfaces indicate oversmoothing and weak local detail."
"a colour portrait of a king, realistic style",sd1.5_lowstep_062.jpg,62,3.059933495,0.269612213,3.189847843,0.592214113,A bearded man in ornate red robes and a jeweled collar on a warm background. Facial structure is stable despite slight eye misalignment and waxy surface texture. Ornate collar patterns display repetitive pseudo-details and softened boundaries.
"a colour portrait of a king, realistic style",sd1.5_normal_062.jpg,62,3.221284286,0.503981296,3.307507387,0.490634808,A detailed portrait features a bearded man wearing a complex jeweled crown. The face exhibits subtle asymmetry in eye placement and nasal structure. Skin appears oversmoothed while crown ornaments contain meaningless symbolic patterns.
"a colour portrait of a king, realistic style",xl2.2_normal_062.jpg,62,3.530547546,0.356877821,3.592509994,0.565509887,"A digital portrait shows a crowned man in ornate robes against a plain background. The facial structure is stable, but the hair and jewelry show inconsistencies. Skin appears waxy, and details show pseudo-texturing."
"overwatch small hut building, abstract style",AttnGAN_normal_063.jpg,63,0.986154364,0.339139321,0.70828361,0.497767609,A distorted multi-headed animal figure stands centered against a blurred background. The subject features severe structural fusion and malformed anatomy of its multiple heads. Oversmoothing and waxy textures obscure fine details across the entire image.
"overwatch small hut building, abstract style",DALLE2_normal_063.jpg,63,0.997965831,0.457119446,1.677453607,1.103444372,A stylized digital illustration shows a malformed house on a yellow ground. The subject features warped geometry and illogical junctions between its architectural volumes. Outlines exhibit inconsistent thickness and noticeable jaggedness along curved edges.
"overwatch small hut building, abstract style",glide_normal_063.jpg,63,1.402772373,0.854983986,2.071203024,0.962921551,A blurry red shed sits in a dark outdoor setting with grass. The building's form is coherent but lacks sharp architectural details. Global blurring and flat textures hide all fine details.
"overwatch small hut building, abstract style",midjourney_lowstep_063.jpg,63,2.610261314,0.70406541,2.960067189,0.584609742,A soft 3D cartoon house sits on a circular base against a blue background. The building structure is warped with fused rooflines and indistinct window openings. Heavy global blur flattens textures and obscures all sharp boundaries.
"overwatch small hut building, abstract style",midjourney_normal_063.jpg,63,3.700231162,0.507153164,3.369531125,1.067820653,A 3D-rendered fantasy wooden house sits in a stylized outdoor environment. The architecture exhibits fused roof components and warped structural geometry. Surfaces show significant oversmoothing and waxy pseudo-detailing.
"overwatch small hut building, abstract style",sd1.5_highcorr_063.jpg,63,2.157904831,0.473940152,2.700983887,1.460210061,A stylized wooden shed stands in a field under a blue sky. The subject is coherent but features repetitive planks and simplified geometry. Outlines show aliasing and textures appear flat.
"overwatch small hut building, abstract style",sd1.5_lowcorr_063.jpg,63,3.374371279,0.848518036,2.561561282,0.901862108,A sepia-toned image shows a rustic shed on a grassy slope. The building's siding exhibits distorted geometry and melted material textures. Waxy surfaces and heavy grain degrade the image clarity.
"overwatch small hut building, abstract style",sd1.5_lowstep_063.jpg,63,3.333743653,0.567562364,3.136505822,0.477019823,A wooden stilt house stands in a field under a red sky. The building is recognizable despite distorted wood planks and support pillars. Heavy smoothing flattens textures throughout the entire scene.
"overwatch small hut building, abstract style",sd1.5_normal_063.jpg,63,2.883906185,0.800125638,2.840103111,0.869061311,A small wooden shack with a blue roof sits in a dry grassy field. The subject structure is coherent but has simplified geometry and weak detail. Global textures show oversmoothing and a lack of fine granular detail.
"overwatch small hut building, abstract style",xl2.2_normal_063.jpg,63,3.334754679,0.385216799,3.2326522,0.99288332,A stylized 3D rendered building stands centered on water under a sunset sky. The subject exhibits a stable geometric structure and high semantic readability. Textures and edges display no significant non-structural artifacts.
"monsters playing board games, baroque style",AttnGAN_normal_064.jpg,64,0.935417685,0.635748859,1.184861428,0.861777552,An abstract dark organic shape sits against a vibrant blurred background. The subject lacks coherent structure and appears as a malformed melting mass. Heavy blurring and oversmoothing obscure all fine textural details.
"monsters playing board games, baroque style",DALLE2_normal_064.jpg,64,2.545997226,0.420468896,3.169153524,0.4860513,"Stylized fantasy characters play a board game in a colorful illustration. The subjects show distorted anatomy and simplified, messy hand and game-piece structures. Textures appear flat with softened edges and inconsistent detail clarity."
"monsters playing board games, baroque style",glide_normal_064.jpg,64,1.149675658,0.382144021,1.536125842,0.796046179,Various abstract colorful shapes and creature-like forms are scattered on a white background. The subjects are structurally incoherent with broken contours and ambiguous semantics. Heavy pixelation and jagged edges obscure fine texture details throughout.
"monsters playing board games, baroque style",midjourney_lowstep_064.jpg,64,1.972017159,0.848402628,3.066730889,0.678979312,"Several colorful blurred figures sit around a tiled table in warm lighting. Subjects lack clear anatomy and appear as soft, indistinct fused shapes. Oversmoothing eliminates all texture and edge definition."
"monsters playing board games, baroque style",midjourney_normal_064.jpg,64,3.938212751,0.428877216,3.729311245,0.400158366,Three fantasy creatures play a game around a wooden table indoors. Subject anatomy remains plausible though hands show minor fusion and blurring. Global textures exhibit slight waxiness and inconsistent edge definition.
"monsters playing board games, baroque style",sd1.5_highcorr_064.jpg,64,2.657997659,0.669047612,2.479686745,0.229075464,
"monsters playing board games, baroque style",sd1.5_lowcorr_064.jpg,64,2.426325581,0.449314086,2.508900426,0.54554126,Ornate manuscript panels display distorted human figures and symbolic objects. Human faces and bodies show severe anatomical malformation and surreal fusion. Textures appear waxy with inconsistent lighting and illegible pseudo-text details.
"monsters playing board games, baroque style",sd1.5_lowstep_064.jpg,64,2.760431848,0.698141268,3.531237092,0.804110642,A group of costumed figures plays a board game within a paneled room. Facial features and hand structures show significant warping and digit fusion. Surfaces look waxy while fine details remain softened and indistinct.
"monsters playing board games, baroque style",sd1.5_normal_064.jpg,64,2.518413241,0.254873902,2.999704571,0.750853424,A classical painting shows two women at a board game in an ornate room. Both figures exhibit severe anatomical distortions including malformed faces and unnatural hair. Textures appear waxy with inconsistent lighting and pseudo-details.
"monsters playing board games, baroque style",xl2.2_normal_064.jpg,64,3.837774272,0.230753835,3.882612824,0.603967843,Skeletal figures play a game at a table in a narrow alley. Figures exhibit stable structure despite minor hand fusion and facial irregularities. Surfaces show waxy textures and softened detail with inconsistent background lines.
"an environmental concept art, anime style",AttnGAN_normal_065.jpg,65,1.388190702,0.478764802,1.077419679,0.746786189,"A cluster of dark, distorted face-like figures rests on a floor near a wall. Subjects exhibit severe structural fusion and malformed features obscuring semantic readability. Heavy blur, oversmoothing, and flat, waxy textures degrade perceptual quality."
"an environmental concept art, anime style",DALLE2_normal_065.jpg,65,1.791832549,0.331856324,2.864560271,0.672598229,"A digital painting depicts stylized red trees and green bushes under an orange sky. The central tree is malformed and the left trunk shows ghosted sketch lines. Surfaces show flat textures, softened edges, and inconsistent pseudo-detail."
"an environmental concept art, anime style",glide_normal_065.jpg,65,1.644270161,0.750119945,1.289002558,0.633327284,"A centered, high-contrast black graphic of a symmetrical abstract face on white. The facial structure is heavily warped with fused and illegible features. Stray pixels and jagged contours degrade the graphic clarity."
"an environmental concept art, anime style",midjourney_lowstep_065.jpg,65,1.904712856,0.486211786,2.519261818,1.08271376,A hazy digital painting features a wooden house and a distant mountain. The building structure is extremely blurred with melted contours and missing details. Heavy oversmoothing removes texture and sharpness throughout the entire image.
"an environmental concept art, anime style",midjourney_normal_065.jpg,65,4.488740784,0.852978805,3.891247881,0.561549883,A digital painting depicts a multi-tiered wooden structure in a misty jungle valley. The architecture is coherent but features some ambiguous structural connections and supports. Textures appear waxy and background details exhibit noticeable oversmoothing.
"an environmental concept art, anime style",sd1.5_highcorr_065.jpg,65,2.994111578,0.822401806,3.158021435,1.092773732,"A stylized digital painting shows a building beside rolling hills under a pink sky. Landscape structures are coherent, though architectural details appear abstract and simplified. Soft focus and flat textures reduce local detail across the frame."
"an environmental concept art, anime style",sd1.5_lowcorr_065.jpg,65,2.203182133,0.66245011,2.856177525,0.814933094,A sketch-style drawing depicts a spiky figure and futuristic structures on a green hill. The character and buildings show distorted anatomy and nonsensical fused geometry. Chaotic linework and flat textures degrade global edge definition.
"an environmental concept art, anime style",sd1.5_lowstep_065.jpg,65,3.059933495,0.699048522,3.421504833,0.564373714,A digital painting shows a lush mountain valley with a river and stone stairs. Stone stairs and terrain exhibit melting geometry and lack clear structural definition. Textures show waxy smoothing and softened edges across the landscape.
"an environmental concept art, anime style",sd1.5_normal_065.jpg,65,3.188291344,0.439853365,3.40931236,0.341160493,A digital painting depicts a large traditional building beside a misty waterfront. The architectural subject is recognizable but contains malformed roof and window structures. Global textures appear overly smooth with softened edge definitions throughout.
"an environmental concept art, anime style",xl2.2_normal_065.jpg,65,3.718303223,0.560614965,4.006765574,0.226592887,A stylized illustration depicts a wooden house by a lake at sunset. The house structure is clear and stable with no visible distortions. Textures appear slightly smoothed and lack fine granular detail.
"synthwave astronaut tabby cat, baroque style",AttnGAN_normal_069.jpg,69,1.116526892,0.546724078,0.564086878,0.561682749,Abstract digital painting of distorted organic leaf-like shapes on a vibrant background. Subject forms are severely warped and semantically illegible due to extreme fusion. Surfaces exhibit waxy pseudo-details and inconsistent edge definitions across the frame.
"synthwave astronaut tabby cat, baroque style",DALLE2_normal_069.jpg,69,3.259652507,0.624191314,3.465014103,0.342307315,"A digital painting shows a cat in an astronaut suit on a dark field. The subject is clear, though the helmet fit and facial features lack precision. Surfaces appear waxy with faint background pattern repetition."
"synthwave astronaut tabby cat, baroque style",glide_normal_069.jpg,69,1.785560751,0.641949575,2.122737165,0.955360435,A close-up digital portrait displays a cat's face against a dark background. The cat's face is recognizable but shows smeared anatomy and oversized eyes. Heavy oversmoothing and low-resolution blur obscure fine textural details.
"synthwave astronaut tabby cat, baroque style",midjourney_lowstep_069.jpg,69,3.093635734,0.652367095,3.417262215,0.786285678,A stylized digital portrait shows a cat wearing a space helmet. The feline facial features are clear and structurally coherent within the gear. Textures appear waxy and edges show a soft glowing halo effect.
"synthwave astronaut tabby cat, baroque style",midjourney_normal_069.jpg,69,3.856710319,0.900860721,3.733265315,0.582633591,A stylized digital portrait of a cat in a neon astronaut suit. The subject exhibits a stable feline structure and semantically clear suit components. Minor texture smoothing affects the otherwise sharp and detailed rendering.
"synthwave astronaut tabby cat, baroque style",sd1.5_highcorr_069.jpg,69,2.869848764,0.730790855,3.239106761,0.692906121,"A graphic illustration shows a cat in a space helmet on a red background. The feline subject is clear and structurally coherent, while the text is illegible. Sharp outlines and flat textures maintain consistent graphic quality."
"synthwave astronaut tabby cat, baroque style",sd1.5_lowcorr_069.jpg,69,3.270286787,0.474447757,3.311510172,0.366984563,"A digital portrait features a cat in a spacesuit against a cosmic background. The feline face is clear, while the suit's body appears fused and distorted. Textures exhibit heavy oversmoothing and waxy surface qualities."
"synthwave astronaut tabby cat, baroque style",sd1.5_lowstep_069.jpg,69,2.92680752,0.395842556,3.237018522,0.4639974,"A digital illustration shows a cat in a pink spacesuit against a cosmic background. The feline subject is structurally coherent, though suit patches lack clarity. Textures show mild oversmoothing and a waxy surface quality."
"synthwave astronaut tabby cat, baroque style",sd1.5_normal_069.jpg,69,3.169097903,0.441855523,1.877263811,0.65958608,A digital illustration portrays a suited astronaut within an ornate golden frame. The subject is clearly rendered but the hands exhibit significant structural fusion. Global textures show noticeable repetition and softened edge definition.
"synthwave astronaut tabby cat, baroque style",xl2.2_normal_069.jpg,69,3.421003889,0.698975222,3.363018944,0.442720824,"A stylized digital illustration shows an anthropomorphic cat in a blue spacesuit. The subject features a coherent structure with a clear feline head and suit. Surfaces show a smooth, waxy texture lacking fine-grained detail."
"space reflected in fox's eye , anime style",AttnGAN_normal_070.jpg,70,0.663293231,0.846375252,0.415631423,0.452598402,"A dark, distorted organic shape with bright highlights rests on a black background. The subject's features are malformed and lack coherent anatomical structure or clarity. Heavy digital noise and compression artifacts obscure most visible details."
"space reflected in fox's eye , anime style",DALLE2_normal_070.jpg,70,2.11262753,0.589767995,2.999433191,0.725975316,A macro view of a stylized anime eye with orange hair and a starry background. The eye anatomy is plausible and well-framed within the composition. Surface textures exhibit slight waxy smoothing and loss of micro-detail.
"space reflected in fox's eye , anime style",glide_normal_070.jpg,70,0.746460866,0.456687721,1.474049467,1.315345908,A glowing red abstract sphere on a black background in digital art. The subject is a structurally vague glowing mass lacking semantic clarity. Heavy blur and soft edges dominate the low-resolution image.
"space reflected in fox's eye , anime style",midjourney_lowstep_070.jpg,70,2.410204999,0.819723877,3.325002769,0.816133397,"A digital painting shows a stylized fox head in profile against a dark cosmos. The subject has a coherent structure with a large, well-rendered focal eye. Fur textures appear waxy and edges show subtle softening."
"space reflected in fox's eye , anime style",midjourney_normal_070.jpg,70,3.756916035,0.858605174,3.404134969,1.252989547,A digital painting shows a stylized fantasy fox head in a close-up view. The subject maintains coherent facial structure and readable semantics despite minor forehead distortions. Fine details are sharp and textures lack global oversmoothing.
"space reflected in fox's eye , anime style",sd1.5_highcorr_070.jpg,70,2.506762262,0.466742673,2.628224568,1.021203304,"A stylized fox head holds a magnifying glass within a circular frame. The fox structure is stable, but the magnified eye region is semantically unclear. Repetitive background textures and lens pseudo-details are present."
"space reflected in fox's eye , anime style",sd1.5_lowcorr_070.jpg,70,2.403882268,0.162076775,2.06814031,0.729393818,An extreme close-up captures a stylized anime eye and facial skin. The iris structure is distorted with malformed internal details and unclear boundaries. Faint illegible text appears at the bottom of the composition.
"space reflected in fox's eye , anime style",sd1.5_lowstep_070.jpg,70,2.825502717,0.633089423,2.561561282,1.105477196,A macro view captures a single eye set within a colorful nebula scene. The eye anatomy is recognizable yet features a bulky lid and surreal iris. Global textures appear softened with noticeable repetition in the background noise.
"space reflected in fox's eye , anime style",sd1.5_normal_070.jpg,70,2.899057018,0.884105237,2.879719212,0.729129123,A stylized cat face is visible through a circular lens in a close-up illustration. The subject shows coherent anatomy and clear semantic readability within the frame. Fur textures exhibit slight oversmoothing across the image.
"space reflected in fox's eye , anime style",xl2.2_normal_070.jpg,70,2.760431848,0.613743722,3.116693004,0.525619013,"A digital illustration features a close-up of a stylized animal's eye on a plain background. The eye and fur structure appear clear with stable, readable stylized anatomy. Textures and edges show no dominant local artifact."
"smart sri lanka buddhist monk, sci-fi style",AttnGAN_normal_071.jpg,71,0.578348419,0.396731195,0.629428475,0.549204173,"A close-up of abstract, melting organic shapes in high-contrast yellow and brown. The subject structure is severely warped and lacks any recognizable semantic coherence. Textures are waxy and oversmoothed with inconsistent edges."
"smart sri lanka buddhist monk, sci-fi style",DALLE2_normal_071.jpg,71,3.0785433,0.294893564,3.082998995,0.828123302,A portrait shows a robed figure against a vibrant sunset. The subject's facial anatomy is clear but ears appear malformed. Waxy textures and illegible text reduce perceptual naturalness.
"smart sri lanka buddhist monk, sci-fi style",glide_normal_071.jpg,71,1.299273321,0.632344587,0.81494167,0.948246729,A glowing green electronic device sits against a dark red background. The subject's structure is distorted with fused top components and warped geometry. Heavy blurring and waxy textures obscure fine details across the frame.
"smart sri lanka buddhist monk, sci-fi style",midjourney_lowstep_071.jpg,71,3.108253189,0.757687086,3.246152402,0.35911157,A robed man with glasses stands in a dark server room corridor. The figure's face is structurally stable while the body and ears appear malformed. Severe global blurring produces waxy surfaces and eliminates high-frequency details.
"smart sri lanka buddhist monk, sci-fi style",midjourney_normal_071.jpg,71,3.966327593,0.421680561,3.318907491,1.192990071,A cinematic portrait of a bald bearded man in orange robes. The subject's facial features and garment structure are anatomically coherent. Background displays unreadable pseudo-symbols and skin exhibits mild waxy smoothing.
"smart sri lanka buddhist monk, sci-fi style",sd1.5_highcorr_071.jpg,71,3.150997182,0.440860751,3.147905927,0.584290545,A close-up portrait shows a shaved man with markings wearing orange robes. Facial structure is coherent but exhibits unnatural smoothing and slightly warped ear geometry. Waxy skin textures and repetitive fabric patterns lack natural micro-detail.
"smart sri lanka buddhist monk, sci-fi style",sd1.5_lowcorr_071.jpg,71,2.791787056,0.725822303,2.283154863,0.407959494,A Buddhist monk in orange robes stands against a textured stone wall. The figure shows minor shoulder distortion and lacks clear hand definition in the folds. Background textures exhibit repetitive staining and mild surface melting.
"smart sri lanka buddhist monk, sci-fi style",sd1.5_lowstep_071.jpg,71,2.747600946,0.604099624,2.169304869,0.689175386,"A photorealistic portrait of a seated monk against a plain grey background. The subject's anatomy is stable, but the neck and shoulder show slight ambiguity. Skin appears waxy with faint background texture repetition."
"smart sri lanka buddhist monk, sci-fi style",sd1.5_normal_071.jpg,71,3.386504205,0.489863113,2.841551967,0.57283613,A photorealistic portrait of a monk in red and yellow robes outdoors. The subject's face and hands exhibit subtle structural unnaturalness and rigidity. Skin appears waxy and background elements lack sharp textural definition.
"smart sri lanka buddhist monk, sci-fi style",xl2.2_normal_071.jpg,71,3.890340281,0.405205889,3.336134858,0.960196292,A man in a red monk's robe stands on a hill overlooking a forested landscape. The subject's anatomy and robe structure are coherent and semantically readable. Distant background textures show minor softening but no dominant local artifacts.
"painted portrait of snake man, realistic style",AttnGAN_normal_072.jpg,72,1.086342024,0.356270515,0.623776738,0.597267351,A distorted abstract figure with multiple faces appears against a vibrant geometric background. The subject structure is completely broken with fused anatomical parts and semantic confusion. Heavy oversmoothing and melted textures dominate the visual field.
"painted portrait of snake man, realistic style",DALLE2_normal_072.jpg,72,3.174029361,0.63508014,2.37295214,0.948266639,"A digital painting depicts a cobra snake head against a dark background. The snake's head anatomy is coherent, though scales appear slightly softened and fused. Textures show subtle oversmoothing and background contains illegible pseudo-text."
"painted portrait of snake man, realistic style",glide_normal_072.jpg,72,0.693938742,0.437094032,1.316179121,0.805591297,A close-up image shows a snake's head and neck on a white background. The subject is recognizable but has malformed scales and an indistinct face. Heavy oversmoothing flattens textures and blurs all edge definitions across the frame.
"painted portrait of snake man, realistic style",midjourney_lowstep_072.jpg,72,2.844740127,0.723248592,2.846322945,0.67661553,A digital portrait depicts a rugged man with a snake around his neck. The subject's facial structure and snake anatomy are coherent and readable. Global oversmoothing produces waxy textures and lacks sharp detail.
"painted portrait of snake man, realistic style",midjourney_normal_072.jpg,72,3.330911176,0.700210869,2.360759667,1.07685647,A classical oil-style portrait depicts an elderly man with long white hair. The facial anatomy remains coherent despite minor ambiguities in the hair texture. Skin exhibits a waxy oversmoothing while background details remain indistinct.
"painted portrait of snake man, realistic style",sd1.5_highcorr_072.jpg,72,1.954767317,0.897682803,2.687482179,0.587787579,"A digital painting of a green reptilian head against a red background. The subject displays severe structural distortion with fused, overlapping mouths and malformed facial geometry. Surfaces show a waxy texture with softened fine details."
"painted portrait of snake man, realistic style",sd1.5_lowcorr_072.jpg,72,2.598262134,0.454270375,2.628670045,0.940463711,A digital portrait of a man with green markings and dark hair. The subject's face is coherent despite dense texture and ambiguous forehead growths. Grainy noise and softened hair edges reduce clarity.
"painted portrait of snake man, realistic style",sd1.5_lowstep_072.jpg,72,2.671047584,0.465007827,2.342844724,1.04191989,"A digital portrait shows a front-facing stylized male figure against a plain background. Facial anatomy is severely distorted with a malformed brow, elongated nose, and warped jaw. Waxy skin textures show inconsistent pseudo-details."
"painted portrait of snake man, realistic style",sd1.5_normal_072.jpg,72,2.359796059,0.648336764,2.11394401,0.999357393,"A framed portrait shows a man with intricate facial markings and a snake-like hair element. The subject is coherent, but facial paint displays warped and illogical geometric patterns. Textures appear waxy and lack natural skin detail."
"painted portrait of snake man, realistic style",xl2.2_normal_072.jpg,72,3.590592228,0.624604202,3.50945668,0.470565083,A digital portrait depicts an older man with snakes and a headband. The subject's hand is structurally distorted with fused fingers and unclear joints. Skin and fabric surfaces show a characteristic waxy oversmoothing.
"legionary of the roman empire, baroque style",AttnGAN_normal_074.jpg,74,0.850998035,0.346776319,0.49324274,0.574023771,A close-up shows a cluster of malformed brown growth-like structures against a blurred background. Subject structures are heavily fused and lack coherent geometric or anatomical plausibility. Heavy global blur and waxy textures obscure fine details.
"legionary of the roman empire, baroque style",DALLE2_normal_074.jpg,74,2.012346089,0.56012004,2.691901755,0.720731428,"A centered full-body illustration depicts a Roman soldier against a plain background. The subject displays malformed shoulder anatomy and simplified, fused hand structures. Surfaces appear waxy with softened edges and pseudo-details."
"legionary of the roman empire, baroque style",glide_normal_074.jpg,74,1.296708731,0.761705726,0.753490226,0.90137359,"A dark, low-resolution image shows an ornate architectural interior in frontal view. The subject's intricate structure is heavily fused and lacks clear geometric definition. Extreme global blur and smoothing destroy all texture detail."
"legionary of the roman empire, baroque style",midjourney_lowstep_074.jpg,74,2.782759734,0.746874752,2.948215667,0.846182724,"A digital painting depicts a Roman soldier in armor against a dark background. The figure has a malformed hand and blurry, poorly defined armor geometry. Heavy blurring and waxy smoothing obscure all fine surface details."
"legionary of the roman empire, baroque style",midjourney_normal_074.jpg,74,4.02474836,0.569186479,3.706713088,0.502661312,A studio portrait features a fully armored warrior with a staff and shield. The subject's detailed armor and hands show minor fusion and geometric inconsistency. Metallic surfaces show subtle waxy smoothing and texture flattening.
"legionary of the roman empire, baroque style",sd1.5_highcorr_074.jpg,74,2.765509892,0.246743755,3.481534167,0.451111038,Figures in ornate golden armor stand in a frontal group composition. The central subject is stable despite hand fusion and distorted helmet geometry. Metallic textures exhibit waxy smoothing and inconsistent pseudo-detailing across the group.
"legionary of the roman empire, baroque style",sd1.5_lowcorr_074.jpg,74,2.600314118,0.538137521,2.812926678,0.927264542,A digital painting portrays a knight in ornate scale and plate armor. The subject's facial structure is slightly distorted with illegible markings on gear. Metallic textures appear repetitive with subtle smoothing of fine details.
"legionary of the roman empire, baroque style",sd1.5_lowstep_074.jpg,74,3.116324583,0.580022698,3.013304279,0.475225189,A robed figure stands within a detailed stone architectural niche. The subject's anatomy is stable but hand grips and helmet fit show visible distortion. Background textures show melting and facial surfaces appear somewhat waxy.
"legionary of the roman empire, baroque style",sd1.5_normal_074.jpg,74,3.428646707,0.630201579,3.10236099,0.908457265,"A centered portrait shows an armored man holding a staff and a hybrid weapon. The subject is stable, but the hand and the ambiguous weapon show structural confusion. Metallic textures appear waxy with softened fine details."
"legionary of the roman empire, baroque style",xl2.2_normal_074.jpg,74,3.255352906,0.29528689,2.839729721,0.732759701,"A 3D render shows a man in ornate gold armor on a studio pedestal. The subject is mostly coherent, but the hands show visible finger fusion. Gold textures show subtle smoothing and inconsistent fine-scale engraving details."
"concept art of octopus attack, anime style",AttnGAN_normal_075.jpg,75,0.495534588,0.427708156,0.597640981,0.607389432,An abstract digital image shows a blurred organic texture against a blue background. The central form is structurally incoherent and lacks recognizable semantic meaning. Heavy oversmoothing and flat textures dominate the entire visual field.
"concept art of octopus attack, anime style",DALLE2_normal_075.jpg,75,2.239848985,0.473337942,3.609476773,0.847745688,A stylized blue octopus creature appears in a vibrant yellow and cyan scene. The subject suffers from severe anatomical distortion with tangled and malformed tentacles. Surfaces are waxy with inconsistent lighting and pseudo-detail.
"concept art of octopus attack, anime style",glide_normal_075.jpg,75,0.912778941,0.651780193,1.455683318,1.204233542,A high-contrast sketch shows a distorted abstract creature on a white background. The subject features severe malformation with fused limbs and unrecognizable anatomy. Jagged aliasing artifacts appear along the thick black outlines.
"concept art of octopus attack, anime style",midjourney_lowstep_075.jpg,75,2.429568642,0.426363224,3.357572354,0.620502712,"A digital illustration shows a girl fleeing a giant red octopus in a misty landscape. The girl's anatomy is indistinct, and the octopus lacks coherent structural detail. Heavy global blur flattens textures and obscures fine details."
"concept art of octopus attack, anime style",midjourney_normal_075.jpg,75,3.558662387,0.552319507,3.968713435,0.417104882,A digital illustration depicts a girl fleeing a giant green octopus monster. The girl's anatomy is largely stable despite some stylized hand details. Textures appear smooth with subtle softening in fine background elements.
"concept art of octopus attack, anime style",sd1.5_highcorr_075.jpg,75,0.291846246,0.210786682,0.731226048,0.548499112,A heavily blurred abstract figure occupies the center of a white frame. The subject's form is entirely indistinct and lacks any coherent structural definition. Severe global blur removes all fine details and edge clarity.
"concept art of octopus attack, anime style",sd1.5_lowcorr_075.jpg,75,2.886258786,0.515880676,3.007473278,0.581115498,A stylized purple octopus creature fills the frame of a vibrant digital painting. The subject remains structurally readable despite minor facial asymmetry and fused limb regions. Textures show slight flatness and repetitive patterning on the tentacle surfaces.
"concept art of octopus attack, anime style",sd1.5_lowstep_075.jpg,75,2.695368677,0.645356936,3.146889346,0.978020553,A stylized purple octopus fills the frame against a turquoise backdrop. The subject is readable but shows tangled limbs with localized shape ambiguity. Lines are crisp and colors are solid without noticeable noise.
"concept art of octopus attack, anime style",sd1.5_normal_075.jpg,75,2.462183558,0.542785794,2.94270405,0.679589178,Several red cartoon octopuses float in a light blue underwater scene. The subjects show significant limb entanglement and structural fusion between adjacent bodies. Repeated textures and flat shading define the surface quality.
"concept art of octopus attack, anime style",xl2.2_normal_075.jpg,75,3.60083465,0.622510555,3.489909055,0.62498948,A giant red cephalopod rests in a small boat against a dark seascape. The subject shows distorted anatomy with overly fused tentacles and a vague torso. Surfaces display mild waxiness and lack of crisp micro-texture.
"a biomechanical dahlia flower, sci-fi style",AttnGAN_normal_076.jpg,76,1.098613732,0.901195797,0.845084862,0.747778109,A flock of sheep stands in a bright green field with foliage. The subjects display fused bodies with indistinct limbs and poor separation. Global blur and waxy textures obscure fine details.
"a biomechanical dahlia flower, sci-fi style",DALLE2_normal_076.jpg,76,2.743331976,0.618284487,3.136505822,0.638682764,A glowing cyan mechanical flower is centered on a solid black background. The subject exhibits fused petal layers and a confusing central mechanical core. Surfaces show waxy textures and inconsistent edge definition.
"a biomechanical dahlia flower, sci-fi style",glide_normal_076.jpg,76,2.058266369,0.582300482,2.616373046,0.856979176,A vibrant red dahlia-like flower fills the frame against a solid black background. Central petals appear fused and lack distinct organic separation or clear structural detail. Surfaces show waxy smoothing and inconsistent purple color fringing.
"a biomechanical dahlia flower, sci-fi style",midjourney_lowstep_076.jpg,76,2.869848764,0.729005925,3.216306552,0.888897011,A close-up view shows a stylized metallic flower against a blurred background. The subject maintains radial symmetry but has fused petal bases and messy geometry. Oversmoothing softens edges and gives surfaces a waxy appearance.
"a biomechanical dahlia flower, sci-fi style",midjourney_normal_076.jpg,76,3.953904466,0.632810152,3.787339351,0.408314173,A close-up digital rendering of a complex stylized flower against a dark background. The subject displays intricate petal geometry and a stable central core. Surfaces show waxy textures and minor pseudo-detailing in shadowed areas.
"a biomechanical dahlia flower, sci-fi style",sd1.5_highcorr_076.jpg,76,2.176839871,0.929581099,2.982848125,0.924398293,A centered 3D abstract flower with warm lighting on a dark background. The stylized floral structure is coherent and semantically readable with stable geometry. Surfaces show smooth waxy textures with minor edge softening.
"a biomechanical dahlia flower, sci-fi style",sd1.5_lowcorr_076.jpg,76,0.0,1.023647552,0.400138393,0.512230414,"A heavily blurred grayscale image depicts an indistinct central figure. The subject's structure is completely obscured, lacking any recognizable semantic features. Extreme global oversmoothing eliminates all texture and edge definition."
"a biomechanical dahlia flower, sci-fi style",sd1.5_lowstep_076.jpg,76,3.240419025,0.669776502,2.66591587,0.619717239,A centered 3D-style white flower sits against a solid purple background. The floral subject maintains a stable structure despite some minor central fusion. Surfaces show overly smooth waxy textures and softened details.
"a biomechanical dahlia flower, sci-fi style",sd1.5_normal_076.jpg,76,3.048358432,0.656118256,2.700983887,0.749574085,A centered white sculpted flower is displayed against a plain brown backdrop. Petal structures display irregular geometry and fusion near the central disk. Textures appear waxy with softened edges and blur.
"a biomechanical dahlia flower, sci-fi style",xl2.2_normal_076.jpg,76,3.418088178,0.848126147,3.273307074,0.717442113,A centered digital rendering of a colorful stylized flower on a dark backdrop. The floral structure is coherent despite some oddly fused and overlapping petals. Surfaces display a smooth waxy texture with softened background details.
"a anthropomorphic cat warrior, realistic style",AttnGAN_normal_077.jpg,77,1.119807896,0.414666646,0.257352514,0.453073617,A blurry close-up shows a hand holding a marked spoon-like object near a gun-shaped item. The object displays illegible pseudo-text while the foreground item appears structurally fused. Extreme global blur and edge softening mask all surface texture.
"a anthropomorphic cat warrior, realistic style",DALLE2_normal_077.jpg,77,2.765509892,0.535754342,3.2326522,0.428753784,A digital painting portrays an armored tabby cat warrior against a dark backdrop. The subject shows distorted anatomy with malformed limbs and implausible shield placement. Fur textures appear flat with softened edge definition.
"a anthropomorphic cat warrior, realistic style",glide_normal_077.jpg,77,1.539115041,0.266201801,2.139899198,0.76685555,A front-facing yellow cartoon cat in a suit on a white background. The character exhibits malformed facial features and nonsensical textured markings on its chest. Thick outlines show significant aliasing and inconsistent internal texture density.
"a anthropomorphic cat warrior, realistic style",midjourney_lowstep_077.jpg,77,2.888789697,0.401168009,3.40931236,0.415427298,A digital painting depicts a standing anthropomorphic cat holding a sword. The subject exhibits malformed anatomy with fused paws and a warped body. Heavy oversmoothing and blur obscure fine details.
"a anthropomorphic cat warrior, realistic style",midjourney_normal_077.jpg,77,3.645251835,0.497801412,3.754119177,0.282738251,A close-up digital portrait of an armored anthropomorphic cat warrior. The subject features a coherent feline face and intricate shoulder armor. Fur surfaces display slight oversmoothing alongside highly defined metallic edges.
"a anthropomorphic cat warrior, realistic style",sd1.5_highcorr_077.jpg,77,3.017147546,0.669231435,3.433697306,0.254206561,"A digital close-up portrays a blue-eyed tabby cat wearing golden armor. The subject's facial structure is coherent, though the eyes appear overly symmetrical. Fur surfaces show localized oversmoothing and flattened texture density."
"a anthropomorphic cat warrior, realistic style",sd1.5_lowcorr_077.jpg,77,2.966953132,0.700603358,3.436323658,0.410341054,"A digital illustration shows an armored cat warrior holding a sword against a plain background. The subject's face is clear, but its hands and limbs show severe anatomical distortion. Textures appear waxy with softened clothing details."
"a anthropomorphic cat warrior, realistic style",sd1.5_lowstep_077.jpg,77,2.46452189,0.940010961,2.7906625,0.632632737,A digital illustration portrays a frontal black anthropomorphic cat in fantasy attire. The character's paws exhibit malformed anatomy with fused digits and confusing markings. Surface textures appear overly smooth and lack fine-grained detail.
"a anthropomorphic cat warrior, realistic style",sd1.5_normal_077.jpg,77,2.560585504,0.676818123,2.840103111,0.905552315,A digital painting of an anthropomorphic cat warrior holding a sword and shield. The subject shows distorted anatomy with elongated limbs and simplified paws. Textures show waxy surfaces and inconsistent local detail.
"a anthropomorphic cat warrior, realistic style",xl2.2_normal_077.jpg,77,3.345173159,0.411776319,3.592199458,0.4937446,"An anthropomorphic cat warrior in full armor stands against a gray background. The subject's structure is coherent, featuring a plausible feline head and body. Surfaces appear smooth with waxy textures and softened details."
"the infernal dark gun magicks , baroque style",AttnGAN_normal_079.jpg,79,1.402772373,1.07214882,1.004566026,0.767461712,"A surreal interior displays distorted, melting organic forms against a red wall. The central forms show extreme structural fusion and warping obscuring clear anatomy. Pervasive oversmoothing and weak edge definition degrade visual clarity."
"the infernal dark gun magicks , baroque style",DALLE2_normal_079.jpg,79,2.491680335,0.670347814,2.90198339,1.0108635,A stylized crowned figure is centered within a glowing ornate archway. The subject's facial features are heavily distorted and structurally incoherent. Global textures exhibit smearing and edges display prominent aliasing artifacts.
"the infernal dark gun magicks , baroque style",glide_normal_079.jpg,79,0.247032957,0.903092575,0.43569296,0.542147308,"A dark, centered organic shape sits on a solid black background. The subject's form is unrecognizable and structurally collapsed into a dark mass. Shadow crushing removes all texture and softens remaining highlights."
"the infernal dark gun magicks , baroque style",midjourney_lowstep_079.jpg,79,1.954767317,0.577429129,2.118609113,1.397365117,A close-up digital rendering of a carved wooden revolver. The firearm exhibits warped geometry and fused component boundaries. Heavy global blurring and softened textures mask fine surface details.
"the infernal dark gun magicks , baroque style",midjourney_normal_079.jpg,79,3.700231162,0.844881086,2.401039388,1.167818513,Two ornate steampunk firearms are displayed against a dark background. The complex firearm anatomy is structurally stable and semantically clear. Metallic surfaces show minor pseudo-detailing and localized texture flattening.
"the infernal dark gun magicks , baroque style",sd1.5_highcorr_079.jpg,79,2.418144251,0.506189215,1.946215579,1.164780465,"Repetitive ornate golden Art Nouveau panels fill the frame against a black background. Intricate panel structures feature illegible pseudo-text and lack semantic clarity. Sharp edges dominate, though some fine textures appear slightly smoothed."
"the infernal dark gun magicks , baroque style",sd1.5_lowcorr_079.jpg,79,2.233367001,0.633270141,2.187651086,1.171348814,A monochrome line drawing shows a woman in a gown against a dense background. The subject's face and hands are structurally malformed and lack clear definition. Background textures exhibit repetitive pseudo-details and lack distinct boundaries.
"the infernal dark gun magicks , baroque style",sd1.5_lowstep_079.jpg,79,2.817259418,0.70437811,2.071203024,1.291253377,A repeating pattern of ornate gold and red decorative panels on black. The intricate subject features symmetrical but semantically meaningless swirls and illegible text. Metallic textures display repetitive fine-line loops and inconsistent edge definition.
"the infernal dark gun magicks , baroque style",sd1.5_normal_079.jpg,79,2.942711395,0.463965784,3.33369641,0.870332318,A winged armored figure holds two weapons within an ornate engraved frame. Subject anatomy is warped by excessive ornamentation and malformed hand structures. Fine details consist of repetitive pseudo-texture and lack clear edge definition.
"the infernal dark gun magicks , baroque style",xl2.2_normal_079.jpg,79,3.307841757,0.587161116,2.074448369,0.843636917,A close-up view presents an ornate golden dagger on a filigree surface. The subject's intricate hilt exhibits structural confusion within its dense ornamentation. Metallic surfaces display a smooth waxy texture with minor edge softening.
"painted portrait of goblin man, anime style",AttnGAN_normal_080.jpg,80,0.812984657,0.735026903,0.481457492,0.339049937,A stylized abstract black shape sits on a solid blue background. The subject's outline is jagged and its internal structure is poorly defined. Edges appear soft while background textures show noticeable noise.
"painted portrait of goblin man, anime style",DALLE2_normal_080.jpg,80,1.881435837,0.382788467,3.895028099,0.419523597,A digital painting portrays a green-haired fantasy elf in a close-up view. The subject's facial anatomy displays visible distortion around the nose and jawline. Waxy skin textures and softened edges accompany repetitive background patterns.
"painted portrait of goblin man, anime style",glide_normal_080.jpg,80,1.012573225,0.62023562,1.745318022,1.014279127,"A cropped digital painting depicts a colorful robotic figure on a white background. Subject structure is severely malformed with fused limbs and unclear part definitions. Image shows significant oversmoothing, waxy textures, and melted edges."
"painted portrait of goblin man, anime style",midjourney_lowstep_080.jpg,80,2.659178911,0.500052159,3.075004622,0.622659371,A digital painting displays a close-up of a green-skinned goblin. The subject is structurally coherent despite slightly malformed ears and inconsistent eye alignment. Global smoothing causes waxy textures and lost detail.
"painted portrait of goblin man, anime style",midjourney_normal_080.jpg,80,3.727351438,0.428866791,3.797711871,0.332301154,A close-up digital portrait depicts a goblin-like humanoid with pointed ears. The facial anatomy remains structurally coherent despite some subtle skin texture smoothing. Details show slight softening in hair and fabric textures.
"painted portrait of goblin man, anime style",sd1.5_highcorr_080.jpg,80,2.61389334,0.565137792,3.202549791,0.390807278,A digital portrait of an angry green goblin with large ears. The face exhibits asymmetrical eyes and malformed teeth in a distorted snarl. Skin appears waxy and hair shows repetitive pseudo-details without natural variation.
"painted portrait of goblin man, anime style",sd1.5_lowcorr_080.jpg,80,2.808870337,0.623779528,3.61477839,0.605983668,A digital portrait shows a green-skinned fantasy character with large ears and red hair. The subject's facial features and hand exhibit minor anatomical distortions and warped geometry. Skin textures appear waxy and oversmoothed with softened edge definitions.
"painted portrait of goblin man, anime style",sd1.5_lowstep_080.jpg,80,2.746169865,0.705615384,3.250810209,0.527947873,A digital portrait shows a green-skinned goblin against a solid purple background. The subject exhibits facial asymmetry and malformed features around the eyes and teeth. Skin surfaces appear waxy with overly smoothed texture details.
"painted portrait of goblin man, anime style",sd1.5_normal_080.jpg,80,2.210104633,0.354777468,3.232987189,0.546220084,A digital illustration portrays a stylized elf-like character in a frontal close-up view. The subject's facial structure is severely distorted with malformed eyes and asymmetrical ears. Surfaces exhibit waxy smoothing and heavy artificial grain.
"painted portrait of goblin man, anime style",xl2.2_normal_080.jpg,80,2.956675282,0.522167942,4.081257224,0.44648019,A digital illustration shows a close-up of a green goblin against a blurred background. The stylized subject maintains a coherent structure despite minor facial asymmetry. Skin textures appear waxy with inconsistent highlights on the shoulders.
"large purple lovecraftian void, sci-fi style",AttnGAN_normal_081.jpg,81,0.955535203,0.23871129,0.406335814,0.601449218,A close-up shot features a figure in distorted fencing gear against a light background. The subject's anatomy and equipment are severely malformed and spatially confused. Global textures appear waxy and oversmoothed with poor edge definition.
"large purple lovecraftian void, sci-fi style",DALLE2_normal_081.jpg,81,1.523022688,0.421786868,2.951467196,1.209974957,A glowing purple celestial orb is centered on a dark abstract background. The circular subject maintains a stable geometry with readable smoky surface textures. Background light streaks show repetitive patterns and softened edge definitions.
"large purple lovecraftian void, sci-fi style",glide_normal_081.jpg,81,0.972096944,0.477226561,1.152887677,0.551809779,"A centered purple amorphous figure stands against a plain white background. The subject features malformed limb geometry and a distorted, semantically unclear emblem. Pervasive oversmoothing and softened edges diminish texture quality across the frame."
"large purple lovecraftian void, sci-fi style",midjourney_lowstep_081.jpg,81,1.433419401,0.57752649,2.268627069,1.725818411,"A glowing purple eye-like entity floats on a dark background in a fantasy style. The central orb is clear, while the lower appendages appear slightly fused. Heavy global blurring and softened edges obscure fine details."
"large purple lovecraftian void, sci-fi style",midjourney_normal_081.jpg,81,2.742340814,0.567789616,3.364639327,0.713031127,A digital painting depicts a glowing purple alien entity against a dark background. The subject maintains a coherent bulbous anatomy with well-defined tentacles and a central orb. Surfaces show slight waxiness and background regions exhibit softening.
"large purple lovecraftian void, sci-fi style",sd1.5_highcorr_081.jpg,81,2.23076479,0.871842915,2.474154779,1.003016435,A centered dark void with a purple halo on a green and purple background. The central ring is geometrically stable and clearly separated from the field. Textures exhibit slight oversmoothing and subtle grainy noise.
"large purple lovecraftian void, sci-fi style",sd1.5_lowcorr_081.jpg,81,2.455012736,0.628208702,2.308233468,1.211470878,A large purple planet is centered against a glowing cosmic nebula background. The main subject retains a plausible spherical shape with distinct contour edges. Surrounding space textures show significant oversmoothing and flattened detail resolution.
"large purple lovecraftian void, sci-fi style",sd1.5_lowstep_081.jpg,81,1.642493738,0.8376555,3.398417097,0.493691075,A centered glowing purple portal floats within swirling teal and violet cosmic clouds. The concentric rings form a structurally stable and semantically clear focal point. Background textures show mild oversmoothing while core details remain distinct.
"large purple lovecraftian void, sci-fi style",sd1.5_normal_081.jpg,81,1.237266363,0.741880859,2.629356055,1.251352555,"A centered abstract purple mass glows within swirling green light trails on a dark field. The central amorphous subject is structurally stable with smooth, continuous contours. Global textures exhibit mild oversmoothing and subtle background grain."
"large purple lovecraftian void, sci-fi style",xl2.2_normal_081.jpg,81,1.827559877,0.529236512,2.271926577,0.907286386,A large tangled purple mass sits on a tiled floor under a spotlight. The subject's complex coiled structure is physically plausible and semantically readable. Surface textures show a subtle waxy quality with softened details.
"lanky young half - orc warrior, realistic style",AttnGAN_normal_082.jpg,82,0.905232817,0.414046621,0.516334989,0.532775663,A distorted creature-like relief carving on a vertical wooden surface. The subject displays severe anatomical fusion and lacks coherent body structure. Repetitive textures and softened boundaries obscure fine surface details.
"lanky young half - orc warrior, realistic style",DALLE2_normal_082.jpg,82,1.821700312,0.411716488,1.809261893,1.02549582,A stylized 3D male character stands against a solid background. The figure exhibits distorted hand anatomy and facial asymmetry. Surfaces show waxy textures with overly smoothed fine details.
"lanky young half - orc warrior, realistic style",glide_normal_082.jpg,82,0.69922293,0.430660377,0.653301426,0.873003168,"A dark, low-resolution rendering of a stylized figurine on a white background. The subject's structure is heavily obscured by shadow, making its anatomy ambiguous. Heavy pixelation, extreme underexposure, and flat textures reduce fidelity."
"lanky young half - orc warrior, realistic style",midjourney_lowstep_082.jpg,82,2.855791343,0.278071525,2.714701964,0.673135419,A digital portrait shows a green-skinned fantasy creature against a dark background. The subject's facial structure is coherent and semantically clear despite minor softness. Heavy global oversmoothing leads to waxy textures and softened edges.
"lanky young half - orc warrior, realistic style",midjourney_normal_082.jpg,82,3.449493362,0.80687651,2.839729721,1.367512393,A digital painting portrays a green-skinned orc warrior in detailed leather armor. The subject's anatomy and gear are structurally coherent with minor ear attachment flaws. Skin appears waxy and fine fur textures exhibit significant oversmoothing.
"lanky young half - orc warrior, realistic style",sd1.5_highcorr_082.jpg,82,0.4524598,0.325296124,0.886412125,0.52887676,A heavily blurred human figure stands centered against a dark background. The subject's anatomy and pose are entirely illegible due to extreme softness. Dominant global blur removes all surface texture and sharp edges.
"lanky young half - orc warrior, realistic style",sd1.5_lowcorr_082.jpg,82,2.423784221,0.450350728,2.968775923,0.684165507,A digital painting depicts an armored fantasy warrior holding a staff and shield. The subject's facial features and hand anatomy are severely distorted and unstable. Surfaces show flattened textures and softened edge definition across the frame.
"lanky young half - orc warrior, realistic style",sd1.5_lowstep_082.jpg,82,2.687102292,0.591023703,2.726102068,1.00112242,A digital painting shows a muscular fantasy warrior holding a weapon against a plain background. The subject displays distorted anatomy with malformed hands and inconsistent body proportions. The image features waxy textures and softened edge definitions.
"lanky young half - orc warrior, realistic style",sd1.5_normal_082.jpg,82,3.00308113,0.370702737,3.059123051,0.863088579,A digital painting presents a close-up portrait of a green-skinned fantasy character. Facial anatomy is coherent despite a broad nose bridge and fused ear tips. Skin texture appears waxy and hair edges lack crisp definition.
"lanky young half - orc warrior, realistic style",xl2.2_normal_082.jpg,82,3.502054974,0.321079495,3.019153218,0.866760123,A digital painting shows a stern male elf in green armor against a plain background. Facial structure is generally coherent despite minor eye asymmetry and armor irregularities. Surfaces appear waxy with harsh edges and inconsistent local lighting.
"eiffel tower drenched in blood, abstract style",AttnGAN_normal_083.jpg,83,0.763087515,0.701361348,0.560448775,0.629124546,A digital painting portrays a distorted figure in a red interior space. Facial anatomy and hand structures are severely warped and semantically unreadable. Extreme oversmoothing creates waxy textures and blurred edge definitions.
"eiffel tower drenched in blood, abstract style",DALLE2_normal_083.jpg,83,1.368272689,0.666101762,3.291909811,1.032780485,A centered Eiffel Tower silhouette against an abstract red and yellow background. The tower's iconic shape is stable despite simplification and bottom cropping. Edges show slight aliasing while textures remain flat.
"eiffel tower drenched in blood, abstract style",glide_normal_083.jpg,83,1.388190702,0.342705919,1.435558842,0.236067451,"A centered black silhouette of the Eiffel Tower on a white background. The recognizable tower shape contains a garbled and incoherent internal lattice structure. Interior textures appear as noisy, undefined blotches with weak detail."
"eiffel tower drenched in blood, abstract style",sd1.5_highcorr_083.jpg,83,2.195092561,0.620702392,3.387308117,0.71568793,"A stylized red Eiffel Tower dominates a grey, graffiti-textured background. The subject maintains general recognizability despite warped base geometry and simplified details. Thick outlines are soft and background areas show flat, repetitive patterns."
"eiffel tower drenched in blood, abstract style",sd1.5_lowcorr_083.jpg,83,2.293266536,0.836387204,2.508900426,0.481758248,A framed illustration features the Eiffel Tower next to abstract red smoke. The tower's metal framework exhibits distorted geometry and repetitive non-structural details. Textures are flat with softened edge definition throughout the scene.
"eiffel tower drenched in blood, abstract style",sd1.5_lowstep_083.jpg,83,3.197799919,0.887237802,2.746134145,0.817352845,"A stylized, high-contrast graphic of the Eiffel Tower on a red background. The subject's global geometry is preserved while internal details appear fused and illegible. Textures exhibit repetitive pseudo-detailing and subtle aliasing along boundaries."
"eiffel tower drenched in blood, abstract style",sd1.5_normal_083.jpg,83,2.041016527,0.932921526,3.161543067,1.001215529,A stylized graffiti painting depicts the Eiffel Tower on a red background. The tower's iron lattice structure lacks geometric precision and contains blurry details. Textures appear flat and oversmoothed with inconsistent edge definition throughout.
"eiffel tower drenched in blood, abstract style",xl2.2_normal_083.jpg,83,3.214375205,0.680825826,3.72764949,0.39379,A stylized graphic illustration shows the Eiffel Tower against a dripping red background. The central tower structure is recognizable but has simplified and repetitive lattice geometry. Flat color fills and sharp contours define the high-contrast composition.
"sheep that looks like broccoli, baroque style",AttnGAN_normal_084.jpg,84,0.875752826,0.43518024,0.541980536,0.574117147,A large distorted dark shoe-like object sits in a blurry indoor setting. The subject shows severe structural malformation with fused segments and broken geometry. Waxy textures and heavy oversmoothing degrade detail clarity.
"sheep that looks like broccoli, baroque style",DALLE2_normal_084.jpg,84,2.92075847,0.69831363,3.256355245,0.533615311,A stylized sheep sculpture of green textured material stands on a white background. The subject's simplified anatomy and facial features are structurally coherent and semantically clear. Textures show subtle repetition and softened fine definition.
"sheep that looks like broccoli, baroque style",glide_normal_084.jpg,84,1.575270793,0.600727507,1.644548225,0.953837335,A distorted sheep stands in a green field by the ocean. The subject's anatomy is severely warped with a malformed head and fused body. Global blur and oversmoothing obscure all fine details.
"sheep that looks like broccoli, baroque style",midjourney_lowstep_084.jpg,84,1.991888058,0.573793699,3.429200187,0.521676482,"A close-up captures a sheep with dense green wool in a soft-focus scene. The head is plausible, while the body exhibits a distorted, repetitive bubbly texture. Heavy global blur significantly degrades edge sharpness and background detail."
"sheep that looks like broccoli, baroque style",midjourney_normal_084.jpg,84,3.586777229,0.279534936,3.626710307,0.804288862,A surreal studio portrait of a sheep sculpted from green broccoli. The subject displays coherent anatomy with a detailed face and stable limbs. Textures and edges show no dominant local artifact.
"sheep that looks like broccoli, baroque style",sd1.5_highcorr_084.jpg,84,2.925297001,0.72543816,1.903300589,1.013646886,A studio photograph displays a large malformed green broccoli on a gray background. The vegetable structure is distorted with fused stems and inconsistent floret types. Textures show slight waxiness and softened micro-details.
"sheep that looks like broccoli, baroque style",sd1.5_lowcorr_084.jpg,84,2.776694622,1.085908767,1.877263811,1.114423419,A surrealist painting of a broccoli tree stands near a real leafy plant. The tree structure is clear but features a malformed and fused trunk base. Textures show slight oversmoothing and a waxy quality.
"sheep that looks like broccoli, baroque style",sd1.5_lowstep_084.jpg,84,3.507253099,0.593243374,3.754119177,0.645796868,A surreal image presents a sheep constructed entirely from green cauliflower florets. The subject's facial anatomy is distorted and lacks natural integration with the body. Textures display repetitive patterns and subtle waxy smoothing on the face.
"sheep that looks like broccoli, baroque style",sd1.5_normal_084.jpg,84,3.199282771,0.374045318,3.214316689,0.76479602,A surreal studio portrait of a sheep with a cauliflower body on a brown background. The subject is structurally stable despite slightly artificial-looking leg joints. Sharp details and natural textures lack dominant artifacts.
"sheep that looks like broccoli, baroque style",xl2.2_normal_084.jpg,84,3.679751519,0.522499011,3.197097634,0.804117051,A 3D-rendered sheep figurine stands against a neutral gray background. The subject features a distorted bulbous head with unnatural ear placement. Textures show a waxy quality with repetitive pseudo-detail.
"grumpy minions sitting in a bar, anime style",AttnGAN_normal_085.jpg,85,0.776328629,0.259128152,0.232521964,0.459285357,Malformed faces and hands emerge from a textured grey wall surface. Subject anatomy is severely distorted with fused and unreadable features. Global textures exhibit waxy oversmoothing and inconsistent edge clarity.
"grumpy minions sitting in a bar, anime style",DALLE2_normal_085.jpg,85,2.239848985,0.414425311,3.497739298,0.853688125,Several cartoon Minions sit at a wooden bar counter under warm light. The characters are recognizable but show slight facial asymmetry and eye misalignment. Surfaces appear smooth and waxy with softened fine details throughout.
"grumpy minions sitting in a bar, anime style",glide_normal_085.jpg,85,1.464106675,0.404317808,1.095887156,0.887489974,A close-up shot features a distorted hamster against a dark background. The subject shows facial malformations including misaligned eyes and a warped muzzle. Severe blur and graininess mask details and flatten textures.
"grumpy minions sitting in a bar, anime style",midjourney_lowstep_085.jpg,85,2.23273847,0.509239625,2.031562891,1.05913564,Blurry Minion characters occupy a dimly lit indoor bar scene. Subjects are recognizable but suffer from melted anatomy and poor boundary definition. Heavy global blur and oversmoothing eliminate most texture and edge clarity.
"grumpy minions sitting in a bar, anime style",midjourney_normal_085.jpg,85,4.039711731,0.897644529,2.924247568,1.186098851,"Four Minions sit at a bar in a dimly lit 3D rendered setting. The subjects are structurally stable with recognizable features, though hands and feet lack sharp definition. Textures appear smooth and waxy with softened edge clarity throughout."
"grumpy minions sitting in a bar, anime style",sd1.5_highcorr_085.jpg,85,3.150997182,0.940823309,3.387308117,0.31574907,Three animated Minion characters sit on a bench before a bar shelf. The subjects exhibit malformed goggle rims and inconsistent facial feature alignment. Surfaces appear waxy while background details show repetitive texture patterns.
"grumpy minions sitting in a bar, anime style",sd1.5_lowcorr_085.jpg,85,2.912021026,0.329460818,2.589300817,0.847445473,Cartoon Minions sit at a wooden table inside a cozy diner. Subjects exhibit malformed facial regions and semantically confusing object interactions. Background elements show significant blur and illegible synthetic text.
"grumpy minions sitting in a bar, anime style",sd1.5_lowstep_085.jpg,85,0.402281536,0.819661468,0.637168837,0.649431079,Three small yellow figures occupy the foreground of a blurred room. The subjects lack internal detail but possess coherent overall character shapes. Heavy global blurring flattens all texture and destroys edge definition.
"grumpy minions sitting in a bar, anime style",sd1.5_normal_085.jpg,85,3.041723666,0.87738985,2.680048206,1.130166611,"Three Minion characters sit at a wooden table against a tiled wall. Figures show facial distortion with malformed eyes, messy hair, and warped goggles. Surfaces appear waxy and small objects lack sharp detail."
"grumpy minions sitting in a bar, anime style",xl2.2_normal_085.jpg,85,3.482963598,0.756091586,3.080096813,1.209459766,Two cartoonish minion-like characters sit at a bar holding dark beverages. Their hands and mouths exhibit noticeable structural malformations and semantic confusion. Image textures appear overly smooth with flattened surface detail.
"a very drunk person named aaron, sci-fi style",AttnGAN_normal_086.jpg,86,1.161274584,0.716601129,0.767535581,0.797303011,"Distorted forms resembling bread or rocks occupy a warm orange and white field. Subject geometry is heavily warped, causing forms to fuse and lose definition. Surfaces display waxy oversmoothing and indistinct edge boundaries."
"a very drunk person named aaron, sci-fi style",DALLE2_normal_086.jpg,86,3.773548415,0.934402033,2.982848125,0.889851756,A close-up shows a person grimacing while holding a glass under blue light. The subject's hand and face show distorted anatomy with fused fingers and teeth. Waxy textures and soft edges reduce global clarity.
"a very drunk person named aaron, sci-fi style",glide_normal_086.jpg,86,1.075025374,0.679539917,0.720129493,0.496435028,A high-contrast silhouette of a fetal figure enclosed in a white oval. The subject shows a coherent abstract form with simplified and stubby extremities. Curved edges appear jagged with visible pixelation and poor anti-aliasing.
"a very drunk person named aaron, sci-fi style",midjourney_lowstep_086.jpg,86,2.955258155,0.664580461,2.841551967,1.109379733,"A digital painting shows a bearded man drinking from a glass at night. The face is stable, but the hand holding the glass lacks structural clarity. Global oversmoothing flattens textures and obscures fine details."
"a very drunk person named aaron, sci-fi style",midjourney_normal_086.jpg,86,3.9689969,0.179142069,3.715711518,0.467427911,A digital painting depicts a man in sci-fi gear drinking in a dim room. The subject's hand anatomy is malformed and the chest gear shows fused panels. Background details are melted and skin textures appear overly smoothed.
"a very drunk person named aaron, sci-fi style",sd1.5_highcorr_086.jpg,86,1.544809406,0.579673452,2.206100508,0.888704119,A stylized digital illustration shows a man holding a can in a dark setting. The subject has severe facial distortion with a malformed nose and unreadable text bubbles. Surfaces appear waxy and edges lack local detail.
"a very drunk person named aaron, sci-fi style",sd1.5_lowcorr_086.jpg,86,2.874527714,0.679680279,2.116910203,0.50741751,A monochrome digital artwork shows a suited figure against a vertically textured background. The subject's form is stable but hands appear fused and chest details are unreadable. Heavy grainy noise and repetitive patterns reduce clarity.
"a very drunk person named aaron, sci-fi style",sd1.5_lowstep_086.jpg,86,2.223207403,0.482324333,1.734292996,1.140776424,A monochrome comic depicts a man with a distorted robotic hand. The robotic hand is severely malformed with fused fingers and broken geometry. Illegible pseudo-text and jagged lines reduce clarity.
"a very drunk person named aaron, sci-fi style",sd1.5_normal_086.jpg,86,2.65595515,0.798843897,2.283154863,0.806050454,A digital sci-fi poster depicts a figure in gear against a starry background. The subject's hand is malformed and the text is semantically illegible. Textures appear waxy with some inconsistent surface lighting.
"a very drunk person named aaron, sci-fi style",xl2.2_normal_086.jpg,86,3.984089334,0.193628665,1.9250157,1.293892309,A photorealistic portrait of an older man against a dramatic sunset sky. The subject possesses coherent anatomy and clearly readable facial features. Facial skin exhibits subtle waxy smoothing amidst otherwise sharp details.
"a space shuttle flying in space, abstract style",AttnGAN_normal_088.jpg,88,1.22513052,0.413156708,1.02748653,0.685047874,An abstract central organic form sits against a blurred blue background. The subject is heavily malformed with fused parts and unclear semantics. Heavy global oversmoothing and blur obscure all fine details.
"a space shuttle flying in space, abstract style",DALLE2_normal_088.jpg,88,3.334754679,0.773188707,3.517088733,0.262245683,A stylized digital painting depicts a space shuttle against a vibrant cosmic background. The orbiter's structure contains malformed panel lines and lacks coherent engine geometry. Oversmoothed textures and weak edge definitions reduce detail clarity.
"a space shuttle flying in space, abstract style",glide_normal_088.jpg,88,1.086342024,0.711934289,2.139899198,1.127248295,"A low-resolution abstract composition of glowing neon shapes on a black background. The subject features heavily fused and malformed structures lacking clear semantic meaning. Severe blurring, jagged aliasing, and melted transitions degrade perceptual clarity."
"a space shuttle flying in space, abstract style",midjourney_lowstep_088.jpg,88,1.946610757,0.615916575,3.142688856,1.034744675,"A stylized digital painting shows a space shuttle in a dark void. The orbiter features a warped, malformed fuselage with distorted windows and wing joints. Waxy oversmoothing and soft, indistinct edges affect the image."
"a space shuttle flying in space, abstract style",midjourney_normal_088.jpg,88,3.643633817,0.66297103,3.212187972,0.681037795,A digital painting shows a space shuttle within a vibrant cosmic nebula. The vessel is recognizable but has malformed windows and fused engine components. Surfaces appear slightly waxy with subtle background texture repetition.
"a space shuttle flying in space, abstract style",sd1.5_highcorr_088.jpg,88,3.016410807,0.691599545,2.752822796,0.941943519,"A digital illustration of a space shuttle ascending through a star-filled void. The subject is structurally stable, though surface detailing appears artificially simplified. Global textures show a waxy smoothness and softened edge definition."
"a space shuttle flying in space, abstract style",sd1.5_lowcorr_088.jpg,88,2.545997226,0.607744007,2.556888633,0.947716349,A digital illustration shows a space shuttle with a trail against grey. The shuttle geometry is simplified and the trail formation is unnatural. Surfaces are smooth while trail edges show inconsistency.
"a space shuttle flying in space, abstract style",sd1.5_lowstep_088.jpg,88,2.188089699,0.526953369,2.987495218,0.506771856,A stylized futuristic aircraft flies through an abstract pastel-colored sky. The vehicle structure remains geometrically stable and semantically readable despite simplified details. Textures exhibit significant oversmoothing and lack sharp local detail definition.
"a space shuttle flying in space, abstract style",sd1.5_normal_088.jpg,88,1.933236823,0.31146248,2.092525257,0.609445663,A stylized graphic illustration of a complex aircraft on a plain background. The subject features a disjointed and fused arrangement of wings and fuselage parts. Sharp outlines contrast with flat textures and minimal detail.
"a space shuttle flying in space, abstract style",xl2.2_normal_088.jpg,88,2.284650629,0.662398361,2.144474319,0.738508841,A stylized vector graphic features a space shuttle launching from clouds. The central subject is well-framed with a plausible though simplified structure. Smooth transitions and sharp edges lack visible noise or artifacts.
"a crocodile in a new york sewer, baroque style",AttnGAN_normal_089.jpg,89,0.712802152,0.396698587,0.530848447,0.677700073,A blurry close-up depicts a distorted hand-like form against a vague background. The subject exhibits severe structural distortion with fused digits and melted contours. Heavy global blur and smoothing destroy local detail.
"a crocodile in a new york sewer, baroque style",DALLE2_normal_089.jpg,89,3.244560073,0.424047171,2.880053469,0.525186272,"A close-up shows a bronze crocodile head relief in a riveted frame. The subject's eye and claws appear fused, lacking clear anatomical separation. Surfaces show mild oversmoothing and softened boundaries between the figure and lattice."
"a crocodile in a new york sewer, baroque style",glide_normal_089.jpg,89,0.794277489,0.577755739,1.922359564,0.745929075,A blurry yellowish crocodile-like creature floats against a solid black background. The subject's anatomy is severely distorted with fused limbs and a warped head. Extreme blur and softness destroy texture and edge definition.
"a crocodile in a new york sewer, baroque style",midjourney_lowstep_089.jpg,89,2.023766685,0.533157738,2.936364145,0.936990503,A blurry crocodile head emerges from water inside a curved stone tunnel. The subject shows severe facial distortion with malformed eyes and a warped snout. Heavy blurring and softening obscure all fine surface details.
"a crocodile in a new york sewer, baroque style",midjourney_normal_089.jpg,89,3.657064334,0.361576533,3.375908012,0.711484282,A sculpted crocodile head sits within a circular metallic door in a dark room. The creature's anatomy remains coherent though shoulder scales show slight structural fusion. Textures exhibit subtle waxiness and softened detail in deep shadow areas.
"a crocodile in a new york sewer, baroque style",sd1.5_highcorr_089.jpg,89,3.197799919,0.618709339,3.146889346,0.982733537,An engraving-style image shows a crocodile and a reptilian head in a stone archway. The crocodile is structurally sound while the marginal reptilian head appears fused. Textures display repetitive hatching and subtle edge softening.
"a crocodile in a new york sewer, baroque style",sd1.5_lowcorr_089.jpg,89,2.974361596,0.960491703,3.445889779,0.537365214,A sepia engraving shows a giant reptilian head and a boatman by an arch. The reptile's intricate structure is coherent despite ambiguous dark markings under its jaw. Fine lines exhibit high fidelity with minimal texture flattening.
"a crocodile in a new york sewer, baroque style",sd1.5_lowstep_089.jpg,89,2.630872609,0.689422857,3.033904884,0.78539895,A stylized crocodilian creature stands with an open mouth inside a dark tunnel. The subject's head features a distorted fused jaw and semantically unreadable oral details. Background surfaces show repetitive textures and subtle melting.
"a crocodile in a new york sewer, baroque style",sd1.5_normal_089.jpg,89,2.792402589,0.36741291,3.001128296,0.579814184,A monochrome sketch depicts a malformed crocodilian creature in a circular basin. The subject displays significant anatomical warping with malformed limbs and inconsistent geometry. Repetitive textures and flat shading reduce natural depth.
"a crocodile in a new york sewer, baroque style",xl2.2_normal_089.jpg,89,3.145006417,0.881662598,2.829700445,0.845159641,A large crocodilian creature rests inside a grand arched cathedral corridor. The subject anatomy is distorted by a malformed arching jaw and fused transition. Background textures appear slightly smoothed while water lacks natural fluid detail.
"steampunk walter white portrait , realistic style",AttnGAN_normal_092.jpg,92,0.845580156,0.476308659,0.54868215,0.600504075,"A blurry close-up shows indistinct shapes on a blue surface. The subjects lack structural coherence and appear as warped, unrecognizable forms. Heavy oversmoothing flattens textures and obscures edge definition."
"steampunk walter white portrait , realistic style",DALLE2_normal_092.jpg,92,2.974361596,0.553719554,2.433914506,1.0900711,A frontal digital painting depicts a man wearing asymmetric steampunk goggles. The subject's facial structure is stable despite a distorted mustache and skin blemishes. Skin textures show slight waxiness alongside repetitive background patterns.
"steampunk walter white portrait , realistic style",glide_normal_092.jpg,92,0.91586726,0.714305492,1.118687364,1.239855938,A distorted headset-like device rests on a solid black background. The subject exhibits severe structural malformation with fused components and broken geometry. Significant blur and pixelation obscure all fine details.
"steampunk walter white portrait , realistic style",midjourney_lowstep_092.jpg,92,3.007007681,0.537773339,3.481534167,0.288748979,A painterly portrait shows a man in a hat and spectacles. The subject's lower face and bow tie are heavily blurred and distorted. Severe oversmoothing leads to waxy surfaces and undefined details.
"steampunk walter white portrait , realistic style",midjourney_normal_092.jpg,92,3.593502309,0.601946937,3.754119177,0.515938828,"A digital painting portrays a close-up of a man in steampunk attire. The subject's features are clear, though the pipe is fused to his face. Skin displays waxy smoothing and fine pseudo-detail."
"steampunk walter white portrait , realistic style",sd1.5_highcorr_092.jpg,92,3.460260441,0.430027694,3.18210624,0.773456044,A stylized sepia portrait of a bald man with glasses and a goatee. The facial structure remains coherent with clear readability and stable proportions. Grainy noise and sharp edge artifacts degrade the surface quality.
"steampunk walter white portrait , realistic style",sd1.5_lowcorr_092.jpg,92,3.263456549,0.258187736,2.988304467,0.527167538,A monochrome stylized portrait depicts a man wearing glasses and a cap. Facial anatomy remains recognizable though ears appear elongated and glasses lack transparency. Shading displays subtle waxy smoothing and softened local texture details.
"steampunk walter white portrait , realistic style",sd1.5_lowstep_092.jpg,92,2.991826524,0.643467635,3.075004622,0.754976498,A detailed pencil sketch portrait of a bald man with glasses on paper. The subject's facial structure and sketch lines are coherent and semantically readable. Textures and edges show no dominant local artifact.
"steampunk walter white portrait , realistic style",sd1.5_normal_092.jpg,92,3.210551263,0.347661639,3.112865772,0.532267172,Digital sketch portrait of a bald man in a hat and glasses. Face is recognizable despite unnatural forehead wrinkle patterns and ear geometry. Textures display inconsistent smoothing and heavy stylized line work.
"steampunk walter white portrait , realistic style",xl2.2_normal_092.jpg,92,3.464427243,0.471391554,3.199772697,0.631785892,"A stylized digital portrait shows a man with mechanical devices on his head. The subject's face is clear, but the collar geometry is warped. Textures show subtle waxiness and repetitive background detail."
"photo of tony danza eating chili, abstract style",AttnGAN_normal_093.jpg,93,1.478164096,0.644720816,0.696883506,0.501431398,A close-up shot captures a distorted wooden and stone building facade. The subject structure is severely warped with fused beams and broken geometry. Surfaces show waxy textures and inconsistent lighting across the frame.
"photo of tony danza eating chili, abstract style",DALLE2_normal_093.jpg,93,2.476240979,0.57620571,3.227706657,0.587682229,A stylized close-up portrait of a man biting a green chili. Facial anatomy and hand structure appear warped with inconsistent skin tones. High contrast processing results in harsh edges and pseudo-textured surfaces.
"photo of tony danza eating chili, abstract style",glide_normal_093.jpg,93,0.986154364,0.43733238,1.050286739,0.483895995,"A tight close-up captures overlapping red organic shapes in intense warm light. The subject's structure is ambiguous and fused, making identification difficult. Oversaturated colors and waxy textures obscure fine details throughout the image."
"photo of tony danza eating chili, abstract style",midjourney_lowstep_093.jpg,93,3.116981428,0.903665277,2.702148916,0.711977881,A digital painting shows a smiling man against a warm red background. The facial features and hand exhibit visible distortion and anatomical implausibility. Waxy textures and softened edges reduce overall perceptual sharpness.
"photo of tony danza eating chili, abstract style",midjourney_normal_093.jpg,93,3.956504603,1.006628303,3.588447963,0.635718282,"A photorealistic portrait shows a man eating soup in a red booth. The subject's face is stable, but his hands and the held item are malformed. Skin textures display noticeable oversmoothing and a waxy appearance."
"photo of tony danza eating chili, abstract style",sd1.5_highcorr_093.jpg,93,2.986543045,0.505309462,2.355533995,0.683890224,Close-up of a man in a blue shirt holding food to his mouth. The subject's face and hands show distorted anatomy with unnatural fingers. Skin textures appear waxy and lack natural detail.
"photo of tony danza eating chili, abstract style",sd1.5_lowcorr_093.jpg,93,3.150815738,0.488077234,2.330703444,0.989466456,A man in a blue shirt stands at a kitchen table with food. The subject's face is distorted with unnatural eyes and a warped mouth. Soft textures and background melting reduce overall clarity and detail.
"photo of tony danza eating chili, abstract style",sd1.5_lowstep_093.jpg,93,2.351513684,0.66449215,2.154163679,0.826343689,A man smiles while holding a plate of food in a kitchen. His face shows structural distortion and the foreground hand is malformed. Textures appear waxy and edges lack crispness.
"photo of tony danza eating chili, abstract style",sd1.5_normal_093.jpg,93,2.776844014,0.98511615,2.7906625,0.871787195,A photorealistic portrait shows a suited man leaning over a meal. The subject's distorted face and malformed hand lack structural stability. Surfaces exhibit waxy textures and global softening.
"photo of tony danza eating chili, abstract style",xl2.2_normal_093.jpg,93,3.531316317,0.495127609,2.820363609,0.600809989,A photorealistic portrait captures a suited man eating sauce from a bowl. The subject's face is recognizable but has misaligned eyes and distorted lips. Quality suffers from waxy skin and granular food textures.
"painted portrait of fierce elder, baroque style",AttnGAN_normal_094.jpg,94,0.916490494,0.45949383,0.60877307,0.823361227,A close-up view depicts a dense cluster of green elongated forms. The subject structures are heavily fused and lack clear semantic readability. Global textures show severe directional smearing and waxy melting effects.
"painted portrait of fierce elder, baroque style",DALLE2_normal_094.jpg,94,3.863181835,0.701830824,3.803682593,0.600642915,A close-up oil painting depicts an elderly bearded man wearing a crown. The subject's facial structure is coherent and semantically readable without distortion. Hair textures exhibit slight oversmoothing and waxy surface quality.
"painted portrait of fierce elder, baroque style",glide_normal_094.jpg,94,0.678182301,0.386379639,0.873277939,1.161004236,"A centered, frontal view of a dark, symmetrical, abstract ornamental figure. The subject is a structurally fused and semantically ambiguous mass of textures. The image exhibits extreme blur, low resolution, and flat, muddy textures."
"painted portrait of fierce elder, baroque style",midjourney_lowstep_094.jpg,94,3.074988427,0.410590389,3.153995905,0.412891168,A classical oil-style portrait depicts an elderly man with long white hair. Facial features show subtle asymmetry while hair lacks distinct structural coherence. Heavy global smoothing results in waxy textures and softened edge definitions.
"painted portrait of fierce elder, baroque style",midjourney_normal_094.jpg,94,3.980385014,0.354804537,3.900312809,0.278442142,"A classical oil-style portrait depicts an elderly man with long white hair. Facial features are coherent, though the embroidered clothing lacks clear textile logic. Background textures show subtle melting and pseudo-detailing across the frame."
"painted portrait of fierce elder, baroque style",sd1.5_highcorr_094.jpg,94,2.989757839,0.425765138,3.315612856,0.564074778,A framed oil-painting portrait depicts an elderly man with a long white beard. Facial features show distortion with unnatural eyes and a fused beard structure. Waxy textures and softened edges reduce fine detail definition.
"painted portrait of fierce elder, baroque style",sd1.5_lowcorr_094.jpg,94,3.630412823,0.391725192,3.665354297,0.592372643,"A classical oil painting depicts a bald, bearded man in a bust portrait. The facial structure is stable though the eyes show slight asymmetry. Skin textures appear waxy and fine details lack sharp definition."
"painted portrait of fierce elder, baroque style",sd1.5_lowstep_094.jpg,94,2.493724965,0.655475368,3.249433797,0.528531624,"A stylized digital portrait features a man with exaggerated facial characteristics. The subject's anatomy is severely distorted, featuring an elongated jaw and unnatural hair. Textures appear waxy with some inconsistent local surface rendering."
"painted portrait of fierce elder, baroque style",sd1.5_normal_094.jpg,94,3.57336489,0.592890607,3.64096935,0.568991488,"A framed oil painting depicts a white-bearded man in orange robes. The facial structure is stable, but the crossed hands show fused fingers. Skin appears waxy with softened texture details."
"painted portrait of fierce elder, baroque style",xl2.2_normal_094.jpg,94,3.923719599,0.455369383,3.345634382,0.635444368,"A digital painting depicts an elderly man with white hair in a close-up. Facial structure is mostly stable despite minor jawline irregularities. Skin exhibits a smooth, waxy texture with softened fine details."
"moon sea with stars and galaxies, anime style",AttnGAN_normal_095.jpg,95,1.020469898,0.531171361,0.422156431,0.494782666,A heavily blurred digital artwork features a distorted figure in an interior space. The subject exhibits severe anatomical warping with fused and elongated body parts. Pervasive motion blur and softness mask all surface textures and boundaries.
"moon sea with stars and galaxies, anime style",DALLE2_normal_095.jpg,95,3.048428469,0.787819464,3.52538037,0.737317353,A stylized illustration features a crescent moon and stars over dark waves. The main moon is coherent but surrounding celestial objects lack semantic consistency. Softness and noisy pseudo-detail affect global texture.
"moon sea with stars and galaxies, anime style",glide_normal_095.jpg,95,0.641923698,0.556188949,1.461634192,1.012561195,A bright blue star glows within a dark field of scattered points. The central subject is coherent but exhibits soft focus and minimal texture. Pervasive oversmoothing and blur eliminate local texture details.
"moon sea with stars and galaxies, anime style",midjourney_lowstep_095.jpg,95,3.074195478,0.522327485,3.470274726,0.471474378,A digital painting features a large moon above stylized waves under a starry sky. The central moon and flowing waves appear structurally coherent and semantically clear. The image shows slight oversmoothing and waxy textures throughout.
"moon sea with stars and galaxies, anime style",midjourney_normal_095.jpg,95,3.572719808,0.510375084,3.615310202,0.663759053,A large glowing crescent moon dominates a stylized blue fantasy nightscape. The moon structure remains coherent while the stylized waves show consistent flow. Textures appear smooth with subtle pseudo-detailing in the background regions.
"moon sea with stars and galaxies, anime style",sd1.5_highcorr_095.jpg,95,3.124885569,0.378838377,3.114500264,0.940548081,"A cartoon night sky features a full moon, stars, and glowing ribbons. Celestial subjects are structurally stable despite some messy lunar crater patterns. Heavy background grain and waxy textures degrade visual fidelity."
"moon sea with stars and galaxies, anime style",sd1.5_lowcorr_095.jpg,95,2.903508628,0.764851076,3.469682644,0.741319952,A vibrant digital illustration depicts a fantasy celestial scene with stars and swirls. The central star-shaped subject has a structurally fused core but remains semantically clear. Textures show slight waxiness and repetitive patterns in the background.
"moon sea with stars and galaxies, anime style",sd1.5_lowstep_095.jpg,95,3.145505394,0.757041718,3.080115584,0.815425236,An anime illustration shows a blonde girl under a starry night sky. The subject features a stable facial structure and clear semantic readability. Subtle background noise patterns and softened edges are visible throughout.
"moon sea with stars and galaxies, anime style",sd1.5_normal_095.jpg,95,2.92075847,0.63431255,3.173394589,0.391492563,A digital anime illustration depicts a girl floating in a cosmic starfield. The character's limbs show structural instability with malformed hands and a distorted foot. Celestial elements display soft edges and lack fine textural detail.
"moon sea with stars and galaxies, anime style",xl2.2_normal_095.jpg,95,2.912636241,0.880256397,3.325002769,0.270443062,A large glowing planet dominates a stylized mountain and lake landscape. The landscape geometry and celestial body remain structurally coherent and semantically clear. Textures appear overly smooth with some repetitive patterns in the terrain.
"meme about making peanut butter , sci-fi style",AttnGAN_normal_096.jpg,96,1.295323696,0.523710839,0.547283561,0.799152537,A close-up view shows a mottled green and brown tree bark texture. The surface pattern is structurally vague and lacks any clear organic form. Oversmoothing flattens textures and removes fine surface detail.
"meme about making peanut butter , sci-fi style",DALLE2_normal_096.jpg,96,1.956105243,0.596717738,2.36794927,0.824680526,"A yellow robotic snake head faces a labeled jar in a close-up. The robot's hand-like appendage is malformed and fused, lacking clear structure. Surfaces show waxy textures and inconsistent lighting with some edge aliasing."
"meme about making peanut butter , sci-fi style",glide_normal_096.jpg,96,1.597692094,0.289039018,0.803624615,0.509314803,Five orange round food items rest in a dark pan under dim lighting. The subjects are recognizable but have malformed surfaces and soft edges. Global blur and noise significantly reduce visual sharpness.
"meme about making peanut butter , sci-fi style",midjourney_lowstep_096.jpg,96,1.311956077,0.510626694,2.061283155,0.951227111,A four-panel composition depicts a distorted orange humanoid figure indoors. The subject displays severe anatomical warping and lacks defined facial features. Extreme blur and softening remove all sharp edges and fine texture.
"meme about making peanut butter , sci-fi style",midjourney_normal_096.jpg,96,2.603550033,0.605285554,2.958190852,0.76347272,"A masked humanoid figure sits at a kitchen table with peanut butter jars. The subject's face is clear, while the hands holding food are severely malformed. Bottom text is gibberish, and textures show waxy melting artifacts."
"meme about making peanut butter , sci-fi style",sd1.5_highcorr_096.jpg,96,0.293108755,0.338753948,0.361194066,0.363500637,A heavily blurred interior scene shows a bright light and indistinct objects. The main subject lacks any recognizable structure or semantic clarity. Extreme global blur flattens all textures and obscures every boundary.
"meme about making peanut butter , sci-fi style",sd1.5_lowcorr_096.jpg,96,2.419055559,0.735275052,1.585786942,1.426458895,A black-and-white ink-style illustration depicts a cluttered scene with speech bubbles. Objects and figures are structurally malformed with completely illegible pseudo-text. Repetitive hatching and soft edges degrade texture naturalness.
"meme about making peanut butter , sci-fi style",sd1.5_lowstep_096.jpg,96,0.4524598,0.288546154,0.40889324,0.470122453,A heavily blurred close-up shows indistinct yellow and white shapes indoors. The subject lacks any coherent structure or semantic meaning due to blur. Extreme global oversmoothing removes all texture and edge definition.
"meme about making peanut butter , sci-fi style",sd1.5_normal_096.jpg,96,0.437367366,0.149301214,0.396955268,0.491120719,"A blurry photograph shows a person in a white shirt at a desk. The subject's anatomy is completely obscured, preventing any meaningful structural evaluation. Extreme blur eliminates all texture and edge definition."
"meme about making peanut butter , sci-fi style",xl2.2_normal_096.jpg,96,3.345173159,0.457768405,2.397337086,1.311560971,"A suited astronaut stands in a sunlit industrial setting holding food. The human anatomy is coherent, while the embedded text remains unreadable. Global textures exhibit mild oversmoothing and lack sharp micro-detail definition."
"brain floating out of a portrait, baroque style",AttnGAN_normal_099.jpg,99,0.8493261,0.379767394,0.544081163,0.277659336,"A distorted dark shape occupies a blurry, neon-lit background. The subject's structure is malformed and lacks clear semantic meaning. Severe blurring and texture melting obscure all fine details."
"brain floating out of a portrait, baroque style",DALLE2_normal_099.jpg,99,2.657997659,0.386321661,3.274264347,0.729044868,"A portrait shows a human head with an exposed brain against a dark background. The face is clear, but the brain fuses to the scalp illogically. Skin appears waxy, and the brain's edge is sharp."
"brain floating out of a portrait, baroque style",glide_normal_099.jpg,99,0.67179146,0.441228524,0.753963515,0.458253475,A close-up abstract image displays glowing red and orange swirling patterns on black. The organic forms are structurally continuous but semantically ambiguous. Details show significant softening and textures appear waxy.
"brain floating out of a portrait, baroque style",midjourney_lowstep_099.jpg,99,2.096690615,0.259116902,2.247297688,0.774708041,An ornate golden frame contains a smoky human head portrait. The subject's profile is readable but lacks structural coherence and clarity. Textures appear overly smooth with softened edges throughout.
"brain floating out of a portrait, baroque style",midjourney_normal_099.jpg,99,3.510122043,0.399517644,3.235946058,0.764939553,An ornate frame contains a surrealist human head sculpture on a dark wall. The subject features a coherent facial profile integrated with a complex organic mass. Sculptural textures exhibit subtle waxiness and inconsistent fine-grained detail.
"brain floating out of a portrait, baroque style",sd1.5_highcorr_099.jpg,99,3.316649193,1.072846962,2.994768272,0.743330074,"A framed surreal portrait shows a human profile with an exposed brain. The facial anatomy is stable, but the neck junction appears slightly fused. Global surfaces display a waxy texture with softened edge boundaries."
"brain floating out of a portrait, baroque style",sd1.5_lowcorr_099.jpg,99,3.576252467,0.405010629,3.256355245,0.608079723,"A realistic anatomical brain is centered within a wooden frame. The subject displays a malformed golden fissure and a simplified, tail-like base. Textures appear waxy and oversmoothed with softened edge definition."
"brain floating out of a portrait, baroque style",sd1.5_lowstep_099.jpg,99,3.386504205,0.452204115,2.604521523,0.981659527,A centered 3D rendered human brain on a neutral background. The brain structure is recognizable but displays fused and simplified cortical folds. Textures appear uniformly waxy with noticeable global oversmoothing.
"brain floating out of a portrait, baroque style",sd1.5_normal_099.jpg,99,2.942711395,0.621080958,2.15183717,0.756594916,A top-down illustration depicts a human brain against a solid gray background. The cerebral structure remains coherent with symmetrical hemispheres and readable surface folds. Textures appear uniformly smooth with a slight plastic-like sheen.
"brain floating out of a portrait, baroque style",xl2.2_normal_099.jpg,99,3.307841757,0.752518437,2.706378634,1.204093369,A side-profile digital painting depicts a man with an exposed brain. The subject features a coherent face but has a malformed white structure near the jaw. Textures appear waxy while background details remain softly blurred.
"a small garden buzzing with bees, anime style",AttnGAN_normal_100.jpg,100,1.178897031,0.633309209,1.02123126,0.925723273,"A digital painting depicts a cluttered interior with abstract furniture forms. Subject structures are severely malformed, fused, and lack semantic readability. Global textures exhibit heavy oversmoothing and lack fine local details."
"a small garden buzzing with bees, anime style",DALLE2_normal_100.jpg,100,2.248459435,0.501948358,3.274006549,0.23328333,A digital painting depicts a tree and pink stepping stones in a colorful garden. The tree's structure is abstract yet recognizable as a central focal point. Textures are soft and slightly waxy across the entire frame.
"a small garden buzzing with bees, anime style",glide_normal_100.jpg,100,1.358005834,0.806326564,1.411682898,0.815104534,A close-up of a bee on a vibrant purple flower in darkness. The insect displays malformed anatomy with fused parts and indistinct wings. Blurring and waxy textures obscure fine details across the whole frame.
"a small garden buzzing with bees, anime style",midjourney_lowstep_100.jpg,100,1.295323696,0.714997482,2.219265721,0.91839975,A blurry digital painting shows a girl on a garden path with butterflies. The figure is structurally indistinct with no visible facial or limb detail. Heavy global blur flattens all textures and obscures edge definitions.
"a small garden buzzing with bees, anime style",midjourney_normal_100.jpg,100,3.903999466,0.762064063,3.611900911,0.796702028,A digital illustration portrays a rustic house in a bright garden. The house is readable but a small animal subject appears malformed. Textures show oversmoothing and repetitive patterns in the foreground flora.
"a small garden buzzing with bees, anime style",sd1.5_highcorr_100.jpg,100,2.410204999,0.387821818,2.47896401,0.805884317,"Two faceless anime figures stand within a lush, colorful garden scene. The subjects possess featureless faces and lack detailed anatomical definition. Image textures display oversmoothing with flat color patches and indistinct edges."
"a small garden buzzing with bees, anime style",sd1.5_lowcorr_100.jpg,100,3.138913035,0.53338824,2.736797804,0.966829773,A digital painting depicts a vibrant garden with dense flowers and trees. The central white structure is structurally malformed and lacks clear semantic readability. Textures appear overly smooth and waxy with softened edges across the composition.
"a small garden buzzing with bees, anime style",sd1.5_lowstep_100.jpg,100,3.091620808,0.641526015,3.009178553,0.621283601,"An anime-style garden scene shows a wooden beehive among colorful flowering trees. The beehive is structurally sound, though the corner text is illegible. Foliage textures show significant flatness and softened edge details."
"a small garden buzzing with bees, anime style",sd1.5_normal_100.jpg,100,2.701159713,0.700532236,3.489909055,0.402954605,An anime girl sits beside a distorted figure in a vibrant flower garden. The secondary figure is severely malformed with an unreadable facial structure. Global textures show mild oversmoothing and repetitive background details.
"a small garden buzzing with bees, anime style",xl2.2_normal_100.jpg,100,3.135881857,0.304981488,3.882612824,0.399310051,An anime-style woman stands among large pink flowers and bees in sunlight. Her facial features are slightly asymmetric and her hands show subtle anatomical fusion. Waxy skin textures and softened background details reduce perceptual clarity.
"a man playing an invisible cello, sci-fi style",AttnGAN_normal_101.jpg,101,0.829617037,0.668279123,0.994900832,0.744714303,A close-up of a malformed grey organic figure on a vibrant background. The subject displays severe structural distortion with fused parts and unrecognizable anatomy. Global textures appear waxy and oversmoothed with indistinct edges.
"a man playing an invisible cello, sci-fi style",DALLE2_normal_101.jpg,101,2.731907882,0.45636461,2.202257515,0.988189209,A man in a blue shirt stands beside a cello on a white background. The subject exhibits severely malformed hands with fused fingers and distorted facial anatomy. Textures appear waxy with global oversmoothing and softened edge definitions.
"a man playing an invisible cello, sci-fi style",glide_normal_101.jpg,101,0.0,0.201756042,0.190499441,0.154827399,A completely black digital image contains no visible subjects or scenes. No structural or semantic features are present to evaluate. The frame exhibits zero visual information or texture.
"a man playing an invisible cello, sci-fi style",midjourney_lowstep_101.jpg,101,3.143483028,0.82549973,2.768398323,0.798830013,"A hooded figure plays a cello in a dark, moody studio setting. The figure's anatomy is obscured and appears fused with the instrument. Heavy smoothing creates waxy textures and melted edges across the scene."
"a man playing an invisible cello, sci-fi style",midjourney_normal_101.jpg,101,3.740283654,0.730270465,3.167161119,0.826453571,"A digital illustration shows a cellist in a dark, glowing, abstract environment. The musician's hands are malformed with fused fingers, reducing structural stability. Flat textures and softened details affect the global visual fidelity."
"a man playing an invisible cello, sci-fi style",sd1.5_highcorr_101.jpg,101,2.308829171,0.515926101,2.796487664,0.481584786,"A stylized illustration shows a man reaching toward glowing orbs in a purple void. The subject's hands are malformed into fused blobs, lacking clear finger definition. Global textures exhibit heavy oversmoothing and flatness."
"a man playing an invisible cello, sci-fi style",sd1.5_lowcorr_101.jpg,101,3.374371279,1.006049033,2.390413502,0.421096661,A man in a white suit reaches toward a futuristic pod under a starry sky. The subject's hand shows fused fingers and an unnatural pose. Waxy textures and softened edges affect the global clarity.
"a man playing an invisible cello, sci-fi style",sd1.5_lowstep_101.jpg,101,2.588700346,0.635772991,2.076296124,0.791971763,A silhouetted figure in a dark suit stands on a grey background. The subject's face and raised hand appear malformed with poor definition. Dark regions exhibit crushed blacks and lack discernible texture or detail.
"a man playing an invisible cello, sci-fi style",sd1.5_normal_101.jpg,101,2.542752246,0.542004527,2.969682911,0.81350221,A photorealistic profile portrait of a man gesturing with distorted hands. Hands exhibit severe anatomical failure with extra fused fingers and broken geometry. Skin appears waxy with softened details and inconsistent lighting.
"a man playing an invisible cello, sci-fi style",xl2.2_normal_101.jpg,101,2.747600946,0.704339701,3.013543571,0.876285197,"A suited man sits in a studio holding a baton and a vertical object. The subject's hands are fused, and the central object is a semantically broken instrument. Textures show waxy softening and weak edge definition."
"a grand stag in a fantasy forest, realistic style",AttnGAN_normal_102.jpg,102,0.799027902,0.749671265,1.087526681,1.192546223,"Two warped birds fly against a textured architectural background. The subjects exhibit severe structural distortion with smeared wings and fused bodies. Heavy blur, melting, and repetitive tiling degrade the visual quality."
"a grand stag in a fantasy forest, realistic style",DALLE2_normal_102.jpg,102,3.352004521,0.898085543,3.374870467,0.48128529,A large stag with intricate antlers stands within a mystical forest. The antlers display unnatural fusion and confusing overlap with nearby branches. Painterly textures and softened edges reduce the scene's overall clarity.
"a grand stag in a fantasy forest, realistic style",glide_normal_102.jpg,102,0.223775025,0.263707727,0.431166364,0.344089767,"A faint, reddish organic shape sits centered in a dark void. The subject is structurally illegible and lacks any recognizable form. Severe blur eliminates all texture and edges."
"a grand stag in a fantasy forest, realistic style",midjourney_lowstep_102.jpg,102,2.73141732,0.645471592,3.345634382,0.506887645,A digital painting shows a large antlered stag in a misty forest. The deer is recognizable but has simplified anatomy and oddly curved antlers. Oversmoothing creates flat textures and lacks sharp edge definition.
"a grand stag in a fantasy forest, realistic style",midjourney_normal_102.jpg,102,4.162747096,0.794430273,3.718564611,0.481717094,A majestic stag with sprawling antlers stands in a misty forest. The deer's anatomy and antler structure are coherent and semantically clear. Background foliage displays subtle painterly smoothing and softened fine details.
"a grand stag in a fantasy forest, realistic style",sd1.5_highcorr_102.jpg,102,3.305628811,0.421683211,3.18210624,0.754461624,A stylized digital painting shows a large stag resting in a green forest. The deer's face and neck fur show structural inconsistencies and unnatural hues. Textures appear waxy with softened details and indistinct boundaries.
"a grand stag in a fantasy forest, realistic style",sd1.5_lowcorr_102.jpg,102,2.761602188,0.618467558,2.509976334,0.722559049,"A pencil sketch depicts a large elk with sprawling antlers against a textured background. The subject is anatomically coherent, though antlers display unnatural fusion and excessive complexity. Repetitive background patterns and softened edges diminish detail quality."
"a grand stag in a fantasy forest, realistic style",sd1.5_lowstep_102.jpg,102,3.361858495,0.420831429,3.353107804,0.498555214,A digital painting depicts a large stag standing in a misty forest. The subject anatomy remains coherent despite some awkwardness in the antler structure. Global textures appear overly smooth with softened edge definitions.
"a grand stag in a fantasy forest, realistic style",sd1.5_normal_102.jpg,102,3.490003257,0.797304639,3.374870467,0.58025695,A digital painting depicts a large stag with complex antlers in a forest. The deer is recognizable but has thin legs and a distorted colorful mane. Textures appear waxy and the background is indistinct.
"a grand stag in a fantasy forest, realistic style",xl2.2_normal_102.jpg,102,3.244560073,0.761877701,2.963619274,0.902192059,A vector-style illustration depicts a deer standing in a misty forest. The deer's anatomy is structurally plausible and fully recognizable as a stag. Clean edges and flat color fills maintain high stylistic consistency.
"a giant rock floating in the air, abstract style",AttnGAN_normal_103.jpg,103,0.929924681,0.291859613,0.78808434,0.688698947,A low-fidelity image shows a stack of logs in a wooded area. The subject features distorted geometry and visually confusing fused surface details. Severe blurring and flat textures reduce the image's perceptual quality.
"a giant rock floating in the air, abstract style",DALLE2_normal_103.jpg,103,3.162256259,0.78356873,3.1259885,0.681765755,A centered floating cracked rock is set against a cloudy sky. The subject's structure is stable despite minor surface texture fusion. Background clouds show repetitive flat textures.
"a giant rock floating in the air, abstract style",glide_normal_103.jpg,103,0.45479692,0.254632895,1.721981963,0.869123171,"A close-up of a textured rocky object on a dark reflective background. The subject is a coherent but indistinct amorphous mass with plausible geometry. Heavy blur, noise, and flattened textures reduce clarity."
"a giant rock floating in the air, abstract style",midjourney_lowstep_103.jpg,103,1.48681785,0.697328904,3.158021435,0.530670701,A blurry brown rock-like object floats against a cloudy blue sky. The central subject is a coherent shape but lacks any discernible surface detail. Heavy blur creates uniform waxy textures throughout.
"a giant rock floating in the air, abstract style",midjourney_normal_103.jpg,103,2.821971923,0.417819862,3.548579908,0.575292504,A stylized digital painting depicts a giant floating rock over a mountain lake. The subject features a stable geometric structure with clear semantic readability. Faint translucent watermark patterns appear across the scene's surfaces.
"a giant rock floating in the air, abstract style",sd1.5_highcorr_103.jpg,103,1.590623463,0.378844548,2.133296646,0.438013678,A stylized painting depicts an orange cliff edge above blue water. The coastline's structure is clear but lacks complex geological features. Oversmoothed textures and repetitive circular strokes affect global detail quality.
"a giant rock floating in the air, abstract style",sd1.5_lowcorr_103.jpg,103,3.257944615,0.674756139,2.785369917,0.891633127,A centered stack of three dark textured rocks sits against a plain background. The subject structure is stable and semantically clear with plausible geometry. Fine rock textures show subtle waxy smoothing and softened detail.
"a giant rock floating in the air, abstract style",sd1.5_lowstep_103.jpg,103,0.676891105,0.549546942,1.460690493,1.059285728,A vibrant abstract image features a central cyan shape amidst red and purple hues. The subject lacks structural integrity and semantic clarity under extreme blur. Heavy blur removes all texture and edge definition.
"a giant rock floating in the air, abstract style",sd1.5_normal_103.jpg,103,2.716324886,0.355940919,1.841449895,0.700515704,A centered stack of rounded stones sits on a surface against a gradient background. Individual stones in the stack appear fused with indistinct contact boundaries. Heavy grainy texture and softened edges affect the overall clarity.
"a giant rock floating in the air, abstract style",xl2.2_normal_103.jpg,103,2.803217798,0.610697304,3.482467199,0.523919182,A surreal image features a floating rock island tethered above calm water. The subject displays stable structural integrity and clear semantic readability. Rock textures show minor smoothing and the background appears artificially flat.
"a 2 d guitarist character design, anime style",AttnGAN_normal_105.jpg,105,1.045837986,0.595915999,0.85008348,0.864606757,A close-up digital painting shows distorted human figures against a vibrant background. Subjects display extreme facial malformation and fused features lacking semantic coherence. Surfaces appear waxy and oversmoothed with soft edges and color bleeding.
"a 2 d guitarist character design, anime style",DALLE2_normal_105.jpg,105,2.172997265,0.395706045,3.465014103,0.71877828,A stylized illustration depicts a man holding an electric guitar against a solid background. The subject has malformed fingers and distorted facial features reducing structural coherence. Outlines exhibit aliasing and textures lack natural surface detail.
"a 2 d guitarist character design, anime style",glide_normal_105.jpg,105,1.012573225,0.740208205,1.245039896,1.394164653,A sketch portrays two distorted skeletal figures against a plain white background. The primary subject exhibits severe anatomical fusion and lacks coherent structural logic. Jagged lines and inconsistent stroke weights show significant rendering instability.
"a 2 d guitarist character design, anime style",midjourney_lowstep_105.jpg,105,2.218274567,0.553147202,3.488890048,0.81214521,A soft-focus painting shows a blue-haired figure with a guitar on a dark background. The subject's hands and limbs appear malformed and lack clear definition. Heavy oversmoothing leads to flat textures and softened edges.
"a 2 d guitarist character design, anime style",midjourney_normal_105.jpg,105,3.830080588,0.74148655,3.94578118,0.776964725,"An anime-style illustration shows a blue-haired musician playing an electric guitar. The subject's anatomy is stable, though finger joints and the headstock show minor fusion. Textures appear waxy with softened fine details."
"a 2 d guitarist character design, anime style",sd1.5_highcorr_105.jpg,105,2.974361596,0.400070054,3.189847843,0.631605647,An anime character holds an electric guitar against a warm gradient background. The figure lacks facial detail and exhibits distorted hand and instrument geometry. Surfaces show waxy smoothing and inconsistent local edge clarity.
"a 2 d guitarist character design, anime style",sd1.5_lowcorr_105.jpg,105,2.328729662,0.663795793,3.013304279,0.641144209,An anime illustration shows a blue-haired girl with a red electric guitar. The subject's hands and guitar geometry are malformed and structurally unstable. Thick outlines suffer from aliasing and uneven texture rendering.
"a 2 d guitarist character design, anime style",sd1.5_lowstep_105.jpg,105,2.368763526,0.50945286,3.031176323,0.661724763,An anime-style character holds a guitar against a plain purple background. The subject displays malformed hands and a geometrically broken guitar headstock. Textures show mild oversmoothing and edges lack crispness in complex areas.
"a 2 d guitarist character design, anime style",sd1.5_normal_105.jpg,105,2.736106345,0.843901463,3.180285613,0.366844283,A blue-haired anime character holds an electric guitar in a medium close-up. The hands and guitar display severe anatomical distortion and illogical geometry. Surfaces look waxy with softened details and poorly defined boundaries.
"a 2 d guitarist character design, anime style",xl2.2_normal_105.jpg,105,3.214005785,0.764594543,3.410425033,0.645156978,"A digital illustration shows an anime-style boy holding a white electric guitar. Anatomy is generally coherent, though the hand and knee show minor distortion. Flat textures and soft edges characterize the global rendering."
"vaporware yosemite amusement park, sci-fi style",AttnGAN_normal_106.jpg,106,1.537956569,0.699429731,1.039514841,0.915072172,"Close-up view of baked pastries and green vegetables arranged on a surface. The subject displays extreme structural fusion and malformed, overlapping food components. Surfaces exhibit heavy oversmoothing with waxy textures and melted edge definitions."
"vaporware yosemite amusement park, sci-fi style",DALLE2_normal_106.jpg,106,2.339014038,0.57073773,2.390596612,0.853209068,A stylized landscape features a striped dome and a metallic wing. Central objects are identifiable but possess distorted shapes and ambiguous spatial relationships. Heavy contrast results in flat textures and inconsistent lighting.
"vaporware yosemite amusement park, sci-fi style",glide_normal_106.jpg,106,1.24239184,0.460287427,1.009528271,0.932503914,"A sketch-style drawing depicts a central transparent prism among abstract shapes. The subject's internal geometry is visually confused and lacks clear semantic meaning. Image shows pervasive low contrast, soft edges, and melting background details."
"vaporware yosemite amusement park, sci-fi style",midjourney_lowstep_106.jpg,106,2.14357511,0.856947557,2.377248288,1.150511224,"A blurry flying saucer hovers over a building in dense fog. The central disc is recognizable but lacks clear definition and structural sharpness. Global oversmoothing and haze melt details into flat, indistinct surfaces."
"vaporware yosemite amusement park, sci-fi style",midjourney_normal_106.jpg,106,3.618755825,0.642223769,3.458587836,0.764094445,"A futuristic circular building sits before misty mountains under a moody sky. The architecture is stable, but the glowing sign features nonsensical text. Haze softens details and textures appear somewhat flat."
"vaporware yosemite amusement park, sci-fi style",sd1.5_highcorr_106.jpg,106,2.586734895,0.665697649,2.723869967,1.144248808,A low-angle view shows a colorful looping roller coaster in a mountain landscape. The ride features malformed cars and a semantically confusing central assembly. Surfaces display plastic-like smoothness with flat color and weak texture.
"vaporware yosemite amusement park, sci-fi style",sd1.5_lowcorr_106.jpg,106,2.996365552,0.740808381,2.94270405,0.905302314,A massive glowing mechanical wheel stands within a mountainous twilight scene. The subject's complex geometry remains structurally stable with only minor ambiguous junctions. Background surfaces exhibit significant oversmoothing and flattened textural detail.
"vaporware yosemite amusement park, sci-fi style",sd1.5_lowstep_106.jpg,106,2.896939758,0.733674745,3.572230948,0.501397157,A high-angle view shows a complex circular mechanical structure in a forest. The subject geometry is heavily distorted with fused tracks and inconsistent layout. Oversmoothed background textures and softened metallic edges dominate.
"vaporware yosemite amusement park, sci-fi style",sd1.5_normal_106.jpg,106,3.561501185,0.659340528,3.572455852,0.386026504,A vibrant digital artwork shows a complex futuristic interior with neon lighting. The architectural structure is spatially incoherent with illogical intersections and floating parts. Surfaces exhibit waxy textures and blurred edges throughout the high-contrast scene.
"vaporware yosemite amusement park, sci-fi style",xl2.2_normal_106.jpg,106,3.906607461,0.853304399,3.377804541,0.812027859,"A futuristic curved building stands in a vast mountainous plaza. The architectural structure is coherent and clearly separated from the background. Surfaces exhibit a smooth, slightly waxy texture with softened fine details."
"spritesheet game asset vector art, realistic style",AttnGAN_normal_107.jpg,107,1.014269206,0.583958032,0.856484966,0.597655792,"Multiple distorted primate-like figures appear in a bright, crowded outdoor scene. The subjects exhibit severe structural failure with fused limbs and warped anatomy. Global blur and waxy textures obscure all fine details."
"spritesheet game asset vector art, realistic style",DALLE2_normal_107.jpg,107,2.713760366,0.440479774,2.971918712,0.213385477,A digital sprite sheet displays colorful game UI buttons and icons on a dark background. Subject elements contain illegible pseudo-text and inconsistent icon geometries with noisy details. Textures exhibit noticeable scrambling and noisy pseudo-details throughout.
"spritesheet game asset vector art, realistic style",glide_normal_107.jpg,107,1.056157156,0.525501471,1.578814508,1.183469649,"A grid of nine abstract, colorful, distorted face-like icons on a white background. The icons show significant structural malformation and lack coherent geometric definition. Heavy blurring, pixelation, and melting edges affect the entire image."
"spritesheet game asset vector art, realistic style",midjourney_lowstep_107.jpg,107,2.48951242,0.576377002,2.699333701,0.789405695,"A blurred sprite sheet displays cartoon trees, mushrooms, and colorful block assets. Simple geometric subjects are structurally coherent but show significant focus inconsistency. Heavy blur masks texture details and weakens edge definition."
"spritesheet game asset vector art, realistic style",midjourney_normal_107.jpg,107,2.931575646,0.585183079,3.17765537,0.524333997,"A collection of cartoon-style 2D game assets showing trees and terrain platforms. Subject structures are stable, though some local details lack sharp definition. Textures display noticeable oversmoothing and repetitive surface patterns."
"spritesheet game asset vector art, realistic style",sd1.5_highcorr_107.jpg,107,2.701232452,0.561306758,2.54579025,1.03244652,A grid of colorful cartoon game icons on a brown background. Several green icons are structurally malformed and lack clear semantic meaning. Visible watermarks and softened edges reduce perceptual sharpness.
"spritesheet game asset vector art, realistic style",sd1.5_lowcorr_107.jpg,107,2.377839033,0.987196057,2.885703528,0.627325418,A grid of colorful cartoon game assets on a plain blue background. Subjects maintain coherent shapes and clear semantic identity despite abstract styling. Surfaces exhibit uniform waxy smoothing and lack micro-textural detail.
"spritesheet game asset vector art, realistic style",sd1.5_lowstep_107.jpg,107,2.957803829,0.470691892,2.891991441,0.620136906,"A grid displays various cartoon-style game assets including rocks, wood, and containers. Most objects maintain coherent geometry, though some wooden crates show minor edge warping. Textures appear slightly waxy with softened internal details and repetitive shading patterns."
"spritesheet game asset vector art, realistic style",sd1.5_normal_107.jpg,107,2.85831935,0.573974455,2.835190856,0.982562334,"A grid of colorful cartoon icons and shapes on a green background. Icon structures vary in coherence, with several cells containing only red blocks. Black outlines display uneven weight and minor aliasing on curved edges."
"spritesheet game asset vector art, realistic style",xl2.2_normal_107.jpg,107,3.235341707,0.554705545,2.794502694,1.079455403,A stylized illustration shows a single tree on a small island at sunset. The tree structure is stable and semantically clear with no visible defects. Flat textures and smooth transitions dominate the global perceptual field.
"portrait of a dancing eagle woman, abstract style",AttnGAN_normal_108.jpg,108,0.678279008,0.790858843,0.696426448,0.597760319,A close-up digital illustration shows a heavily distorted human torso. The subject's anatomical structure and garment folds are malformed and unreadable. Global oversmoothing and waxy textures obscure fine surface details.
"portrait of a dancing eagle woman, abstract style",DALLE2_normal_108.jpg,108,1.619473192,0.837949082,1.87306074,1.423172588,"A vibrant, abstract bird-like figure with flowing feathers stands on a black background. The subject’s fluid anatomy is coherent despite heavily warped and intertwined wing structures. Sharp color transitions define the shape with minimal smoothing."
"portrait of a dancing eagle woman, abstract style",glide_normal_108.jpg,108,2.138862877,0.502916652,1.608891849,0.790658744,A digital painting depicts a close-up profile of a grey eagle head. The subject features a distorted pupil and a structurally unstable beak area. Surface textures display repetitive feathering and mild waxy oversmoothing.
"portrait of a dancing eagle woman, abstract style",midjourney_lowstep_108.jpg,108,3.224679853,0.958140586,3.27248283,0.664463679,A digital portrait displays a woman in profile with flowing feathers. The face is structurally stable though hair details are abstracted into streaks. Global oversmoothing causes waxy textures and loss of fine detail.
"portrait of a dancing eagle woman, abstract style",midjourney_normal_108.jpg,108,4.093747728,0.678018268,3.469682644,0.473781805,A vibrant digital painting depicts a profile portrait of a person in a colorful feathered headdress. Facial anatomy and headdress structure remain coherent and clearly readable. Skin is waxy and peripheral feathers lack sharp edges.
"portrait of a dancing eagle woman, abstract style",sd1.5_highcorr_108.jpg,108,2.988623579,1.203449631,2.568031711,1.427273358,A vibrant stylized illustration shows a raptor head in profile on a red background. The subject is structurally stable but features fused color layers at the beak. Repetitive swirling line patterns dominate the global texture.
"portrait of a dancing eagle woman, abstract style",sd1.5_lowcorr_108.jpg,108,1.747030906,0.879954158,2.430025645,1.264995298,A vibrant digital painting depicts a stylized human head in profile. The facial structure is simplified with a malformed nose and indistinct eye region. Brushstrokes show repetitive patterns and lack fine textural definition.
"portrait of a dancing eagle woman, abstract style",sd1.5_lowstep_108.jpg,108,2.586734895,0.675678523,2.991040101,1.211330807,A vibrant expressionist painting depicts a stylized human profile against an abstract background. The subject's facial features remain coherent despite heavy stylistic abstraction and color distortion. Fluid brushstrokes and saturated hues maintain consistent texture.
"portrait of a dancing eagle woman, abstract style",sd1.5_normal_108.jpg,108,2.625770283,0.940302498,2.987495218,0.81558232,A vibrant expressionist profile of a bird-headed figure fills the frame. The subject has a coherent stylized facial structure with a prominent eye. Surfaces show smooth painterly textures with high saturation and soft edges.
"portrait of a dancing eagle woman, abstract style",xl2.2_normal_108.jpg,108,2.975194143,0.764258359,3.061839408,0.76067896,"A vibrant digital illustration depicts a profile of a human-eagle hybrid with flowing feathers. The subject's anatomy is stable, though the beak-to-face transition is slightly awkward. Textures and edges show no dominant local artifact."
"photograph of beautiful landscape, baroque style",AttnGAN_normal_109.jpg,109,1.104874015,0.406617329,0.54290384,0.653092562,A close-up of several brown lumpy objects on a textured surface. The subject is heavily fused and lacks coherent geometric structure. Textures appear waxy and oversmoothed with soft undefined edges.
"photograph of beautiful landscape, baroque style",DALLE2_normal_109.jpg,109,3.058757207,0.909877896,3.090433934,0.887605707,A building stands beside a canal reflecting a distorted urban landscape. The architectural subject is severely malformed with fused and warped structural elements. Global textures exhibit melting effects and lack clear edge definition.
"photograph of beautiful landscape, baroque style",glide_normal_109.jpg,109,1.567824332,0.555968835,1.796846618,1.050983296,"A black-and-white landscape shows a lake, treeline, and cloudy sky. The subject structure is simplified into flat silhouettes lacking tree or cloud detail. Global blur and crushed blacks obscure all textures and edges."
"photograph of beautiful landscape, baroque style",midjourney_lowstep_109.jpg,109,3.001476926,0.298063771,3.174942147,0.425878247,A heavily blurred image shows a symmetrical palace before a garden pool. The central architecture remains geometrically coherent despite the pervasive lack of detail. Pervasive blur flattens textures and removes all sharp edge definitions.
"photograph of beautiful landscape, baroque style",midjourney_normal_109.jpg,109,3.561501185,0.550646833,3.536641936,0.406595423,An ornate palace stands behind a reflective pond in a hazy park. The building structure is stable but window frames and rooflines are softened. Global textures show excessive smoothing and waxy surface artifacts.
"photograph of beautiful landscape, baroque style",sd1.5_highcorr_109.jpg,109,3.359435142,0.475345828,3.665354297,0.449410182,A classical landscape painting depicts a palace by a lake with mountains. Architecture and small figures appear structurally vague and lack clear definition. Textures show a waxy quality with softened edges and weak fine detail.
"photograph of beautiful landscape, baroque style",sd1.5_lowcorr_109.jpg,109,3.756916035,1.083402033,3.720100101,1.054525458,An ornate golden Rococo frame surrounds a classical landscape painting. The landscape features coherent forms but lacks sharp structural definition. Textures appear overly smooth and lack fine-grained local detail.
"photograph of beautiful landscape, baroque style",sd1.5_lowstep_109.jpg,109,3.744508689,0.416114511,3.653161823,0.729514112,A gold-framed oil painting depicts a hazy pastoral landscape with rolling hills. Midground architecture lacks structural detail and appears as simplified geometric masses. Textures across the scene are overly smooth with a waxy finish.
"photograph of beautiful landscape, baroque style",sd1.5_normal_109.jpg,109,3.455854147,0.614308301,3.441138159,0.707427718,An ornate golden frame surrounds a classical landscape painting of domed architecture on hills. The buildings exhibit melted geometry and blurred forms reducing structural legibility. The inner canvas exhibits heavy smoothing and lost texture.
"photograph of beautiful landscape, baroque style",xl2.2_normal_109.jpg,109,3.537280489,0.575150517,3.703493793,0.587766095,A photorealistic sunset landscape shows a river valley between massive stratified cliffs. Geological formations are striking but exhibit some implausible layer transitions and smoothing. Rich colors hide subtle texture flattening and pseudo-details.
"painted portrait of intense woman, anime style",AttnGAN_normal_110.jpg,110,0.779719895,0.71599579,0.231318429,0.609472893,"A blurry close-up shows a person's shoulder in a textured garment against a dark background. The subject's form is heavily obscured, making its structure semantically unreadable. Heavy global blur flattens textures and destroys edge definition."
"painted portrait of intense woman, anime style",DALLE2_normal_110.jpg,110,2.251322245,0.841685076,2.805902798,0.887255671,"A digital anime-style portrait of a woman with glowing eyes against a dark background. Facial structure is clear, though the neck is elongated and lips appear flat. Skin is overly smoothed and background glows show repetitive patterns."
"painted portrait of intense woman, anime style",glide_normal_110.jpg,110,0.229783115,1.008224322,0.388286871,0.514066765,A glowing abstract line form is set against a dark background. The subject structure is incoherent and lacks recognizable semantic clarity. Luminous edges exhibit soft blur and noticeable color fringing.
"painted portrait of intense woman, anime style",midjourney_lowstep_110.jpg,110,3.39100366,0.778064364,3.548952321,0.703001786,A stylized digital portrait shows a woman's face against a red background. Facial anatomy remains stable and clear without visible structural warping or fusion. Waxy skin textures and softened edges indicate significant global oversmoothing.
"painted portrait of intense woman, anime style",midjourney_normal_110.jpg,110,3.9689969,0.434139214,3.321758438,0.759495466,A digital painting portrait shows a red-haired woman against an abstract background. The subject's facial anatomy is structurally stable and highly legible. Minor waxy smoothing affects skin textures while edges remain consistently defined.
"painted portrait of intense woman, anime style",sd1.5_highcorr_110.jpg,110,2.442957962,0.432635852,2.785369917,0.628746866,A digital anime-style portrait of a dark-haired young woman against a blurred background. Facial features and neck anatomy exhibit minor asymmetry and structural inconsistencies. Skin textures appear waxy with softened background details.
"painted portrait of intense woman, anime style",sd1.5_lowcorr_110.jpg,110,2.043565984,0.525573362,2.27858641,0.775822009,"An anime sketch depicts a young woman with mismatched eyes on a plain background. The face is coherent, but the nose and neck anatomy appears slightly malformed. Waxy skin textures and soft edges reduce overall tactile definition."
"painted portrait of intense woman, anime style",sd1.5_lowstep_110.jpg,110,2.7089479,0.562640047,2.545756544,0.647984848,A digital painting depicts a woman with long hair and glowing red eyes. Facial anatomy is recognizable but includes a distorted nose tip and inconsistent markings. Skin appears waxy and the background exhibits significant oversmoothing.
"painted portrait of intense woman, anime style",sd1.5_normal_110.jpg,110,2.423784221,0.661641013,2.890851301,0.431622988,A stylized digital portrait depicts a woman in profile against a vibrant background. The subject remains coherent despite an elongated neck and softly merging shoulders. Surfaces appear waxy and edges lack sharpness against the background.
"painted portrait of intense woman, anime style",xl2.2_normal_110.jpg,110,3.972998834,0.77338241,3.659307,0.355395237,A digital illustration presents a stylized human face against a plain white background. The subject's face shows minor asymmetry in eye alignment and eyebrow definition. Skin shading appears waxy with inconsistent background texture patterns.
"grand canyon full of potato salad, sci-fi style",AttnGAN_normal_111.jpg,111,1.178897031,0.887921448,0.534118347,0.439784078,"A distorted digital painting of a fused humanoid figure on a blurred background. The subject displays severe anatomical fusion of multiple faces and limbs. Oversmoothing and weak edges create flat, waxy textures everywhere."
"grand canyon full of potato salad, sci-fi style",DALLE2_normal_111.jpg,111,2.580492981,0.448099293,1.316179121,0.478965237,"A plate of green mashed food sits before a bright cloudy sky. The food lacks distinct ingredient boundaries and forms a fused, amorphous mass. Textures are waxy and global lighting appears inconsistent."
"grand canyon full of potato salad, sci-fi style",glide_normal_111.jpg,111,1.419805428,0.530972454,1.202474715,0.621929457,A heavily blurred close-up depicts a colorful mixed dish on a white plate. Individual food components are fused and lack recognizable structural separation. Extreme blur obscures all textural and edge detail.
"grand canyon full of potato salad, sci-fi style",midjourney_lowstep_111.jpg,111,1.761030355,0.89489989,2.11394401,1.043523894,"A white bowl of mashed potatoes floats against a blurred canyon backdrop. The central subject maintains basic geometric coherence despite extreme softness. Global oversmoothing eliminates detail and creates waxy, flat surfaces."
"grand canyon full of potato salad, sci-fi style",midjourney_normal_111.jpg,111,2.92075847,0.823313652,2.106757591,1.043626471,"A bowl of potato salad sits on a ledge before the Grand Canyon. The subject is structurally stable but features overly smooth, waxy food textures. Distant background details appear slightly softened and lack sharp definition."
"grand canyon full of potato salad, sci-fi style",sd1.5_highcorr_111.jpg,111,2.722527122,0.667997494,1.621793163,0.668996225,A close-up view shows a plate of potato salad on a reddish ground surface. The subject's ingredients are structurally malformed and fused into a confusing mass. Surfaces exhibit waxy oversmoothing and weak local detail throughout.
"grand canyon full of potato salad, sci-fi style",sd1.5_lowcorr_111.jpg,111,2.713760366,0.704018572,1.526033003,0.981476179,"A top-down view shows a bowl of mashed potatoes, red potatoes, and sliced onions. Ingredients are structurally fused with indistinct edges and poor spatial separation. Surfaces appear waxy and the bottom text is unreadable."
"grand canyon full of potato salad, sci-fi style",sd1.5_lowstep_111.jpg,111,2.523592728,0.541352835,1.511295292,0.879871317,A white bowl contains a creamy salad mixture under bright natural light. The food components are structurally malformed with fused textures and unnatural dark colors. Surfaces appear waxy with indistinct ingredient boundaries.
"grand canyon full of potato salad, sci-fi style",sd1.5_normal_111.jpg,111,3.138913035,0.590777354,1.829511923,0.320232364,A wide-angle view captures a massive layered canyon beneath a cloudy sky. The canyon structure remains plausible though rock strata show slight repetitive patterning. Textures appear globally oversmoothed with softened edge definition throughout.
"grand canyon full of potato salad, sci-fi style",xl2.2_normal_111.jpg,111,3.558662387,0.712251735,2.235897584,0.938260899,A photorealistic aerial view of a vast canyon with a small cliffside ruin. The structure shows architectural distortion with fused parts and unclear functional logic. Distant textures show subtle repetition and sharp edges.
"gorgeous young scandanavian woman, realistic style",AttnGAN_normal_112.jpg,112,0.789350472,0.257226969,0.594282567,0.459973271,A close-up of distorted human-like figures on a vibrant abstract background. The subject exhibits severe anatomical distortion with fused faces and broken structures. Surfaces show waxy textures and softened edges with color inconsistencies.
"gorgeous young scandanavian woman, realistic style",DALLE2_normal_112.jpg,112,2.64254653,0.588156894,2.93018727,1.060021121,A centered digital illustration portrays a woman against a solid background. The subject's anatomy is stable despite minor facial asymmetry and rigid neck lines. Skin textures appear flat with overly smoothed surface details.
"gorgeous young scandanavian woman, realistic style",glide_normal_112.jpg,112,1.006207915,0.483646191,0.519696217,0.427905339,A digital collage displays blurry objects on a dark textured background. The subjects are structurally indistinct and semantically unreadable from severe blur. Heavy pixelation and noise obscure all fine details across the image.
"gorgeous young scandanavian woman, realistic style",midjourney_lowstep_112.jpg,112,3.231255627,0.563412826,3.410425033,0.605335419,A digital painting shows a blonde woman in a fur coat against a dark background. The subject's facial structure is coherent and semantically clear. Global oversmoothing produces waxy textures and blurred edges.
"gorgeous young scandanavian woman, realistic style",midjourney_normal_112.jpg,112,4.191246327,0.582222135,3.717911141,0.962136034,A digital portrait shows a woman with braided red hair against a dark background. Her facial anatomy and hair structure are coherent and readable. Skin appears overly smooth and hair boundaries show minor softening.
"gorgeous young scandanavian woman, realistic style",sd1.5_highcorr_112.jpg,112,2.86026573,0.440992951,2.628994077,1.036316266,A digital close-up portrait of a young woman with blue eyes. The facial structure is coherent and semantically readable despite the stylized rendering. Skin textures appear waxy and hair strands show repetitive patterns.
"gorgeous young scandanavian woman, realistic style",sd1.5_lowcorr_112.jpg,112,3.714251203,0.556010456,3.5526433,0.920783175,"A centered close-up portrait depicts a woman with blonde hair and heavy makeup. The facial anatomy is stable, yet the eyes show unnatural iris textures. Skin texture appears excessively smooth and waxy across the subject."
"gorgeous young scandanavian woman, realistic style",sd1.5_lowstep_112.jpg,112,3.490797944,0.912805822,3.351474113,0.324961291,A digital close-up portrait of a woman with dark hair on a plain background. Facial features are stable despite subtle asymmetry in the ocular regions. Skin textures appear waxy and hair edges lack crisp definition.
"gorgeous young scandanavian woman, realistic style",sd1.5_normal_112.jpg,112,3.127756575,0.598706097,3.054879367,0.714209477,A digital portrait shows a young woman with blonde hair and blue eyes. The face is recognizable but has unnaturally large eyes and a long neck. Extreme oversmoothing produces waxy skin textures and melted background details.
"gorgeous young scandanavian woman, realistic style",xl2.2_normal_112.jpg,112,3.360750593,0.721483737,3.480852014,0.459137976,"A digital illustration shows a close-up portrait of a blonde woman. Facial anatomy is coherent, though features show minor stylized asymmetry and heavy makeup. Pervasive waxy textures and flattened details reduce perceptual realism."
"epic colourful scene from a dream, abstract style",AttnGAN_normal_113.jpg,113,0.879514179,0.769726539,0.731596555,0.450480551,A close-up view of distorted human-like limbs in a soft digital style. The subject's anatomy is severely malformed and lacks any structural coherence. Heavy global blur and oversmoothing obscure all fine details and edges.
"epic colourful scene from a dream, abstract style",DALLE2_normal_113.jpg,113,0.889332048,0.577938545,1.44367974,0.456340619,A stylized sugar skull and building silhouettes appear against a vibrant gradient sky. The skull's internal features are distorted by melted textures lacking anatomical clarity. Edges show aliasing and textures lack natural fine-grained detail.
"epic colourful scene from a dream, abstract style",glide_normal_113.jpg,113,0.298444431,0.273761388,2.41761037,1.472143015,"A close-up abstract view of heavily blurred, vibrant multicolored light blobs. No distinct subject structure exists as the forms are entirely indistinct. Oversmoothing removes all textures and edges into flat regions."
"epic colourful scene from a dream, abstract style",midjourney_lowstep_113.jpg,113,0.977683949,0.756180393,2.568031711,1.127569438,"An abstract image shows vibrant, out-of-focus color blobs over a dark surface. The subject lacks discernible structure, appearing as a semantically unreadable blur. Heavy oversmoothing removes all texture and edge definitions."
"epic colourful scene from a dream, abstract style",midjourney_normal_113.jpg,113,3.401488261,0.590802517,3.73689006,0.500353722,A vibrant abstract painting features a central vortex and several silhouetted figures. The architectural form on the left is malformed and lacks structural stability. Global textures display mild oversmoothing and waxy surfaces in complex regions.
"epic colourful scene from a dream, abstract style",sd1.5_highcorr_113.jpg,113,0.64666085,0.724729776,1.705822381,0.893907526,"A close-up view of vibrant, overlapping abstract shapes with heavy motion blur. The subject lacks recognizable structure due to extreme smearing and indistinct boundaries. Sharpness is absent, leaving a completely smeared surface."
"epic colourful scene from a dream, abstract style",sd1.5_lowcorr_113.jpg,113,3.150815738,1.002826357,3.820536448,0.38622845,A vibrant abstract painting in a frame hangs on a textured wall. The fluid color swirls form a cohesive and structurally stable composition. Textures and edges show no dominant local artifact.
"epic colourful scene from a dream, abstract style",sd1.5_lowstep_113.jpg,113,1.079441167,0.57578861,3.046700546,1.260452188,A vibrant abstract digital painting fills the frame with swirling color fields. The abstract composition remains structurally stable with no semantic readability issues. Global quality features softened details and flat painterly textures.
"epic colourful scene from a dream, abstract style",sd1.5_normal_113.jpg,113,2.66201084,0.984634049,3.1259885,0.904725988,A vibrant abstract digital painting features overlapping colorful shapes in full frame. The non-representational forms lack specific geometry but appear structurally stable. Subtle linear streaks and softened textures reduce fine-grained surface clarity.
"epic colourful scene from a dream, abstract style",xl2.2_normal_113.jpg,113,2.586734895,0.977837348,3.380663214,0.480103284,Abstract digital artwork displays vibrant swirling color ribbons on a smooth background. The fluid subject maintains coherent flow and consistent ribbon width throughout. Gradients are smooth and edges show no dominant local artifact.
"donut glazed with white chocolate, baroque style",AttnGAN_normal_114.jpg,114,1.038703499,0.533338568,0.631037248,0.885547035,"A distorted human figure stands in a dense, painterly forest scene. The subject is severely malformed with fused limbs and unrecognizable facial features. Global textures appear melted with heavy blurring and indistinct background edges."
"donut glazed with white chocolate, baroque style",DALLE2_normal_114.jpg,114,2.837204233,0.711862584,2.790068621,0.80525371,A glazed donut rests on an ornate plate beside a brass stand. The pastry maintains a coherent structure with only minor topping irregularities. Background patterns exhibit noticeable texture melting and softened edge definition.
"donut glazed with white chocolate, baroque style",glide_normal_114.jpg,114,1.448560438,0.379723617,2.402534584,0.489732639,A heavily blurred close-up features two donuts on a light background. The main subject preserves a basic toroidal shape but lacks clarity. Extreme oversmoothing removes all texture detail and renders boundaries indistinct.
"donut glazed with white chocolate, baroque style",midjourney_lowstep_114.jpg,114,2.420513052,0.934810359,3.493385689,0.395661902,A close-up photograph depicts a glazed donut sitting on a white plate. The subject is recognizable but exhibits warped geometry and fused glaze regions. Pervasive blur and waxy textures obscure fine surface details.
"donut glazed with white chocolate, baroque style",midjourney_normal_114.jpg,114,3.430745058,0.737115378,3.40931236,0.532222314,"A photorealistic glazed donut with gold toppings rests on a white background. The donut's form is stable, though some gold floral toppings appear slightly malformed. Subtle oversmoothing reduces texture clarity on the glaze and toppings."
"donut glazed with white chocolate, baroque style",sd1.5_highcorr_114.jpg,114,3.893534731,0.48797569,3.118812912,0.731200886,Nine assorted donuts are displayed in a grid on a stone surface. The subjects possess stable geometry and semantically readable glaze variations. Glazes show waxy smoothing and softened topping details.
"donut glazed with white chocolate, baroque style",sd1.5_lowcorr_114.jpg,114,3.091080213,0.566032177,2.703161695,0.551671285,A photorealistic close-up of several glazed donuts on a plain grey surface. The main subject displays a stable circular form with distinct icing details. Surfaces show a subtle waxy texture with sharp edge definition.
"donut glazed with white chocolate, baroque style",sd1.5_lowstep_114.jpg,114,3.421003889,0.449611039,3.683010044,0.479935145,"A glazed donut with white toppings sits on a plate from above. The subject is clear, but several toppings appear malformed and text-like. Surfaces show subtle waxiness and softened edge definition."
"donut glazed with white chocolate, baroque style",sd1.5_normal_114.jpg,114,3.031344688,0.464676776,3.174942147,0.637571547,"A glazed donut with toppings sits on a brown textured surface under even lighting. The donut is recognizable, but toppings are fused and lack crisp edges. Surfaces appear waxy and the background shows repetitive synthetic patterns."
"donut glazed with white chocolate, baroque style",xl2.2_normal_114.jpg,114,3.472753415,0.398648605,3.481534167,0.87555236,A glazed donut with savory toppings sits on a white cake stand. The main subject is structurally coherent with clearly defined regional boundaries. Textures display a subtle artificial smoothness and lack micro-level detail.
"ocean of canvas that catches fire, anime style",AttnGAN_normal_115.jpg,115,1.112671152,0.267555626,1.278288824,0.732760249,A digital painting depicts a distorted building facade with irregular windows. The architecture exhibits warped geometry and malformed features reducing semantic clarity. Oversmoothed textures and waxy surfaces soften edges across the frame.
"ocean of canvas that catches fire, anime style",DALLE2_normal_115.jpg,115,1.696019687,0.788312703,2.094906068,0.904052991,A stylized flame rises against a dark background in a digital painting style. The central subject displays coherent structure with recognizable flame-like forms and embers. Textures show subtle smoothing and weak edge definition.
"ocean of canvas that catches fire, anime style",glide_normal_115.jpg,115,0.720968251,0.342467312,0.653813422,0.964934574,"A horizontal band of repeating abstract red and black shapes on white. The subject consists of malformed, fused motifs that lack clear semantic readability. Jagged edges and flat textures dominate the high-contrast field."
"ocean of canvas that catches fire, anime style",midjourney_lowstep_115.jpg,115,1.644270161,0.776611834,1.952687802,1.018464203,A tiny dark silhouette stands on an ocean under a fiery orange sky. The central figure is too small and blurry to possess clear structure. Global sharpness is low with washed-out textures.
"ocean of canvas that catches fire, anime style",midjourney_normal_115.jpg,115,4.472108404,0.87394065,3.167161119,0.891393643,A child stands on a pier facing a massive fiery explosion over the sea. The central figure is structurally stable and semantically readable within the scene. Textures and edges show no dominant local artifact.
"ocean of canvas that catches fire, anime style",sd1.5_highcorr_115.jpg,115,2.210104633,0.566071278,2.298257005,0.725490512,A stylized depiction of orange flames against a dark blue cloudy sky. The flame forms are readable but contain distorted internal contours and geometry. Blur and softening significantly reduce edge clarity across the whole image.
"ocean of canvas that catches fire, anime style",sd1.5_lowcorr_115.jpg,115,2.104380621,1.206198658,1.848675793,1.630097441,A vibrant painting shows a swirling wave amidst colorful abstract elements. The subject's fluid structure remains coherent without visible geometric or logical breaks. Darker areas show slight texture smoothing while highlights retain sharp detail.
"ocean of canvas that catches fire, anime style",sd1.5_lowstep_115.jpg,115,2.560764083,0.668898127,2.677763969,0.8351375,A triptych painting displays a fiery orange sky over a turquoise sea. The cloud structures remain continuous and semantically clear across all panels. Textures exhibit slight oversmoothing and uneven detail definition across the panels.
"ocean of canvas that catches fire, anime style",sd1.5_normal_115.jpg,115,2.575026067,0.543464247,2.238834935,0.929424918,"An anime illustration shows a boy on a beach with a fiery backdrop. The subject is coherent, yet the hand gripping the scabbard is malformed. Background textures appear soft with inconsistent lighting."
"ocean of canvas that catches fire, anime style",xl2.2_normal_115.jpg,115,3.008458905,0.563139161,3.153995905,0.876364266,"A vibrant digital illustration shows a giant flaming sword amidst clouds and waves. The weapon structure is stable, but the shaft appears slightly distorted and fused. Background textures exhibit noticeable oversmoothing and flat surface details."
"portrait of a cloaked female devil, realistic style",AttnGAN_normal_117.jpg,117,1.012573225,0.694820241,0.929074763,0.943111693,A distorted digital portrait of a woman against a red background. Facial features and limbs are severely malformed and fused into unreadable shapes. Waxy textures show heavy color bleeding and melted edge definitions.
"portrait of a cloaked female devil, realistic style",DALLE2_normal_117.jpg,117,2.176839871,0.785229781,2.443074357,0.785800386,A digital illustration portrays a horned woman in a dark hooded cloak. Her facial anatomy is readable despite slight asymmetry in the eye region. Skin textures appear waxy and background boundaries are softly blurred.
"portrait of a cloaked female devil, realistic style",glide_normal_117.jpg,117,1.011545053,0.545776208,0.653301426,0.596414647,A close-up shot of a black cat's face in shadow. The subject's facial structure is malformed with fused features around the muzzle. Heavy blur and loss of detail affect the entire image.
"portrait of a cloaked female devil, realistic style",midjourney_lowstep_117.jpg,117,3.008458905,0.492722201,3.048674194,0.65610737,A digital portrait depicts a hooded horned figure with dramatic lighting. The subject's facial anatomy and horn structure remain coherent and readable. Global quality suffers from soft focus and flattened texture details.
"portrait of a cloaked female devil, realistic style",midjourney_normal_117.jpg,117,4.149074065,0.465611348,3.66091062,0.926996164,A close-up digital portrait features a horned woman wearing a dark hooded garment. Facial anatomy and horn placement are structurally stable and clearly readable. Surfaces display a waxy texture with softened fine details.
"portrait of a cloaked female devil, realistic style",sd1.5_highcorr_117.jpg,117,3.438253731,0.770307068,3.054879367,0.664427953,A frontal digital portrait depicts a hooded demonic figure with curved horns. Facial anatomy contains subtle distortions affecting the nose and mouth shape. Image surfaces exhibit significant oversmoothing and a uniform waxy texture.
"portrait of a cloaked female devil, realistic style",sd1.5_lowcorr_117.jpg,117,3.576593619,0.585149894,3.094936968,0.640179845,"A digital illustration portrays a person in a hooded garment against a plain background. The face is coherent, yet the hood fringe displays repetitive unnatural patterns. Textures appear waxy with softened local edges and inconsistent fine details."
"portrait of a cloaked female devil, realistic style",sd1.5_lowstep_117.jpg,117,3.438253731,0.752850955,3.398573511,0.469478862,A digital illustration presents a hooded figure with stylized facial markings in a close-up. The subject's facial structure exhibits unnatural warping and distorted features near the eyes. Skin textures appear waxy with inconsistent shading and softened details.
"portrait of a cloaked female devil, realistic style",sd1.5_normal_117.jpg,117,2.391896453,0.794684475,2.78310259,0.556961473,A digital portrait shows a pale figure in a red hooded cloak. The subject's face and hands exhibit significant anatomical distortion and implausible geometry. Surfaces display a waxy appearance with inconsistent micro-texture details.
"portrait of a cloaked female devil, realistic style",xl2.2_normal_117.jpg,117,3.145006417,0.697237104,3.244503722,0.613284584,A stylized vector illustration shows a red-skinned horned figure in a hood. The subject exhibits a coherent facial structure and stable geometric composition. Sharp boundaries and uniform textures show no dominant local artifact.
"foxes judging a cheese competition, abstract style",AttnGAN_normal_118.jpg,118,1.112367509,0.645308149,0.547283561,0.615938553,A heavily blurred close-up shows a person in a wheelchair indoors. The subject's anatomy and wheelchair frame are severely malformed and fused. Global blur and waxy textures obscure all fine details.
"foxes judging a cheese competition, abstract style",DALLE2_normal_118.jpg,118,1.747030906,0.19660676,3.274264347,0.918755709,"Stylized orange foxes stand behind yellow cylinders against a dark, textured background. Fox heads are clear but show inconsistent snout shapes and crowded placement. Coloring is flat with faint grain and soft, irregular edge definitions."
"foxes judging a cheese competition, abstract style",glide_normal_118.jpg,118,0.507518767,0.289973409,0.927777366,1.308975039,Stylized black ink-wash shapes resembling distorted animal heads on a white field. The subjects exhibit severe warping and malformed anatomy with unreadable facial structures. Global oversmoothing and soft edge definitions eliminate most fine textural details.
"foxes judging a cheese competition, abstract style",midjourney_lowstep_118.jpg,118,2.446668218,0.551323166,2.921613433,0.459813536,Two illustrated fox-like animals sit on a wooden platform against a plain background. Heads are clear while bodies and foreground objects are heavily blurred. Oversmoothing flattens textures and obscures all fine details.
"foxes judging a cheese competition, abstract style",midjourney_normal_118.jpg,118,3.601888857,0.34027011,3.482467199,0.588218906,"Two red foxes face each other across a table of assorted cheeses. Fox muzzles exhibit slight fusion, and cheese geometry lacks consistency. Global textures appear waxy and lack natural fine-grained detail."
"foxes judging a cheese competition, abstract style",sd1.5_highcorr_118.jpg,118,2.111462098,0.859741196,2.679341611,0.903825088,"A stylized illustration shows two foxes facing each other near a red cylinder. Snouts appear slightly fused, and the held object is semantically vague. Bold flat colors dominate while fine line details remain inconsistent."
"foxes judging a cheese competition, abstract style",sd1.5_lowcorr_118.jpg,118,2.687102292,0.768805409,2.737502173,0.786996345,A whimsical digital painting portrays five stylized foxes under hanging flags. The central fox possesses a severely warped and flattened facial structure. Textures show slight oversmoothing with softened boundaries across the canvas.
"foxes judging a cheese competition, abstract style",sd1.5_lowstep_118.jpg,118,2.632073999,0.567216899,2.982575799,0.92376341,Three stylized orange foxes sit at a table with bowls in a flat illustration. The subjects are recognizable but feature some malformed limb and spoon interactions. Minor edge aliasing affects the otherwise clean and flat color regions.
"foxes judging a cheese competition, abstract style",sd1.5_normal_118.jpg,118,2.254782866,0.411238367,1.920999368,0.707133373,Stylized orange foxes in various poses arranged on a solid grey background. Several subjects show severe malformations including fused limbs and fragmented body geometry. Surfaces are overly flat with softened edges and inconsistent local details.
"foxes judging a cheese competition, abstract style",xl2.2_normal_118.jpg,118,3.059933495,0.406633929,3.421504833,0.484643365,"A cartoon illustration depicts anthropomorphic foxes seated at a table with cheese. The central fox is structurally coherent, though its resting limb shows minor fusion. Textures are flat and the background shows repetitive grain patterns."
"female demon in a medieval dungeon, baroque style",AttnGAN_normal_119.jpg,119,1.297636099,0.528747044,0.659590655,0.539994583,A blurry overhead view shows a cat's torso and paws on tiles. The subject is structurally incoherent with detached limbs and a malformed body. Heavy blur flattens textures and obscures fine details.
"female demon in a medieval dungeon, baroque style",DALLE2_normal_119.jpg,119,3.041507365,0.712890687,2.995621756,0.716968917,A pale figure holds a red object within a textured stone archway. The subject's face and hands exhibit severe structural distortion and anatomical failure. Skin textures appear waxy and edges lack sharp definition.
"female demon in a medieval dungeon, baroque style",glide_normal_119.jpg,119,1.086342024,0.578396177,0.910288069,0.582804807,"A dark, multi-limbed monster figure fills a blurry, low-light interior frame. The subject is a fused, malformed mass of limbs lacking coherent structure. Severe blur and noise obscure image details."
"female demon in a medieval dungeon, baroque style",midjourney_lowstep_119.jpg,119,2.503716151,0.619898037,3.14107795,0.418741214,A horned figure in a red robe stands within a dark stone archway. The subject's facial features and hands are structurally distorted and indistinct. Significant global blur and flat textures mask any fine detail.
"female demon in a medieval dungeon, baroque style",midjourney_normal_119.jpg,119,3.632335048,0.584395407,3.83707886,0.373682276,A horned figure in a red gown stands within a stone archway. The subject's hands and facial region exhibit blurred structural boundaries. Dark regions lack detail and textures appear overly smooth and synthetic.
"female demon in a medieval dungeon, baroque style",sd1.5_highcorr_119.jpg,119,2.746169865,0.683638054,3.397119887,0.62132166,
"female demon in a medieval dungeon, baroque style",sd1.5_lowcorr_119.jpg,119,0.278846772,0.405229537,0.349001592,0.256626738,"A highly abstracted human shape sits within a dark, warm-hued background. Severe blurring obscures all anatomical details and structural coherence of the figure. Pervasive softness flattens textures and dissolves all boundaries."
"female demon in a medieval dungeon, baroque style",sd1.5_lowstep_119.jpg,119,0.45479692,0.228132602,1.109717072,0.804767645,A blurred portrait of a figure in light clothing against a warm background. The subject's vague shape lacks any clear structural or anatomical definition. Global blur and oversmoothing destroy all visible texture.
"female demon in a medieval dungeon, baroque style",sd1.5_normal_119.jpg,119,2.090510173,0.517587034,3.075619946,0.795843946,
"female demon in a medieval dungeon, baroque style",xl2.2_normal_119.jpg,119,2.052257794,0.573517974,3.178502772,0.638570537,A woman in a black gown stands in a misty gothic corridor. Her hands exhibit significant structural distortion with elongated fused fingers. Skin surfaces appear waxy and background details are softly blurred.
"die cut sticker of a pair of lips , warm color",AttnGAN_normal_120.jpg,120,0.940601322,0.32253825,0.69188714,0.257002627,A distorted abstract face-like shape sits on a vibrant orange background. The subject exhibits a malformed and fused structure with warped details and low readability. Edge aliasing and flat textures degrade visual coherence.
"die cut sticker of a pair of lips , warm color",DALLE2_normal_120.jpg,120,2.261262436,1.068172636,3.348349994,0.649337936,A centered graphic illustration of brown lips on a plain background. The subject is structurally coherent and clearly recognizable as stylized lips. Textures show minor waxiness and lack of fine detail.
"die cut sticker of a pair of lips , warm color",glide_normal_120.jpg,120,1.04513849,0.443190099,1.734770243,1.194379884,A red abstract cartoon figure with one eye on a white background. The subject's simplified geometry is stable without visible structural distortion. Outlines display significant stair-step aliasing and low-resolution pixelation.
"die cut sticker of a pair of lips , warm color",midjourney_lowstep_120.jpg,120,3.162256259,1.01436335,3.268206767,1.206600793,Two pop-art lip stickers are centered on a pink background. The lip anatomy is distorted with unnatural and messy internal lines. Red surfaces exhibit slight artificial smoothing and inconsistent shading.
"die cut sticker of a pair of lips , warm color",midjourney_normal_120.jpg,120,3.002885562,0.633037755,1.860868266,1.755311611,A chibi-style boy in a red cap stands on a white background. The character's anatomy and pose remain structurally coherent within stylized proportions. Edges are crisp and the image exhibits consistent lighting and color.
"die cut sticker of a pair of lips , warm color",sd1.5_highcorr_120.jpg,120,2.135311817,0.876753497,3.510154573,0.527472029,"A graphic illustration of red lips on a textured tan surface. Internal lip details are distorted into unnatural, spider-like stroke patterns. Surface grain is uniform but outer boundaries exhibit soft blurring."
"die cut sticker of a pair of lips , warm color",sd1.5_lowcorr_120.jpg,120,2.659178911,0.846416853,2.75903949,0.770234617,A stylized cartoon female face sits on a textured gray background. Facial structure is distorted by glitchy bars over the eyes and lacks a nose. Shadows show noisy pseudo-texture but outlines remain sharp.
"die cut sticker of a pair of lips , warm color",sd1.5_lowstep_120.jpg,120,1.834018423,0.625649197,2.651927612,0.936152054,A stylized pop-art illustration depicts oversized red lips on a peach surface. The subject exhibits distorted anatomy with mismatched scales and confusing spatial depth. Interior lip textures consist of repetitive scratchy pseudo-details.
"die cut sticker of a pair of lips , warm color",sd1.5_normal_120.jpg,120,2.314518391,0.383097883,3.609476773,0.646056883,A pop-art illustration of human lips centered on a solid colored background. The lip anatomy is stable but internal textural lines show slight irregularity. Outlines remain crisp while textures display minor repetitive patterning.
"die cut sticker of a pair of lips , warm color",xl2.2_normal_120.jpg,120,2.493724965,0.511189422,3.472908747,0.507604417,A centered vector-style sticker of red lips against a blurred background. The lips show minor structural instability in tooth definition and highlight shape. Highlights display subtle smearing and a flat waxy texture throughout.
"cute green tabby cat made of leaves, cold color",AttnGAN_normal_121.jpg,121,0.8493261,0.471642938,0.470926324,0.469024804,A close-up shows a severely distorted cartoonish figure with multiple eyes. The subject's face is malformed with fused features and inconsistent anatomy. The entire image suffers from heavy blur and oversmoothed textures.
"cute green tabby cat made of leaves, cold color",DALLE2_normal_121.jpg,121,2.657997659,0.824010943,3.001128296,1.614171826,A centered cat figure made of green leaves on a solid blue background. The leaf-based subject structure is coherent and semantically clear. Textures show subtle graininess and softened edge definitions.
"cute green tabby cat made of leaves, cold color",glide_normal_121.jpg,121,1.511544645,0.714213013,2.206100508,1.164050731,A green fuzzy creature faces forward on a plain white background. The subject's head is clear but its body and limbs are poorly defined. Global blur and low resolution soften all edges and textures.
"cute green tabby cat made of leaves, cold color",midjourney_lowstep_121.jpg,121,2.632073999,0.419532253,3.116693004,0.725113931,A digital illustration of a sitting cat on a white background. The subject shows blurred anatomy with fused paws and indistinct facial features. Global oversmoothing produces flat textures and weak edge definition everywhere.
"cute green tabby cat made of leaves, cold color",midjourney_normal_121.jpg,121,4.076716372,0.442244523,4.056426674,0.326161347,Four stylized cats composed of green leaves are arranged in a grid. The leaf-formed subjects exhibit stable structures and high semantic clarity. Slight texture repetition and softened boundaries limit perceptual realism.
"cute green tabby cat made of leaves, cold color",sd1.5_highcorr_121.jpg,121,3.744508689,0.4437334,2.275412354,1.203754617,"A close-up photorealistic portrait of a tabby cat behind green leaves. The cat's facial anatomy is distorted, featuring a fused and undefined nose region. Background exhibits heavy smoothing while foreground textures maintain high detail."
"cute green tabby cat made of leaves, cold color",sd1.5_lowcorr_121.jpg,121,3.091620808,0.901731985,2.271926577,0.804286955,A close-up photorealistic portrait of a tabby cat's face among dry leaves. The feline subject exhibits coherent facial anatomy and clear semantic readability. Textures and edges display sharp definition with minimal perceptual distortion.
"cute green tabby cat made of leaves, cold color",sd1.5_lowstep_121.jpg,121,3.685179175,0.464854496,2.281498001,0.556046536,A photorealistic tabby cat sits centered among dry autumn leaves. The cat’s face exhibits structural distortion with oversized eyes and a malformed nose. Prominent watermark text artifacts disrupt the background and fur details.
"cute green tabby cat made of leaves, cold color",sd1.5_normal_121.jpg,121,3.685179175,0.360482027,2.247297688,0.767187268,A photorealistic close-up portrait of a tabby cat amidst green leaves. The cat's facial structure is coherent though eye highlights appear slightly unnatural. Fur and leaf textures show oversmoothing and waxy surface qualities.
"cute green tabby cat made of leaves, cold color",xl2.2_normal_121.jpg,121,3.424268421,0.65961704,3.311978472,1.16805351,"A digital illustration shows a stylized cat's face amidst large green leaves. The subject is structurally readable despite minor facial asymmetry and fur inconsistencies. Surfaces show flat, waxy textures and repetitive, simplified details."
"chinese demon god character design, top view",AttnGAN_normal_122.jpg,122,1.1267749,0.730391994,0.672723404,0.802221475,A blurry painting shows a distorted furry animal on rocky ground from above. The subject has a warped structure with multiple limbs and a missing head. Heavy smoothing and flat textures obscure all fine details and edges.
"chinese demon god character design, top view",DALLE2_normal_122.jpg,122,1.961760789,1.252515082,2.092525257,1.360204547,"A frontal close-up captures a stylized, multi-eyed face against a red background. Facial anatomy is severely distorted by fused duplicate eyes and overlapping mouths. Image surfaces display flat textures and softened edge definitions."
"chinese demon god character design, top view",glide_normal_122.jpg,122,1.328588457,0.612021554,2.034952727,1.208356226,A high-contrast binary graphic displays an abstract face over a rectangular device. The stylized figure exhibits fused features and lacks coherent anatomical structure. Jagged contours and minor noise specks degrade the graphical sharpness.
"chinese demon god character design, top view",midjourney_lowstep_122.jpg,122,3.007007681,0.515410263,3.374870467,0.699379452,"A centered digital painting depicts a horned, bearded mythological figure on a plain background. The subject's facial features and hands appear fused with poor anatomical definition. Heavy smoothing causes waxy textures and indistinct boundaries."
"chinese demon god character design, top view",midjourney_normal_122.jpg,122,3.387909038,0.582215558,3.291606502,0.969510924,A digital illustration depicts a detailed demonic head with horns and tendrils. The subject's intricate facial features and beard maintain structural stability and semantic readability. Rich textures and sharp edges exhibit no dominant local artifacts.
"chinese demon god character design, top view",sd1.5_highcorr_122.jpg,122,0.331720329,0.164938718,1.089357651,0.891027716,A figure in red and black armor stands centrally on a gray background. Extreme blur obscures all anatomical and structural details of the subject. Intense global blur removes all visible texture and sharp edges.
"chinese demon god character design, top view",sd1.5_lowcorr_122.jpg,122,3.041723666,0.844090638,3.351474113,0.650915208,"A centered illustration shows a complex multi-faced horned monster on a plain background. The subject features dense, structurally confused anatomy with fused faces and cluttered limbs. Fine textures appear softened and waxy across the composition."
"chinese demon god character design, top view",sd1.5_lowstep_122.jpg,122,2.842135098,0.668887702,3.404134969,0.553780594,A centered digital illustration shows a complex multi-limbed horned monster on a plain background. The subject displays severe anatomical distortion with fused limbs and malformed hands. Fine textures exhibit pseudo-detailing while global lighting remains consistent.
"chinese demon god character design, top view",sd1.5_normal_122.jpg,122,2.996365552,0.732795705,2.70330186,0.853829344,A frontal portrait of a stylized demon with an ornate headdress on a gray background. The facial structure and headgear exhibit minor distortion and localized fusion. Surface textures appear waxy and lack natural micro-detail variation.
"chinese demon god character design, top view",xl2.2_normal_122.jpg,122,3.610752151,0.525088718,3.374870467,0.589255789,A stylized horned warrior in red armor is surrounded by food items. The central figure displays severe anatomical distortion with multiple fused limbs. Clean vector lines and flat colors lack visible noise or blur.
"anthropomorphic pine marten animal, elevation view",AttnGAN_normal_123.jpg,123,1.041064722,0.342203242,0.850598208,1.119789335,An abstract digital image presents distorted organic shapes on a warm background. The central forms are heavily warped and lack clear semantic structure. Textures appear waxy and edges exhibit heavy oversmoothing.
"anthropomorphic pine marten animal, elevation view",DALLE2_normal_123.jpg,123,2.060413207,0.551010356,1.692657167,0.925096364,A photorealistic marten stands on a branch against a white background. The subject's paws appear malformed with fused digits and unclear joints. Fur textures appear waxy and lighting lacks consistent depth.
"anthropomorphic pine marten animal, elevation view",glide_normal_123.jpg,123,0.877850066,0.541582066,1.495094071,0.928247332,A dark animal silhouette is centered on a stark white background. The subject shows distorted anatomy with awkwardly placed limbs and a melted shape. Heavy blur and edge softening eliminate all visible texture and detail.
"anthropomorphic pine marten animal, elevation view",midjourney_lowstep_123.jpg,123,2.349724191,0.466765879,1.722892891,0.816023003,A digital illustration shows a brown fox-like animal sitting on a log. The subject features softened anatomy with indistinct paws and a fused tail. Global textures appear waxy and lack sharp edge definition throughout.
"anthropomorphic pine marten animal, elevation view",midjourney_normal_123.jpg,123,3.418088178,0.636413534,2.429699357,0.73630606,"A photorealistic marten sits on a wooden post against a plain background. Subject anatomy is clear, though the front paws are slightly fused. Unreadable vertical symbols line the left border while textures appear natural."
"anthropomorphic pine marten animal, elevation view",sd1.5_highcorr_123.jpg,123,1.928001564,0.54246134,2.213097376,1.058981242,A stylized profile of a dark weasel-like animal on an olive background. The subject shows severe warping with fused and malformed torso sections. Shaded surfaces are waxy with repetitive pseudo-detail.
"anthropomorphic pine marten animal, elevation view",sd1.5_lowcorr_123.jpg,123,2.673044871,0.662659695,2.06489602,0.767698516,A photorealistic image depicts a furry primate climbing a tree in a forest. The subject's anatomy is distorted with a bulbous torso and unclear limb boundaries. Fur surfaces appear waxy and lack natural textural micro-detail.
"anthropomorphic pine marten animal, elevation view",sd1.5_lowstep_123.jpg,123,1.827559877,0.672210903,2.377248288,0.79494098,An illustration shows a seated brown weasel-like creature on a solid green background. The subject shows severe anatomical distortion with a large tail floating detached from it. Unreadable text borders the frame and fur looks waxy.
"anthropomorphic pine marten animal, elevation view",sd1.5_normal_123.jpg,123,2.74826005,0.272559117,1.857875624,0.586668292,"A side-profile digital illustration of a brown marten-like animal on a grey background. The subject's anatomy is clear, though the paws exhibit minor structural awkwardness. Fur textures appear overly uniform and lack variation."
"anthropomorphic pine marten animal, elevation view",xl2.2_normal_123.jpg,123,2.687102292,0.536410522,1.928094768,0.651806516,A digital illustration of a stylized sitting animal on a plain background. The subject's anatomy is coherent while facial features appear slightly hybridized. Fur textures show subtle pseudo-detailing with minor softening in fine areas.
"a upright walking cute giraffe toy, long-shot",AttnGAN_normal_125.jpg,125,0.79126251,0.284376042,0.455996915,0.54113658,"A close-up of abstract, fluid-like organic shapes against a vibrant background. The central forms are structurally ambiguous and lack any clear semantic readability. Textures appear overly smooth and waxy with softened edges."
"a upright walking cute giraffe toy, long-shot",DALLE2_normal_125.jpg,125,2.696510524,0.791962663,3.197097634,0.693068864,A stylized orange giraffe toy stands on a plain background. The subject is readable but shows subtle malformations in the head. Surfaces appear waxy with softened edges and flat texture details.
"a upright walking cute giraffe toy, long-shot",glide_normal_125.jpg,125,1.534393779,0.701763808,2.201697271,0.585734124,A white 3D giraffe figure stands on a surface against a black background. The subject features malformed anatomy with fused limbs and a featureless head. Significant blur and waxy surfaces soften edges and details.
"a upright walking cute giraffe toy, long-shot",midjourney_lowstep_125.jpg,125,3.046278569,0.270098771,2.926636646,0.697965524,A photorealistic macro shot of a small giraffe toy figurine on a blurred surface. The subject maintains plausible toy geometry with consistent limb placement and readable features. Surface textures appear waxy while background regions lack micro-detail.
"a upright walking cute giraffe toy, long-shot",midjourney_normal_125.jpg,125,3.806813177,0.722100626,3.641108818,0.75365687,"A photorealistic shot of a giraffe figurine on a wooden outdoor deck. The toy is coherent, though its dark hoof-like boots look pasted on. Surface textures exhibit subtle oversmoothing and a flat waxy appearance."
"a upright walking cute giraffe toy, long-shot",sd1.5_highcorr_125.jpg,125,3.135881857,0.580749825,2.939051921,0.735574925,Two yellow giraffe plush toys stand against a plain wall. The subjects display distorted limb anatomy and fused body segments. Surfaces look waxy and background details are blurred.
"a upright walking cute giraffe toy, long-shot",sd1.5_lowcorr_125.jpg,125,3.033265998,0.461248605,2.653231999,0.811832024,A full-body shot of a stylized plush giraffe toy against a plain background. The subject maintains coherent anatomy with a simple face and stable limbs. Textures show subtle waxiness and softened fine details.
"a upright walking cute giraffe toy, long-shot",sd1.5_lowstep_125.jpg,125,3.748750887,0.512501293,3.220800678,0.598682458,Two plush giraffe toys sit on a wooden surface in an indoor setting. Both figures maintain coherent toy structure with simple facial features and intact limbs. Surface textures remain consistent with minimal visible noise or smoothing artifacts.
"a upright walking cute giraffe toy, long-shot",sd1.5_normal_125.jpg,125,2.956675282,0.362943821,2.802483896,0.753622034,A stylized 3D-rendered giraffe toy stands against a plain grey background. The subject's anatomy is structurally stable and semantically clear as a toy figure. Surfaces exhibit mild oversmoothing and a slightly waxy texture quality.
"a upright walking cute giraffe toy, long-shot",xl2.2_normal_125.jpg,125,3.428646707,0.651933954,3.302738591,0.949857057,A 3D-rendered toy giraffe stands in a sunlit urban canyon. The subject's stylized anatomy is coherent and semantically clear despite its proportions. Background textures appear repetitive and softened by artificial depth of field.
"the shogoth wearing a santa costume, blurred detail",AttnGAN_normal_126.jpg,126,1.567824332,0.42503937,0.778794065,0.812616838,A close-up view of dense green tree foliage under natural daylight. The leaf and branch structures exhibit severe vertical warping and fusion. Vertical smearing creates repetitive texture patterns and softened edge definitions.
"the shogoth wearing a santa costume, blurred detail",DALLE2_normal_126.jpg,126,2.409693201,0.783374119,2.166604866,1.021288391,A close-up captures a Santa figure holding a tangled metallic object. The central object is a malformed fusion of metallic parts lacking clear structure. Waxy textures and oversmoothing soften global detail definition.
"the shogoth wearing a santa costume, blurred detail",glide_normal_126.jpg,126,0.253642787,0.328085899,0.406335814,0.393904261,"A dark, blurry image shows a barely visible figure near faint lights. The subject's form is indistinct, making structural details and pose unreadable. Extreme darkness and blur obscure all surface textures and edges."
"the shogoth wearing a santa costume, blurred detail",midjourney_lowstep_126.jpg,126,1.880615311,0.83231057,2.37877521,1.215757703,A close-up of a soft-focus 3D-rendered gnome figure against a dark background. Facial features are recognizable but show minor structural ambiguity near the nose. Extreme oversmoothing eliminates sharp edges and fine details.
"the shogoth wearing a santa costume, blurred detail",midjourney_normal_126.jpg,126,3.509228886,0.465030262,2.318288169,1.296119526,A close-up depicts a horned demon lord with a white beard in shadow. The subject is coherent though facial ornaments appear dense and slightly fused. Metallic textures show mild oversmoothing and a waxy surface finish.
"the shogoth wearing a santa costume, blurred detail",sd1.5_highcorr_126.jpg,126,2.660597966,0.512021961,2.482684398,0.737491204,A close-up shows a person in a red Santa suit with white fur. The costume structure is stable despite minor fusion between the fur and fabric. Red fabric textures appear waxy with softened shadow details.
"the shogoth wearing a santa costume, blurred detail",sd1.5_lowcorr_126.jpg,126,2.093677968,0.630471724,2.429909143,0.493816693,"A blurry full-body portrait of a Santa Claus figure against a plain wall. The subject’s face and hands are malformed with fused, indistinct features. Heavy blur and waxy textures obscure all fine surface details."
"the shogoth wearing a santa costume, blurred detail",sd1.5_lowstep_126.jpg,126,3.024257523,0.367206582,3.327464378,0.845728834,A person in a Santa suit poses before a decorated Christmas tree. The subject's eyes and gloved hands display obvious structural distortion and fusion. Image textures exhibit heavy smoothing and lack fine-grained natural detail.
"the shogoth wearing a santa costume, blurred detail",sd1.5_normal_126.jpg,126,1.931518323,0.200283157,3.262068577,0.822965095,A digital painting depicts a close-up of Santa Claus against a dark background. Facial features show minor misalignment and unnatural skin-to-beard transitions. Global textures appear waxy and oversmoothed with softened edges.
"the shogoth wearing a santa costume, blurred detail",xl2.2_normal_126.jpg,126,3.667148222,0.45649962,3.345634382,0.474995295,"A photorealistic portrait of a Santa-clad man is set against a blurred urban background. Facial anatomy remains stable, though the dense beard hair appears slightly synthetic. Skin exhibits pseudo-detail and high-contrast sharpening artifacts."
"robots building robots in a factory, hyper detail",AttnGAN_normal_127.jpg,127,0.663293231,0.75499726,0.283979284,0.492795873,A distorted organic form with an eye-like feature sits in a dark setting. The subject is severely malformed and structurally incoherent. Global oversmoothing causes a significant loss of definition.
"robots building robots in a factory, hyper detail",DALLE2_normal_127.jpg,127,3.091620808,0.995929938,3.259317616,0.668779865,Industrial robotic arms occupy a cluttered factory workspace in a photorealistic style. The mechanical joints and end effectors are heavily distorted with fused and broken parts. Background surfaces display repetitive textures and softened detail boundaries.
"robots building robots in a factory, hyper detail",glide_normal_127.jpg,127,1.065861944,0.82674863,1.410283473,1.100739316,A dark image displays a grid of blurry white bottle-like objects. The subjects are extremely blurred and lack any recognizable structural detail. Heavy global blur and low resolution dominate the visual quality.
"robots building robots in a factory, hyper detail",midjourney_lowstep_127.jpg,127,0.60927964,0.74641888,1.194190381,1.103877657,A blurry interior shows several indistinct reddish figures in a hazy room. The figures are severely blurred and lack any recognizable anatomical structure. Extreme global softness eliminates all sharp edges and fine textural details.
"robots building robots in a factory, hyper detail",midjourney_normal_127.jpg,127,3.685179175,0.73886234,3.649510515,0.435199975,Several industrial robotic arms stand within a large factory interior. Subject structures display malformed joints and fused base geometries. Surfaces exhibit waxy smoothing and softened edge definitions.
"robots building robots in a factory, hyper detail",sd1.5_highcorr_127.jpg,127,2.671047584,0.477838158,2.486100389,0.614058715,A yellow robotic arm stands within a large industrial facility filled with gray boxes. The robotic subject maintains a recognizable shape although its mechanical joints lack precise definition. Heavy blur and flat textures diminish tactile realism.
"robots building robots in a factory, hyper detail",sd1.5_lowcorr_127.jpg,127,3.501131449,0.657529943,3.608269769,0.502365438,A monochrome illustration depicts a cyborg worker amidst intricate industrial robotics. The subject's anatomy and mechanical geometry remain largely coherent despite dense detailing. Line work is sharp and textures show no dominant local artifact.
"robots building robots in a factory, hyper detail",sd1.5_lowstep_127.jpg,127,2.989757839,0.44009768,3.102285456,0.772295947,Multiple colorful industrial robotic arms occupy a bright factory workspace. Robotic anatomy is heavily distorted with fused parts and broken mechanical logic. Surfaces display waxy textures and softened edge definitions.
"robots building robots in a factory, hyper detail",sd1.5_normal_127.jpg,127,3.320022242,0.478221653,3.345634382,0.748730296,A row of white industrial robots occupies a large factory interior. Robot heads display illegible symbols while background machinery shows repetitive fused geometry. Waxy textures and softened edges affect surface realism.
"robots building robots in a factory, hyper detail",xl2.2_normal_127.jpg,127,3.225485144,0.524247796,3.174942147,0.446691696,Two humanoid robots stand in a modern industrial facility under overhead lighting. Mechanical subjects show coherent forms despite limb fusion and joint awkwardness. White surfaces appear slightly waxy with softened micro-textures.
"portrait of a tang dynasty empress , soft lighting",AttnGAN_normal_128.jpg,128,0.557530114,0.98593987,0.54235666,0.626726228,"A blurry close-up shows a white fluffy animal's rear on a plain surface. The subject's anatomy is indistinct, lacking clear structural definition or recognizable features. Oversmoothing flattens textures and blurs all edges."
"portrait of a tang dynasty empress , soft lighting",DALLE2_normal_128.jpg,128,2.931575646,0.535264508,2.958190852,0.917319093,"A photorealistic portrait features a woman in ornate traditional attire against a dark background. The subject's face, hands, and headpiece exhibit subtle anatomical distortions and fusion. Textures appear waxy and embroidery details show pseudo-detailing."
"portrait of a tang dynasty empress , soft lighting",glide_normal_128.jpg,128,1.492221516,0.453091139,0.571482359,0.427726929,"A dark, handled ceramic vase sits centered against a plain background. The vessel's body is asymmetrical with fused handles and an indistinct base. Heavy blur and oversmoothing obscure all fine surface details."
"portrait of a tang dynasty empress , soft lighting",midjourney_lowstep_128.jpg,128,2.243369394,0.549053272,2.798535131,0.462046712,A soft-focus portrait depicts a figure in ornate traditional attire against darkness. The subject's headdress and limbs are heavily blurred with indistinct structural boundaries. Global oversmoothing flattens textures and obscures fine details.
"portrait of a tang dynasty empress , soft lighting",midjourney_normal_128.jpg,128,3.872866537,0.303373868,3.482467199,0.598289092,A photorealistic portrait depicts a woman in ornate traditional Chinese imperial dress. The subject’s facial structure and complex headdress are anatomically coherent and complete. Skin surfaces exhibit a uniform waxy smoothness with absent micro-textures.
"portrait of a tang dynasty empress , soft lighting",sd1.5_highcorr_128.jpg,128,3.238537588,0.412408144,3.369531125,0.641940482,Frontal portrait of a figure in ornate traditional orange robes against a dark background. The face appears mask-like with fused fingers and distorted hand anatomy. Skin appears waxy while fabric details show repetitive pseudo-detailing.
"portrait of a tang dynasty empress , soft lighting",sd1.5_lowcorr_128.jpg,128,2.926215464,0.666662471,3.035568457,0.555828567,"A bust portrait of a woman in traditional robes against a dark background. Facial features appear simplified and waxy, with narrow eyes and a fused headpiece. Textures show unnatural plastic smoothness and repetitive background patterns."
"portrait of a tang dynasty empress , soft lighting",sd1.5_lowstep_128.jpg,128,2.888789697,0.372022257,2.994768272,0.489383061,"A digital portrait features a robed figure seated against a plain background. The facial structure is stable, yet the hands show severe anatomical distortion. Image textures are uniformly oversmoothed and lack sharp definition."
"portrait of a tang dynasty empress , soft lighting",sd1.5_normal_128.jpg,128,2.520123245,0.218183046,3.405324243,0.567944595,"A digital portrait depicts a woman in green robes and a golden headdress. Facial features lack definition, and the garment contains a malformed blue stroke. Surfaces appear waxy and over-smoothed with flat, uniform lighting."
"portrait of a tang dynasty empress , soft lighting",xl2.2_normal_128.jpg,128,2.459590343,0.682970217,2.719543848,1.047686291,"A photorealistic portrait presents a woman in traditional attire against a neutral background. Facial anatomy is plausible, yet the lower hair exhibits unnatural fusion and malformation. Skin textures display slight waxiness while global edges remain crisp."
"photography of a happy blonde girl , warm color",AttnGAN_normal_130.jpg,130,0.195283431,0.94753818,0.364583826,0.550765321,"An extremely dark, low-contrast image of an indistinct textured surface. The subject lacks coherent geometry, manifesting as a flat and noisy texture. Heavy noise and underexposure obscure all edge and texture detail."
"photography of a happy blonde girl , warm color",DALLE2_normal_130.jpg,130,2.472262578,0.539184938,3.1259885,0.972795131,A photorealistic portrait shows a laughing woman against a plain white background. Facial anatomy is distorted by unnatural eye squinting and a malformed open mouth. Skin textures appear waxy and lack fine detail.
"photography of a happy blonde girl , warm color",glide_normal_130.jpg,130,2.010516065,0.90379362,0.836918266,0.661848465,A close-up view shows a white daisy with a yellow center. The flower's structure is coherent but lacks clear definition in its petals. Heavy global blur flattens textures and softens all visible edges.
"photography of a happy blonde girl , warm color",midjourney_lowstep_130.jpg,130,3.421003889,0.701623319,3.765970699,0.659670827,"A photorealistic portrait shows a smiling blonde woman in an orange beret. Anatomy is coherent, though teeth appear malformed and hair lacks definition. Heavy oversmoothing creates waxy skin textures and softens visible edges."
"photography of a happy blonde girl , warm color",midjourney_normal_130.jpg,130,4.050672118,0.408509485,3.945913227,0.406445886,A photorealistic portrait shows a smiling blonde woman in a yellow coat. Facial structure is clear while hair strands appear fused and geometrically messy. Surface textures exhibit mild oversmoothing and lack fine-grained material detail.
"photography of a happy blonde girl , warm color",sd1.5_highcorr_130.jpg,130,3.359890074,0.389167057,3.795705898,0.436396903,A photorealistic portrait shows a smiling blonde woman against a brick wall. The subject's facial anatomy is structurally stable and semantically readable. Skin textures exhibit heavy oversmoothing and a waxy surface appearance.
"photography of a happy blonde girl , warm color",sd1.5_lowcorr_130.jpg,130,1.747769213,0.575456998,2.331936513,1.243115243,A laughing blonde woman in a fuzzy coat stands on an urban street. Her mouth and side torso show significant structural distortion and melting. Global oversmoothing and flat textures obscure fine details.
"photography of a happy blonde girl , warm color",sd1.5_lowstep_130.jpg,130,3.108253189,0.584948577,3.562117535,0.526503699,A photorealistic close-up portrait of a smiling blonde woman against a neutral background. The facial anatomy and hair structure appear coherent with high semantic readability. Skin surfaces show a subtle waxy oversmoothing effect.
"photography of a happy blonde girl , warm color",sd1.5_normal_130.jpg,130,3.360750593,0.389271786,3.480852014,0.414291084,"A photorealistic close-up portrait shows a smiling blonde woman against a blurred background. The subject's face is clear, while her hands show subtle anatomical warping. Facial skin appears overly smooth and waxy across the surface."
"photography of a happy blonde girl , warm color",xl2.2_normal_130.jpg,130,3.952270172,0.476524519,3.763511558,0.593806398,"A photorealistic portrait of a blonde woman against a soft green bokeh background. Facial features are stable, though hair strands exhibit unnatural thinness and flow. Skin textures appear waxy with excessive smoothing on the shoulder."
"a girl with rainbow in white shirt , top view",AttnGAN_normal_132.jpg,132,1.29901447,0.844875178,0.158030314,0.446677932,A blurry interior view shows shelves holding various vases and decorative items. Objects and background structures are severely fused and lack coherent geometric definition. Global oversmoothing and melting effects obscure fine details and textures.
"a girl with rainbow in white shirt , top view",DALLE2_normal_132.jpg,132,3.402221092,1.008400409,3.64096935,0.458670749,A top-down portrait shows a person with colored hair against a rainbow. Hand anatomy and facial features exhibit clear structural distortions and unnatural fusion. Textures appear overly smooth with weak edge definition.
"a girl with rainbow in white shirt , top view",glide_normal_132.jpg,132,1.717163144,0.384809747,1.250574517,0.684631068,A front-view white t-shirt on a plain white background. The collar is malformed and the shoulder-to-sleeve transition lacks coherent structure. Significant oversmoothing results in flat textures and poorly defined boundaries.
"a girl with rainbow in white shirt , top view",midjourney_lowstep_132.jpg,132,2.442957962,0.471319936,2.838030773,0.618081757,A soft-focus digital portrait of a long-haired person against a plain background. The subject's facial structure is stable but peripheral limbs lack clear definition. Severe global oversmoothing produces flat textures and indistinct edges throughout.
"a girl with rainbow in white shirt , top view",midjourney_normal_132.jpg,132,3.896040489,0.581125791,3.900312809,0.505798439,A woman lies on a rainbow-colored fabric in a top-down portrait view. Facial features show subtle asymmetry and the collar lacks sharp definition. Global textures appear waxy with noticeable oversmoothing on skin and fabric.
"a girl with rainbow in white shirt , top view",sd1.5_highcorr_132.jpg,132,2.822270352,0.68537227,1.784431343,0.801535975,A top-down portrait shows a girl with pigtails on a grey background. The subject's hands are malformed with fused fingers while the face stays coherent. Skin textures appear overly smooth and lack fine detail.
"a girl with rainbow in white shirt , top view",sd1.5_lowcorr_132.jpg,132,0.713190373,0.723813015,1.416187676,0.982283038,A blurry high-angle photograph shows a reclining person on a plain background. The subject's anatomy is rendered as indistinct blobs without readable structure. Global blur completely flattens all visible textures.
"a girl with rainbow in white shirt , top view",sd1.5_lowstep_132.jpg,132,2.610261314,0.458517849,2.367491079,0.843111741,A top-down portrait of a hooded figure holding a rainbow spiral mask. The hand gripping the object shows fused fingers and missing joint details. Surfaces appear waxy with softened edges and low detail.
"a girl with rainbow in white shirt , top view",sd1.5_normal_132.jpg,132,2.090510173,0.533239076,3.038374121,1.377258381,A photorealistic portrait of a smiling woman against a vibrant abstract geometric background. The subject displays an elongated neck and subtle distortions in facial anatomy. Global textures appear waxy and oversmoothed with a lack of sharp detail.
"a girl with rainbow in white shirt , top view",xl2.2_normal_132.jpg,132,3.628001993,0.638229396,3.114136978,0.672713311,A studio portrait shows a woman with a rainbow head accessory. The figure is anatomically sound while the colorful object is poorly integrated. Skin details exhibit softening and inconsistent local lighting.
"a blue abyss underwater concept art, elevation view",AttnGAN_normal_133.jpg,133,1.328588457,0.643622225,0.44196185,0.644100484,A distorted digital painting of a central figure against a warm abstract background. The subject shows severe anatomical fusion with malformed faces and indistinct body boundaries. Textures show waxy smoothing and weak edge definition.
"a blue abyss underwater concept art, elevation view",DALLE2_normal_133.jpg,133,1.106041797,0.90218897,2.470491925,1.245727294,A dark photorealistic underwater scene shows a deep seabed under faint light. The submerged terrain structure is coherent yet heavily obscured by low-light conditions. Heavy oversmoothing flattens all textures within the dark background areas.
"a blue abyss underwater concept art, elevation view",glide_normal_133.jpg,133,1.056157156,0.380029646,1.184861428,0.645897237,A cropped technical illustration displays a cyan organic shape with dense internal linework. The subject's anatomy is semantically confused by overlapping scribbles and ambiguous external attachments. Illegible text and flat unshaded regions reduce the overall visual clarity.
"a blue abyss underwater concept art, elevation view",midjourney_lowstep_133.jpg,133,0.877850066,0.467036766,1.495094071,0.433459617,"A heavily blurred digital image shows a dim interior with a vertical light source. The subject is structurally illegible, formed by vague and unrecognizable shapes. Extreme global oversmoothing removes all texture and edge definition."
"a blue abyss underwater concept art, elevation view",midjourney_normal_133.jpg,133,3.727351438,0.548720487,3.3417077,0.596346055,A digital painting shows figures on an underwater platform within a vast cavern. The distant subjects are structurally coherent though lacking fine anatomical definition. Background textures appear slightly waxy with some indistinct local details.
"a blue abyss underwater concept art, elevation view",sd1.5_highcorr_133.jpg,133,0.970807385,0.803834703,2.000284186,1.581545127,Abstract blue geometric shapes float on a plain grey background in digital style. The subject's internal organic textures appear fused and lack clear semantic readability. Surfaces show waxy textures and softened edge definitions.
"a blue abyss underwater concept art, elevation view",sd1.5_lowcorr_133.jpg,133,3.395484412,0.661752847,2.056333393,1.616123325,A digital rendering shows a massive blocky cliff overlooking a misty coastal scene. The cliff's geological structure is implausibly geometric with repetitive cubic shapes and disconnections. Surfaces show flat circular artifacts and waxy smoothing.
"a blue abyss underwater concept art, elevation view",sd1.5_lowstep_133.jpg,133,2.749685568,0.860031087,2.545756544,1.519557482,"A top-down view shows a glowing blue river between low-poly rocks. The river channel is structurally coherent despite the stylized, simplified geometry. Textures appear flat and repetitive with softened edge definition."
"a blue abyss underwater concept art, elevation view",sd1.5_normal_133.jpg,133,3.045671512,0.950457984,3.226425262,0.85415302,A massive floating island structure sits in a clear underwater environment. The central platform lacks coherent geometric definition and has blurred mechanical supports. Large surfaces show waxy textures and softened background details.
"a blue abyss underwater concept art, elevation view",xl2.2_normal_133.jpg,133,3.241312234,1.170228187,2.364083074,0.680616639,"A stylized digital painting shows a fantasy canyon with a glowing river and spires. Distant spires show minor geometric irregularities, but the landscape structure is stable. Textures are smooth and painterly with consistent lighting and edge definition."
"a biomechanical orchid heart fusion, close-up",AttnGAN_normal_134.jpg,134,1.646853146,0.676823078,1.084487051,0.831167112,"A close-up shot features malformed fruit hanging within dense green foliage. The subject displays significant structural fusion and implausible organic geometry. The image is dominated by heavy blur, melting textures, and flat surfaces."
"a biomechanical orchid heart fusion, close-up",DALLE2_normal_134.jpg,134,0.902911271,0.528971723,1.276698406,0.893498483,A macro shot features a vibrant purple-striped orchid petal against a dark blue background. The petal's stripe patterns exhibit local fusion and inconsistent organic flow. Surfaces show waxy smoothing and repetitive pseudo-texture details.
"a biomechanical orchid heart fusion, close-up",glide_normal_134.jpg,134,1.478164096,0.536704269,1.996495394,0.771233708,A close-up digital illustration of a purple orchid against a black background. The flower's central structure is malformed with fused petals and unnatural striped textures. Waxy textures and softened edges lack fine detail definition.
"a biomechanical orchid heart fusion, close-up",midjourney_lowstep_134.jpg,134,1.212161793,0.744978468,1.890135375,1.113430708,A blurry close-up displays a distorted organic object against a dark background. The subject is structurally incoherent and semantically difficult to interpret. Severe global blur and softness obscure all fine surface details.
"a biomechanical orchid heart fusion, close-up",midjourney_normal_134.jpg,134,2.746509754,0.608978207,3.035247107,1.144709116,A close-up digital rendering of a surreal mechanical-biological hybrid sculpture with a hand. The hand and upper structures exhibit significant anatomical distortion and structural confusion. Purple surfaces exhibit repetitive noise textures and a waxy material finish.
"a biomechanical orchid heart fusion, close-up",sd1.5_highcorr_134.jpg,134,2.96825071,1.201532224,2.78310259,0.861442985,"A close-up depicts a surreal hybrid of a purple orchid and a mechanical head. The subject's structure merges petals with metal, but the lower region has cluttered geometry. Surfaces show waxy smoothness and repetitive pseudo-detailing."
"a biomechanical orchid heart fusion, close-up",sd1.5_lowcorr_134.jpg,134,3.00308113,0.845032166,2.71292186,1.050939945,A close-up of a surreal abstract sculpture with organic and mechanical elements. The subject displays complex geometry where finger-like structures appear fused and overlapping. High-detail surfaces show consistent lighting and sharp edge definition.
"a biomechanical orchid heart fusion, close-up",sd1.5_lowstep_134.jpg,134,2.917313663,1.389773395,2.653379023,1.28374806,A monochrome close-up depicts a complex mechanical spine against a dark background. The central assembly exhibits intricate yet partially fused and structurally ambiguous components. Surfaces show uniform waxy smoothing with minimal high-frequency textural detail.
"a biomechanical orchid heart fusion, close-up",sd1.5_normal_134.jpg,134,3.150815738,0.763457447,2.61625477,1.024163486,A complex pink mechanical assemblage is centered on a dark grey background. The subject exhibits heavily fused components and structurally ambiguous mechanical geometry. Rendered surfaces show waxy smoothing and inconsistent local detail density.
"a biomechanical orchid heart fusion, close-up",xl2.2_normal_134.jpg,134,3.347801074,0.498134063,3.524109368,0.617234554,A centered digital artwork depicts a mechanical heart with pink flowers. The subject exhibits coherent mechanical geometry and natural floral structures with high readability. Sharp metallic textures show no dominant local artifact.
"a set of different trees and bushes, long-shot",AttnGAN_normal_135.jpg,135,1.161804194,0.262886939,0.361141351,0.584548535,A distorted white shoe-like form and debris float above a blue plane. The main subject exhibits significant structural warping and semantic ambiguity. Flat repetitive textures and weak edge definition lower perceptual fidelity.
"a set of different trees and bushes, long-shot",DALLE2_normal_135.jpg,135,1.886241021,0.876625568,3.011371163,1.158422595,Multiple stylized green tree icons are arranged on a plain white background. The simplified botanical structures remain recognizable despite some irregular branching and abstract shapes. Edges exhibit slight softness and a lack of fine textural detail.
"a set of different trees and bushes, long-shot",glide_normal_135.jpg,135,0.480337043,0.889022317,0.415631423,0.522447825,A heavily underexposed photograph captures a dark treeline silhouette and a grassy slope. Deep shadows render the subject's structure indistinct and semantically illegible. Extreme underexposure flattens textures and eliminates all fine-grained visual detail.
"a set of different trees and bushes, long-shot",midjourney_lowstep_135.jpg,135,1.989267001,0.693791305,3.208949156,0.751560821,A grid of twelve stylized tree illustrations on a plain light background. The subjects are structurally simplified but maintain semantic clarity and variety. Extreme global oversmoothing flattens textures and removes fine detail.
"a set of different trees and bushes, long-shot",midjourney_normal_135.jpg,135,3.723651273,0.925333798,3.825421812,0.488428151,"A watercolor-style illustration depicts multiple tree species on a white background. Tree structures are recognizable, but some branches and trunks show minor fusion. Textures display mild oversmoothing and a slightly waxy, flat visual quality."
"a set of different trees and bushes, long-shot",sd1.5_highcorr_135.jpg,135,3.211379142,0.630840691,3.113493079,0.509289462,"A black-and-white image shows several trees in a bright, grassy park. The central tree's foliage is distorted into a fuzzy mass lacking structure. Global textures appear grainy and lack sharp definition."
"a set of different trees and bushes, long-shot",sd1.5_lowcorr_135.jpg,135,2.955258155,0.758942858,2.237124335,1.23993743,"A black-and-white photo shows leafless trees in a bright snowy landscape. Tree structures are mostly stable but branches show minor local fusion. Textures appear softened and surfaces exhibit a waxy, over-smoothed quality."
"a set of different trees and bushes, long-shot",sd1.5_lowstep_135.jpg,135,3.1806835,0.534501637,2.777653346,0.735406985,A photorealistic scene shows lush trees on a lawn before a building. Tree trunks are unnaturally thin and foliage lacks internal branch structure. Textures appear overly smooth and lack fine detail.
"a set of different trees and bushes, long-shot",sd1.5_normal_135.jpg,135,3.509228886,0.45410794,3.261849072,0.739349932,A photorealistic garden scene features a large central rounded shrub among greenery. The central shrub is recognizable yet possesses an implausibly uniform globular form. Textures exhibit oversmoothing and flattened botanical detail.
"a set of different trees and bushes, long-shot",xl2.2_normal_135.jpg,135,2.538526609,0.565054779,3.001128296,0.676496646,A digital illustration shows stylized trees on rolling green hills. The subjects are structurally stable with clear forms and readable geometry. Clean rendering maintains sharp edges and consistent color gradients.
"man in his late 40 s wearing a suit, blurred detail",AttnGAN_normal_136.jpg,136,0.778016184,0.460218385,0.617236002,0.684357761,A vertically smeared image depicts a distorted human figure in a bright room. The subject's anatomy is severely warped and fused into an unreadable shape. Heavy blurring eliminates edge clarity and texture.
"man in his late 40 s wearing a suit, blurred detail",DALLE2_normal_136.jpg,136,3.108728168,0.572480138,3.154626828,0.462788241,Close-up of a man in a dark suit and red shirt. The subject's neck and collar anatomy appear plausible with minor local fusion. Skin and fabric surfaces exhibit significant waxy oversmoothing and softened details.
"man in his late 40 s wearing a suit, blurred detail",glide_normal_136.jpg,136,0.283510549,0.404464609,0.182860864,0.415381174,"A dark, indistinct stylized figure is centered in a low-light scene. The subject's structure is completely obscured by extreme underexposure and heavy blur. Global sharpness is lost, resulting in flat textures and undefined edges."
"man in his late 40 s wearing a suit, blurred detail",midjourney_lowstep_136.jpg,136,2.883906185,0.344390465,3.569709785,0.486935697,A close-up portrait captures a man in a formal pinstripe suit. The subject's mouth and mustache region exhibit severe structural fusion and distortion. Heavy blurring and smoothing reduce texture clarity across the entire frame.
"man in his late 40 s wearing a suit, blurred detail",midjourney_normal_136.jpg,136,3.257944615,0.48980857,3.351474113,0.477364469,A four-panel grid displays photorealistic portraits of a man in suits. Facial structures remain mostly coherent despite minor inconsistencies in ear and hairline geometry. Skin appears waxy and oversmoothed with softened edge definitions.
"man in his late 40 s wearing a suit, blurred detail",sd1.5_highcorr_136.jpg,136,3.410576846,0.595894176,3.572455852,0.578699258,"A photorealistic portrait shows a suited man adjusting his jacket against a lined wall. The face is clear, but the hands show structural fusion and malformation. Textures appear overly smooth with a pervasive waxy finish."
"man in his late 40 s wearing a suit, blurred detail",sd1.5_lowcorr_136.jpg,136,2.195092561,0.740081481,2.121896541,1.103338916,"A close-up captures a person's torso and hand in warm, soft light. Hand anatomy is distorted with fused fingers and indistinct suit buttons. Flat textures and heavy smoothing dominate the perceptual quality."
"man in his late 40 s wearing a suit, blurred detail",sd1.5_lowstep_136.jpg,136,1.14671176,0.420966276,3.417262215,0.80776616,A heavily blurred close-up shows a man in a suit and red tie. The subject's facial structure and attire are indistinct and lack semantic clarity. Extreme global blur obscures all textures and edge definitions.
"man in his late 40 s wearing a suit, blurred detail",sd1.5_normal_136.jpg,136,3.537280489,0.888189765,3.31387068,0.786724435,A photorealistic close-up portrait shows a smiling man in a grey suit. Facial structure is coherent despite minor distortions in the ear and teeth. Skin appears waxy and suit fabric shows repetitive pseudo-detail.
"man in his late 40 s wearing a suit, blurred detail",xl2.2_normal_136.jpg,136,3.179506101,0.863717359,3.303761333,0.903120844,"A photorealistic portrait features an older bearded man in a suit holding a briefcase. The subject's hands are malformed and fused, and the briefcase lacks coherence. Radial background blurring and flat textures soften the image details."
"render of dreamy beautiful landscape, soft lighting",AttnGAN_normal_138.jpg,138,0.880865797,0.317320028,2.380364545,0.786547584,A heavily blurred close-up depicts indistinct brown forms on a pale surface. The subject is structurally incoherent and lacks any semantic readability. Extreme blur and oversmoothing eliminate all texture detail.
"render of dreamy beautiful landscape, soft lighting",DALLE2_normal_138.jpg,138,2.39306082,0.931456905,3.140830692,0.545854668,A digital aerial view shows green hills under a hazy glowing sky. The terrain structure is stable and readable though geologically simplistic and smoothed. Global textures appear waxy and oversmoothed with minimal high-frequency detail.
"render of dreamy beautiful landscape, soft lighting",glide_normal_138.jpg,138,0.701659223,0.273446802,1.585786942,1.451410518,A blurry digital painting shows a distant building at night by a glowing pool. The architectural subject is structurally vague and lacks recognizable geometric detail. Severe oversmoothing and color bleeding eliminate most textural information.
"render of dreamy beautiful landscape, soft lighting",midjourney_lowstep_138.jpg,138,1.956105243,0.633426044,3.361171272,0.486962419,A blurry painting depicts a misty path with glowing lamps at twilight. The path and lamps are structurally stable but lack clear local definition. Global oversmoothing flattens textures and softens all visible edges.
"render of dreamy beautiful landscape, soft lighting",midjourney_normal_138.jpg,138,2.888789697,0.531110329,3.323965048,0.635594577,A 3D rendered landscape features a river flowing through a lit forest at sunset. The scene is coherent although vegetation lacks fine internal branching detail. Global textures appear smooth and waxy with softened edges.
"render of dreamy beautiful landscape, soft lighting",sd1.5_highcorr_138.jpg,138,3.265755311,0.686139538,3.256355245,0.926042319,"A digital painting depicts a misty mountain landscape with a forest and lake. The landscape structure is coherent, though the foreground rock lacks realistic form. Global textures exhibit heavy oversmoothing and flatness."
"render of dreamy beautiful landscape, soft lighting",sd1.5_lowcorr_138.jpg,138,3.757702826,0.623705811,3.906719072,0.535626699,A soft-focus digital painting captures a snowy riverbank scene at dusk. Distant foliage is heavily fused and lacks coherent botanical structure. Widespread oversmoothing creates flat textures and indistinct boundaries across the frame.
"render of dreamy beautiful landscape, soft lighting",sd1.5_lowstep_138.jpg,138,3.490003257,0.640677587,3.185246111,0.58636812,"A digital landscape shows a stream and treeline under a glowing moon. The forest silhouette is sound, though the stream shape is warped. Grass textures appear overly smoothed with weak local detail."
"render of dreamy beautiful landscape, soft lighting",sd1.5_normal_138.jpg,138,3.673198773,0.69378057,3.726316663,0.594816011,A digital illustration features a foggy forest under bright backlighting. Distant trees are visually fused and lack plausible botanical structure. Image-wide textures appear overly smoothed with softened boundary definitions.
"render of dreamy beautiful landscape, soft lighting",xl2.2_normal_138.jpg,138,3.193169444,0.726732262,3.569709785,0.441784637,The image shows a stylized 3D landscape with pink trees and mountains. Subject structure remains coherent with stable tree forms and clear spatial layout. Surfaces show uniform waxy textures and softened edge definitions.
"digital painting of a lake at sunset, HDR lighting",AttnGAN_normal_139.jpg,139,1.435991833,0.556396706,1.221288303,1.189454258,A low-fidelity digital image of a warped urban building facade. The subject's structure is severely malformed with melted geometry and broken symmetry. Pervasive blur and flat textures eliminate any sense of fine detail.
"digital painting of a lake at sunset, HDR lighting",DALLE2_normal_139.jpg,139,2.625770283,0.684216028,2.915867386,0.968028555,A painterly landscape shows a calm lake reflecting a vibrant twilight sky. The silhouetted treeline remains coherent despite lacking fine botanical detail. Heavy smoothing produces a waxy texture with indistinct global boundaries.
"digital painting of a lake at sunset, HDR lighting",glide_normal_139.jpg,139,1.006207915,0.534287314,1.629211276,1.061454994,An abstract blurred landscape shows a red sky above dark silhouettes. The scene lacks structural coherence as forms dissolve into broad color fields. Severe global blur and oversmoothing eliminate all fine textural detail.
"digital painting of a lake at sunset, HDR lighting",midjourney_lowstep_139.jpg,139,1.921352979,0.828247388,2.913115479,1.3902629,A soft-focus digital landscape shows a sunset over water and trees. The scene layout is plausible though all subject boundaries are indistinct. Heavy smoothing and blur remove all texture and edge clarity.
"digital painting of a lake at sunset, HDR lighting",midjourney_normal_139.jpg,139,3.808864944,0.573783568,3.781418415,0.441179738,"A digital painting depicts a sunset over a lake with trees and reeds. The landscape structure is coherent, but foreground elements lack distinct geometric clarity. Global textures exhibit waxy oversmoothing and flat surface details."
"digital painting of a lake at sunset, HDR lighting",sd1.5_highcorr_139.jpg,139,1.678769845,0.770325933,2.462303257,1.118537851,A stylized digital painting depicts a sunset over a calm lake with trees. The tree mass lacks structure and light rays appear unnaturally rigid. Heavy smoothing and pervasive grainy noise obscure all fine details.
"digital painting of a lake at sunset, HDR lighting",sd1.5_lowcorr_139.jpg,139,2.874527714,0.458830614,3.189847843,0.587564824,A digital painting depicts a lakeside scene with two trees and mountains. Tree trunks show malformed anatomy and the foreground path exhibits warped geometry. Distant elements are oversmoothed and textures appear flat.
"digital painting of a lake at sunset, HDR lighting",sd1.5_lowstep_139.jpg,139,2.377839033,0.614357839,2.908503737,1.02303798,"A digital landscape features a lake, banks, and a tree under banded light. The landscape structure is coherent but follows an unnaturally rigid horizontal layout. Surfaces display repetitive pseudo-textures and lack clear edge definition."
"digital painting of a lake at sunset, HDR lighting",sd1.5_normal_139.jpg,139,3.897509797,0.722405054,3.435662922,0.879119534,A vibrant digital painting captures a sunset over a lake and wooded shoreline. The landscape is recognizable but features simplified and somewhat indistinct natural structures. Waxy textures and pervasive oversmoothing obscure fine surface details.
"digital painting of a lake at sunset, HDR lighting",xl2.2_normal_139.jpg,139,3.089166137,0.445107788,3.425191569,0.676576705,A stylized digital landscape shows a vibrant sunset reflected in a river between forests. Tree structures are heavily distorted with melted textures lacking structural coherence. Global textures appear overly smooth and waxy with softened boundaries.
"cute great old ones sitting in a bar, warm color",AttnGAN_normal_140.jpg,140,0.780698266,0.636568211,0.809150671,0.898241166,A dark digital painting shows a suited figure with floating malformed hands. The subject's anatomy is severely distorted with disconnected limbs and an implausible layout. Waxy textures and soft edges show inconsistent global lighting.
"cute great old ones sitting in a bar, warm color",DALLE2_normal_140.jpg,140,3.319686232,0.50937099,2.86290332,1.04960063,A photorealistic image shows a large dog at a wooden bar table. The canine subject displays significant facial distortion and malformed snout geometry. Global textures exhibit waxiness and oversmoothing with softened edge clarity.
"cute great old ones sitting in a bar, warm color",glide_normal_140.jpg,140,1.388617757,0.527942727,0.729132965,0.658686852,Three stemmed glasses appear against a dark background in a blurry style. The glass vessels are stable but contain malformed and unreadable internal details. Heavy blurring obscures fine details and softens all visible edges.
"cute great old ones sitting in a bar, warm color",midjourney_lowstep_140.jpg,140,1.540771109,0.67272521,2.817848923,0.444241977,Three goblin-like figures sit at a wooden table in dim light. Facial anatomy and hand structures are heavily blurred and lack coherence. Extreme oversmoothing flattens textures and eliminates sharp edge definition everywhere.
"cute great old ones sitting in a bar, warm color",midjourney_normal_140.jpg,140,3.917498726,0.535288372,3.792550504,0.517406117,Four elderly men in caps lean on a wooden counter indoors. Facial features and hand structures show significant blurring and malformation. Waxy textures and heavy smoothing obscure fine details.
"cute great old ones sitting in a bar, warm color",sd1.5_highcorr_140.jpg,140,3.265696033,0.265856405,1.510472273,1.028170478,Red leather stools line a wooden bar counter in a warmly lit room. Stools maintain coherent form while background shelving exhibits severe semantic confusion. Global oversmoothing creates waxy textures and obscures fine edge definitions.
"cute great old ones sitting in a bar, warm color",sd1.5_lowcorr_140.jpg,140,2.39306082,0.846976622,3.180326333,0.845804481,Elderly men sit at a bar in a dimly lit pub interior. Faces and hands are severely distorted with malformed features and fused digits. Global blur and melting obscure fine textures and sharp edges.
"cute great old ones sitting in a bar, warm color",sd1.5_lowstep_140.jpg,140,3.507430325,0.526371039,1.679491953,0.718834646,"A photorealistic interior view of a warmly lit wooden pub with seating. Furniture geometry is unstable, showing warped tables, malformed stools, and gibberish text. Background elements exhibit blurry pseudo-details and softened edge definitions throughout."
"cute great old ones sitting in a bar, warm color",sd1.5_normal_140.jpg,140,2.671047584,0.420442844,3.262068577,0.465174541,Three stylized figures sit at a wooden bar in a warmly lit interior. Facial features and hands appear oversimplified with indistinct anatomical boundaries. Global textures show heavy smoothing and lack fine edge clarity.
"cute great old ones sitting in a bar, warm color",xl2.2_normal_140.jpg,140,3.197799919,0.364794616,1.432547651,0.810657653,Two stylized wooden animal figurines sit on a reflective surface under warm lighting. The subjects are structurally stable but have simplified and abstract limb-to-body connections. Surface details show slight oversmoothing and waxy texture consistency.
"a portrait of girl bard in red dress, cold color",AttnGAN_normal_141.jpg,141,0.749492217,0.418028146,0.775738154,1.200086593,"A dark, unrecognizable figure floats in a dimly lit interior with glowing windows. The subject is a shapeless mass lacking discernible limbs or structural coherence. Heavy global blur masks all textures and edge definitions."
"a portrait of girl bard in red dress, cold color",DALLE2_normal_141.jpg,141,2.058266369,0.579100256,2.474154779,0.797689169,A woman in a red dress sits within a dark purple forest scene. The subject's pose is stable though facial details are slightly softened. Global textures show significant oversmoothing and weak edge definition.
"a portrait of girl bard in red dress, cold color",glide_normal_141.jpg,141,1.989267001,0.641625154,0.447544482,0.508058408,A close-up view captures a cat nestled within vibrant red fabric. The cat's face remains readable despite mild asymmetry and softened muzzle features. Severe oversmoothing flattens textures and blurs all edges.
"a portrait of girl bard in red dress, cold color",midjourney_lowstep_141.jpg,141,2.817259418,0.256599604,2.782294356,0.799222141,A red-haired girl in a red dress holds a guitar in a dark scene. The hands and guitar are heavily distorted by motion blur and ghosting. Global edges are smeared with lost texture detail.
"a portrait of girl bard in red dress, cold color",midjourney_normal_141.jpg,141,4.195383409,0.451440792,2.414472557,0.54056665,A cinematic close-up portrait of a woman against a dark bokeh background. The woman's facial features are anatomically plausible and structurally consistent. Peripheral textures exhibit a subtle waxy oversmoothing effect.
"a portrait of girl bard in red dress, cold color",sd1.5_highcorr_141.jpg,141,3.157062251,0.408411168,2.846322945,0.909865663,"A framed portrait shows a woman in a red dress holding a small instrument. The figure is stable, but the instrument and hands are heavily fused and structurally broken. Surfaces look waxy and edges lack sharp definition."
"a portrait of girl bard in red dress, cold color",sd1.5_lowcorr_141.jpg,141,1.971039124,0.504680821,2.194135419,0.680119664,A framed artwork depicts a woman in a red garment. The subject's facial features are slightly distorted while the body lacks defined structure. Pervasive oversmoothing and flat textures obscure fine details across the image.
"a portrait of girl bard in red dress, cold color",sd1.5_lowstep_141.jpg,141,2.602757767,0.394982854,2.760302381,0.519789852,A portrait of a woman in a red dress against a textured wall. The subject's face exhibits unnatural eye alignment and slightly distorted jewelry details. Skin appears waxy with repetitive background patterns.
"a portrait of girl bard in red dress, cold color",sd1.5_normal_141.jpg,141,0.407182498,0.144939979,1.59075248,0.531859053,A heavily blurred portrait of a person in red clothing against a plain background. The subject's facial and bodily structures are entirely indistinct and unrecognizable. Extreme global oversmoothing removes all texture and detail.
"a portrait of girl bard in red dress, cold color",xl2.2_normal_141.jpg,141,3.987113084,0.493537561,3.832951723,0.433304497,A woman in a red dress sits by a misty lake under dark skies. The subject's hand anatomy shows slight fusion and elongation despite clear framing. Waxy skin textures and soft backgrounds reduce perceptual realism.
"a biomechanical passion fruit flower, top view",AttnGAN_normal_142.jpg,142,0.807856712,0.451747229,0.842546938,0.900876161,"A digital painting of a severely distorted humanoid figure against an abstract background. The subject displays extreme structural fusion and facial malformation, lacking semantic clarity. Melting textures, oversmoothing, and broken edges degrade the global perceptual quality."
"a biomechanical passion fruit flower, top view",DALLE2_normal_142.jpg,142,2.14357511,0.892794556,2.443074357,0.883925442,A centered macro shot features a passion flower's complex central anatomy. The subject's internal floral structures are fused and lack coherent botanical geometry. Global details show softening and a pervasive waxy surface texture.
"a biomechanical passion fruit flower, top view",glide_normal_142.jpg,142,1.391281461,0.524722086,2.433914506,0.913868924,A centered close-up of a vibrant passion flower against a black background. Central floral parts are severely malformed and fused into a semantically unreadable cluster. Global oversmoothing produces waxy surfaces and softens all fine edges.
"a biomechanical passion fruit flower, top view",midjourney_lowstep_142.jpg,142,2.777468708,0.528018944,3.249433797,0.933364258,A centered macro shot shows a heavily blurred passion flower on a dark background. The central floral anatomy is malformed into a distorted geometric shape. Heavy global oversmoothing removes fine texture and sharp edges.
"a biomechanical passion fruit flower, top view",midjourney_normal_142.jpg,142,3.605176603,0.436461386,2.90198339,1.203525056,A centered mechanical passionflower with intricate gears rests on a black background. The subject features a coherent and detailed clockwork structure with stable geometry. Textures and edges exhibit no significant local distortion.
"a biomechanical passion fruit flower, top view",sd1.5_highcorr_142.jpg,142,2.592649388,1.01832015,2.258761363,1.300187271,A centered macro view shows a stylized fruit cross-section on a gray background. The subject exhibits coherent radial geometry but contains unnatural mechanical details in its center. Surfaces show a waxy texture with minor pseudo-detailing throughout.
"a biomechanical passion fruit flower, top view",sd1.5_lowcorr_142.jpg,142,2.559384627,0.809880346,2.798535131,1.033574331,"A macro image features a centered cross-section of a stylized round fruit. Radial anatomy is stable, though the central core appears slightly malformed. Fine surface details show subtle oversmoothing and minor textural repetition."
"a biomechanical passion fruit flower, top view",sd1.5_lowstep_142.jpg,142,2.391896453,1.003197909,2.851503215,0.987421654,A centered top-down view of a complex symmetrical organic object on a grey surface. The subject maintains stable geometry and clear semantic readability within its intricate structure. Details show subtle softening and a slightly waxy surface quality.
"a biomechanical passion fruit flower, top view",sd1.5_normal_142.jpg,142,3.129903806,0.806908325,3.00217219,1.173924227,"A centered digital rendering of a stylized yellow and purple flower on a gray background. Tangled filaments are fused, compromising the structural integrity of the floral form. Surfaces show a waxy texture with softened edges."
"a biomechanical passion fruit flower, top view",xl2.2_normal_142.jpg,142,3.195617381,0.848150671,3.907443374,0.534317129,A digital illustration presents a stylized flower with a citrus fruit center. The subject features a coherent radial structure with distinct petals and a detailed core. Surfaces show subtle waxiness and softened fine textural details.
"portrait of squids swarming the ocean, elevation view",AttnGAN_normal_143.jpg,143,0.735230234,0.365980305,0.653813422,0.536947976,A close-up of several distorted abstract faces on a striped background. Subject structure is broken with fused features and repetitive eye patterns. Heavy blur and waxy textures obscure all fine details.
"portrait of squids swarming the ocean, elevation view",DALLE2_normal_143.jpg,143,1.463652872,0.501326651,1.805635978,0.501890153,An aerial view captures a dense school of fish in turquoise water. Individual subjects lack anatomy and merge into a visually confusing organic texture. Textures exhibit repetitive pseudo-details and softened edge definitions.
"portrait of squids swarming the ocean, elevation view",glide_normal_143.jpg,143,2.166977719,0.614305072,1.255488616,0.66933851,A blurry digital painting depicts a calm ocean under a cloudy sky. The horizontal cloud band shows unnatural repetition and lacks distinct internal structure. Heavy oversmoothing flattens all textures and eliminates fine edge definition.
"portrait of squids swarming the ocean, elevation view",midjourney_lowstep_143.jpg,143,1.731197672,0.713435659,1.688692578,1.096883662,"A macro shot shows a dense school of translucent fish-like creatures. Subjects have simplified, fused bodies with repetitive poses and indistinct anatomy. Heavy softness and waxy textures obscure fine surface details."
"portrait of squids swarming the ocean, elevation view",midjourney_normal_143.jpg,143,2.903508628,0.715033285,3.4459796,0.253458407,A photorealistic underwater image displays a dense school of squid-like creatures. Individual subjects exhibit severe anatomical distortion with fused tentacles and malformed heads. Textures appear waxy with inconsistent local details.
"portrait of squids swarming the ocean, elevation view",sd1.5_highcorr_143.jpg,143,1.956105243,0.517525479,1.883753543,0.832936621,"A stylized landscape shows a rocky cliff, wavy water, and a sky of ray-like shapes. The subject shows extreme repetition of creatures and forms, appearing as cloned stamps. Textures show heavy tiling and lack unique detail."
"portrait of squids swarming the ocean, elevation view",sd1.5_lowcorr_143.jpg,143,2.600314118,0.808938022,2.968775923,0.672392872,"A dense school of malformed aquatic creatures fills a murky underwater view. Individual subjects suffer from fused anatomy, broken symmetry, and warped body plans. Textures appear waxy with softened edges and repetitive surface patterns."
"portrait of squids swarming the ocean, elevation view",sd1.5_lowstep_143.jpg,143,2.851759102,0.894127491,2.166015202,0.550344023,"Two dark winged figures fly over a massive textured wave in a detailed engraving style. Subjects are clear silhouettes, yet the wave geometry shows subtle repetitive patterning. Fine lines show minor pseudo-detailing and softened edges."
"portrait of squids swarming the ocean, elevation view",sd1.5_normal_143.jpg,143,2.309898917,1.086186803,1.890135375,0.861333496,An aerial view captures multiple orange elongated objects on blue water. The subjects are coherent but lack distinct features and show repetitive forms. Significant global blur reduces edge clarity and flattens surface textures.
"portrait of squids swarming the ocean, elevation view",xl2.2_normal_143.jpg,143,3.024480393,0.675445922,2.680501651,0.718605819,A digital illustration features stylized red cephalopods in a serene underwater setting. The central creature exhibits a stable structure with recognizable anatomical features. Textures and edges display high clarity without visible artifacts.
"kraken is using large sponge for bath, long-shot",AttnGAN_normal_145.jpg,145,1.106041797,0.423951925,0.739160734,0.406148152,"A close-up features a distorted, glossy metallic robot-like figure on a red background. The subject's anatomy is severely malformed with fused, amorphous shapes and broken geometry. Heavy blur and waxy surfaces soften all edges and obscure fine details."
"kraken is using large sponge for bath, long-shot",DALLE2_normal_145.jpg,145,3.048358432,0.380960927,1.972767588,0.340659148,A photorealistic close-up shows an octopus on a sponge under falling water. The subject is recognizable but features unnaturally elongated and rigid tentacles. Water streams show repetitive beading and textures appear flat.
"kraken is using large sponge for bath, long-shot",glide_normal_145.jpg,145,0.563430702,0.292561854,0.697829781,0.697705953,A close-up view captures a square baked pastry against a neutral backdrop. The subject's geometry is stable but contains confusing pseudo-texture marks. Extreme blurring and waxy smoothing dominate the entire visual field.
"kraken is using large sponge for bath, long-shot",midjourney_lowstep_145.jpg,145,1.860824639,0.528090495,2.074448369,0.811055414,A large brown octopus rests inside a white bathroom bathtub. The creature's anatomy is mostly stable but lacks distinct limb separation. Heavy blurring degrades texture clarity across the entire frame.
"kraken is using large sponge for bath, long-shot",midjourney_normal_145.jpg,145,3.685179175,0.880950653,2.714701964,0.501910459,A large red octopus sits in a bathtub within a realistic bathroom scene. The subject is clear despite minor geometric distortions in the tentacle layout. Skin textures show slight waxiness while edges remain sharp.
"kraken is using large sponge for bath, long-shot",sd1.5_highcorr_145.jpg,145,2.777468708,0.807211006,1.660278593,1.21228004,A yellow cartoon character sits on a blue sponge on a wooden surface. The subject maintains coherent structure despite partial cropping of the right limb. Background textures display subtle repetition and softened edge definition.
"kraken is using large sponge for bath, long-shot",sd1.5_lowcorr_145.jpg,145,2.326531297,0.917069093,1.929631016,0.620513963,A surreal scene shows a green object in water near a large creature. The central subject exhibits an unnatural fused structure and confusing textures. Noise and flat textures reduce the perceptual quality.
"kraken is using large sponge for bath, long-shot",sd1.5_lowstep_145.jpg,145,2.223207403,0.648224843,2.076296124,0.842069806,A close-up shows a blue tentacled creature with mismatched eyes on an orange surface. The subject features a coherent surreal form with fused tentacle bases and asymmetrical eyes. Granular textures dominate the surfaces with well-defined edges.
"kraken is using large sponge for bath, long-shot",sd1.5_normal_145.jpg,145,2.161428554,0.395444296,1.06835751,0.769046059,Two colorful 3D-rendered cartoon characters sit on a textured brown surface. Both subjects are structurally stable with clear facial features and consistent geometry. Surfaces exhibit slight waxy smoothing and repetitive background texture patterns.
"kraken is using large sponge for bath, long-shot",xl2.2_normal_145.jpg,145,3.61615084,0.40195996,3.287387628,0.256450267,A red octopus sits on a yellow rock in a green underwater scene. The creature's anatomy is plausible despite some tangled and inconsistently scaled tentacles. Surfaces exhibit waxy smoothness and softened local detail definition.
"cute fluffy lion cheetah hybrid mixed, blurred detail",AttnGAN_normal_146.jpg,146,0.79126251,0.36227796,0.431166364,0.400842567,A blurry close-up of abstract brown and orange organic shapes. The subject consists of fused and warped structures lacking any coherent form. Severe global blur and waxy texture smoothing obscure all details.
"cute fluffy lion cheetah hybrid mixed, blurred detail",DALLE2_normal_146.jpg,146,3.249399128,0.360934474,3.50130916,0.5666759,A photorealistic close-up shows a cheetah cub's face against a green background. The facial structure is anatomically plausible with clear eyes and distinct markings. Minor smoothing softens the fur texture and local edge definition.
"cute fluffy lion cheetah hybrid mixed, blurred detail",glide_normal_146.jpg,146,1.866501955,0.402894545,2.740407521,0.633372729,"A blurry digital painting of a cheetah face fills the frame. The animal's features are recognizable but heavily softened and lacking in structural definition. Extreme oversmoothing produces flat, waxy textures across the entire image."
"cute fluffy lion cheetah hybrid mixed, blurred detail",midjourney_lowstep_146.jpg,146,2.426325581,0.498139467,3.720100101,0.446562769,A close-up digital painting depicts a cheetah cub against a blurred background. The facial structure is coherent despite minor simplification of the muzzle. Global oversmoothing flattens textures and obscures fine details.
"cute fluffy lion cheetah hybrid mixed, blurred detail",midjourney_normal_146.jpg,146,3.632335048,0.762296174,3.469719925,0.727123386,A close-up portrait of a cheetah cub with a blurred background. The subject's facial features are structurally stable and clearly defined. Peripheral fur appears smoothed with softened edge definition.
"cute fluffy lion cheetah hybrid mixed, blurred detail",sd1.5_highcorr_146.jpg,146,2.717645898,0.602335551,3.202040316,0.693034816,"A close-up digital portrait of a fluffy stylized cheetah against a blurred background. The facial anatomy is coherent, though muzzle markings appear unnaturally thick and fused. Fur textures show noticeable oversmoothing and a waxy surface quality."
"cute fluffy lion cheetah hybrid mixed, blurred detail",sd1.5_lowcorr_146.jpg,146,3.231077294,0.405727138,3.336157521,0.434186238,A close-up portrait shows a fluffy cheetah cub against a blurred background. The subject's structure is stable despite distorted eyes and irregular spots. Fur textures show subtle oversmoothing and lack sharp micro-detail.
"cute fluffy lion cheetah hybrid mixed, blurred detail",sd1.5_lowstep_146.jpg,146,3.058356047,0.988298214,3.417300183,1.002016532,"A close-up portrait displays a cheetah with striking blue eyes. The cheetah's anatomy is structurally stable, though its eye color is unrealistic. Fur textures appear uniformly waxy and lack natural micro-detail."
"cute fluffy lion cheetah hybrid mixed, blurred detail",sd1.5_normal_146.jpg,146,3.601888857,0.267123479,3.543429565,0.205746651,A close-up portrait presents a cheetah cub against a cracked surface backdrop. Facial features are clear but show unnatural eye proportions and heavy markings. Fur texture appears waxy and background details are mildly smoothed.
"cute fluffy lion cheetah hybrid mixed, blurred detail",xl2.2_normal_146.jpg,146,3.474317862,0.605192015,3.455708742,0.705387401,"A close-up digital portrait of a fluffy spotted feline head on green. The subject has a coherent face but exhibits unnaturally long, dense fur. Fur textures appear waxy with softened edges."
"bill gates and jason statham fight m , hyper detail",AttnGAN_normal_147.jpg,147,1.230273953,0.621344636,0.577911226,0.754104312,"A blurry animal figure sits in a distorted natural scene with painterly effects. The subject lacks anatomical clarity and appears as a malformed, indistinct furry mass. Severe oversmoothing and repetitive texture melting obscure details."
"bill gates and jason statham fight m , hyper detail",glide_normal_147.jpg,147,1.048993865,0.437124392,0.56846611,0.274266954,A close-up of a symmetrical gothic-style ornamental carving on a dark surface. The central facial region is heavily distorted with fused and illegible features. Significant blur and noise soften all edges and obscure fine textures.
"bill gates and jason statham fight m , hyper detail",midjourney_lowstep_147.jpg,147,2.757389397,0.648647191,2.258697793,0.634811859,Two bald men face each other in a close-up indoor portrait. Profiles are coherent yet eyewear lacks physical support and ears look fused. Surfaces exhibit waxy oversmoothing and lack fine textural detail.
"bill gates and jason statham fight m , hyper detail",midjourney_normal_147.jpg,147,3.939872222,0.686213821,2.508900426,0.860756441,Two men in suits face each other outdoors in bright daylight. Both subjects show coherent anatomy and stable structural plausibility. Textures and edges show no dominant local artifact.
"bill gates and jason statham fight m , hyper detail",sd1.5_highcorr_147.jpg,147,2.771446817,0.605996792,3.079505301,0.946566129,"A photorealistic close-up shows one man grabbing another's collar against a neutral background. Subjects' faces are clear, but the grasping hand exhibits minor structural fusion. Skin textures display heavy pseudo-detail and inconsistent micro-contrast throughout."
"bill gates and jason statham fight m , hyper detail",sd1.5_lowcorr_147.jpg,147,2.478791084,0.564328295,1.548541117,0.701366909,"A photorealistic image shows men in suits shaking hands at a crowded event. Central subjects exhibit severe anatomical distortion with malformed faces and fused, extra fingers. Textures appear waxy with softened details and inconsistent edges."
"bill gates and jason statham fight m , hyper detail",sd1.5_lowstep_147.jpg,147,2.478101113,0.616176591,1.432547651,0.929152242,"A photorealistic close-up shows a suited man wearing a complex head-mounted device. The subject's face is clear, but the headgear is fused to the skin. Subtle waxiness and softened edges affect the skin near the device."
"bill gates and jason statham fight m , hyper detail",sd1.5_normal_147.jpg,147,3.131243411,0.627204933,1.787713427,0.752952995,"Two men walk side-by-side in an outdoor urban setting under daylight. The subjects' hands and arm joints display significant anatomical distortion and fusion. Background figures and surfaces exhibit heavy blurring, melting, and pseudo-detail."
"bill gates and jason statham fight m , hyper detail",xl2.2_normal_147.jpg,147,4.205990313,0.865700504,2.087613583,0.924420663,Two men in formal tuxedos pose together against a dark event background. Facial structures remain coherent while the visible hand exhibits clear finger fusion. Global textures appear waxy with characteristic oversmoothing across skin regions.
"a portrait painting of a buck in suit, soft lighting",AttnGAN_normal_148.jpg,148,0.749492217,0.424925055,0.641620949,0.585986517,A distorted elephant stands before a colorful striped background in a painterly style. The subject displays severe anatomical warping with fused limbs and a malformed head. Textures appear waxy and oversmoothed with weak edge definition.
"a portrait painting of a buck in suit, soft lighting",DALLE2_normal_148.jpg,148,2.869848764,0.519797902,3.592509994,0.32224058,A frontal oil-painting portrait of a deer-headed figure in a suit. The subject is stable despite minor facial asymmetry and an indistinct neck. Global textures show waxy smoothness with softened edge boundaries.
"a portrait painting of a buck in suit, soft lighting",glide_normal_148.jpg,148,1.373683876,0.318550581,1.486464742,0.373860357,A close-up portrait of a deer head against a vibrant green-yellow background. The facial structure is recognizable but lacks clarity due to extreme softening. Global oversmoothing creates a waxy appearance and removes surface texture.
"a portrait painting of a buck in suit, soft lighting",midjourney_lowstep_148.jpg,148,3.430745058,0.485540004,3.836048921,0.329967793,A digital portrait shows an anthropomorphic deer in a suit against a dark background. The subject displays a stable structure with a clear head and attire. Significant blur and smoothing soften textures and obscure fine details.
"a portrait painting of a buck in suit, soft lighting",midjourney_normal_148.jpg,148,3.587626873,0.337469544,3.799471502,0.417299888,A digital painting depicts a deer-headed figure in a formal suit against a dark background. Subject anatomy and attire are structurally coherent and semantically clear. Textures show slight oversmoothing and weak edge definition.
"a portrait painting of a buck in suit, soft lighting",sd1.5_highcorr_148.jpg,148,3.510122043,0.64975446,2.100472987,0.552786523,A digital portrait of a deer head sits on a plain background. The subject is clear but the muzzle region appears slightly malformed. Fur textures look overly smooth and waxy with weak detail.
"a portrait painting of a buck in suit, soft lighting",sd1.5_lowcorr_148.jpg,148,3.093635734,0.594947988,3.417262215,0.738504666,A framed digital portrait shows a deer in a suit and tie. The subject has a missing eye and an extra malformed antler. Oversmoothing blurs details and melts the lower body into the background.
"a portrait painting of a buck in suit, soft lighting",sd1.5_lowstep_148.jpg,148,3.255352906,0.246357464,3.870197548,0.588799856,A digital portrait shows a deer in a suit against a plain background. The subject's face is distorted with asymmetrical eyes and a dark muzzle area. Textures appear waxy and lack fine-grained surface detail definition.
"a portrait painting of a buck in suit, soft lighting",sd1.5_normal_148.jpg,148,3.523701266,0.709930043,1.833302852,0.685981562,A digital painting depicts a buck's head and shoulders against a blue background. The deer's face shows semantic distortion with unnatural eyes and a malformed muzzle. Fur textures appear flat and waxy from pervasive oversmoothing.
"a portrait painting of a buck in suit, soft lighting",xl2.2_normal_148.jpg,148,3.837774272,0.636359272,3.969519749,0.539587164,"A digital painting depicts a stag in a blue suit against a brown background. The subject's head is stable, though facial features appear somewhat flattened. Background regions exhibit mild smearing with inconsistent brushwork."
"a plasticine model of a goblin raider, HDR lighting",AttnGAN_normal_149.jpg,149,0.792278167,0.506241108,1.56824891,1.571595243,A distorted figure stands in a dimly lit room near a window. The subject is severely malformed with fused limbs and unrecognizable anatomy. Surfaces exhibit waxy pseudo-details and significant blur across the frame.
"a plasticine model of a goblin raider, HDR lighting",DALLE2_normal_149.jpg,149,1.727765593,0.531589478,2.614222137,0.921668639,"A close-up digital sculpture of a stylized goblin against a dark background. The subject exhibits severe facial asymmetry and malformed, fused finger structures. Surfaces appear waxy with inconsistent lighting and oversmoothed textural details."
"a plasticine model of a goblin raider, HDR lighting",glide_normal_149.jpg,149,1.14671176,0.459559997,1.554938564,0.861836568,A centered frontal view of a red brain-like creature on a dark background. The subject features a severely distorted and fused central facial region with unclear anatomy. Heavy blur and compression artifacts degrade edge definition.
"a plasticine model of a goblin raider, HDR lighting",midjourney_lowstep_149.jpg,149,2.791787056,0.413327866,3.190440744,0.807854721,"A 3D-rendered goblin figure stands in a dark, warmly lit room. The subject's hands and facial region exhibit severe malformation and fusion. Global oversmoothing creates a waxy, detail-less appearance across all surfaces."
"a plasticine model of a goblin raider, HDR lighting",midjourney_normal_149.jpg,149,3.502432704,0.34323302,3.410108325,0.66018086,A goblin figurine holding an axe is displayed in a dark studio setting. The subject's hands have fused digits and the axe head appears structurally warped. Skin surfaces look waxy while fine details exhibit noticeable oversmoothing.
"a plasticine model of a goblin raider, HDR lighting",sd1.5_highcorr_149.jpg,149,2.644930029,0.494356534,2.828703007,0.727620392,"A 3D rendered fantasy creature crouches against a neutral background. The subject shows distorted anatomy with malformed hands and an unclear lower body. Surfaces exhibit a flat, waxy texture with softened details."
"a plasticine model of a goblin raider, HDR lighting",sd1.5_lowcorr_149.jpg,149,2.152199766,0.645163779,2.913115479,0.602958234,A 3D-rendered green goblin stands against a solid purple background. The subject's facial features and hand structure are malformed and semantically confusing. Surfaces exhibit a waxy texture with oversmoothed fine details.
"a plasticine model of a goblin raider, HDR lighting",sd1.5_lowstep_149.jpg,149,2.097882875,0.94809456,2.679341611,0.961507982,A 3D-rendered red monster crouches on a green base against a neutral background. The creature's hands and face show severe anatomical fusion and structural distortion. Digital noise and waxy textures obscure fine details.
"a plasticine model of a goblin raider, HDR lighting",sd1.5_normal_149.jpg,149,2.67293154,0.381447206,3.013543571,0.64202414,A 3D-rendered pink fantasy creature sits on a plain grey background. The subject displays severe anatomical distortion with fused limbs and overlapping facial features. Textures appear waxy with softened details and weak edge definition.
"a plasticine model of a goblin raider, HDR lighting",xl2.2_normal_149.jpg,149,3.199282771,0.272306632,3.369510326,0.764212623,A 3D rendered green goblin figurine stands on a circular base. The figure exhibits malformed hands and distorted foot proportions while holding a knife. Surfaces show waxy smoothing and soft edge definition throughout the model.
"portrait of ciri as a samurai assassin, warm color",AttnGAN_normal_150.jpg,150,0.862173603,0.834132411,0.931603649,1.167900828,A heavily blurred and warped dark object sits on a light surface. The subject is structurally incoherent with fused and broken geometry. Extreme blur and softness dominate the entire frame.
"portrait of ciri as a samurai assassin, warm color",DALLE2_normal_150.jpg,150,2.846003747,0.759986896,3.092308057,0.718711248,A close-up shows a person with markings holding a sword against a tiled background. The face is coherent but eyes look intense and hair is rigid. Skin appears waxy and edges show signs of oversharpening.
"portrait of ciri as a samurai assassin, warm color",glide_normal_150.jpg,150,2.65595515,0.649815015,1.149047512,1.128314293,"A close-up portrait of a white dog's head against a dark background. The subject shows facial distortion with malformed eyes and a fused mouth region. The image exhibits heavy oversmoothing, low-resolution blur, and waxy textures."
"portrait of ciri as a samurai assassin, warm color",midjourney_lowstep_150.jpg,150,2.971609163,0.329490022,2.914221371,0.574199978,"A digital painting depicts a white-haired warrior in a close-up view. Facial structure is stable but eyes are asymmetric, and shoulder weapons are malformed. Heavy oversmoothing produces waxy textures and melted background details."
"portrait of ciri as a samurai assassin, warm color",midjourney_normal_150.jpg,150,4.029366636,0.447867237,3.978346905,0.237850608,A digital painting portrays a white-haired woman in a close-up portrait. Facial features appear coherent despite minor structural weakness in the ear and hair. Skin textures show a subtle waxy smoothness amidst the painterly detail.
"portrait of ciri as a samurai assassin, warm color",sd1.5_highcorr_150.jpg,150,3.241312234,0.757604465,3.061839408,0.903415667,A digital portrait of a white-haired figure in robes before a red emblem. The subject's face and hair show structural asymmetries and unnatural flow. Global textures appear oversmoothed with waxy skin and softened detail.
"portrait of ciri as a samurai assassin, warm color",sd1.5_lowcorr_150.jpg,150,2.588700346,0.581332534,2.600700921,0.57994114,"A digital painting shows a close-up of a white-haired woman with green eyes. Facial anatomy is stable, though the thin eyewear appears geometrically malformed. Skin textures exhibit noticeable oversmoothing and a waxy quality."
"portrait of ciri as a samurai assassin, warm color",sd1.5_lowstep_150.jpg,150,3.490003257,0.464218773,3.0193248,0.519977757,"A digital painting depicts a frontal portrait of a woman with blue hair. The facial structure is coherent, while the skin texture appears overly smooth. Surfaces exhibit a waxy appearance with flattened micro-details."
"portrait of ciri as a samurai assassin, warm color",sd1.5_normal_150.jpg,150,2.613196015,0.532012389,2.864560271,1.048380653,"A digital portrait shows a white-haired character in red robes and armor. Subject anatomy is stable, although the strap text is semantically garbled. Global textures appear waxy with oversmoothing across the hair and skin."
"portrait of ciri as a samurai assassin, warm color",xl2.2_normal_150.jpg,150,3.317504837,0.507287015,3.528940255,0.471197163,A digital illustration features a white-haired warrior holding a sword against a plain background. Facial features are slightly misaligned and the gripping hand appears structurally malformed. Skin exhibits oversmoothing and the glove displays unreadable pseudo-detail symbols.
"photo of a white fashion jewelry store, cold color",AttnGAN_normal_151.jpg,151,1.147337281,0.594769093,0.786886493,0.61450857,A dimly lit close-up of an abstract blocky structure on a wall. The subject's geometry is ambiguous and lacks clear semantic readability or logic. Dark areas show grain and softened textures with weak detail.
"photo of a white fashion jewelry store, cold color",DALLE2_normal_151.jpg,151,3.041723666,0.892926011,2.917022056,0.776004298,A high-key jewelry display shows necklaces on white busts behind glass. Jewelry and display objects exhibit distorted geometry and poor semantic readability. Severe global blur and oversmoothing wash out all textural details.
"photo of a white fashion jewelry store, cold color",glide_normal_151.jpg,151,1.787427355,0.492877787,2.06489602,0.880226787,A storefront scene features a green awning and distorted overhead signage. The subject contains semantically unreadable text and a warped central graphic. Significant global blur and softening obscure all local texture details.
"photo of a white fashion jewelry store, cold color",midjourney_lowstep_151.jpg,151,2.355888108,0.792922947,2.946511745,1.130432113,A long row of white display cases fills a bright minimalist interior space. The subject structure remains coherent despite pervasive softness obscuring fine geometric details. Global oversmoothing flattens textures and blurs all sharp edges.
"photo of a white fashion jewelry store, cold color",midjourney_normal_151.jpg,151,2.233675103,0.691106348,2.868587123,0.833646187,"A four-panel grid displays abstract mannequins, jewelry, and a retail storefront. Unreadable text and fused subjects exhibit poor structural stability and semantics. Global oversmoothing flattens textures and obscures fine edges across all regions."
"photo of a white fashion jewelry store, cold color",sd1.5_highcorr_151.jpg,151,3.018173564,0.566524025,3.703773546,0.397585389,A minimalist showroom displays blue gemstones in glass cases behind a partition. The right display case shows malformed geometry with implausible leg connections. Surfaces appear waxy with overly smoothed details and weak local contrast.
"photo of a white fashion jewelry store, cold color",sd1.5_lowcorr_151.jpg,151,2.911873639,0.551772,3.510154573,0.609056439,A photorealistic luxury retail interior features glass displays and human figures. Human anatomy appears slightly rigid while architectural geometry remains mostly coherent. Distant details suffer from softening and surface textures appear somewhat waxy.
"photo of a white fashion jewelry store, cold color",sd1.5_lowstep_151.jpg,151,3.369254363,0.404220506,3.386721989,0.501477969,"A symmetric shot captures a modern luxury store interior with glass displays. The architecture is clear, but case contents are fused and unreadable. Background textures show significant melting and loss of fine detail."
"photo of a white fashion jewelry store, cold color",sd1.5_normal_151.jpg,151,3.127756575,0.347850329,3.351167422,0.353034727,"A photorealistic luxury retail interior showcases jewelry displays and glass entryways. Display contents are severely malformed and fused, lacking coherent object structure. Surfaces show oversmoothing, waxy textures, and inconsistent highlights."
"photo of a white fashion jewelry store, cold color",xl2.2_normal_151.jpg,151,3.873342699,0.775669348,3.351474113,0.552258555,A wide shot captures a modern minimalist retail showroom with cool blue lighting. The central table has malformed legs and background displays lack semantic clarity. Heavy oversmoothing causes flat textures and waxy surface appearances.
"grumpy the elder gods sitting in a bar, top view",AttnGAN_normal_152.jpg,152,0.735230234,0.416405875,0.678198368,0.436174359,"A dark, irregular shape on a dimly lit wall with a small object below. The central mass is structurally undefined and the lower object lacks geometric stability. Heavy grain and severe softness mask all texture."
"grumpy the elder gods sitting in a bar, top view",DALLE2_normal_152.jpg,152,2.80733647,0.40600933,1.933414643,0.811384761,Four blue goblin-like faces in circular frames sit on a tiled floor. The subject structure is coherent with clear facial features and consistent styling. Surfaces exhibit a slightly waxy texture with softened micro-details.
"grumpy the elder gods sitting in a bar, top view",glide_normal_152.jpg,152,0.887752418,0.424835218,1.26688872,0.774552914,A distorted 3D panda-like creature sits in a teal bowl on black. The subject displays severe anatomical fusion and malformed limbs lacking semantic coherence. Waxy textures and blurry edges characterize the low-resolution render.
"grumpy the elder gods sitting in a bar, top view",midjourney_lowstep_152.jpg,152,2.301571217,0.381178874,2.857455034,0.658174918,"Stylized bearded figures sit around a table in a warm interior. Subjects show severe facial distortion and poorly defined, melted body geometry. Heavy global blur and soft textures mask all fine surface details."
"grumpy the elder gods sitting in a bar, top view",midjourney_normal_152.jpg,152,3.357738899,0.805816426,3.430465396,0.72053618,Three bearded wizard figurines sit at a wooden bar counter. The subjects show stable anatomy and clear object contact details. Textures and edges exhibit high fidelity with no dominant artifacts.
"grumpy the elder gods sitting in a bar, top view",sd1.5_highcorr_152.jpg,152,3.386504205,0.644463833,1.549736047,0.846464713,"A top-down view of a stylized game board with four corner trays. The board's geometric layout is stable, though central text is semantically unclear. Textures appear slightly softened with minor pseudo-detailing in small regions."
"grumpy the elder gods sitting in a bar, top view",sd1.5_lowcorr_152.jpg,152,2.11262753,0.485970622,2.31896878,0.892387839,"A high-angle stylized illustration shows several figures seated in a booth. Subjects display distorted facial geometry and malformed, indistinct limb structures. Image textures appear waxy with softened details and weak boundaries."
"grumpy the elder gods sitting in a bar, top view",sd1.5_lowstep_152.jpg,152,1.765019055,0.870493067,1.952687802,0.64453293,"A top-down view shows a tray holding jars and several disembodied human heads. The heads display distorted features, malformed anatomy, and structurally illogical neck attachments. Textures appear oversmoothed with softened edges and inconsistent lighting."
"grumpy the elder gods sitting in a bar, top view",sd1.5_normal_152.jpg,152,2.717733183,0.715172872,1.548541117,0.592762862,Several circular medallions featuring stylized faces rest on a wooden surface. The central face exhibits significant structural distortion in the jaw and mouth region. Textures appear flat with softened edge definitions throughout the composition.
"grumpy the elder gods sitting in a bar, top view",xl2.2_normal_152.jpg,152,3.169097903,0.515785251,1.948891644,1.088770664,Four blue miniature monster figurines rest on a smooth orange-brown surface. Subjects show coherent stylized anatomy with clear facial features and tentacle beards. Surfaces show slight waxy plasticity and soft marginal blurring.
"an auto rickshaw driving through paris, long-shot",AttnGAN_normal_155.jpg,155,0.720968251,0.359412637,0.702583315,1.165494249,A close-up shows blurry white organic forms on cracked ice. The subject has fused and malformed shapes lacking clear anatomy. Significant blur and waxy textures soften all edges.
"an auto rickshaw driving through paris, long-shot",DALLE2_normal_155.jpg,155,3.510122043,0.70475533,3.569908726,0.568642305,A man sits in a small white vehicle before a building with arches. The subject's limbs are fused and the vehicle's front is structurally malformed. Pervasive motion blur smears details and flattens background textures.
"an auto rickshaw driving through paris, long-shot",glide_normal_155.jpg,155,1.239278945,0.342845602,0.66705659,0.647853809,Silhouetted poles and a red signal light stand against a colorful twilight sky. The subject structures are basic and stable but completely devoid of complex geometry. Global blur and oversmoothing eliminate all fine texture and sharp edges.
"an auto rickshaw driving through paris, long-shot",midjourney_lowstep_155.jpg,155,2.39306082,0.633468043,2.469404785,0.885723149,A blurry digital painting shows an auto-rickshaw on a tree-lined street. The vehicle's structure is warped with indistinct components and soft edges. Heavy blur and waxy textures dominate the entire image.
"an auto rickshaw driving through paris, long-shot",midjourney_normal_155.jpg,155,3.667148222,0.451718032,3.441138159,0.561847905,"A photorealistic view of a small white shuttle on a tree-lined avenue. The vehicle is coherent, but the driver and side panels look malformed. Global oversmoothing flattens textures and obscures fine edge definition."
"an auto rickshaw driving through paris, long-shot",sd1.5_highcorr_155.jpg,155,2.442957962,0.325275966,2.75903949,0.739754234,A woman sits in a yellow auto-rickshaw on a city street. The vehicle's front end displays severe geometric warping and malformed components. The image exhibits heavy oversmoothing and lacks fine textural clarity.
"an auto rickshaw driving through paris, long-shot",sd1.5_lowcorr_155.jpg,155,2.248014632,0.529553029,2.687482179,0.829263129,Two people pilot small enclosed vehicles on a city street. Subjects exhibit significant facial distortion and malformed hand anatomy. Global oversmoothing and illegible background text reduce visual fidelity.
"an auto rickshaw driving through paris, long-shot",sd1.5_lowstep_155.jpg,155,2.628129896,0.655758396,2.206550694,0.779848796,A yellow auto-rickshaw with passengers sits on a city street corner. Occupants inside the vehicle show extreme body distortion and limb malformation. Background buildings appear blurred and textures across the scene are flat.
"an auto rickshaw driving through paris, long-shot",sd1.5_normal_155.jpg,155,3.062007692,0.492089214,3.068964724,0.592155244,A photorealistic image depicts an auto-rickshaw on a tree-lined city street. The vehicle's front geometry and driver's limbs show minor structural inconsistencies. Background trees display prominent vertical smearing and repetitive texture patterns.
"an auto rickshaw driving through paris, long-shot",xl2.2_normal_155.jpg,155,3.449493362,0.487986761,2.876975546,0.580680124,A vintage vehicle and driver on a street with the Eiffel Tower. The subject is clear while background architecture shows severe geometric warping. Heavy smoothing melts background details and flattens surface textures.
"an adventure party resting in a tavern, blurred detail",AttnGAN_normal_156.jpg,156,1.977251303,0.805914217,1.310865965,0.738623848,"A close-up view of a dark, abstract geometric wall structure with small openings. The subject's panel geometry is coherent despite some softness at seam intersections. Heavy global blur and flat, over-smoothed textures reduce overall image clarity."
"an adventure party resting in a tavern, blurred detail",DALLE2_normal_156.jpg,156,2.127265738,0.758140461,2.000093891,1.102507733,"A blurry close-up shows a woman with dark hair at an indoor table. Her face and body are heavily smeared, losing anatomical detail. Severe global blur flattens textures and softens all edges."
"an adventure party resting in a tavern, blurred detail",glide_normal_156.jpg,156,0.776328629,0.432207255,1.325066167,1.217743496,A heavily blurred low-light image depicts indistinct bottles on dark shelves. The subject shapes are unrecognizable and lack any coherent structural definition. Extreme global blur eliminates all fine details and surface textures.
"an adventure party resting in a tavern, blurred detail",midjourney_lowstep_156.jpg,156,1.5484512,0.980154547,2.600700921,1.471091263,Several blurred miniature figurines sit on a wooden table in a warm interior. Figures exhibit fused limbs and lack discernible facial features or anatomical structure. Extreme shallow focus creates waxy surfaces and hides local textural information.
"an adventure party resting in a tavern, blurred detail",midjourney_normal_156.jpg,156,3.324474137,0.792160381,3.654274032,0.395306435,A photorealistic diorama depicts fantasy figurines inside a dimly lit wooden tavern. The miniature characters suffer from blurred faces and structurally ambiguous limb geometry. Global shallow focus creates waxy textures and softened edges.
"an adventure party resting in a tavern, blurred detail",sd1.5_highcorr_156.jpg,156,2.660597966,0.541175308,3.17765537,0.531286865,"Men sit at a table in a rustic wooden room in oil painting style. Subjects show severe distortion with malformed hands and warped facial features. Image shows waxy textures, softened edges, and inconsistent lighting."
"an adventure party resting in a tavern, blurred detail",sd1.5_lowcorr_156.jpg,156,2.792237956,0.570244225,2.851195987,0.92702345,A grayscale sketch depicts a group of people in a dimly lit room. Subjects show malformed anatomy with blurred faces and indistinct limb structures. Waxy textures and soft edges reduce overall perceptual clarity.
"an adventure party resting in a tavern, blurred detail",sd1.5_lowstep_156.jpg,156,2.179358212,0.939290652,2.467831921,1.100523498,People in historical clothing gather around a table in a rustic interior painting. The subjects' faces and hands are heavily blurred with poor anatomical definition. Severe oversmoothing results in flat textures and missing fine details.
"an adventure party resting in a tavern, blurred detail",sd1.5_normal_156.jpg,156,2.831741764,0.792100743,3.275195155,0.624372634,"People drink at a table in a dimly lit oil-painted interior. Subjects show severe facial malformation and fused hands, reducing semantic readability. Waxy textures and indistinct edges create a softened, inconsistent appearance."
"an adventure party resting in a tavern, blurred detail",xl2.2_normal_156.jpg,156,3.214375205,0.265775247,3.584393825,0.453250583,Several men sit at a wooden bar within a dimly lit interior. Subjects are recognizable but exhibit malformed hands and indistinct facial features. Widespread oversmoothing creates waxy textures and obscures fine background details.
"spaceship flying over a strange planet, hyper detail",AttnGAN_normal_157.jpg,157,1.075006252,0.188849291,0.369089989,0.621180161,"A painterly close-up depicts two heavily distorted human figures in an interior. Subject faces and bodies are severely malformed, fused, and lack coherent anatomy. Oversmoothing flattens textures and obscures fine details."
"spaceship flying over a strange planet, hyper detail",DALLE2_normal_157.jpg,157,2.432406235,0.447910594,2.958190852,0.763923536,A green futuristic aircraft flies above a colorful alien landscape under a starry sky. The subject's structure is distorted with fused wings and unclear mechanical geometry. Saturated colors and grainy noise reduce overall texture clarity.
"spaceship flying over a strange planet, hyper detail",glide_normal_157.jpg,157,1.269550286,0.510153989,1.098584983,0.826970715,A dark futuristic aircraft is centered against a blue gradient sky. The subject's mechanical structure is blurred and lacks clear geometric definition. Global oversmoothing flattens textures and obscures fine surface details.
"spaceship flying over a strange planet, hyper detail",midjourney_lowstep_157.jpg,157,1.913944143,0.451256843,2.099096333,0.573492602,A motion-blurred metallic UFO hovers over a desert landscape under a large moon. The saucer's structure is stable but lacks clear mechanical definition and detail. Heavy motion blur softens textures and destroys edge clarity.
"spaceship flying over a strange planet, hyper detail",midjourney_normal_157.jpg,157,4.036614698,0.376863946,3.66091062,0.657955632,A massive disc-shaped spacecraft hovers over a rugged alien landscape in golden light. The subject maintains a coherent form with plausible geometry and clear framing. Distant terrain shows oversmoothing while hull surfaces exhibit pseudo-detail.
"spaceship flying over a strange planet, hyper detail",sd1.5_highcorr_157.jpg,157,2.926078447,0.57711193,2.965504258,0.469408875,"A dark disc-shaped spacecraft floats in space near a large planet. The vessel's structure is coherent, though upper surface details appear fused. Planet textures show repetitive patterns while edges exhibit slight softness."
"spaceship flying over a strange planet, hyper detail",sd1.5_lowcorr_157.jpg,157,3.424268421,1.244113196,3.27248283,0.956352744,A futuristic spacecraft floats above a planetary horizon in a detailed sci-fi style. The vessel's structure appears fused with ambiguous connections and lacks clear separation. Textures show repetitive pseudo-detailing and softened edges.
"spaceship flying over a strange planet, hyper detail",sd1.5_lowstep_157.jpg,157,2.560764083,0.831476228,2.702148916,1.381448226,A digital sci-fi image depicts two spaceships flying through a starry nebula. The central vessel displays severely distorted and fused wing structures lacking logical geometry. Edges lack sharpness and surfaces exhibit mild waxy oversmoothing.
"spaceship flying over a strange planet, hyper detail",sd1.5_normal_157.jpg,157,3.657121751,0.859199936,3.364639327,0.604619871,A digital sci-fi illustration features futuristic spacecraft amidst planets and cosmic clouds. The central ship exhibits distorted geometry and implausible fused component structures. Textures display subtle waxiness and softened edges with minor background blurring.
"spaceship flying over a strange planet, hyper detail",xl2.2_normal_157.jpg,157,3.787887693,0.519417717,3.405324243,0.405153653,"A white dome-shaped craft hovers over a snowy alien landscape under two moons. The subject's form is stable, though its lower hull shows fused details. Distant terrain textures appear overly smooth."
"photograph of a stone cairn in scotland, soft lighting",AttnGAN_normal_158.jpg,158,0.912778941,0.610751777,0.968570405,0.590980929,A close-up view of a heavily distorted organic figure in a blurred interior. The subject displays severe structural warping and fusion destroying its semantic clarity. Global oversmoothing and blurred edges hide all fine texture details.
"photograph of a stone cairn in scotland, soft lighting",DALLE2_normal_158.jpg,158,3.207226865,0.585044293,3.3417077,0.502017349,A photorealistic close-up captures a stone cairn within a blurred landscape. The stacked stones are structurally stable and show plausible physical contact. Textures appear slightly softened with indistinct background details.
"photograph of a stone cairn in scotland, soft lighting",glide_normal_158.jpg,158,1.373098268,0.993008421,2.486100389,0.913861709,A dark silhouette of a stacked stone cairn stands against a twilight sky. The rock pile shows a coherent vertical structure despite its simplified shape. Heavy blurring and color banding soften edges and reduce background clarity.
"photograph of a stone cairn in scotland, soft lighting",midjourney_lowstep_158.jpg,158,1.627559856,0.513306138,3.112865772,0.507362123,A heavily blurred photorealistic image depicts a stone cairn in a landscape. The cairn structure is stable but individual rocks are indistinctly merged. Extreme global oversmoothing eliminates texture and sharpness.
"photograph of a stone cairn in scotland, soft lighting",midjourney_normal_158.jpg,158,3.643633817,0.646199973,3.919858649,0.357348589,A photorealistic image shows a stone cairn on a grassy hillside in warm light. The rock structure is readable but exhibits fusion between individual layers. Background elements display flattened textures and a lack of micro-details.
"photograph of a stone cairn in scotland, soft lighting",sd1.5_highcorr_158.jpg,158,3.211379142,1.051008477,3.180285613,1.247387411,A photorealistic composition centers on a stack of rounded stones in grass. The subject is structurally sound but features overly smooth contact surfaces. Textures lack fine grain and exhibit a consistent painterly smoothing.
"photograph of a stone cairn in scotland, soft lighting",sd1.5_lowcorr_158.jpg,158,3.048358432,0.695799891,3.190440744,0.764418105,"A large textured boulder dominates a grassy field under an overcast sky. The subject structure is coherent, though base boundaries appear slightly indistinct. Rock surfaces show visible texture smoothing and repetitive pseudo-detailing."
"photograph of a stone cairn in scotland, soft lighting",sd1.5_lowstep_158.jpg,158,3.727389608,0.646926037,3.73689006,0.576633026,A centered stack of rounded stones sits on moss in a misty landscape. The stone cairn appears structurally stable but features subtly inconsistent surface details. Background surfaces show flat textures and softened edges.
"photograph of a stone cairn in scotland, soft lighting",sd1.5_normal_158.jpg,158,3.530547546,0.335915298,3.524109368,0.454486,A photorealistic image depicts a stack of smooth stones before a stone wall. The rock formation exhibits fused contact areas and unstable structural geometry. Surfaces display waxy smoothing and lack crisp edge definition.
"photograph of a stone cairn in scotland, soft lighting",xl2.2_normal_158.jpg,158,3.658567698,0.486573661,3.671553148,0.875172777,A stack of five smooth stones sits on a mossy surface in soft light. The stone structure is stable and clearly defined with consistent geometry. Surfaces show subtle pseudo-detailing while the background is softly smoothed.
"cute fluffy baby lop eared bunny rabbit, cold color",AttnGAN_normal_161.jpg,161,0.780698266,0.525135047,0.486320092,0.359803384,A digital painting depicts a malformed human figure in an interior setting. Subject anatomy is severely distorted with fused limbs and a warped torso. Heavy blur and flat textures degrade overall clarity.
"cute fluffy baby lop eared bunny rabbit, cold color",DALLE2_normal_161.jpg,161,2.956675282,0.502636758,3.708798973,0.379960879,A close-up photograph shows a fluffy white and grey lop-eared rabbit. The subject's anatomy is plausible but the muzzle region shows slight fusion. Global textures exhibit significant waxiness and oversmoothing across the frame.
"cute fluffy baby lop eared bunny rabbit, cold color",glide_normal_161.jpg,161,1.609770477,0.59722743,2.035648457,0.775939134,A black rabbit is shown in profile on a plain background. The subject's form is recognizable but lacks anatomical detail in the shadows. Severe underexposure and softness completely mask texture and edges.
"cute fluffy baby lop eared bunny rabbit, cold color",midjourney_lowstep_161.jpg,161,2.060413207,0.640432575,2.811700345,0.863234587,"A soft-focus close-up of a lop-eared rabbit on a light surface. The rabbit's facial features, particularly the nose, appear slightly malformed and fused. Extreme oversmoothing yields waxy textures and low detail."
"cute fluffy baby lop eared bunny rabbit, cold color",midjourney_normal_161.jpg,161,3.516223883,0.665541805,3.715711518,0.527201215,A photorealistic close-up of a fluffy lop-eared rabbit on a gray blanket. The rabbit's head structure is coherent with well-defined and symmetrical features. Fur textures appear natural and free of significant artifacts.
"cute fluffy baby lop eared bunny rabbit, cold color",sd1.5_highcorr_161.jpg,161,3.438253731,0.641002899,3.090433934,1.195349784,A photorealistic close-up of a fluffy rabbit sitting in green grass. The rabbit's facial features and anatomy appear structurally coherent and semantically clear. Fur shows subtle oversmoothing and background details lack sharpness.
"cute fluffy baby lop eared bunny rabbit, cold color",sd1.5_lowcorr_161.jpg,161,2.776694622,0.537814837,3.130750884,0.745565268,A close-up portrait shows a fluffy grey rabbit against a plain background. The subject's facial structure is coherent and clearly recognizable as a rabbit. Fur textures show subtle smoothing and lack sharp micro-detail definition.
"cute fluffy baby lop eared bunny rabbit, cold color",sd1.5_lowstep_161.jpg,161,2.559576449,0.644300361,2.245190143,0.760073972,A photorealistic close-up shows a white rabbit sitting in a woven basket. The rabbit subject displays a clear structural anomaly featuring four distinct ears. Fur surfaces appear waxy and background edges lack sharp definition.
"cute fluffy baby lop eared bunny rabbit, cold color",sd1.5_normal_161.jpg,161,3.136939761,0.420529841,3.239106761,0.636753764,A highly stylized fluffy rabbit sits upright on green grass outdoors. The subject displays malformed fused paws and a featureless muzzle area. Fine fur details lack sharpness while background elements appear slightly melted.
"cute fluffy baby lop eared bunny rabbit, cold color",xl2.2_normal_161.jpg,161,3.701722739,0.470483743,3.665354297,0.452256588,A photorealistic grey lop-eared rabbit sits on a pink checkered cloth. The subject maintains structural stability despite minor facial feature irregularities. Foreground blur and waxy fur textures reduce edge clarity.
"an industrial geometric temple lab room, top view",AttnGAN_normal_162.jpg,162,0.747278376,0.737136097,0.767535581,0.443774969,"A dark interior shows blurred rectangular shapes near a localized warm light. Subject structures are indistinct, lacking recognizable geometry or coherent spatial relationships. Global blur and darkness eliminate fine texture and edge definition entirely."
"an industrial geometric temple lab room, top view",glide_normal_162.jpg,162,1.309475045,0.549154226,1.255488616,0.659273528,A blurry interior view captures a window and silhouetted furniture in low light. Foreground subjects are structurally vague and lack clear semantic readability. Extreme oversmoothing obscures all local detail.
"an industrial geometric temple lab room, top view",midjourney_lowstep_162.jpg,162,1.505377327,1.051558806,2.60460913,0.683496427,"A blurry digital rendering of a symmetrical room with grid windows and central forms. Central forms are severely oversmoothed, lacking recognizable geometry or clear boundaries. Global blur and flat textures eliminate all fine detail."
"an industrial geometric temple lab room, top view",midjourney_normal_162.jpg,162,3.305628811,0.325193793,3.239106761,0.722688396,A top-down 3D render of a furnished room with a central platform. The central structure is coherent while peripheral furniture lacks clear geometric definition. Small details show oversmoothing and flat texture.
"an industrial geometric temple lab room, top view",sd1.5_highcorr_162.jpg,162,3.359435142,0.430096954,2.653379023,0.965316204,A high-angle view captures a spacious industrial laboratory filled with technical equipment. Various machines and furniture exhibit malformed geometry and lack logical structure. Widespread oversmoothing flattens textures and reduces edge definition throughout the image.
"an industrial geometric temple lab room, top view",sd1.5_lowcorr_162.jpg,162,3.14151795,1.122545346,2.996013339,1.164068976,A photorealistic view of a cluttered technical interior with exposed grids. The dense mechanical layout appears stable despite semantic ambiguity in wire clusters. Subtle oversmoothing and pseudo-detailing affect the complex surface textures.
"an industrial geometric temple lab room, top view",sd1.5_lowstep_162.jpg,162,3.490797944,0.855612096,2.732709062,1.381894283,A high-angle shot depicts a cluttered office interior with desks and shelves. Furniture shapes are mostly coherent but exhibit subtle geometric inconsistencies and repetition. Surfaces appear overly smooth with flattened textures and weak edge definition.
"an industrial geometric temple lab room, top view",sd1.5_normal_162.jpg,162,3.472753415,0.518145443,3.374870467,0.569724014,A wide-angle view shows an industrial laboratory with long workbenches and exposed ductwork. Equipment and furniture exhibit malformed geometry while wall text remains illegible. Global oversmoothing creates waxy textures and softened edges across the entire scene.
"an industrial geometric temple lab room, top view",xl2.2_normal_162.jpg,162,3.673501579,0.360906935,2.653500595,0.441236859,"A high-angle shot captures a modern office with blue walls and yellow doors. Furniture layouts are clear, but several chair shapes and small items look distorted. Global rendering exhibits mild oversmoothing and flat surface textures."
"a portrait of girl boxer in a red dress, elevation view",AttnGAN_normal_163.jpg,163,0.929411321,0.615798839,0.968570405,0.891154721,"Abstract dark shapes appear in a close-up against a vibrant pink background. The central subject is an incoherent mass lacking recognizable anatomy or geometry. Blurring, waxy textures, and inconsistent lighting degrade overall clarity."
"a portrait of girl boxer in a red dress, elevation view",DALLE2_normal_163.jpg,163,3.718303223,0.269369401,3.001128296,0.532322822,A close-up captures a woman in a red dress and boxing gloves. The subject's eyes and upper arm anatomy exhibit noticeable structural distortions. Skin appears waxy and hair lacks natural fine detail.
"a portrait of girl boxer in a red dress, elevation view",glide_normal_163.jpg,163,1.761964787,0.581879537,0.59256494,0.642184299,A close-up portrait shows a dog's head amidst bright red fabric drapery. The dog's face is recognizable but displays malformed eyes and a featureless nose. Textures appear waxy and oversmoothed with weak edges.
"a portrait of girl boxer in a red dress, elevation view",midjourney_lowstep_163.jpg,163,2.954193289,0.323190499,3.079505301,0.446891494,A digital painting shows a female boxer in red gear against a dark background. The subject's eyes and gloves appear malformed with poor anatomical coherence. Heavy blurring and oversmoothing flatten textures and soften edges.
"a portrait of girl boxer in a red dress, elevation view",midjourney_normal_163.jpg,163,3.741408859,0.422313642,2.62350113,0.798836876,A photorealistic portrait shows a woman in a red dress against a dark background. The subject exhibits stable facial anatomy and a clearly readable pose. Mild skin oversmoothing and waxy textures lower perceptual fidelity.
"a portrait of girl boxer in a red dress, elevation view",sd1.5_highcorr_163.jpg,163,2.33566677,0.441435942,1.848294038,0.766983256,"An oil-painted portrait of a girl in a red dress. The subject's face is clear, but her hands are severely malformed with fused fingers. Skin textures appear waxy and lack sharpness."
"a portrait of girl boxer in a red dress, elevation view",sd1.5_lowcorr_163.jpg,163,2.785504238,0.702297217,1.916694664,0.507977233,A frontal oil-painting portrait depicts a young girl before a blurred landscape. The subject's face is clear but features an elongated neck and malformed hair. Skin appears waxy and the background is indistinct.
"a portrait of girl boxer in a red dress, elevation view",sd1.5_lowstep_163.jpg,163,2.224915104,0.508448699,1.399557817,0.686077772,A digital painting shows a child in a red headscarf and green top. The facial anatomy is mostly stable but shows slight misalignment of the eyes. Pervasive grainy noise texture reduces overall clarity and edge definition.
"a portrait of girl boxer in a red dress, elevation view",sd1.5_normal_163.jpg,163,3.031344688,0.69441181,2.44244092,0.783055121,"A classical oil-style portrait shows a young girl in a red dress. The subject's face is readable, yet her hands show severe structural fusion. Global textures appear overly smoothed and waxy throughout."
"a portrait of girl boxer in a red dress, elevation view",xl2.2_normal_163.jpg,163,3.541752783,0.726907296,3.161543067,0.884764444,A photorealistic portrait of a woman in red boxing gloves against a neutral background. Face and hair details show minor distortions and unnatural fusion. Textures appear overly smooth with a waxy synthetic quality.
"a pig sitting in a chair smoking a pipe, close-up",AttnGAN_normal_164.jpg,164,0.812984657,0.703477886,0.362970567,0.583409133,A close-up shot captures a distorted hand holding a striped object outdoors. The hand anatomy is severely malformed with fused and unnatural finger shapes. Heavy noise and blur obscure most fine details.
"a pig sitting in a chair smoking a pipe, close-up",DALLE2_normal_164.jpg,164,3.403754047,0.428600355,3.635603955,0.823254371,A photorealistic pig sits in a tufted armchair holding a pipe. The subject's snout is structurally distorted by a fused pipe attachment. Subtle waxy smoothing is visible on the skin surface.
"a pig sitting in a chair smoking a pipe, close-up",glide_normal_164.jpg,164,0.821435934,0.342913953,1.221037961,0.786143803,"A close-up of a pig's head under intense red light in darkness. The subject's face is blurred, showing a warped snout and indistinct features. Global blur creates a waxy, oversmoothed texture."
"a pig sitting in a chair smoking a pipe, close-up",midjourney_lowstep_164.jpg,164,2.414476208,0.435519683,2.868115497,0.591805513,"A digital painting shows a blurred pig-like figure in a green armchair. The subject's anatomy is heavily smoothed, resulting in indistinct limbs. Global oversmoothing creates a pervasive blur that flattens textures."
"a pig sitting in a chair smoking a pipe, close-up",midjourney_normal_164.jpg,164,3.455805152,0.622396653,3.302738591,0.882417335,"A photorealistic pig in a suit sits in a leather armchair. The subject is recognizable, but the hands exhibit significant fusion and malformed finger geometry. Background surfaces display faint repetitive swirling patterns."
"a pig sitting in a chair smoking a pipe, close-up",sd1.5_highcorr_164.jpg,164,2.248459435,0.400991389,2.521914306,0.605672314,"A close-up depicts a pig with a mechanical nozzle fused to its snout. The pig's face is clear, but the snout-device junction appears physically inconsistent. Heavy foreground blur and waxy skin textures reduce local detail definition."
"a pig sitting in a chair smoking a pipe, close-up",sd1.5_lowcorr_164.jpg,164,2.817259418,0.834181639,3.1259885,0.617145613,A sepia engraving depicts an anthropomorphic pig in formal wear on a couch. The subject's hand is a malformed fused mass lacking digit separation. Textures exhibit repetitive hatching with softened edges and inconsistent details.
"a pig sitting in a chair smoking a pipe, close-up",sd1.5_lowstep_164.jpg,164,3.031344688,0.713809415,2.281042344,0.260319421,A photorealistic pig holds a small object against a plain dark backdrop. The animal's limbs and digits show severe anatomical malformation and fusion. Skin textures appear uniformly waxy and lack realistic micro-detail.
"a pig sitting in a chair smoking a pipe, close-up",sd1.5_normal_164.jpg,164,3.080710077,0.435294339,2.897103633,1.023344967,"A photorealistic pig holds a spoon and plate against a wooden background. The subject displays significant anatomical distortion, especially in the malformed forelimb. Textures exhibit mild waxiness while some boundaries lack crisp definition."
"a pig sitting in a chair smoking a pipe, close-up",xl2.2_normal_164.jpg,164,3.033265998,0.319544439,3.978346905,0.326550929,A digital painting shows an anthropomorphic pig in a suit smoking a pipe. Hand anatomy and snout region show clear fusion and structural warping. Surfaces exhibit waxy textures and inconsistent edge sharpness.
"a female hand holding a red fresh apple, long-shot",AttnGAN_normal_165.jpg,165,1.197015678,0.272404007,0.685483402,0.991186492,"A close-up of abstract, fused organic structures against a blurred colorful background. The subject is a structurally unstable and semantically ambiguous mass of distorted forms. Textures appear waxy and edges lack sharp definition across the frame."
"a female hand holding a red fresh apple, long-shot",DALLE2_normal_165.jpg,165,2.837204233,0.691200208,2.864560271,0.642546252,A close-up photograph shows a hand holding a red apple against a blue shirt. The hand displays severe anatomical distortion with malformed fingers and unnatural joint shapes. Surfaces show a waxy look with softened details.
"a female hand holding a red fresh apple, long-shot",glide_normal_165.jpg,165,1.311956077,0.611615037,0.376135781,0.448357682,A macro view captures a glossy red beetle on a green leaf. The subject exhibits distorted anatomy with fused limbs and an indistinct head. Heavy blur and pixelation degrade texture clarity throughout the frame.
"a female hand holding a red fresh apple, long-shot",midjourney_lowstep_165.jpg,165,2.65595515,0.349880048,2.653231999,0.70165969,"A photorealistic close-up shows a hand holding a red apple on a dark background. The hand displays fused, featureless fingers and implausible anatomical geometry. Surfaces show excessive smoothing with waxy textures and weak detail definitions."
"a female hand holding a red fresh apple, long-shot",midjourney_normal_165.jpg,165,3.389973337,0.575376749,3.330307595,0.680939897,"A photorealistic close-up features a red apple resting in an open palm. The fruit is structurally sound, though the hand shows fused fingertip distortion. Textures exhibit subtle waxiness and softened micro-details."
"a female hand holding a red fresh apple, long-shot",sd1.5_highcorr_165.jpg,165,2.831160905,0.79038275,2.991040101,0.686528047,A close-up view presents a hand holding a red apple on green grass. The subject maintains structurally plausible anatomy and clear visual separation. Smoothed details and repetitive background textures lower perceptual fidelity.
"a female hand holding a red fresh apple, long-shot",sd1.5_lowcorr_165.jpg,165,2.166977719,0.905516817,2.087696228,0.77152498,A top-down view shows hands in blue knitwear holding red apples. The subject's fingers are malformed with fused digits and unnatural joint placements. Skin and fabric textures appear slightly waxy with softened fine details.
"a female hand holding a red fresh apple, long-shot",sd1.5_lowstep_165.jpg,165,2.29958451,0.479094672,2.51693257,0.401369279,A POV shot depicts hands holding a red apple over blurred foliage. The hands and fruit maintain coherent structure without obvious anatomical distortion. Skin textures display prominent oversmoothing and a waxy artificial surface finish.
"a female hand holding a red fresh apple, long-shot",sd1.5_normal_165.jpg,165,1.727765593,0.448468672,2.219265721,0.801773003,Two hands grasp a red apple with a sprout on a grey ground. Thumb structures fuse unnaturally into the apple's upper surface. Skin exhibits a waxy texture and soft edge definition.
"a female hand holding a red fresh apple, long-shot",xl2.2_normal_165.jpg,165,3.229467639,0.420078448,2.844239553,0.575329421,Two hands hold a red apple against a blurred sunset background. Hand anatomy reveals subtle fusion at the wrists and vague finger joints. Skin textures appear waxy with flattened details and soft edge transitions.
"a cybertronic metallic green tree frog , blurred detail",AttnGAN_normal_166.jpg,166,1.284080589,0.808942906,0.74154824,0.807056989,"A close-up painterly image shows a distorted central organic form against green foliage. The subject is severely malformed with fused geometry and lacks coherent structure. Surfaces exhibit extreme oversmoothing, melted textures, and weak edge definition."
"a cybertronic metallic green tree frog , blurred detail",DALLE2_normal_166.jpg,166,1.903017791,1.170724221,3.137840023,0.988403669,"A close-up macro view of a green frog against a dark background. The subject shows severe anatomical distortion with fused limbs and malformed features. Heavy blur, halos, and fake textures degrade clarity."
"a cybertronic metallic green tree frog , blurred detail",glide_normal_166.jpg,166,2.403882268,0.47099903,2.811881174,0.523423959,A close-up digital painting of a green tree frog against a dark background. The subject shows severe anatomical distortion with fused limbs and malformed eyes. Heavy blur and waxy textures obscure fine details.
"a cybertronic metallic green tree frog , blurred detail",midjourney_lowstep_166.jpg,166,2.974361596,0.452943451,3.531237092,0.430758907,"A glossy green frog is shown in a close-up against a blurred background. The subject is stable, but limb extremities appear softened and lack definition. Oversmoothing creates waxy textures and obscures fine surface details."
"a cybertronic metallic green tree frog , blurred detail",midjourney_normal_166.jpg,166,3.673072716,0.478161576,3.402927392,0.532600888,A 3D render displays a green and gold frog in a macro shot. Anatomy is coherent yet features slightly fused limb joints and complex geometry. Textures show subtle pseudo-detailing while edges remain sharp.
"a cybertronic metallic green tree frog , blurred detail",sd1.5_highcorr_166.jpg,166,2.925297001,0.991186099,2.996013339,1.279008416,A photorealistic close-up shows a green tree frog against a blurred background. The frog's facial anatomy is distorted by the presence of four eyes. Surfaces exhibit waxiness and lack sharp micro-detail definition.
"a cybertronic metallic green tree frog , blurred detail",sd1.5_lowcorr_166.jpg,166,3.010422973,0.485791694,2.885703528,0.708720837,A glossy green stylized frog sits on a plain grey background. The subject displays distorted limb anatomy and a fused body structure. Skin textures appear waxy with a visible blue geometric artifact.
"a cybertronic metallic green tree frog , blurred detail",sd1.5_lowstep_166.jpg,166,2.610677849,0.556104867,2.689045915,1.046392634,"A close-up shows a vibrant green tree frog on a light green surface. The subject is coherent, but its limbs and toes exhibit clear structural fusion. Heavy digital grain and noisy textures dominate the entire visual field."
"a cybertronic metallic green tree frog , blurred detail",sd1.5_normal_166.jpg,166,3.966327593,0.267072644,3.113705614,0.983584447,A photorealistic close-up shows a green tree frog against blurred foliage. The frog's facial features and finger digits exhibit subtle anatomical distortions and fusion. Skin textures appear slightly waxy with inconsistent fine-grained surface detail.
"a cybertronic metallic green tree frog , blurred detail",xl2.2_normal_166.jpg,166,2.67293154,0.786611122,2.653500595,0.353966763,A close-up macro shot features a green tree frog on a blurred surface. The subject displays anatomical distortion with fused eye-like protrusions and a malformed snout. Skin textures exhibit subtle plasticity and edge softening.
"two women working in a recording studio, hyper detail",AttnGAN_normal_167.jpg,167,1.337589887,0.689156899,0.491681629,0.503353788,A distorted dark organic-mechanical form hangs over a pale textured wall. The primary subject exhibits severe structural fusion and semantic ambiguity. Heavy blurring and indistinct textures dominate the visual field.
"two women working in a recording studio, hyper detail",DALLE2_normal_167.jpg,167,2.321609349,0.438716814,2.78310259,1.059207108,A photorealistic portrait shows two individuals in a recording studio setting. Central figure hands are malformed and the mixing board lacks logical structure. Skin exhibits a waxy finish and background textures appear oversmoothed.
"two women working in a recording studio, hyper detail",glide_normal_167.jpg,167,0.747178209,0.329033038,0.78808434,0.337559331,A blurred close-up captures a dark electronic surface with glowing lights. The subject's structure is indistinct and lacks clear geometric definition. Severe global blur and noise obscure all fine details.
"two women working in a recording studio, hyper detail",midjourney_lowstep_167.jpg,167,2.463857203,0.375794952,2.926636646,0.396438768,Two women lean over a table in a vintage-styled room. Facial features and hand structures are heavily distorted by motion blur. Pervasive softness and oversmoothing eliminate fine details throughout the frame.
"two women working in a recording studio, hyper detail",midjourney_normal_167.jpg,167,3.550859712,0.525908235,3.658965437,0.606641784,Two women operate a large mixing console inside a recording studio. The foreground subject has structurally distorted hands with fused and elongated fingers. Skin textures appear waxy and background details show soft blurring.
"two women working in a recording studio, hyper detail",sd1.5_highcorr_167.jpg,167,2.782759734,0.468796599,3.291909811,0.488210145,Two women with headphones interact in a recording studio with audio equipment. Subjects show facial distortion and anatomically implausible hand fusion at the center. Skin textures appear waxy with minor detail softening.
"two women working in a recording studio, hyper detail",sd1.5_lowcorr_167.jpg,167,1.866501955,0.475149339,2.926636646,0.37306119,A monochrome image captures two women in a studio with microphones. The main subject displays extreme facial distortion and melted anatomical features. Waxy textures and heavy blur dominate the visual field.
"two women working in a recording studio, hyper detail",sd1.5_lowstep_167.jpg,167,2.532418004,0.710765635,2.568020722,1.033538605,A person with headphones sits at a studio mixing console in monochrome. The subject's hands and facial features appear softened and lack anatomical definition. Heavy grain and soft focus obscure fine textures and edge clarity.
"two women working in a recording studio, hyper detail",sd1.5_normal_167.jpg,167,2.888789697,0.890036097,3.628776877,0.530361359,Two women wearing headphones work at a studio mixing console. Facial features and hands show significant anatomical distortion and fusion. Global sharpness is low with waxy skin and blurred background details.
"two women working in a recording studio, hyper detail",xl2.2_normal_167.jpg,167,3.578018157,0.48788932,3.647833348,0.385462045,Two women wearing headphones play a keyboard in a bright studio. Foreground fingers appear fused and malformed while the background face lacks structure. Background regions show heavy blurring and inconsistent detail sharpness.
"profile face portrait of a tin toy robot, HDR lighting",AttnGAN_normal_169.jpg,169,0.792278167,0.473058106,0.995202671,0.432686569,A close-up of a distorted glossy metallic form against a blurred background. Severe warping and fusion render the subject's features structurally incoherent. Global oversmoothing creates waxy surfaces and undefined edges.
"profile face portrait of a tin toy robot, HDR lighting",DALLE2_normal_169.jpg,169,3.002885562,0.75057705,2.750918808,0.538694886,A close-up shot shows a metallic robot head against a warm background. The facial structure is coherent despite slightly asymmetrical eyes and simplified features. Metal textures exhibit subtle oversmoothing while maintaining sharp highlight definition.
"profile face portrait of a tin toy robot, HDR lighting",glide_normal_169.jpg,169,1.337589887,0.607780656,1.118687364,0.887390466,A centered red robotic figure with large eyes faces forward in darkness. The upper face is coherent while the lower body is a vague rectangle. Oversmoothing and soft edges significantly reduce texture and detail clarity.
"profile face portrait of a tin toy robot, HDR lighting",midjourney_lowstep_169.jpg,169,2.746509754,0.276466067,3.345634382,0.463961845,A close-up shows a metallic robot head against a dark blurred background. The subject is structurally stable despite minor malformations in facial details. Heavy global blurring obscures fine textures and softens all edges.
"profile face portrait of a tin toy robot, HDR lighting",midjourney_normal_169.jpg,169,3.421003889,0.852308754,3.588197866,0.686936278,A close-up depicts a weathered metallic robot head against a dark background. The subject maintains coherent mechanical structure and clear semantic readability across its features. Textures remain sharp and natural with no dominant local artifact visible.
"profile face portrait of a tin toy robot, HDR lighting",sd1.5_highcorr_169.jpg,169,2.912636241,0.302881303,2.323114765,0.840730783,A centered digital painting shows a colorful stylized robot head and shoulders. The subject has simplified geometry with slightly asymmetrical eyes and a fused structure. Surfaces appear waxy with inconsistent lighting and softened edge definitions.
"profile face portrait of a tin toy robot, HDR lighting",sd1.5_lowcorr_169.jpg,169,3.017147546,0.684279531,2.811881174,1.013182684,A front-facing close-up depicts a metallic robot against a solid red backdrop. The subject exhibits a stable geometric structure with clear semantic readability. Metallic textures appear slightly waxy with softened fine details.
"profile face portrait of a tin toy robot, HDR lighting",sd1.5_lowstep_169.jpg,169,2.282514316,0.793581357,2.912661101,0.626500564,A red and blue toy robot stands in profile against a grey background. The robot's head shows minor geometric distortions at the color boundaries. Grainy noise and waxy surfaces obscure fine details.
"profile face portrait of a tin toy robot, HDR lighting",sd1.5_normal_169.jpg,169,3.074195478,0.823287633,3.64096935,0.36093924,A close-up shows a shiny metallic robot head on a yellow background. The robotic face has asymmetrical geometry and inconsistent detailing near the eyes. Surfaces appear waxy with softened shadow details.
"profile face portrait of a tin toy robot, HDR lighting",xl2.2_normal_169.jpg,169,3.324474137,0.503724852,3.667439246,0.431567388,A close-up profile of a reflective metallic robot head on a dark background. The subject structure is stable with minor geometric crowding near the ear. Glossy surfaces show sharp edges but lack fine surface grain.
"grumpy disney princess sitting in a cave, cold color",AttnGAN_normal_171.jpg,171,1.1267749,0.730365211,0.720129493,0.825266215,A close-up abstract painting of distorted warm-toned organic and instrumental shapes. The subject structure is severely warped and semantically illegible due to fused geometry. Textures appear waxy while edges show inconsistent softness and melting.
"grumpy disney princess sitting in a cave, cold color",DALLE2_normal_171.jpg,171,1.956116406,0.428474341,2.771702485,1.037614916,A digital illustration shows a woman in a cyan gown inside a dark grotto. The figure displays unnatural facial geometry and ambiguous floating elements on the head. Surfaces exhibit heavy oversmoothing and lack fine detail.
"grumpy disney princess sitting in a cave, cold color",glide_normal_171.jpg,171,0.212533273,0.929852104,0.518653615,0.616824934,A faint glowing shape is centered on a dark background. The subject lacks any recognizable structure or semantic clarity due to blur. Extreme blurring and low contrast obscure all fine details.
"grumpy disney princess sitting in a cave, cold color",midjourney_lowstep_171.jpg,171,2.444661076,0.270523329,3.202378717,0.599633921,"A stylized seated figure sits within a dark, impressionistic cavern setting. The subject's face and hands are fused and lack coherent anatomical structure. Heavy oversmoothing creates flat textures and softened edge definitions."
"grumpy disney princess sitting in a cave, cold color",midjourney_normal_171.jpg,171,3.008458905,0.511018394,2.969682911,0.661814686,A cartoon woman in a blue gown sits inside a dark grotto. Her facial features and clasped hands show visible anatomical distortion. Background elements suffer from flat textures and inconsistent edge sharpness.
"grumpy disney princess sitting in a cave, cold color",sd1.5_highcorr_171.jpg,171,3.007007681,0.431612519,2.711185223,0.680634317,"A 2D animated princess figure rests inside a glowing ice cave. Her upper body is clear, but her hands are malformed and fused. Textures appear flat while edges lack crisp definition."
"grumpy disney princess sitting in a cave, cold color",sd1.5_lowcorr_171.jpg,171,1.860824639,0.555100191,2.429909143,1.057197034,"A digital illustration features a woman and a mouse within a cave setting. Both figures suffer from facial asymmetry and severely malformed, fused limb structures. Image textures exhibit oversmoothing and lack clear boundary definition."
"grumpy disney princess sitting in a cave, cold color",sd1.5_lowstep_171.jpg,171,2.45975351,0.514876387,2.31896878,0.717925545,A cartoon girl with long brown hair sits within a rocky cave. The subject's hands are mitten-like and facial features appear slightly misaligned. Flat textures and soft outlines dominate the image.
"grumpy disney princess sitting in a cave, cold color",sd1.5_normal_171.jpg,171,1.851568074,0.300052278,2.430025645,0.806387037,A red-haired animated mermaid sits in a purple grotto holding a shell. Her facial features are misaligned and her hands display malformed finger geometry. Outlines show softening and textures appear flat.
"grumpy disney princess sitting in a cave, cold color",xl2.2_normal_171.jpg,171,2.18011346,0.523941731,2.49210202,0.337978438,A stylized animated woman sits within a vibrant purple grotto. The figure contains a structural contradiction between human legs and a tail. Background surfaces display monotonous repetitive textures and soft edges.
"art of a mimic from dungeons and dragons, top view",AttnGAN_normal_172.jpg,172,0.940601322,0.307129064,1.101591216,0.223370827,"A close-up of distorted organic sculptural forms against a rough stone background. The subject displays heavily warped and fused anatomy with broken spatial coherence. Surfaces exhibit oversmoothing, softened edges, and flat pseudo-textures."
"art of a mimic from dungeons and dragons, top view",DALLE2_normal_172.jpg,172,3.359435142,0.432799213,1.763328481,1.503791291,A close-up portrait features a subject with bold red facial makeup. The face shows subtle asymmetry and a stiff expression with malformed ears. Skin textures appear waxy and lack natural detail.
"art of a mimic from dungeons and dragons, top view",glide_normal_172.jpg,172,0.392090064,0.386079014,0.277575547,0.480763569,A silhouetted human figure glows with orange light on a black background. The subject's anatomy is fused into an indistinct and structurally unreadable shape. Darkness and soft edges obscure all internal texture and fine detail.
"art of a mimic from dungeons and dragons, top view",midjourney_lowstep_172.jpg,172,1.821700312,0.568021286,1.474049467,1.138108673,Digital painting of a distorted monster mouth centered on a dark background. The facial structure is malformed with melted edges and indistinct anatomy. Heavy oversmoothing and blur flatten textures and soften all boundaries.
"art of a mimic from dungeons and dragons, top view",midjourney_normal_172.jpg,172,3.208047473,0.912775819,3.088169836,0.940454187,"A centered digital illustration features a demonic skull with tentacles on an ornate panel. The skull anatomy is plausible, though tentacle junctions and teeth lack sharp detail. Textures appear waxy with pseudo-details and softened edge definitions."
"art of a mimic from dungeons and dragons, top view",sd1.5_highcorr_172.jpg,172,1.92623748,0.659518234,1.995491019,0.863633346,A pixelated mask sits at the center of a complex geometric pattern. The subject's features are distorted and fused with the surrounding dark lines. Heavy dot-matrix textures and jagged aliasing dominate the visual field.
"art of a mimic from dungeons and dragons, top view",sd1.5_lowcorr_172.jpg,172,2.681789454,0.873922316,2.879719212,1.371679293,A detailed pen-and-ink sketch shows a complex surreal creature on paper. The subject displays severe structural confusion with fused limbs and tangled anatomy. Lines exhibit inconsistent weight and repetitive pseudo-detailing throughout the background.
"art of a mimic from dungeons and dragons, top view",sd1.5_lowstep_172.jpg,172,3.490003257,0.670690795,3.220800678,0.431044548,"A top-down technical illustration presents a symmetrical dungeon interior with warm lighting. The main architecture is coherent, yet wall markings consist of unreadable gibberish. Intricate details show soft edges and a flattened texture appearance."
"art of a mimic from dungeons and dragons, top view",sd1.5_normal_172.jpg,172,1.921352979,1.023334936,2.47896401,0.991874856,"A centered, blocky pixel-art face on a plain textured background. The subject exhibits significant facial asymmetry with malformed and mismatched eye regions. Background surface displays a consistent repetitive woven texture pattern."
"art of a mimic from dungeons and dragons, top view",xl2.2_normal_172.jpg,172,2.771446817,0.511397973,2.429699357,1.136037706,"A stylized monster head with sharp teeth sits within a spiked metal frame. The subject is coherent but displays repetitive, patterned geometry in the mouth. Skin textures appear waxy compared to the detailed frame."
"ancient japanese fantasy garden at night, elevation view",AttnGAN_normal_173.jpg,173,1.197015678,0.463075247,0.970486009,0.802485632,Dark blurry objects rest on a light fabric surface in dim light. The subjects are structurally malformed and lack any semantic readability. Heavy blur and waxy textures obscure all fine details.
"ancient japanese fantasy garden at night, elevation view",DALLE2_normal_173.jpg,173,3.034849246,0.442576692,3.191417702,0.753532223,A high-angle shot depicts a stylized 3D night landscape with trees and paths. Tree structures are heavily distorted into fused lumps with implausible geometry. Flat waxy textures show inconsistent lighting and significant background melting.
"ancient japanese fantasy garden at night, elevation view",glide_normal_173.jpg,173,0.255168478,0.472382651,0.514481837,0.525405703,A near-total darkness frames faint marginal text and sparse glowing points. The marginal text and light sources are structurally indistinct and semantically illegible. Crushing blacks eliminate almost all visible texture and edge definition.
"ancient japanese fantasy garden at night, elevation view",midjourney_lowstep_173.jpg,173,1.794295116,0.435944596,2.601056923,0.954981303,A blurry night view features a traditional pagoda amidst dark clouds. The building structure is recognizable but suffers from severe detail degradation. Extreme oversmoothing creates a waxy texture and eliminates sharp boundaries.
"ancient japanese fantasy garden at night, elevation view",midjourney_normal_173.jpg,173,3.713294017,0.252976573,3.375908012,0.881169833,A cinematic 3D scene features multiple lit pagodas on a rocky outcrop. Subject architecture is structurally stable despite minor illogical intersections with the cliffs. Textures appear waxy with oversmoothing in shadowed rock surfaces.
"ancient japanese fantasy garden at night, elevation view",sd1.5_highcorr_173.jpg,173,3.143483028,0.596522821,3.180285613,0.682360181,A low-angle view shows a glowing lantern above rounded stone steps in a night garden. The stone path and puffy trees exhibit unnatural softness and lack material realism. Waxy textures and softened edges reduce detail.
"ancient japanese fantasy garden at night, elevation view",sd1.5_lowcorr_173.jpg,173,3.544604966,0.298876066,2.509500087,0.973290956,A photorealistic Japanese garden features a wooden temple and stone pathways. The scene is structurally stable though some rock placements are geometrically improbable. Textures show noticeable waxiness and softness across the frame.
"ancient japanese fantasy garden at night, elevation view",sd1.5_lowstep_173.jpg,173,3.316649193,0.489481515,3.165462896,0.693726418,An illuminated Japanese courtyard features traditional architecture and manicured greenery at twilight. The subject maintains structural coherence despite minor geometric simplifications in the rocky terrain. Stone textures exhibit subtle flatness and softening throughout the composition.
"ancient japanese fantasy garden at night, elevation view",sd1.5_normal_173.jpg,173,3.255352906,0.663616483,1.846507718,0.931447291,A Japanese garden scene contains a wooden temple and stylized landscaping. The composition is clear although many rock structures are geometrically warped. Repeated watermarks and flat textures reduce the image's naturalism.
"ancient japanese fantasy garden at night, elevation view",xl2.2_normal_173.jpg,173,3.610752151,0.697232294,2.888958056,0.914331912,"A centered multi-tiered pagoda stands in a formal garden at night. The pagoda is structurally stable, but the surrounding trees are malformed. Textures appear waxy with repetitive patterns and flat lighting."
"ancient golden chrome finish skateboard , close-up",AttnGAN_normal_174.jpg,174,1.014269206,0.795171719,0.70828361,0.799693493,"An abstract digital painting shows a turquoise expanse with jagged dark shapes. The jagged structures show inconsistent geometry and blurred boundaries. Oversmoothing creates a flat, waxy appearance lacking local detail."
"ancient golden chrome finish skateboard , close-up",DALLE2_normal_174.jpg,174,3.516223883,0.67877205,3.345634382,1.060288678,"A close-up depicts a skateboard on a reflective golden surface. The subject's trucks and attachment points are structurally fused and malformed. Background textures exhibit a waxy, melted quality with pseudo-details."
"ancient golden chrome finish skateboard , close-up",glide_normal_174.jpg,174,1.373683876,0.549985329,2.66591587,0.937067148,A blurry macro view captures a glowing instrument neck against a dark void. The subject remains coherent despite heavy blurring and localized melting at the base. Severe oversmoothing flattens textures and creates artificial glowing highlights.
"ancient golden chrome finish skateboard , close-up",midjourney_lowstep_174.jpg,174,2.503716151,0.718376947,2.897228486,0.490924709,A close-up of a polished copper-colored metallic tool on a neutral background. The subject's mechanical structure is malformed with bulky proportions and unclear boundaries. Metallic surfaces show a waxy smoothness with inconsistent pseudo-detailing.
"ancient golden chrome finish skateboard , close-up",midjourney_normal_174.jpg,174,3.576593619,0.639338781,3.811215295,0.428247677,Close-up view of a golden skateboard with intricate engravings on a dark surface. The wheel and truck assembly is coherent while deck patterns are semantically illegible. Metallic surfaces exhibit slight waxiness and repetitive pseudo-detailing.
"ancient golden chrome finish skateboard , close-up",sd1.5_highcorr_174.jpg,174,2.293266536,1.108318477,3.259317616,0.317667798,A close-up shows a golden skateboard deck and a black handle against a grey background. The skateboard's truck and wheels are slightly fused and structurally simplified. The golden surface displays a waxy texture with subtle pseudo-details.
"ancient golden chrome finish skateboard , close-up",sd1.5_lowcorr_174.jpg,174,2.709076053,1.437012212,2.811700345,0.894244468,A close-up shot shows a gold-colored metallic object on textured ground. The subject features an illegible pseudo-text badge and indistinct component boundaries. Metallic surfaces show a waxy texture with softened edge definition.
"ancient golden chrome finish skateboard , close-up",sd1.5_lowstep_174.jpg,174,3.184190337,0.435223136,3.238192633,0.525435238,"A golden longboard is positioned diagonally on a dark grey studio surface. The subject exhibits malformed truck geometry and illegible pseudo-text on the deck. Surfaces show a flat, waxy texture with softened micro-detail."
"ancient golden chrome finish skateboard , close-up",sd1.5_normal_174.jpg,174,3.587626873,0.69143311,3.263002682,0.751844683,A close-up view shows a stylized golden skateboard on a gray floor. The ornate truck structure is visually coherent but mechanically implausible and over-detailed. Metallic textures appear slightly waxy with softened fine-edge definitions.
"ancient golden chrome finish skateboard , close-up",xl2.2_normal_174.jpg,174,3.191415092,0.926222471,2.574726496,0.790850469,"A macro shot captures a reflective golden metallic object with a central knob. The object's geometry is plausible, though some edges appear softened and merged. Highlights are overly uniform and surfaces lack fine material texture."
"a portrait of the mri brain damage demon, long-shot",AttnGAN_normal_175.jpg,175,1.328882233,0.607510435,0.79120934,0.943438779,A distorted giraffe-like figure appears in a blurry natural landscape. The subject exhibits severe limb fusion and anatomical warping throughout its form. Textures are melted and edges remain indistinct across the whole scene.
"a portrait of the mri brain damage demon, long-shot",DALLE2_normal_175.jpg,175,1.445015122,0.688333901,1.297700751,0.952876156,"A digital illustration depicts a distorted human head and upper torso anatomy. Subject anatomy is severely malformed with a warped brain, fused spine, and unnatural protrusions. Perceptual quality shows waxy textures, soft edges, and prominent glowing halos."
"a portrait of the mri brain damage demon, long-shot",glide_normal_175.jpg,175,0.0,0.262100544,0.56773439,1.381980439,"A dark, abstract organic mass fills the frame against a black background. The subject's chaotic texture lacks semantic clarity and forms a malformed shape. Darkness causes melted edges and flat, indistinct textures."
"a portrait of the mri brain damage demon, long-shot",midjourney_lowstep_175.jpg,175,2.052257794,0.565161924,2.521914306,0.796063368,"A close-up profile shows a gaunt, elderly humanoid head against a dark background. The facial anatomy is clear but the hair structure is poorly defined. Heavy global smoothing reduces texture clarity and edge sharpness significantly."
"a portrait of the mri brain damage demon, long-shot",midjourney_normal_175.jpg,175,2.899057018,1.155387653,3.124625168,0.59187202,A close-up shows a human head with an exposed brain under dramatic lighting. The subject's anatomy is distorted as brain tissue fuses with facial features. Textures appear waxy and the background exhibits noticeable melting.
"a portrait of the mri brain damage demon, long-shot",sd1.5_highcorr_175.jpg,175,2.588700346,0.501583506,2.452499565,0.526631859,A frontal illustration shows a gaunt figure with a maze-like exposed brain. Facial proportions and neck structure are severely distorted and lack anatomical logic. Surfaces display a uniform waxy texture with softened peripheral edges.
"a portrait of the mri brain damage demon, long-shot",sd1.5_lowcorr_175.jpg,175,2.646335983,1.206923605,2.665571496,0.781052822,A framed surreal portrait shows a dark humanoid with a skull-like head. The subject's head exhibits malformed textures while the body remains stable. Background details show oversmoothing and unclear boundary transitions.
"a portrait of the mri brain damage demon, long-shot",sd1.5_lowstep_175.jpg,175,2.247254325,0.830902555,3.057832635,0.538565831,A centered frontal portrait of a grotesque brain-headed figure with a glowing halo. The facial structure is distorted with unreadable pseudo-text filling the mouth. Surfaces display repetitive pseudo-detailing and softened boundary transitions.
"a portrait of the mri brain damage demon, long-shot",sd1.5_normal_175.jpg,175,2.971609163,0.439193293,2.790068621,0.602549397,A frontal portrait shows a grotesque alien-like head on an orange background. Distorted anatomy and brain-like textures remain structurally coherent and readable. Skin surfaces show a subtle waxy smoothness.
"a portrait of the mri brain damage demon, long-shot",xl2.2_normal_175.jpg,175,3.374823956,0.417785973,2.231381244,1.413224264,A dramatic monochrome portrait depicts a man with exposed brain tissue on his scalp. Facial anatomy is coherent while the cranial region features a surreal organic fusion. Textures and edges show no dominant local artifact.
"a painting of pink panther as a vampire , blurred detail",AttnGAN_normal_176.jpg,176,0.806196391,0.274460761,0.977438466,0.946666669,A distorted humanoid figure sits against a vibrant pink textured background. The subject displays severe facial malformation and fused anatomical structures. Textures appear waxy with inconsistent lighting and softened edge definitions.
"a painting of pink panther as a vampire , blurred detail",DALLE2_normal_176.jpg,176,2.093677968,0.594285576,2.824865559,0.938637449,A close-up digital portrait shows a snarling pink feline creature in a dark hood. Facial anatomy displays malformed teeth and slightly warped eye regions. Waxy surface textures and softened edges reduce overall detail clarity.
"a painting of pink panther as a vampire , blurred detail",glide_normal_176.jpg,176,1.435991833,0.420521866,1.859694143,0.593368564,"A close-up digital painting shows a cat's face under intense red lighting. Facial anatomy is readable despite heavy smoothing and stylized structural distortion. Extreme oversmoothing creates flat, waxy textures lacking fine surface detail."
"a painting of pink panther as a vampire , blurred detail",midjourney_lowstep_176.jpg,176,2.314518391,0.544983077,1.834092443,1.180530656,A digital painting shows a close-up portrait of a man with a mustache. The face is recognizable but exhibits significant asymmetry and distorted anatomical proportions. Textures appear waxy and oversmoothed with softened edge definition.
"a painting of pink panther as a vampire , blurred detail",midjourney_normal_176.jpg,176,3.191415092,1.083277698,2.390413502,1.187034819,A close-up digital painting of a mouse head on a dark background. The subject maintains stable facial structure and excellent semantic clarity. Textures and edges show no dominant local artifact.
"a painting of pink panther as a vampire , blurred detail",sd1.5_highcorr_176.jpg,176,2.278644303,0.145977424,2.127961226,0.870337456,A digital portrait shows a cartoonish animal in formal wear against a simple background. The subject's face is distorted with misaligned eyes and an unnatural smile. Textures appear waxy and lack sharp detail definition.
"a painting of pink panther as a vampire , blurred detail",sd1.5_lowcorr_176.jpg,176,1.554713964,0.897304503,1.165377517,0.723289205,A digital painting shows a distorted pink cartoon creature against a blurred background. The subject displays severe facial malformation with crowded eyes and a warped mouth. Skin textures appear flat with softly defined edges.
"a painting of pink panther as a vampire , blurred detail",sd1.5_lowstep_176.jpg,176,2.03716536,0.468285967,2.77261172,1.057264971,A close-up portrait shows a stylized pink creature with large green eyes. The facial structure is coherent despite semantically confusing details inside the mouth. Surfaces show waxy smoothness with softened edge definitions.
"a painting of pink panther as a vampire , blurred detail",sd1.5_normal_176.jpg,176,1.627971309,0.52741589,2.52206564,0.8244914,A digital painting shows a bright pink cartoon animal face on a dark background. The subject's facial structure is readable but contains malformed mouth and tooth geometry. Global textures appear flat and edges show significant oversmoothing.
"a painting of pink panther as a vampire , blurred detail",xl2.2_normal_176.jpg,176,3.1806835,0.62824393,1.101591216,0.803705817,A digital oil painting shows a man in a fedora against a city skyline. The man's profile anatomy is stable despite minor facial feature softening. Textures show painterly smoothing and indistinct background details.
"a huge wooden carving sculpture of a fox, hyper detail",AttnGAN_normal_177.jpg,177,0.86802727,0.631159093,0.566059704,0.669367555,A blurry painting depicts a malformed figure within an indistinct interior space. The subject displays severe anatomical warping with fused limbs and broken structure. Global oversmoothing and blur eliminate texture and soften all edge boundaries.
"a huge wooden carving sculpture of a fox, hyper detail",DALLE2_normal_177.jpg,177,2.524012104,0.759348523,3.244503722,0.350395238,"A close-up view depicts a carved wooden fox head under warm light. The subject is recognizable, though the eye anatomy appears distorted and unclear. Wood grain exhibits subtle oversmoothing and lacks fine textural definition."
"a huge wooden carving sculpture of a fox, hyper detail",glide_normal_177.jpg,177,0.128895573,0.376052061,0.341602936,0.402970126,"The image presents a solid black square devoid of visible content. No subject structure or semantic information exists within the dark frame. The frame is a flat, featureless dark surface."
"a huge wooden carving sculpture of a fox, hyper detail",midjourney_lowstep_177.jpg,177,2.193472252,0.655902932,3.075004622,0.305986943,"A close-up shows a stylized digital fox creature with smooth, waxy fur. The subject's face is recognizable but lacks sharp detail and appears structurally blurred. Global oversmoothing flattens textures and weakens edge definition."
"a huge wooden carving sculpture of a fox, hyper detail",midjourney_normal_177.jpg,177,3.701722739,0.365064393,3.836048921,0.383865762,A close-up view shows a detailed wooden sculpture of a fox's head. The subject's anatomy is stable but features some illogical fur carving directions. Textures appear slightly smoothed with a pervasive waxy surface finish.
"a huge wooden carving sculpture of a fox, hyper detail",sd1.5_highcorr_177.jpg,177,2.630872609,0.817683258,2.931303945,0.825641471,A close-up depicts a stylized wooden fox head against a neutral background. The subject is recognizable but the jaw and teeth exhibit minor geometric fusion. Details are sharp and surfaces show no obvious smoothing or noise.
"a huge wooden carving sculpture of a fox, hyper detail",sd1.5_lowcorr_177.jpg,177,3.270286787,0.508810222,3.857782273,0.545872101,A close-up shows a stylized wooden sculpture of a fox head. The subject maintains coherent anatomy despite some flattened features and fused fur details. Surfaces show a slightly waxy texture with uniform wood grain patterns.
"a huge wooden carving sculpture of a fox, hyper detail",sd1.5_lowstep_177.jpg,177,3.231255627,0.635984485,3.623752433,0.213621079,A close-up view shows a wooden-textured fox head on a neutral background. The subject's anatomy is coherent despite minor layering inconsistencies near the muzzle. Surface details show subtle repetitive patterns on the sculpted form.
"a huge wooden carving sculpture of a fox, hyper detail",sd1.5_normal_177.jpg,177,3.773548415,1.093912215,3.469961038,0.882058808,A close-up of a stylized wooden fox head sculpture with layered textures. The subject displays coherent facial geometry and clearly defined anatomical features. Sharp textures and edges show no dominant local artifact.
"a huge wooden carving sculpture of a fox, hyper detail",xl2.2_normal_177.jpg,177,3.835000098,0.77531894,2.308233468,1.009455158,"A digital close-up of a red fox in bright snow. The fox's head is stable, while the body fur displays unnatural ribbon-like patterns. Fur and snow surfaces appear waxy with over-smoothed detail and pseudo-details."
"a car crawling with human hands and feet, soft lighting",AttnGAN_normal_178.jpg,178,0.358179955,0.202805781,0.282183064,0.437292499,"A dark, blurry close-up of indistinct shapes near a bright glare. The primary subjects are malformed blobs lacking coherent structure or readable features. Heavy noise and extreme blur obscure all details across the frame."
"a car crawling with human hands and feet, soft lighting",DALLE2_normal_178.jpg,178,2.410204999,0.914702789,2.211793876,0.768327417,A close-up shows two human feet with metal bracelets near a silver car. The subject anatomy is distorted with an abnormal number of malformed and fused toes. Skin textures appear waxy with softened edges and inconsistent surface details.
"a car crawling with human hands and feet, soft lighting",glide_normal_178.jpg,178,0.658485261,0.40438436,0.631037248,0.613450795,A blurry close-up shows a white car with an object on its roof. The rooftop object is structurally ill-defined and fused with the vehicle's upper frame. Pervasive oversmoothing obscures fine details and softens edges.
"a car crawling with human hands and feet, soft lighting",midjourney_lowstep_178.jpg,178,2.000906886,0.342485137,3.212187972,0.772762228,A person leans forward with distorted hands before a car's glowing headlights. The subject's hands show severe malformation with fused fingers and broken joint geometry. Motion blur obscures fine textures and sharp edge definitions.
"a car crawling with human hands and feet, soft lighting",midjourney_normal_178.jpg,178,3.305628811,0.563967461,1.574691536,0.666362574,A dark cinematic shot shows a hand reaching toward a car tire. The hand anatomy is severely distorted with malformed fingers and extra joints. Waxy textures and inconsistent lighting soften the image details.
"a car crawling with human hands and feet, soft lighting",sd1.5_highcorr_178.jpg,178,2.788955814,0.773983212,2.251027408,1.087482857,A high-contrast monochrome image shows bare feet standing before a car bumper. The feet feature malformed toes and structurally implausible surface markings. Skin exhibits a waxy texture with unnatural pseudo-detail lines.
"a car crawling with human hands and feet, soft lighting",sd1.5_lowcorr_178.jpg,178,2.326531297,0.622553485,1.297700751,1.313642588,A photorealistic image of a partially visible person inside a car interior. The subject exhibits severe anatomical distortion with fused limbs and unnatural posing. Global textures appear waxy and edges lack sharp definition.
"a car crawling with human hands and feet, soft lighting",sd1.5_lowstep_178.jpg,178,2.289786403,0.562533891,1.165897295,0.574649773,A close-up shows a hand and foot near a car tire and shoe. The anatomy is severely distorted with fused fingers and a malformed foot structure. Surfaces look waxy and edges show inconsistent sharpness.
"a car crawling with human hands and feet, soft lighting",sd1.5_normal_178.jpg,178,2.018808722,0.776356792,1.848675793,0.679664477,A digital painting shows a distorted multi-fingered hand in a blue sleeve on metal. The subject shows severe structural distortion with fused fingers and implausible anatomy. Waxy textures and soft edges appear globally.
"a car crawling with human hands and feet, soft lighting",xl2.2_normal_178.jpg,178,2.518413241,0.486194206,1.768493308,0.790450891,Two pairs of legs form an arch over a road at sunset. The feet are fused and lack plausible anatomy at the central contact point. Skin textures appear waxy and the asphalt lacks realistic micro-detail.
"underwater photography of the rough ocean, HDR lighting",AttnGAN_normal_179.jpg,179,1.063255848,0.78982614,0.641620949,0.990660571,A vertically warped human face appears against a textured background in close-up. The subject shows severe structural distortion with misaligned features and impossible anatomy. Heavy blur and vertical smearing degrade global clarity.
"underwater photography of the rough ocean, HDR lighting",DALLE2_normal_179.jpg,179,1.867036088,1.452292988,2.746134145,1.025820001,An upward view of a rippling ocean surface from deep underwater. The surface structure is coherent but shows repetitive patterns and undefined dark spots. Textures show oversmoothing and lack sharp definition in the details.
"underwater photography of the rough ocean, HDR lighting",glide_normal_179.jpg,179,0.014779217,0.463898319,1.280365205,1.261637146,A featureless dark blue gradient occupies the entire image frame. No identifiable subject exists to assess for structural integrity or semantics. The image suffers from extreme oversmoothing and subtle vertical color banding.
"underwater photography of the rough ocean, HDR lighting",midjourney_lowstep_179.jpg,179,1.39381957,0.536152058,2.22449748,1.005848848,"A low-angle underwater shot depicts light rays entering a murky sea. The seafloor is structurally indistinct, lacking recognizable features or logical depth. Pervasive blurring and weak edge definition soften the entire image."
"underwater photography of the rough ocean, HDR lighting",midjourney_normal_179.jpg,179,3.387959109,0.555317104,3.348349994,0.552597797,A photorealistic split-level view captures a sunlit underwater coral reef. The reef structure is coherent but displays some lumpy organic distortions. Textures exhibit mild waxy smoothing and repetitive patterns.
"underwater photography of the rough ocean, HDR lighting",sd1.5_highcorr_179.jpg,179,2.763264791,0.782812658,3.191417702,0.951550179,An underwater scene shows sunlight filtering through waves onto a rocky seabed. Rocky seabed structures and scattered debris maintain overall geometric stability. Textures show subtle flatness while light rays exhibit faint edge inconsistency.
"underwater photography of the rough ocean, HDR lighting",sd1.5_lowcorr_179.jpg,179,1.539115041,0.756031265,2.163775142,1.144469359,An underwater view shows light rays penetrating through a murky water surface. The light beam structure is coherent but lacks realistic volumetric particle detail. Lower regions exhibit overly smoothed textures and flat lighting gradients.
"underwater photography of the rough ocean, HDR lighting",sd1.5_lowstep_179.jpg,179,2.83450926,0.696498434,3.102285456,0.666702837,An underwater split-shot features a rippling surface and glowing rocky seabed. The subject structure is stable with consistent ripples and organic rock shapes. Seabed textures show minor pseudo-details and a softened waxy finish.
"underwater photography of the rough ocean, HDR lighting",sd1.5_normal_179.jpg,179,2.317014,0.939157041,2.995621756,0.542345208,A massive textured underwater formation borders rising bubbles in blue water. The subject's dense fibrous texture is repetitive and lacks coherent structure. Surface details exhibit pseudo-texture patterns and softened local edge definition.
"underwater photography of the rough ocean, HDR lighting",xl2.2_normal_179.jpg,179,3.017147546,0.953347932,3.116693004,0.809315817,A split-level view shows flowing wooden structures beneath a cloudy sky. The undulating subject forms are structurally coherent with consistent surface patterns. Textures appear overly smooth with subtle waxy surface rendering.
"a female warrior in charming phenix armor, top view, realistic style",AttnGAN_normal_182.jpg,182,1.010879855,0.442529208,0.373079324,0.430669632,"A close-up shows a large, tan-furred animal in an indoor setting. The subject anatomy is severely distorted into a fused, unrecognizable mass. Oversmoothing creates waxy textures and eliminates fine surface details."
"a female warrior in charming phenix armor, top view, realistic style",DALLE2_normal_182.jpg,182,2.939794687,0.768642655,3.035568457,0.662470489,A digital painting portrays a close-up fantasy warrior in ornate feathered armor. The subject's face and gear exhibit malformed geometry and semantically confusing local regions. Oversmoothing clashes with messy details and softened edges.
"a female warrior in charming phenix armor, top view, realistic style",glide_normal_182.jpg,182,1.255971063,0.644909035,1.354623028,1.099963697,A centered frontal silhouette of a humanoid robot on a plain background. The figure has a primitive blocky anatomy with simplified limbs and a stray central line. Details are flat with minimal texture and slightly pixelated edges.
"a female warrior in charming phenix armor, top view, realistic style",midjourney_lowstep_182.jpg,182,2.374253916,0.463461571,2.51693257,0.666409779,"A digital portrait depicts a woman in ornate fantasy armor on a dark background. Facial features and armor geometry are softened, lacking sharp structural definition. Heavy oversmoothing creates waxy textures and obscures fine image details."
"a female warrior in charming phenix armor, top view, realistic style",midjourney_normal_182.jpg,182,3.541752783,0.722994669,3.066730889,0.944390611,A centered full-body shot shows an armored female warrior with large wings on a gray background. Subject anatomy and armor are structurally stable and semantically readable. Metallic textures show subtle waxy smoothing but maintain clarity.
"a female warrior in charming phenix armor, top view, realistic style",sd1.5_highcorr_182.jpg,182,3.214005785,0.487492188,2.486006301,0.899949787,"A frontal view of a female figure in ornate fantasy armor on a gray background. The subject's structure is generally coherent, though hand and armor details are malformed. Surfaces show waxy textures and softened edges with inconsistent detail."
"a female warrior in charming phenix armor, top view, realistic style",sd1.5_lowcorr_182.jpg,182,3.074195478,0.287917391,2.202257515,0.929140436,A frontal view of an ornate silver-armored figure on a plain background. The subject's complex armor shows structural fusion and semantic confusion in plating. Metal surfaces show subtle pseudo-details and softened peripheral edges.
"a female warrior in charming phenix armor, top view, realistic style",sd1.5_lowstep_182.jpg,182,3.221284286,0.74670814,2.988304467,0.624263807,A digital illustration depicts a female warrior in ornate silver plate armor. The subject features malformed hand anatomy and chaotic armor ornamentation details. Metallic textures appear waxy with pseudo-detailing and softened edge definition.
"a female warrior in charming phenix armor, top view, realistic style",sd1.5_normal_182.jpg,182,2.574642925,0.657907623,2.566500608,0.518613262,A 3D rendered female warrior in detailed fantasy armor shown from two angles. The subject's anatomy is distorted with an unnaturally narrow waist and exaggerated hips. Surfaces exhibit a waxy smoothness with flattened texture details.
"a female warrior in charming phenix armor, top view, realistic style",xl2.2_normal_182.jpg,182,3.270286787,0.71606245,2.653500595,0.772479381,A stylized digital illustration features a female warrior in blue armor against a circle. The character's facial symmetry and hand anatomy exhibit minor structural distortions. Skin surfaces appear slightly waxy despite sharp edge definition.
"professional studio logo for robot artists, close-up, baroque style",AttnGAN_normal_184.jpg,184,0.712802152,0.324312882,1.321226762,1.325963262,Abstract painterly close-up of a distorted profile against a textured blue background. The subject displays severe structural warping and lacks clear anatomical coherence. Oversmoothing and repetitive textures obscure fine details across the image.
"professional studio logo for robot artists, close-up, baroque style",DALLE2_normal_184.jpg,184,2.248459435,0.645560772,3.094936968,0.895687389,"A monochrome line drawing features a stylized robot inside a circular emblem. The robotic figure is structurally clear, though text and flourishes overlap awkwardly. Line weights vary inconsistently throughout the sketch's detailed contours."
"professional studio logo for robot artists, close-up, baroque style",glide_normal_184.jpg,184,1.373098268,0.375649667,1.495248703,0.804718734,A high-contrast monochrome illustration depicts a symmetrical winged creature and symbols. The central figure displays distorted anatomy with fused segments and unreadable text. Lines exhibit inconsistent thickness and jagged aliasing.
"professional studio logo for robot artists, close-up, baroque style",midjourney_lowstep_184.jpg,184,2.83450926,0.501446006,3.303761333,0.516239894,A centered metallic emblem features a stylized skull within an ornate frame. The subject is recognizable but features illegible secondary text and melted scrollwork geometry. Metallic surfaces exhibit a waxy appearance with inconsistent local lighting.
"professional studio logo for robot artists, close-up, baroque style",midjourney_normal_184.jpg,184,4.016980847,0.299679506,3.683968423,0.570090304,A centered frontal view of an intricate golden mechanical mask on a dark background. The subject is stable with minor distortion in the lower facial region. Metallic textures show subtle pseudo-details and softened edges.
"professional studio logo for robot artists, close-up, baroque style",sd1.5_highcorr_184.jpg,184,3.62187092,0.737092824,3.775401378,0.483814865,"A stylized metallic robot head is centered within a gold emblem. The robotic anatomy is plausible, but the text is unreadable gibberish. Central details are sharp while background textures show subtle repetition."
"professional studio logo for robot artists, close-up, baroque style",sd1.5_lowcorr_184.jpg,184,2.821971923,0.505900128,3.274006549,0.484808483,A complex circular mechanical emblem sits on a plain gray background. The subject's densely packed mechanical parts are structurally coherent but visually cluttered. Surface textures show slight uniformity and softened micro-detailing.
"professional studio logo for robot artists, close-up, baroque style",sd1.5_lowstep_184.jpg,184,3.058757207,0.318259904,2.888958056,0.848390558,A centered ornate graphic features stylized text inside a complex circular emblem. The central typography remains legible while surrounding decorative motifs exhibit subtle semantic ambiguity. Fine background textures display repetitive pseudo-details and slight edge softening.
"professional studio logo for robot artists, close-up, baroque style",sd1.5_normal_184.jpg,184,2.85831935,0.950838873,3.302738591,0.726110358,A centered vintage illustration of a toy robot on a textured background. The subject features malformed limb structures and inconsistent torso panel geometry. Pseudo-details and a flat repetitive texture degrade surface quality.
"professional studio logo for robot artists, close-up, baroque style",xl2.2_normal_184.jpg,184,2.526119865,0.709728211,2.93018727,0.868942491,A stylized robotic head is centered within a complex ornamental circular frame. The subject maintains a coherent and stable geometric facial structure. Outer filigree exhibits repetitive pseudo-patterns and minor edge inconsistencies.
"die cut sticker of chibi cute golf player , long-shot, anime style",AttnGAN_normal_185.jpg,185,0.794277489,0.300310956,0.775754404,0.7212959,Two leaf-like objects float on a blue water surface in a painterly style. The subjects show severe structural distortion with fused and unnatural internal forms. Textures are overly smooth with softened edges.
"die cut sticker of chibi cute golf player , long-shot, anime style",DALLE2_normal_185.jpg,185,2.799561659,1.005560689,3.296107282,0.622194002,"A centered chibi girl holds a golf club against a solid blue background. The figure follows chibi style, though hands and limbs are simplified and fused. Edges show aliasing and textures lack fine detail."
"die cut sticker of chibi cute golf player , long-shot, anime style",glide_normal_185.jpg,185,1.539115041,0.391281575,1.447496815,1.1738707,"A centered, stylized red and white cartoon face on a plain background. The simplified facial structure is coherent despite minor confusing marks near the mouth. Soft edges and flat textures show subtle smoothing and internal inconsistencies."
"die cut sticker of chibi cute golf player , long-shot, anime style",midjourney_lowstep_185.jpg,185,2.560585504,0.642368089,2.999704571,0.863080312,"A chibi-style boy stands centered against a plain white background. The character's head is well-formed, but hands and feet are structurally ambiguous. Significant oversmoothing and detail loss affect the lower body and textures."
"die cut sticker of chibi cute golf player , long-shot, anime style",midjourney_normal_185.jpg,185,3.30238721,0.704124685,3.116693004,0.547736767,A chibi-style cartoon boy stands against a plain white background. The character's anatomy and pose are structurally stable and clearly readable. Edges are crisp and textures show no dominant local artifact.
"die cut sticker of chibi cute golf player , long-shot, anime style",sd1.5_highcorr_185.jpg,185,3.007007681,0.71407042,3.137840023,0.617152858,"A cartoon golfer sticker on a gray background uses thick black outlines. The stylized figure has simplified anatomy, misaligned limbs, and a basic face. Sharp outlines and flat textures lack significant perceptual artifacts."
"die cut sticker of chibi cute golf player , long-shot, anime style",sd1.5_lowcorr_185.jpg,185,2.432406235,0.834369002,2.921613433,0.171697789,A chibi-style illustration depicts a boy on a green sticker over wood. The subject's pointing hand is malformed into a shapeless fused mass. Textures exhibit mild oversmoothing and softened edge definition.
"die cut sticker of chibi cute golf player , long-shot, anime style",sd1.5_lowstep_185.jpg,185,2.329452272,0.701718582,2.069982669,0.90680701,A distorted cartoon figure sits within a jagged white shape on a brown background. The subject exhibits severe anatomical distortion with spindly limbs and a fused body. Line work appears shaky over a subtly textured background.
"die cut sticker of chibi cute golf player , long-shot, anime style",sd1.5_normal_185.jpg,185,2.732667064,0.656962456,2.740407521,0.894166355,"A stylized cartoon character sticker sits on a brown textured surface. The figure's hands and limbs are malformed with fused, indistinct shapes. Clean outlines separate flat colors from the grainy background."
"die cut sticker of chibi cute golf player , long-shot, anime style",xl2.2_normal_185.jpg,185,3.613766055,0.211469853,3.013543571,0.572433515,"A hand holds a sticker of a chibi girl against a blurred landscape. The figure is recognizable, but the shoulder and held object are malformed. Distant background lacks detail and shows artificial smoothing."
"a portrait of girl alchemist in blue dress, blurred detail, sci-fi style",AttnGAN_normal_186.jpg,186,0.812984657,0.692841833,0.599944417,0.743223065,Abstract organic shapes float on a vibrant gradient background in a digital style. Subjects are structurally ambiguous and lack semantic readability due to severe warping. Surfaces exhibit waxy textures and inconsistent local lighting details.
"a portrait of girl alchemist in blue dress, blurred detail, sci-fi style",DALLE2_normal_186.jpg,186,3.59159738,0.272763133,3.480852014,0.204530488,"A close-up portrait shows a woman with a forehead symbol under blue light. Facial anatomy is stable, although the gloved hand shows minor fusion. Skin surfaces display a pervasive waxy smoothness lacking natural micro-detail."
"a portrait of girl alchemist in blue dress, blurred detail, sci-fi style",glide_normal_186.jpg,186,0.079179007,0.272890443,0.349001592,0.375913709,A mostly black frame displays faint white silhouettes at the edges. The primary subject is obscured and provides no readable semantic information. Jagged white edges and a minor green pixel artifact are present.
"a portrait of girl alchemist in blue dress, blurred detail, sci-fi style",midjourney_lowstep_186.jpg,186,3.416483075,0.160200316,3.482467199,0.500406636,"A digital portrait features a woman holding a glowing bottle in low light. The facial anatomy is plausible, though the hand gripping the object is malformed. Widespread softening produces flat textures and weak edge definition."
"a portrait of girl alchemist in blue dress, blurred detail, sci-fi style",midjourney_normal_186.jpg,186,4.158106201,0.182142467,3.580006984,0.866692414,A cinematic portrait captures a woman with wavy hair amidst soft bokeh lights. Facial anatomy is stable while shoulder textures show minor semantic confusion. Textures exhibit a subtle global oversmoothing or waxy finish.
"a portrait of girl alchemist in blue dress, blurred detail, sci-fi style",sd1.5_highcorr_186.jpg,186,2.5465021,0.658350326,3.055730638,0.616339777,A digital painting depicts a woman in a blue dress against a textured background. The subject's face and hand exhibit noticeable structural distortion and color bleeding. Heavy grainy texture and inconsistent lighting affect clarity.
"a portrait of girl alchemist in blue dress, blurred detail, sci-fi style",sd1.5_lowcorr_186.jpg,186,1.154843415,0.506436161,2.14469675,0.836320175,A blurry close-up of a figure in blue on a neutral background. The subject's facial features and anatomy are completely obscured by heavy smoothing. Extreme global blur removes all fine texture and edge definition.
"a portrait of girl alchemist in blue dress, blurred detail, sci-fi style",sd1.5_lowstep_186.jpg,186,2.938008313,0.527845749,2.865255012,0.806531537,"A close-up portrait features a blue-haired woman with a futuristic headset. The facial structure is stable, but the right earpiece lacks clear definition. Global skin textures exhibit significant oversmoothing and a waxy appearance."
"a portrait of girl alchemist in blue dress, blurred detail, sci-fi style",sd1.5_normal_186.jpg,186,1.916425889,0.341390544,1.901139755,0.900822541,"A digital portrait shows a red-haired girl in a blue dress against a blurred background. The subject's face is clear, but eyes are misaligned and hair fuses with the dress. Global oversmoothing yields waxy textures and indistinct edges."
"a portrait of girl alchemist in blue dress, blurred detail, sci-fi style",xl2.2_normal_186.jpg,186,3.944176453,0.280547397,2.824073647,0.897726047,"A close-up digital portrait of a woman under dramatic dual-toned lighting. The face is clear, but the hand touching the hair lacks definition. Skin surfaces appear waxy and the background exhibits heavy smearing."
"softboy aesthetic in ancient greek clothing, hyper detail, realistic style",AttnGAN_normal_187.jpg,187,0.902526954,0.715325564,0.874199281,0.907045198,"A close-up of a distorted, dark metallic form on a textured background. The subject exhibits severe structural warping with fused features and illegible pseudo-text. Surfaces show waxy textures and inconsistent lighting with softened edges."
"softboy aesthetic in ancient greek clothing, hyper detail, realistic style",DALLE2_normal_187.jpg,187,2.657997659,0.814296348,1.672693868,0.722191936,"A digital sketch depicts a young man with brown hair on a white background. Facial features are slightly distorted, and the secondary text is illegible. Shading appears flat with softened edges and minimal detail."
"softboy aesthetic in ancient greek clothing, hyper detail, realistic style",glide_normal_187.jpg,187,1.782268897,0.605110388,1.502329958,0.842131387,A centered view of black shorts with patterned side panels on white. The garment has an unnaturally narrow crotch and lacks plausible three-dimensional volume. Blurry edges and repetitive pseudo-textures reduce overall clarity.
"softboy aesthetic in ancient greek clothing, hyper detail, realistic style",midjourney_lowstep_187.jpg,187,2.852156791,0.413610383,2.366720668,0.596493898,"A digital portrait depicts a man in classical attire beside a column. The face is stable, but the neck and garment boundaries appear fused. Oversmoothing creates waxy textures and indistinct background details."
"softboy aesthetic in ancient greek clothing, hyper detail, realistic style",midjourney_normal_187.jpg,187,4.180290975,0.496579398,2.60548011,0.930066458,A photorealistic portrait of a youth in Roman attire within a classical interior. The subject's anatomy is stable though facial features show minor asymmetry. Textures exhibit waxy smoothing and repetitive pseudo-detail on the fabric.
"softboy aesthetic in ancient greek clothing, hyper detail, realistic style",sd1.5_highcorr_187.jpg,187,3.590592228,0.670322525,2.232430935,1.195146127,A digital painting shows a robed man against a plain warm background. The subject is structurally stable despite minor distortion in the hands and shoulder armor. Textures appear waxy and oversmoothed with inconsistent local detail clarity.
"softboy aesthetic in ancient greek clothing, hyper detail, realistic style",sd1.5_lowcorr_187.jpg,187,2.375358302,0.508196995,2.592416657,0.492229952,A sepia sketch features a woman in a draped gown against a dark backdrop. The subject's hands are fused and lack distinct anatomical finger structure. Fabric details display pseudo-texture and inconsistent edge sharpness.
"softboy aesthetic in ancient greek clothing, hyper detail, realistic style",sd1.5_lowstep_187.jpg,187,0.739960598,0.744842911,1.009528271,0.691204646,"A blurred portrait of a person against a solid background. Subject features are obscured by heavy blur, preventing structural assessment. Extreme softness removes all texture and sharp edge definition."
"softboy aesthetic in ancient greek clothing, hyper detail, realistic style",sd1.5_normal_187.jpg,187,3.131243411,0.830152306,2.531454291,1.012180968,A detailed monochrome sketch shows two robed figures on a plain background. The left figure's hand and held object exhibit minor structural ambiguity and fusion. Fine hatching textures appear repetitive and overly smooth in shaded regions.
"softboy aesthetic in ancient greek clothing, hyper detail, realistic style",xl2.2_normal_187.jpg,187,3.673198773,0.479241731,2.251027408,1.089632117,A digital painting depicts a young man with wavy brown hair against a plain background. Facial anatomy is largely coherent despite noticeable vertical eye asymmetry. Skin textures appear overly smoothed and lack natural surface detail.
"lobster human hybrid in fashion photography, HDR lighting, baroque style",AttnGAN_normal_189.jpg,189,1.029205605,0.602847094,1.087057329,0.846514544,"Distorted hanging garments and malformed figures occupy a cluttered indoor space. Subjects are severely fused and warped, lacking any coherent anatomical structure. Heavy oversmoothing flattens textures and blurs all boundaries."
"lobster human hybrid in fashion photography, HDR lighting, baroque style",DALLE2_normal_189.jpg,189,2.660597966,0.777615619,2.494876872,1.213585592,A portrait shows a woman with a lobster on her head and a coat. The subject's face is clear but shows distorted skin tones and unnatural textures. Repetitive fabric patterns and waxy skin details affect quality.
"lobster human hybrid in fashion photography, HDR lighting, baroque style",glide_normal_189.jpg,189,0.885277112,0.68206272,1.13493277,1.056009781,A close-up digital painting features a distorted orange crab in darkness. The subject's anatomy is severely malformed with fused limbs and a blurred shell. Heavy blurring and oversmoothing erase texture and edge definition.
"lobster human hybrid in fashion photography, HDR lighting, baroque style",midjourney_lowstep_189.jpg,189,2.165778989,0.405877062,2.846322945,0.448191776,"A painterly portrait shows a red-haired figure with white face paint. The subject's hands are malformed and fused with the garment, lacking anatomical logic. Heavy blurring and softening obscure all fine details and edges."
"lobster human hybrid in fashion photography, HDR lighting, baroque style",midjourney_normal_189.jpg,189,3.92415533,0.563133388,3.478508951,0.459725325,A cinematic portrait depicts a woman in ornate lobster-themed armor and headgear. Facial features and intricate costume anatomy are structurally stable and semantically clear. High-fidelity textures and edges show no dominant local artifact.
"lobster human hybrid in fashion photography, HDR lighting, baroque style",sd1.5_highcorr_189.jpg,189,2.660597966,0.650760223,3.17765537,0.490796044,A frontal portrait shows a human figure with a large red insect head. The insect anatomy is complex but fuses poorly with the human neck. Skin textures appear waxy while the background remains clean.
"lobster human hybrid in fashion photography, HDR lighting, baroque style",sd1.5_lowcorr_189.jpg,189,2.869008944,0.529002862,2.723036745,0.822774247,A fashion figure in an ornate costume stands against a neutral studio background. The subject exhibits severe limb distortion and fused anatomical structures within the attire. Global textures display repetitive pseudo-detailing and subtle edge softening.
"lobster human hybrid in fashion photography, HDR lighting, baroque style",sd1.5_lowstep_189.jpg,189,2.869008944,1.03524383,3.1259885,0.802865666,A woman wears a surreal red lobster-themed costume in a studio portrait. The subject's anatomy is distorted by fused facial features and malformed hands. Waxy textures and softened edges diminish surface detail clarity.
"lobster human hybrid in fashion photography, HDR lighting, baroque style",sd1.5_normal_189.jpg,189,2.994111578,0.783310141,3.180285613,0.682360181,"A stylized fashion portrait shows a woman in a red headdress and claw piece. The face is clear, but hand anatomy and chest text show structural distortion. Skin textures appear waxy and fine details lack sharp definition."
"lobster human hybrid in fashion photography, HDR lighting, baroque style",xl2.2_normal_189.jpg,189,3.224958365,0.385756919,3.013304279,0.505007954,"A person wears a detailed red lobster costume in a studio portrait. The figure is intact, while the costume's shell elements appear slightly warped. Skin surfaces show waxy smoothing and lack of natural micro-texture."
"delicious peanut butter donut with glazing , warm color, anime style",AttnGAN_normal_190.jpg,190,0.875752826,0.486958233,0.831414849,1.016169053,A digital painting depicts a distorted human figure against a textured background. The subject exhibits severe structural distortion with malformed faces and fused anatomy. Global quality suffers from heavy oversmoothing and waxy surface textures.
"delicious peanut butter donut with glazing , warm color, anime style",DALLE2_normal_190.jpg,190,2.67293154,0.602921629,3.485324022,0.774307739,A cartoon-style glazed donut with chocolate drizzle on a plain background. The subject exhibits a malformed jagged inner hole and uneven icing edges. Faint ghostly text artifacts appear scattered across the glaze surface.
"delicious peanut butter donut with glazing , warm color, anime style",glide_normal_190.jpg,190,1.704085415,0.668183214,2.490096099,0.8869874,A close-up shows a glazed donut on a white patterned plate. The subject has a malformed structure with fused parts and distorted glaze. Heavy blur and oversmoothing soften edges and flatten all visible textures.
"delicious peanut butter donut with glazing , warm color, anime style",midjourney_lowstep_190.jpg,190,2.48951242,0.731428893,3.457831122,0.38390976,A cartoon-style illustration shows a chocolate-glazed donut on a white background. The donut has a coherent circular structure with plausible glaze drips and a center hole. Textures appear waxy with softened details and flat tonal transitions.
"delicious peanut butter donut with glazing , warm color, anime style",midjourney_normal_190.jpg,190,3.249399128,0.633932125,3.079505301,0.650599786,A chibi anime boy sits inside a large glazed donut on a grey background. The subject maintains coherent anatomy though hands show slight simplification. Surfaces exhibit a smooth waxy finish with crisp line work.
"delicious peanut butter donut with glazing , warm color, anime style",sd1.5_highcorr_190.jpg,190,3.074988427,0.543730053,3.232987189,0.737328773,Glazed donuts rest on a wire cooling rack in bright daylight. Subject shapes are stable but some holes appear unnaturally dark and flat. Glaze textures exhibit mild oversmoothing and a slightly waxy surface quality.
"delicious peanut butter donut with glazing , warm color, anime style",sd1.5_lowcorr_190.jpg,190,2.92680752,0.611580675,2.653500595,0.476254439,Several glazed donuts are arranged on a white surface near a bottle. The rightmost donut is severely malformed and lacks coherent geometric structure. Global textures appear waxy with noticeable softening of fine details.
"delicious peanut butter donut with glazing , warm color, anime style",sd1.5_lowstep_190.jpg,190,2.885477796,0.981219804,3.402927392,0.517912489,Several glazed donuts rest on a grey surface in a top-down view. The donuts maintain stable circular forms and clear semantic readability. Glaze textures exhibit subtle waxiness and minor pseudo-detail bumps.
"delicious peanut butter donut with glazing , warm color, anime style",sd1.5_normal_190.jpg,190,2.912526527,0.512537203,2.963619274,0.686100975,"Nine glazed donuts sit on a wire cooling rack from a top-down perspective. The subjects maintain a coherent structure despite minor geometric inconsistencies in their central holes. Surfaces exhibit a waxy, over-smoothed texture lacking natural micro-detail."
"delicious peanut butter donut with glazing , warm color, anime style",xl2.2_normal_190.jpg,190,3.645251835,0.627092043,3.197097634,0.78340086,"A vector illustration depicts a donut, pastries, and nuts on a dark surface. The donut has a distorted hole, and the pastries show confusing facial markings. Textures are flat and edges are overly smooth throughout the image."
"cute fluffy golden teddy bear eating bagels, cold color, sci-fi style",AttnGAN_normal_191.jpg,191,0.776328629,0.39143248,0.828455166,0.743423843,A blurry digital scene shows a warped oval object and a dark shape in water. The main subject is structurally unstable and semantically confusing from heavy distortion. Oversmoothing and weak edges flatten the image.
"cute fluffy golden teddy bear eating bagels, cold color, sci-fi style",DALLE2_normal_191.jpg,191,2.420011295,0.427927441,2.62350113,0.505574073,A stylized teddy bear holds several rings against a dark background. The bear's facial region and grasped rings exhibit noticeable fusion and shape irregularity. Textures appear flat and edges lack sharp definition.
"cute fluffy golden teddy bear eating bagels, cold color, sci-fi style",glide_normal_191.jpg,191,1.948511424,0.481397747,1.599528985,0.554946006,A blurry close-up of an orange-red teddy bear on a plain background. The subject is structurally stable but lacks definition in facial features and paws. Heavy global blur removes all texture and edge definition.
"cute fluffy golden teddy bear eating bagels, cold color, sci-fi style",midjourney_lowstep_191.jpg,191,2.476240979,0.442333971,2.965504258,0.163300553,A 3D illustration depicts a teddy bear holding donuts against a teal backdrop. The character has simplified paws and holds a donut with an unnatural hole. Textures appear waxy and lack sharp fine details.
"cute fluffy golden teddy bear eating bagels, cold color, sci-fi style",midjourney_normal_191.jpg,191,3.840077938,0.903595709,3.496291466,0.79295017,A cartoon-style teddy bear holds a bagel against a dark background. The subject is structurally coherent despite minor distortions in the paws. Fur textures exhibit subtle waxiness and softened local edge clarity.
"cute fluffy golden teddy bear eating bagels, cold color, sci-fi style",sd1.5_highcorr_191.jpg,191,3.008458905,0.4852896,2.772204703,1.127775468,A cartoon teddy bear holds a striped cup against a red background. The bear's dark paws are malformed and its snout region is fused. Textures show repetitive line patterns while surfaces exhibit slight oversmoothing.
"cute fluffy golden teddy bear eating bagels, cold color, sci-fi style",sd1.5_lowcorr_191.jpg,191,2.389187797,0.546879103,2.603839495,0.670862586,A cartoon teddy bear and human legs sit on a blue chair indoors. The bear's pose and the book's content exhibit minor structural and semantic ambiguity. Textures are flat with softened edges and inconsistent line work.
"cute fluffy golden teddy bear eating bagels, cold color, sci-fi style",sd1.5_lowstep_191.jpg,191,2.58928805,0.433221289,2.543646764,1.164572195,A digital illustration depicts a brown teddy bear sitting with cups. The subject exhibits malformed limbs and lacks clear anatomical joint definition. Textures appear waxy with softened boundary edges.
"cute fluffy golden teddy bear eating bagels, cold color, sci-fi style",sd1.5_normal_191.jpg,191,3.008458905,0.27758835,3.10133505,0.613138271,
"cute fluffy golden teddy bear eating bagels, cold color, sci-fi style",xl2.2_normal_191.jpg,191,2.842135098,0.65569072,2.877526414,0.899487904,A flat-style illustration features a cartoon bear in a bubble helmet against a starry sky. The bear's simplified anatomy is structurally stable and semantically clear. Sharp edges and clean colors show no significant local artifact.
"beautiful ancient temple in a formal garden, top view, realistic style",AttnGAN_normal_192.jpg,192,1.144024742,0.561674132,0.957159937,0.733296098,A distorted futuristic vehicle sits on a grassy area near a road. The subject exhibits severe structural malformation with fused components and broken geometry. Widespread blur and waxy textures reduce image detail.
"beautiful ancient temple in a formal garden, top view, realistic style",DALLE2_normal_192.jpg,192,3.108728168,0.453790697,3.644083685,0.405556266,An aerial shot captures a grand stone temple in a formal garden. The building's columns and dome show fused anatomy and warped geometry. Surfaces look waxy with blurred boundaries and pseudo-detailed vegetation.
"beautiful ancient temple in a formal garden, top view, realistic style",glide_normal_192.jpg,192,0.879514179,0.741091111,1.732152809,0.829841522,"A blurry outdoor landscape depicts a red building among dark trees and grass. Subject structure is unrecognizable, reduced to vague color masses. Extreme global blurring and oversmoothing eliminate all visible detail and texture."
"beautiful ancient temple in a formal garden, top view, realistic style",midjourney_lowstep_192.jpg,192,1.597692094,0.78038786,3.137696322,0.255024718,"A soft isometric illustration depicts a central courtyard surrounded by buildings. The architectural layout is coherent but severely blurred, obscuring all surface details. Heavy global oversmoothing creates flat textures and undefined edges."
"beautiful ancient temple in a formal garden, top view, realistic style",midjourney_normal_192.jpg,192,3.806813177,0.914128652,3.917578309,0.592072241,An isometric rendering shows a traditional temple inside a manicured courtyard. The central structure remains structurally sound with recognizable architectural features. Foliage and ground textures show significant repetition and smoothing.
"beautiful ancient temple in a formal garden, top view, realistic style",sd1.5_highcorr_192.jpg,192,3.116981428,0.953992013,3.543429565,0.546592727,An aerial view depicts a symmetrical stone temple in a formal garden. The tiered structure is geometrically plausible though central details appear slightly repetitive. Foliage textures show uniform repetition without natural surface variation.
"beautiful ancient temple in a formal garden, top view, realistic style",sd1.5_lowcorr_192.jpg,192,2.689121932,0.975464223,3.299580101,0.351749682,An aerial shot captures a square wooden structure within a wooded landscape. The central roof shows a confusing texture while perimeter walls exhibit warped geometry. Foliage textures appear flat with softened edges and subtle background melting.
"beautiful ancient temple in a formal garden, top view, realistic style",sd1.5_lowstep_192.jpg,192,2.883906185,0.51102625,3.296107282,0.389751567,A top-down architectural illustration shows a symmetrical courtyard surrounded by greenery. The central structure remains geometrically coherent despite illegible markings on peripheral buildings. Surfaces exhibit waxy oversmoothing and softened edge definition globally.
"beautiful ancient temple in a formal garden, top view, realistic style",sd1.5_normal_192.jpg,192,3.127756575,0.434395421,3.517088733,0.320616138,"A centered top-down view of a symmetrical stone garden layout with greenery. The subject maintains geometric symmetry, but central decorative motifs are visually illegible. Image-wide textures display noticeable oversmoothing and softened boundary transitions."
"beautiful ancient temple in a formal garden, top view, realistic style",xl2.2_normal_192.jpg,192,3.679751519,0.863573691,3.137840023,0.446891223,A top-down digital illustration shows a symmetrical circular garden with a central fountain. The geometric layout is mostly coherent despite minor inconsistencies in the architectural details. Landscaped surfaces exhibit slightly flat and waxy texture quality.
"a portrait of a female robot made from code, elevation view, abstract style",AttnGAN_normal_193.jpg,193,0.955535203,0.1238543,0.840870441,0.392620908,"A close-up shows a brown organic shape over neon backgrounds and red crystalline forms. The central subject lacks clear structure, appearing as a semantically confused organic mass. Textures appear waxy and indistinct with heavy color bleeding."
"a portrait of a female robot made from code, elevation view, abstract style",DALLE2_normal_193.jpg,193,3.474165563,0.665936609,2.52206564,0.576255923,"A monochromatic close-up of a heavily textured, eroded human face against white. Facial features are recognizable but warped by a melting, granular surface distortion. Heavy grain and jagged edges degrade the overall perceptual clarity."
"a portrait of a female robot made from code, elevation view, abstract style",glide_normal_193.jpg,193,0.970807385,0.584529286,1.02066036,0.826871359,"A centered, reddish, symmetrical creature stands on a plain white background. The subject shows severe structural distortion with malformed limbs and a fused torso. Textures are waxy and lack detail from heavy oversmoothing."
"a portrait of a female robot made from code, elevation view, abstract style",midjourney_lowstep_193.jpg,193,1.661520003,0.924624302,2.201569768,0.737790662,"A centered frontal portrait of a bald, metallic figure with glowing eyes. The subject's structure is stable but lacks detail from heavy blurring. Global oversmoothing and blur significantly reduce texture naturalness and edge sharpness."
"a portrait of a female robot made from code, elevation view, abstract style",midjourney_normal_193.jpg,193,4.289152216,0.778333692,3.785926171,0.844775648,"A close-up profile of a cybernetic female head against a dark background. The facial structure is stable, featuring intricate and semantically readable mechanical components. Textures and edges show no dominant local artifact."
"a portrait of a female robot made from code, elevation view, abstract style",sd1.5_highcorr_193.jpg,193,2.489938377,0.597990521,2.283154863,0.880313623,A frontal digital portrait of a stylized bald head with neon accents. Facial anatomy is coherent and readable with no visible structural distortions. Repetitive line textures cover the surface and skin appears slightly waxy.
"a portrait of a female robot made from code, elevation view, abstract style",sd1.5_lowcorr_193.jpg,193,0.464252554,0.356801533,0.861085466,1.270212361,"A centered, heavily blurred abstract figure on a plain gray background. The subject's structure is unrecognizable and lacks semantic readability. Extreme global blur eliminates all visible detail and edge definition."
"a portrait of a female robot made from code, elevation view, abstract style",sd1.5_lowstep_193.jpg,193,2.237264824,0.551252915,2.657701443,0.482807899,A 3D-rendered female figure stands before a neon-lined digital grid background. The subject shows stable structure despite simplified geometry and fused background elements. Edges show aliasing and textures lack fine detail across the frame.
"a portrait of a female robot made from code, elevation view, abstract style",sd1.5_normal_193.jpg,193,2.135311817,0.421956447,2.864560271,0.332631124,A stylized mechanical humanoid head and upper torso on a plain background. Abstract facial geometry and shoulder joints exhibit minor structural inconsistencies and fusion. Textures appear flat with subtle edge aliasing in detailed regions.
"a portrait of a female robot made from code, elevation view, abstract style",xl2.2_normal_193.jpg,193,3.169097903,0.563733083,2.509976334,0.653713982,"A stylized portrait of a woman in purple halftone dots on an orange background. Facial structure is mostly coherent, though the ear appears malformed by irregular dot density. Uniform textures contrast with softened figure boundaries."
"a cyborg jellyfish swimming in a vast ocean, close-up, baroque style",AttnGAN_normal_194.jpg,194,0.775293051,0.342112504,0.86788507,0.328406516,A digital painting shows a distorted bison against an abstract colorful background. The subject's anatomy is severely malformed with fused limbs and a warped body. Surfaces are waxy and oversmoothed with inconsistent pseudo-details.
"a cyborg jellyfish swimming in a vast ocean, close-up, baroque style",DALLE2_normal_194.jpg,194,2.493724965,0.788517999,3.050789396,0.994837245,A glowing translucent jellyfish floats in a dark underwater environment. The subject's internal anatomy contains confusing fused structures resembling human limbs. Tentacle edges lack definition and show background melting.
"a cyborg jellyfish swimming in a vast ocean, close-up, baroque style",glide_normal_194.jpg,194,0.971526322,0.88597858,1.905281713,1.102303923,"A glowing blue jellyfish floats against a pitch-black background. The subject features a fused, malformed anatomy with poorly defined tentacles. Heavy global blur significantly reduces edge clarity and detail."
"a cyborg jellyfish swimming in a vast ocean, close-up, baroque style",midjourney_lowstep_194.jpg,194,2.674859949,0.677165933,2.87284354,1.107021331,A metallic jellyfish floats centrally in a deep blue aquatic setting. The subject is clear but exhibits fused and simplified tentacle structures. Soft focus and waxy textures obscure fine surface details.
"a cyborg jellyfish swimming in a vast ocean, close-up, baroque style",midjourney_normal_194.jpg,194,3.438253731,0.968037989,3.434128078,0.669408468,A detailed digital artwork shows a large ornate jellyfish in dark water. The subject maintains a stable form with intricate patterns and trailing tentacles. Subtle pseudo-details and softened edges affect overall textural clarity.
"a cyborg jellyfish swimming in a vast ocean, close-up, baroque style",sd1.5_highcorr_194.jpg,194,3.150815738,0.495001918,3.075619946,0.651388175,"A luminous jellyfish drifts through a hazy, surreal digital underwater landscape. The central jellyfish exhibits a stable structure with clearly defined ribs and tentacles. Background regions show significant melting and soft textural boundaries."
"a cyborg jellyfish swimming in a vast ocean, close-up, baroque style",sd1.5_lowcorr_194.jpg,194,2.746509754,0.335896245,3.142688856,0.760513263,A vintage scientific illustration depicts jellyfish against a solid blue background. The central subject is recognizable but features fused and chaotic tentacle details. Global textures show mild oversmoothing and a lack of sharp micro-detail.
"a cyborg jellyfish swimming in a vast ocean, close-up, baroque style",sd1.5_lowstep_194.jpg,194,3.110506733,0.535084177,3.327464378,0.708664672,A surreal multi-eyed blue creature with golden tentacles floats in a hazy atmosphere. The subject's intricate form is structurally stable and semantically readable. Textures show mild waxiness and softened peripheral details.
"a cyborg jellyfish swimming in a vast ocean, close-up, baroque style",sd1.5_normal_194.jpg,194,3.063450866,0.550197002,3.285944521,0.479663706,A large stylized jellyfish dominates a bright blue underwater composition. The subject displays significant structural distortion with wire-like appendages and a fused central mass. Global texture appears smoothed with visible pseudo-details and soft edge boundaries.
"a cyborg jellyfish swimming in a vast ocean, close-up, baroque style",xl2.2_normal_194.jpg,194,3.29157139,0.605402541,3.250506865,0.785516359,"A digital illustration centers a translucent jellyfish above a flowing abstract landscape. The subject is clear but possesses unnaturally thick, hair-like tentacle clusters. Textures appear waxy and smooth with softened, melting background edges."
"the essence of the chemical element hydrogen, blurred detail, sci-fi style",AttnGAN_normal_196.jpg,196,0.8493261,0.49328618,0.629428475,0.446159964,A distorted human figure sits on a couch in a warm room. The subject exhibits severe anatomical warping with fused limbs and a malformed face. Surfaces appear waxy and oversmoothed with inconsistent lighting.
"the essence of the chemical element hydrogen, blurred detail, sci-fi style",DALLE2_normal_196.jpg,196,1.956105243,0.499021022,1.498880017,1.225647031,A centered white rectangular label shows black text on a dark blurred background. The legible text features minor irregularities in character stroke consistency. Significant background smoothing produces a melted texture appearance.
"the essence of the chemical element hydrogen, blurred detail, sci-fi style",glide_normal_196.jpg,196,0.392942638,0.412078889,0.483118797,0.641017249,A nearly black image features faint white specks and distorted header text. The central area lacks any coherent subject structure or semantic readability. Extreme darkness results in pervasive grain and lost definition.
"the essence of the chemical element hydrogen, blurred detail, sci-fi style",midjourney_lowstep_196.jpg,196,2.213514948,0.5065825,2.497857823,1.067813636,A glowing translucent sphere contains the letters LH against a dark abstract background. The letter L exhibits slight structural distortion while the main shape remains coherent. Global textures show oversmoothing and lack sharp micro-detail definition.
"the essence of the chemical element hydrogen, blurred detail, sci-fi style",midjourney_normal_196.jpg,196,3.038537814,0.871146041,2.931303945,0.983272436,A glowing letter H sits in a glass square frame among bubbles. The subject shows stable geometry but contains noticeable internal textural grain. Heavy background blur creates a smooth yet synthetic appearance.
"the essence of the chemical element hydrogen, blurred detail, sci-fi style",sd1.5_highcorr_196.jpg,196,2.147166571,0.815574792,2.33637472,1.126830639,Abstract digital image shows glowing lines and distorted text over a warped grid. Central subject lacks semantic clarity from malformed shapes and unreadable character structures. Textures show oversmoothing and soft edge definition.
"the essence of the chemical element hydrogen, blurred detail, sci-fi style",sd1.5_lowcorr_196.jpg,196,1.597692094,0.826004705,2.032736844,1.501786567,A top-down macro view displays a dense field of monochrome rounded bumps. The repetitive bump pattern is structurally stable with only minor shape variations. Surfaces show subtle waxy smoothing and soft edges.
"the essence of the chemical element hydrogen, blurred detail, sci-fi style",sd1.5_lowstep_196.jpg,196,2.061594671,0.890375759,2.275412354,1.302388614,A close-up digital abstract image displays glowing geometric shapes within translucent spheres. The central molecular structure is clearly defined and structurally coherent. Surfaces show smooth waxy textures with minor inconsistent speckles.
"the essence of the chemical element hydrogen, blurred detail, sci-fi style",sd1.5_normal_196.jpg,196,3.018173564,0.559456633,3.047185079,0.808875237,A centered glowing orb floats in a vibrant cosmic scene with neon streaks. The spherical subject is structurally stable with clear internal concentric rings. Surfaces appear waxy and background light trails lack sharp textural definition.
"the essence of the chemical element hydrogen, blurred detail, sci-fi style",xl2.2_normal_196.jpg,196,2.161428554,1.155949695,2.299797301,1.417870804,A close-up features a blue textured dome on a ridged sunlit surface. The subject's dome structure is clear and semantically readable despite cropping. Heavy blur and softened edge definition affect the global perceptual clarity.
"storm troopers cosplaying the power rangers , hyper detail, realistic style",AttnGAN_normal_197.jpg,197,0.831522735,0.407349,0.514481837,0.512651652,A close-up shows distorted finger-like shapes on a patterned abstract background. The subject is severely malformed with fused structures lacking semantic readability. Heavy blur and waxy textures obscure fine details everywhere.
"storm troopers cosplaying the power rangers , hyper detail, realistic style",DALLE2_normal_197.jpg,197,3.524062705,0.663198275,3.417300183,0.617227542,"Five costumed figures with helmets stand in a frontal group pose. Suit details and glove structures display malformed geometry and semantic noise. Overall textures appear oversmoothed with flat, waxy surface rendering."
"storm troopers cosplaying the power rangers , hyper detail, realistic style",glide_normal_197.jpg,197,0.143533905,1.015388784,0.43569296,0.71121383,A nearly black frame shows faint white lines suggesting a profile shape. The subject appears as a barely legible and highly fragmented linear outline. Uniform blackness dominates while only sparse highlights remain visible.
"storm troopers cosplaying the power rangers , hyper detail, realistic style",midjourney_lowstep_197.jpg,197,3.386504205,0.377296185,3.244503722,0.793221862,A close-up portrays three stormtroopers in white armor within a dark scene. The central helmet is clear but shows subtle fusion at the jawline. Armor surfaces display a waxy appearance with softened edge definitions.
"storm troopers cosplaying the power rangers , hyper detail, realistic style",midjourney_normal_197.jpg,197,4.012553286,0.5098866,3.458587836,0.682991401,Three photorealistic armored soldiers stand in a dark industrial corridor. The central figure displays stable helmet geometry despite minor panel irregularities. Surfaces show waxy smoothness and softened edge definitions.
"storm troopers cosplaying the power rangers , hyper detail, realistic style",sd1.5_highcorr_197.jpg,197,2.475192184,0.733376882,2.311989774,0.921485671,"Four armored figures stand in a row against a plain grey background. The armored subjects suffer from warped proportions, malformed limbs, and fused extremities. Surfaces appear waxy with inconsistent fine-scale texture detail."
"storm troopers cosplaying the power rangers , hyper detail, realistic style",sd1.5_lowcorr_197.jpg,197,2.882341659,0.486793389,2.617418083,1.181537933,A digital painting shows four stormtroopers in a hazy desert environment. Stormtroopers display distorted anatomy with fused hands and unclear limb boundaries. Waxy surfaces and global oversmoothing mask fine details and edge definitions.
"storm troopers cosplaying the power rangers , hyper detail, realistic style",sd1.5_lowstep_197.jpg,197,2.760431848,0.740003158,2.933805906,0.543835158,Four armored figures stand against a plain background in a digital style. Subjects show severe limb and hand distortion with fused or malformed anatomy. Surfaces appear waxy with softened edges and weak textural detail.
"storm troopers cosplaying the power rangers , hyper detail, realistic style",sd1.5_normal_197.jpg,197,3.066652656,0.35225924,3.318907491,0.477540931,A group of people in colorful superhero armor poses against a cloudy sky. Multiple figures exhibit distorted hands and helmets with fused details. Surfaces show a waxy texture with softened edges and flat lighting.
"storm troopers cosplaying the power rangers , hyper detail, realistic style",xl2.2_normal_197.jpg,197,3.530547546,0.339310672,3.26190697,0.793731985,"A figure in white and red armor stands between two others on a dark background. The central subject is coherent, though the gloved hand shows subtle fusion. Visible skin exhibits a smooth, waxy texture with weak detail."
"robots creating new robots in a factory line, soft lighting, abstract style",AttnGAN_normal_198.jpg,198,0.84859438,0.506466121,0.976132005,0.74858205,The image depicts distorted figures in white garments within an indoor room. Subjects show severe structural malformation with fused bodies and unreadable faces. Extreme blur and oversmoothing flatten all textures.
"robots creating new robots in a factory line, soft lighting, abstract style",DALLE2_normal_198.jpg,198,2.478101113,0.451655666,2.935379657,0.51995562,Robotic arms occupy a bright industrial setting viewed through glass panels. The machinery structures appear fused with indistinct geometric boundaries and unclear joints. Heavy smoothing and overexposure obscure fine textures.
"robots creating new robots in a factory line, soft lighting, abstract style",glide_normal_198.jpg,198,0.363910379,0.885340067,0.139161932,0.52934417,Faint glowing spots float in an almost completely dark void. Marginal luminous spots are structurally undefined and semantically unreadable. Extreme underexposure flattens texture and hides local detail.
"robots creating new robots in a factory line, soft lighting, abstract style",midjourney_lowstep_198.jpg,198,1.299273321,1.04092346,2.74673979,1.173954028,"Multiple blurred figures fill a long, modern corridor under cool lighting. Subject anatomy is lost within heavy motion blur and shape fusion. Extreme global softness and smeared textures eliminate sharp edge definition."
"robots creating new robots in a factory line, soft lighting, abstract style",midjourney_normal_198.jpg,198,3.707018893,1.070528025,3.404134969,0.627498465,"A photorealistic image displays rows of industrial robotic arms within a long factory corridor. The robotic subjects are structurally clear, yet background units show minor repetitive fusion. Strong backlighting creates soft halos and waxy surface textures."
"robots creating new robots in a factory line, soft lighting, abstract style",sd1.5_highcorr_198.jpg,198,3.387909038,0.447834289,3.124625168,0.445591657,"White humanoid robots line a long, brightly lit industrial corridor. The foreground subject displays malformed proportions and simplified, featureless extremities. Distant figures blur together and textures lack fine mechanical detail."
"robots creating new robots in a factory line, soft lighting, abstract style",sd1.5_lowcorr_198.jpg,198,3.058356047,1.070841754,3.140830692,0.42656272,A group of white humanoid robots stands inside a large industrial factory. The robot anatomy is severely distorted with fused limbs and broken body geometry. Global blurring and waxy textures obscure fine details across the entire scene.
"robots creating new robots in a factory line, soft lighting, abstract style",sd1.5_lowstep_198.jpg,198,3.108728168,0.996634958,2.784549692,0.87798173,"A photorealistic view of humanoid robots on an industrial factory assembly line. Subjects exhibit malformed limbs, fused parts, and structurally unstable mechanical anatomy. Surfaces appear waxy with softened details and weak edge definitions."
"robots creating new robots in a factory line, soft lighting, abstract style",sd1.5_normal_198.jpg,198,2.957803829,0.691753343,2.54579025,0.959365642,A bright factory interior features multiple robotic arms and industrial equipment. The robotic structures are largely coherent but lack precise mechanical definition in the distance. Metallic textures show subtle flattening across the scene.
"robots creating new robots in a factory line, soft lighting, abstract style",xl2.2_normal_198.jpg,198,3.165749619,0.803093911,2.71557697,0.301502763,A photorealistic image shows orange robotic arms on green workstations in a white factory. The machinery has distorted geometry with malformed panels and nonsensical internal details. Surfaces appear waxy and flat under unnaturally uniform lighting.
"full body portrait of cute girl wearing gown, HDR lighting, baroque style",AttnGAN_normal_199.jpg,199,0.929924681,0.234741957,0.776684236,0.751598164,A surreal digital image displays multiple malformed humanoid figures in a green environment. Subjects show extreme anatomical fusion and broken geometry lacking semantic clarity. Global textures appear waxy and melted with softened edge definitions.
"full body portrait of cute girl wearing gown, HDR lighting, baroque style",DALLE2_normal_199.jpg,199,3.110506733,0.81062519,2.971918712,1.023503769,"A studio portrait shows a girl in an elaborate white and gold gown. The subject's hand anatomy is malformed and the dress exhibits fused, confusing textures. Surfaces display waxiness and pseudo-detail with softened boundaries."
"full body portrait of cute girl wearing gown, HDR lighting, baroque style",glide_normal_199.jpg,199,2.006980492,0.577778377,0.468583101,0.709311079,A close-up digital portrait of a tabby cat against a black background. The feline subject exhibits asymmetric eyes and a structurally smudged muzzle area. Fur textures display painterly smoothing and localized melting in deep shadows.
"full body portrait of cute girl wearing gown, HDR lighting, baroque style",midjourney_lowstep_199.jpg,199,2.558511788,0.512997254,2.74673979,1.127303338,A blurry portrait of a girl in a gown inside a paneled room. Facial features are slightly distorted and the dress lacks clear fabric definition. Heavy blur and oversmoothing flatten textures and obscure details.
"full body portrait of cute girl wearing gown, HDR lighting, baroque style",midjourney_normal_199.jpg,199,4.121518015,0.250436827,3.460493472,0.709282331,A young girl in a golden gown sits within an ornate room. Hand anatomy shows severe fusion while facial features remain largely coherent. Global textures exhibit waxy smoothing and softened edge definitions.
"full body portrait of cute girl wearing gown, HDR lighting, baroque style",sd1.5_highcorr_199.jpg,199,2.000906886,0.436198882,2.628670045,0.678161007,A woman in an orange gown stands by an ornate wooden molding. The subject displays minor anatomical inconsistencies in the hand and facial features. Global textures appear waxy with softened edge definition.
"full body portrait of cute girl wearing gown, HDR lighting, baroque style",sd1.5_lowcorr_199.jpg,199,2.732667064,0.47193072,2.939051921,0.630484116,A photorealistic portrait shows a woman in a pink gown by a column. The subject's facial features and hand anatomy exhibit subtle structural distortions. Skin and fabric textures appear waxy with softened fine details.
"full body portrait of cute girl wearing gown, HDR lighting, baroque style",sd1.5_lowstep_199.jpg,199,2.817259418,0.255024333,3.031176323,0.497497814,A full-length portrait shows a woman in a red gown against a wall. The subject's hands are malformed and the gown's shoulder region lacks coherence. Skin appears waxy and fabric details show repetitive patterns.
"full body portrait of cute girl wearing gown, HDR lighting, baroque style",sd1.5_normal_199.jpg,199,2.520123245,0.726454997,2.700983887,1.383554978,A woman in a white gown stands by a window indoors. Her facial features and hand anatomy appear distorted and structurally unstable. Oversmoothing and weak edge definitions degrade the overall image detail.
"full body portrait of cute girl wearing gown, HDR lighting, baroque style",xl2.2_normal_199.jpg,199,3.524162768,0.205575817,3.162526872,0.886290901,A portrait shows a girl in a white gown before an ornate wall. Facial features show subtle asymmetry while the figure remains stable. Textures appear waxy with softened detail across the image.
"alien planet landscape made out of mushrooms, warm color, anime style",AttnGAN_normal_200.jpg,200,1.101434458,0.185831094,0.934164013,0.680749254,An abstract image shows several distorted human-like heads on a colored background. The subjects are structurally unstable with fused faces and unreadable expressions. Significant blur and softness affect the entire image's edge definition.
"alien planet landscape made out of mushrooms, warm color, anime style",DALLE2_normal_200.jpg,200,2.478791084,1.122946775,3.559815673,0.902531801,A digital painting shows large mushrooms in a glowing alien landscape under warm light. Mushroom structures display minor fusion and illogical geometry while staying semantically readable. Surfaces appear waxy with softened details and inconsistent lighting.
"alien planet landscape made out of mushrooms, warm color, anime style",glide_normal_200.jpg,200,0.916490494,0.87186505,0.60877307,0.569625321,A close-up shot depicts a glowing green spotted face in darkness. The subject displays malformed eyes and an irregular surface texture. Severe blur and compression noise reduce visual clarity throughout.
"alien planet landscape made out of mushrooms, warm color, anime style",midjourney_lowstep_200.jpg,200,2.152199766,0.69566059,2.979908012,0.53518453,A digital painting shows giant and small mushrooms in a hazy orange landscape. Mushroom shapes are clear but lack detail and appear locally fused. Heavy oversmoothing and blur soften all edges and textures.
"alien planet landscape made out of mushrooms, warm color, anime style",midjourney_normal_200.jpg,200,3.455503573,1.044789199,3.5526433,0.879599086,A stylized illustration shows giant mushroom trees in a warm-toned fantasy valley. The main fungal structures are well-formed and semantically clear despite their surreal nature. Mid-ground textures exhibit slight oversmoothing and softened edge definitions.
"alien planet landscape made out of mushrooms, warm color, anime style",sd1.5_highcorr_200.jpg,200,3.410576846,0.300917809,3.691835574,0.371553206,A digital illustration presents stylized mushrooms on an alien world under a starry sky. Subject structures are coherent despite unusual segmented stems and fused surface ornaments. Minor texture repetition and slight oversmoothing reduce local detail.
"alien planet landscape made out of mushrooms, warm color, anime style",sd1.5_lowcorr_200.jpg,200,2.674859949,0.570061379,2.824073647,0.60034263,A digital painting depicts a fantasy landscape of organic bulbous forms under a green moon. Repetitive organic structures show minor fusion and ambiguous spatial connections in the foreground. Textures show subtle waxy smoothing and inconsistent lighting.
"alien planet landscape made out of mushrooms, warm color, anime style",sd1.5_lowstep_200.jpg,200,3.288125226,0.225099379,3.531237092,0.36814367,"A surreal digital landscape centers on a massive glowing mushroom. The primary subject is structurally plausible, while foreground fungi show visual repetition. Textures across the scene appear overly smooth with softened edge definitions."
"alien planet landscape made out of mushrooms, warm color, anime style",sd1.5_normal_200.jpg,200,2.414476208,0.872424764,3.620207741,0.668845473,A vibrant digital illustration shows a surreal landscape of rounded organic forms under a starry sky. Repetitive bulbous structures are structurally coherent and semantically clear. Textures and edges exhibit no dominant local artifact.
"alien planet landscape made out of mushrooms, warm color, anime style",xl2.2_normal_200.jpg,200,3.559002625,0.832032161,3.517088733,0.483039118,A digital illustration depicts giant mushrooms in a warm-toned stylized landscape. The mushroom subjects are structurally coherent with clear forms and readable anatomy. Textures and edges show no dominant local artifact.
"a biomechanical blue raspberry made of metal, top view, realistic style",AttnGAN_normal_202.jpg,202,1.182958257,0.405681272,0.434681107,0.539991721,A close-up digital painting shows a distorted humanoid figure against a red background. The subject's facial structure is severely malformed with fused features and broken anatomy. Global textures exhibit oversmoothing with waxy surfaces and softened edges.
"a biomechanical blue raspberry made of metal, top view, realistic style",DALLE2_normal_202.jpg,202,2.459590343,1.029855935,2.838030773,1.130269964,A glossy blue metallic object resembling a stylized raspberry rests on a white background. The subject maintains a coherent form with clearly separated rounded segments. Surfaces exhibit waxy smoothness and slightly softened boundary definitions.
"a biomechanical blue raspberry made of metal, top view, realistic style",glide_normal_202.jpg,202,0.612055936,0.412538319,1.511295292,1.005887899,A dark textured object with three rods is centered on a white background. The subject is structurally vague and lacks readable surface or geometric features. Heavy blur and compression artifacts obscure all fine details.
"a biomechanical blue raspberry made of metal, top view, realistic style",midjourney_lowstep_202.jpg,202,2.616815188,0.302958524,2.965504258,0.715560625,"A top-down view of a circular metallic mechanical component on a white background. The central hub is stable, while outer protrusions are malformed and blurred. Heavy radial blur dominates the peripheral regions and obscures fine surface textures."
"a biomechanical blue raspberry made of metal, top view, realistic style",midjourney_normal_202.jpg,202,3.416483075,0.768394039,2.982575799,1.04749759,A complex metallic technological sphere sits on a clean white background. The intricate mechanical structure is coherent with plausible geometry and clear separation. Surfaces show sharp definition while internal recesses exhibit subtle oversmoothing.
"a biomechanical blue raspberry made of metal, top view, realistic style",sd1.5_highcorr_202.jpg,202,2.434068716,0.932946916,2.076296124,1.084759347,A close-up view displays a complex blue metallic robotic head against a plain background. The mechanical structure contains fused parts and ambiguous geometry reducing semantic clarity. Metallic surfaces show a uniform waxy texture with overly smooth reflections.
"a biomechanical blue raspberry made of metal, top view, realistic style",sd1.5_lowcorr_202.jpg,202,2.426325581,1.043680837,2.140274438,0.767244276,"A close-up depicts intricate blue biomechanical structures on a plain background. The subject's dense, fused geometries create a visually confusing and structurally unstable form. Surfaces show waxy textures with softened details and inconsistent edge definition."
"a biomechanical blue raspberry made of metal, top view, realistic style",sd1.5_lowstep_202.jpg,202,2.418144251,0.609566903,2.092525257,0.800317764,A blue metallic robotic torso rests on a grey background in 3D style. The subject structure is coherent despite some fused and ambiguous mechanical parts. Metallic textures appear slightly waxy with softened fine details.
"a biomechanical blue raspberry made of metal, top view, realistic style",sd1.5_normal_202.jpg,202,2.334263842,0.799157327,2.189718246,0.976568854,"A blue porous circular object rests on a solid orange background. The outer rim is coherent, yet the inner core is fused and broken. Textures appear waxy with softened edge definition."
"a biomechanical blue raspberry made of metal, top view, realistic style",xl2.2_normal_202.jpg,202,3.080710077,0.596315582,2.099096333,0.651755923,A digital icon features a green four-lobed plant inside a metallic frame. The subject is structurally coherent and semantically clear as a stylized emblem. Surfaces appear waxy with minimal fine textural detail.
"2 friends partying and are facing the camera, close-up, baroque style",AttnGAN_normal_204.jpg,204,0.821435934,0.505238593,0.853679026,0.635369975,"A dark painting shows two figures near a window with vertical slats. The foreground subject has malformed features and a fused, indistinct hair structure. Heavy oversmoothing and soft edges reduce overall image clarity."
"2 friends partying and are facing the camera, close-up, baroque style",DALLE2_normal_204.jpg,204,3.576593619,0.202464683,3.453076131,0.402815553,Two women pose closely against a plain background in a portrait style. Subjects are recognizable although hand anatomy and jewelry appear structurally distorted. Skin displays waxy smoothing and hair boundaries lack crisp edge definition.
"2 friends partying and are facing the camera, close-up, baroque style",glide_normal_204.jpg,204,0.905232817,0.569650679,1.149047512,0.81988827,"A distorted central figure sits between textured vertical panels in darkness. The subject lacks coherent structure and appears as a fused, unreadable mass. Heavy blurring obscures details throughout the frame."
"2 friends partying and are facing the camera, close-up, baroque style",midjourney_lowstep_204.jpg,204,3.472753415,0.604825837,3.742267655,0.45854671,Two women in historical dress pose closely in a dimly lit portrait. Facial features show slight misalignment while hand structures are blurred and indistinct. Global oversmoothing creates waxy skin textures and softened edge definitions.
"2 friends partying and are facing the camera, close-up, baroque style",midjourney_normal_204.jpg,204,4.216241627,0.53353764,3.970663927,0.384217409,A photorealistic close-up of two women in ornate historical costumes under dramatic lighting. Subjects display coherent facial structures and readable poses despite minor hand fusion. Textures exhibit subtle waxiness and softened edge definition globally.
"2 friends partying and are facing the camera, close-up, baroque style",sd1.5_highcorr_204.jpg,204,2.326531297,0.474274087,1.955961444,0.774006663,Three women in ornate gowns and floral crowns pose in a classical portrait style. Facial features and hand anatomy show subtle misalignments and structural instability. Surfaces display a uniform waxy texture with softened details.
"2 friends partying and are facing the camera, close-up, baroque style",sd1.5_lowcorr_204.jpg,204,2.966953132,0.664385766,1.788774497,0.997533036,A close-up portrait shows a group of people in ornate patterned headwear. Facial proportions and hand anatomy are malformed and visually confusing. Skin exhibits a waxy texture with softened edge definition.
"2 friends partying and are facing the camera, close-up, baroque style",sd1.5_lowstep_204.jpg,204,2.81361908,0.590237335,3.147905927,0.594940439,A studio photo shows three people smiling against a solid yellow background. The male subject exhibits severe facial warping and a structurally broken hand. Skin appears waxy with overly smoothed textures.
"2 friends partying and are facing the camera, close-up, baroque style",sd1.5_normal_204.jpg,204,3.195617381,0.810007592,2.727992245,0.807701474,Two women pose for a selfie in an ornate indoor setting. Facial anatomy and the foreground hand are severely malformed and fused. Waxy skin textures and softened edges reduce overall perceptual clarity.
"2 friends partying and are facing the camera, close-up, baroque style",xl2.2_normal_204.jpg,204,4.39158505,0.282168863,3.739587462,0.554024286,"A formally dressed couple poses against a warm, glowing backdrop. Subjects are recognizable but exhibit subtle facial distortions and illogical accessory geometry. Waxy textures and repetitive patterns reduce perceptual clarity."
"the fate of all fools and divine intervention, long-shot, anime style",AttnGAN_normal_205.jpg,205,1.575270793,0.80446056,0.850496237,0.722034431,A close-up shows distorted green organic forms against an abstract pink background. The subject is structurally incoherent with fused parts and poor readability. Global textures show melting effects and smeared edges.
"the fate of all fools and divine intervention, long-shot, anime style",DALLE2_normal_205.jpg,205,1.8940894,0.44907768,2.271926577,0.642891462,Three robed figures pose against a stylized green and blue backdrop. Anatomy is severely distorted with malformed hands and impossibly thin limbs. Surfaces show flat textures and softened edge definitions throughout the scene.
"the fate of all fools and divine intervention, long-shot, anime style",glide_normal_205.jpg,205,0.363910379,0.930407448,0.204988001,0.642314812,A nearly black image contains faint blue and orange light streaks. The subject lacks recognizable form and appears as unstructured visual noise. Extreme underexposure obscures all texture and edge definition.
"the fate of all fools and divine intervention, long-shot, anime style",midjourney_lowstep_205.jpg,205,2.368763526,0.740719817,2.486006301,1.149169426,"Two anime-style figures stand in a blurry, fiery, smoky environment. The main subject's facial features are missing and body structure is heavily smeared. Global oversmoothing and heavy blur destroy all fine textural details."
"the fate of all fools and divine intervention, long-shot, anime style",midjourney_normal_205.jpg,205,3.903999466,0.641440458,2.782294356,1.36554695,A digital anime illustration depicts an armed male character in a fiery setting. The figure shows minor structural distortions in the hand grip and rifle geometry. Global textures display slight oversmoothing and softened edge definitions.
"the fate of all fools and divine intervention, long-shot, anime style",sd1.5_highcorr_205.jpg,205,3.120947975,0.708041277,2.71557697,0.534685203,A digital anime portrait shows a group of male characters on a vibrant background. Subjects show structural flaws including a missing head and distorted hand anatomy. Skin appears waxy and hair lacks fine detail.
"the fate of all fools and divine intervention, long-shot, anime style",sd1.5_lowcorr_205.jpg,205,1.773369934,0.35055264,1.939494873,0.892788106,"A crowded digital illustration shows overlapping anime characters on a teal background. Subject anatomy is distorted by malformed hands, fused limbs, and warped faces. Textures appear waxy and flat with softened edges."
"the fate of all fools and divine intervention, long-shot, anime style",sd1.5_lowstep_205.jpg,205,2.912636241,0.858192588,2.37877521,1.256771754,"A colorful digital anime artwork displays a crowded group of stylized characters. Several figures show significant structural failures like malformed hands, fused limbs, and distorted anatomy. Image exhibits waxy textures, softened edges, and blurry background details."
"the fate of all fools and divine intervention, long-shot, anime style",sd1.5_normal_205.jpg,205,2.460930201,0.714262685,2.37295214,0.796657676,"A vibrant digital illustration shows several anime characters against a bright sky. Facial features and limbs are frequently malformed, fused, or structurally broken. Clothing patterns melt and edges lack sharp definition."
"the fate of all fools and divine intervention, long-shot, anime style",xl2.2_normal_205.jpg,205,3.583898292,0.680213686,2.765238071,0.645659676,A blonde anime boy holds two swords against a sunset sky. The character's anatomy is mostly coherent despite slightly fused fingers. Skin textures appear waxy and lack fine detail.
"robots creating new robots in a dirty factory, blurred detail, sci-fi style",AttnGAN_normal_206.jpg,206,0.835064117,0.510766205,1.251244608,1.016827963,A dark abstract organic mass sits against a blurred warm-toned background. The central subject is severely malformed and lacks coherent structural definition. Heavy blur and oversmoothing obscure fine details.
"robots creating new robots in a dirty factory, blurred detail, sci-fi style",DALLE2_normal_206.jpg,206,2.279437086,0.71803431,2.612101025,0.390970008,"A distorted interior scene features a yellow door amidst warped metallic structures. Subject structures are heavily fused and melted, lacking clear semantic definition. Heavy motion blur and waxy textures degrade overall perceptual clarity."
"robots creating new robots in a dirty factory, blurred detail, sci-fi style",glide_normal_206.jpg,206,2.110310349,0.537681038,2.337752646,0.866421325,A heavily distorted digital render of a large robot on a white background. The robot's anatomy is malformed with fused limbs and illegible regional details. Extreme global blurring eliminates all texture and edge definition.
"robots creating new robots in a dirty factory, blurred detail, sci-fi style",midjourney_lowstep_206.jpg,206,0.892112049,0.411356696,1.958408052,0.902429791,A hazy interior scene contains several indistinct human-like figures by windows. Subjects are severely blurred and lack recognizable anatomy or clear poses. Global oversmoothing removes all details and sharp edges.
"robots creating new robots in a dirty factory, blurred detail, sci-fi style",midjourney_normal_206.jpg,206,3.773032655,0.646315929,3.506852145,0.574936621,A cinematic perspective shows several robots standing in a derelict industrial hall. The foreground robot has a recognizable shape but simplified limb geometry. Surfaces display pervasive waxy smoothing and softened edge definition.
"robots creating new robots in a dirty factory, blurred detail, sci-fi style",sd1.5_highcorr_206.jpg,206,3.424268421,0.554961227,2.772204703,0.699949391,"Several humanoid robots stand in a blurry industrial corridor under cool lighting. The central robot exhibits malformed limb geometry and indistinct hand structures. Heavy blurring masks surface textures and creates waxy, undefined edges."
"robots creating new robots in a dirty factory, blurred detail, sci-fi style",sd1.5_lowcorr_206.jpg,206,3.093256891,0.544250754,2.936364145,0.949780321,Several white and orange robots stand in a long industrial corridor. The central robot exhibits severe structural fusion and limb distortion. Global softness and waxy textures reduce overall detail clarity.
"robots creating new robots in a dirty factory, blurred detail, sci-fi style",sd1.5_lowstep_206.jpg,206,3.897509797,0.399920436,3.547400398,0.205362502,A complex metallic robot stands inside a vast industrial warehouse facility. The subject exhibits severe structural distortion with fused and overlapping mechanical components. Waxy surfaces and pervasive softness obscure fine details throughout the frame.
"robots creating new robots in a dirty factory, blurred detail, sci-fi style",sd1.5_normal_206.jpg,206,3.116324583,0.570014174,2.467831921,0.37984452,Two humanoid robots stand in a bright industrial corridor with cinematic lighting. The primary robot exhibits malformed hand geometry and implausible joint connections. Background elements show significant oversmoothing and loss of fine textural detail.
"robots creating new robots in a dirty factory, blurred detail, sci-fi style",xl2.2_normal_206.jpg,206,3.630412823,0.338038788,2.531454291,0.761353388,"Two retro-style robots stand within a long, atmospheric industrial corridor. Both subjects maintain structural stability with only minor joint geometry inconsistencies. Softened edges and repetitive floor patterns limit textural fidelity."
"painting of a man farmer at work in the field, hyper detail, realistic style",AttnGAN_normal_207.jpg,207,1.195774268,0.506574777,1.075675159,0.681951823,"A blurry digital painting shows a forested landscape with distorted rocky formations. Landscape elements are structurally warped and semantically confused as malformed shapes. Heavy blur, flat textures, and smeared edges degrade overall visual clarity."
"painting of a man farmer at work in the field, hyper detail, realistic style",DALLE2_normal_207.jpg,207,2.899057018,0.754775389,3.536512459,0.460436218,"A heavily textured painting depicts a person working in a vibrant field. The figure's anatomy is simplified and limbs merge into the messy ground. Repetitive, noisy strokes create a flat, waxy surface quality throughout."
"painting of a man farmer at work in the field, hyper detail, realistic style",glide_normal_207.jpg,207,0.641923698,0.461137921,0.927777366,0.611147875,A stylized red landscape shows dark silhouetted buildings and trees under a vibrant sky. The silhouetted subjects are structurally coherent despite their simplified appearance. Heavy oversmoothing flattens textures and blurs all edges.
"painting of a man farmer at work in the field, hyper detail, realistic style",midjourney_lowstep_207.jpg,207,2.595585415,0.654013386,2.987495218,0.600217122,A digital painting depicts an elderly man wearing a straw hat outdoors. The subject's face is structurally warped and the hand lacks finger definition. Global oversmoothing results in waxy textures and softened edge boundaries.
"painting of a man farmer at work in the field, hyper detail, realistic style",midjourney_normal_207.jpg,207,4.436862351,0.382287812,3.811215295,0.771453814,"A digital painting depicts an elderly man in a hat in a field. The subject is stable, but the hand and held stalk appear slightly malformed. Textures appear waxy and edges lack crisp definition."
"painting of a man farmer at work in the field, hyper detail, realistic style",sd1.5_highcorr_207.jpg,207,3.395484412,0.576487468,3.679897602,0.444152618,"A painted scene shows a farmer working in a field with a large tree. The figure is clear, but the background machinery is a structurally incoherent mess. Field textures are repetitive and distant details are softened."
"painting of a man farmer at work in the field, hyper detail, realistic style",sd1.5_lowcorr_207.jpg,207,2.524012104,0.5449999,2.900809578,0.398583656,A painted-style image depicts a man laboring in a rural field. The subject's hands and boots exhibit noticeable anatomical distortion and fusion. Global textures show slight oversmoothing and inconsistent detail in the background.
"painting of a man farmer at work in the field, hyper detail, realistic style",sd1.5_lowstep_207.jpg,207,3.773548415,0.57898848,3.522621893,0.644443149,A painted side-profile of a farmer working in a vast golden field. Hands fuse with the tool handles and limb proportions appear slightly distorted. Field textures display repetitive patterns and fine details appear overly smoothed.
"painting of a man farmer at work in the field, hyper detail, realistic style",sd1.5_normal_207.jpg,207,2.505259558,0.572524654,2.846322945,0.270583557,A digital painting shows a man in a hat in a grain field. The subject's hands are malformed and the grain looks like fused ribbons. Repetitive tiling and waxy textures reduce the surface naturalness.
"painting of a man farmer at work in the field, hyper detail, realistic style",xl2.2_normal_207.jpg,207,2.897963605,0.562955703,2.988304467,1.102488072,An illustration shows a man in a straw hat in a wheat field. The subject's hand is malformed and fused into a shapeless mass. Surfaces show flat textures and a lack of fine granular detail.
"french fastfood adventure pixar movie poster , soft lighting, abstract style",AttnGAN_normal_208.jpg,208,1.264773637,0.647718197,1.277151036,0.895612517,A distorted dark mask-like subject occupies a shadowy abstract scene. The central figure is severely malformed with fused features and broken geometry. Heavy blur and waxy textures obscure surface details.
"french fastfood adventure pixar movie poster , soft lighting, abstract style",DALLE2_normal_208.jpg,208,3.034849246,0.781899665,2.935379657,0.883199218,A cartoon image displays personified french fry and snack containers against a starry background. Subjects are clear but contain misspelled text and a malformed potato shape. Rendering exhibits mild oversmoothing and softened edge definitions.
"french fastfood adventure pixar movie poster , soft lighting, abstract style",glide_normal_208.jpg,208,1.234399646,0.472239813,2.043755364,0.706285793,A stylized abstract 3D text logo sits on a red radial background. The central logo consists of malformed and fused shapes with low readability. Background details are blurry and textures appear slightly oversmoothed.
"french fastfood adventure pixar movie poster , soft lighting, abstract style",midjourney_lowstep_208.jpg,208,1.661520003,0.611957445,2.118609113,1.109787234,A blurred poster featuring glowing text is pinned to a white wall. The subject content is heavily smeared and lacks structural coherence. Extreme global oversmoothing eliminates all fine detail and texture.
"french fastfood adventure pixar movie poster , soft lighting, abstract style",midjourney_normal_208.jpg,208,3.727517958,0.18079734,3.285944521,0.79068756,A framed poster displays a hamburger and the Eiffel Tower against colorful splashes. The poster contains malformed text and a surreal combination of unrelated objects. Background textures show subtle repetition and softened edge definition.
"french fastfood adventure pixar movie poster , soft lighting, abstract style",sd1.5_highcorr_208.jpg,208,2.785504238,0.509738437,2.94270405,0.453333483,"A surreal 3D-rendered burger sits against a blue background with bold text. The subject displays distorted structure with extra buns and messy ingredient layering. Surfaces appear smooth and waxy with sharp, well-defined edges."
"french fastfood adventure pixar movie poster , soft lighting, abstract style",sd1.5_lowcorr_208.jpg,208,3.214005785,0.789447695,2.948215667,0.55667117,"A stylized, high-angle view of a colorful urban street with cartoonish cars. Vehicle geometries are heavily warped and text appears as illegible pseudo-characters. Saturated palette hides inconsistent lighting and soft, melting details."
"french fastfood adventure pixar movie poster , soft lighting, abstract style",sd1.5_lowstep_208.jpg,208,2.674859949,0.648672431,3.128885477,0.655573301,A 3D hamburger sits beneath bold orange text on a vibrant background. The burger's layered ingredients display unnatural stacking and minor structural fusion. Background regions feature soft melting textures and blurred edge boundaries.
"french fastfood adventure pixar movie poster , soft lighting, abstract style",sd1.5_normal_208.jpg,208,0.634718842,0.3573536,1.221288303,0.774306813,Heavily blurred image of a face and food items on a blue background. Extreme blur renders the subject's facial and object structures unrecognizable and semantically unreadable. Global blur eliminates all texture and edge clarity across the frame.
"french fastfood adventure pixar movie poster , soft lighting, abstract style",xl2.2_normal_208.jpg,208,3.49654282,0.61103753,3.480852014,0.731154583,"A stylized delivery van and small figure stand before a neon-lit bakery. The vehicle bears illegible pseudo-text and the character shows a fused, indistinct form. Distant structures show softened edges and repetitive geometric patterns."
"an uprising of disneyland costumed characters, HDR lighting, baroque style",AttnGAN_normal_209.jpg,209,0.995787421,0.597178698,0.552148905,0.672881932,"A close-up of a distorted, glossy, abstract organic shape on a dark background. The subject is severely warped and fused, lacking coherent structure or semantic readability. Surfaces show waxy textures and softened details with inconsistent highlights."
"an uprising of disneyland costumed characters, HDR lighting, baroque style",DALLE2_normal_209.jpg,209,2.703383915,0.50984949,2.750918808,1.007458728,"Several costumed mascots stand before a fantasy castle at dusk. Subject anatomy is severely distorted with fused limbs and unreadable facial features. Textures appear waxy and background elements show soft, melted edges."
"an uprising of disneyland costumed characters, HDR lighting, baroque style",glide_normal_209.jpg,209,1.000336846,0.414611381,0.902946816,0.851392938,"A centered, glowing red abstract monster face with blue eyes on black. The subject's facial structure is malformed and fused into a chaotic organic mass. Heavy blurring and artifacts degrade edge definition."
"an uprising of disneyland costumed characters, HDR lighting, baroque style",midjourney_lowstep_209.jpg,209,1.134565764,0.691897746,1.373169339,0.571503527,A blurred painting shows a woman in a golden gown on a street. The subject's anatomy and dress details are obscured by pervasive structural softness. Heavy oversmoothing flattens all textures and destroys edge definition.
"an uprising of disneyland costumed characters, HDR lighting, baroque style",midjourney_normal_209.jpg,209,3.559002625,0.6424478,2.865255012,0.653323158,A costumed figure stands on a crowded cobblestone street under dramatic skies. The central subject displays a stable costume form with smoothed facial features. Heavy HDR processing creates waxy textures and sharp edge definitions.
"an uprising of disneyland costumed characters, HDR lighting, baroque style",sd1.5_highcorr_209.jpg,209,2.082442662,0.45744994,2.903929414,0.780254682,Two women in ornate gowns stand before a fantasy castle. The right figure displays severe facial distortion with fused and misaligned features. Surfaces exhibit waxy smoothing and weak detail.
"an uprising of disneyland costumed characters, HDR lighting, baroque style",sd1.5_lowcorr_209.jpg,209,3.017147546,0.386923151,2.592416657,0.978644041,A digital painting shows a person in a magenta gown within an ornate palace. The subject's fused hands and malformed waist ornament lack structural plausibility. Background figures melt and skin textures appear overly smooth.
"an uprising of disneyland costumed characters, HDR lighting, baroque style",sd1.5_lowstep_209.jpg,209,2.689121932,0.43869553,2.945998379,0.319807616,Costumed figures occupy a grand ornate hallway beneath a surreal swirling ceiling. Multiple human faces display severe distortion and malformed features within the group. Skin textures appear waxy and lack natural micro-detail.
"an uprising of disneyland costumed characters, HDR lighting, baroque style",sd1.5_normal_209.jpg,209,2.508658847,0.488155097,2.802483896,0.464393529,A group of costumed Disney characters stands before a fantasy castle. Character faces show significant structural distortion including fused eyes and melted features. Surfaces display a waxy smoothness and background edges lack crispness.
"an uprising of disneyland costumed characters, HDR lighting, baroque style",xl2.2_normal_209.jpg,209,3.740283654,0.591549085,2.838030773,0.668347661,Three costumed figures pose in a sunny square before a grand building. Human faces and hands exhibit severe anatomical distortion and fusion. Skin surfaces look waxy and background elements lack sharp definition.
"an astronaut meeting an alien lizard humanoid, warm color, anime style",AttnGAN_normal_210.jpg,210,0.995940844,0.80868626,0.534118347,0.481055849,A distorted digital painting shows fused figures near a windowed building. Central subjects display severe facial fusion and broken anatomical structure. Heavy vertical smearing and flat textures obscure fine details.
"an astronaut meeting an alien lizard humanoid, warm color, anime style",DALLE2_normal_210.jpg,210,2.568394371,0.5018834,3.808121173,0.433854924,"A digital illustration shows a reptilian creature and a suited humanoid figure. The creature's limbs are distorted, and the figure's suit has irregular patches. Outlines are jagged and textures lack fine detail definition."
"an astronaut meeting an alien lizard humanoid, warm color, anime style",glide_normal_210.jpg,210,1.030204609,0.225210892,1.474049467,0.583022954,Abstract colorful shapes resembling malformed creatures are scattered on a white background. Subjects exhibit severe structural distortion with fused limbs and broken anatomical coherence. Global oversmoothing and weak edge definition degrade overall visual clarity.
"an astronaut meeting an alien lizard humanoid, warm color, anime style",midjourney_lowstep_210.jpg,210,2.545997226,0.60825879,3.581040815,0.75622726,An illustration shows an astronaut and a dinosaur shaking hands before a large sun. Subjects show severe melting at the handshake and lack limb definition. Blurring and waxy textures obscure detail throughout the image.
"an astronaut meeting an alien lizard humanoid, warm color, anime style",midjourney_normal_210.jpg,210,3.241312234,0.625474257,3.167161119,0.98086409,Two suited aliens shake hands on a stylized alien landscape. The handshake anatomy is fused and lacks plausible finger structure. Shading displays flat textures and pseudo-detailing across the suits.
"an astronaut meeting an alien lizard humanoid, warm color, anime style",sd1.5_highcorr_210.jpg,210,2.641051786,0.628255434,3.31387068,0.447921089,An orange cartoon creature and a bald man meet under a starry night sky. The creature shows severe anatomical distortion with malformed hands and excessive teeth. Surfaces appear waxy with softened detail and flat texture.
"an astronaut meeting an alien lizard humanoid, warm color, anime style",sd1.5_lowcorr_210.jpg,210,2.546528083,0.57618922,2.965504258,0.435477286,A digital illustration shows a reptilian humanoid and a woman on an airplane. The creature exhibits distorted anatomy with an elongated neck and malformed limb. Textures appear flat and edges show subtle softening.
"an astronaut meeting an alien lizard humanoid, warm color, anime style",sd1.5_lowstep_210.jpg,210,2.315150439,0.740447019,2.946511745,0.679642789,A cartoon illustration shows a person and a large-headed figure near a window. The subjects feature distorted hand anatomy and lack clear facial definition. Textures appear waxy with softened edges and inconsistent fine details.
"an astronaut meeting an alien lizard humanoid, warm color, anime style",sd1.5_normal_210.jpg,210,2.687102292,0.363706494,2.828703007,0.579483185,"Two cartoon astronauts in space suits stand against a starry background. The left figure is structurally stable, but the right one's head is a malformed geometric jumble. Sharp outlines contrast with repetitive pseudo-detail in the background."
"an astronaut meeting an alien lizard humanoid, warm color, anime style",xl2.2_normal_210.jpg,210,2.476222723,0.426678069,3.430465396,0.573933188,"An illustrated astronaut and a green reptile shake hands on a desert planet. Both figures show severe structural distortion, particularly malformed hands and limbs. The clean illustration exhibits noticeable color banding in the background sky."
"a woman in a trench coat looking out a window, cold color, sci-fi style",AttnGAN_normal_211.jpg,211,0.807856712,0.398430572,0.60877307,0.677532635,"A dimly lit interior shows a dark, malformed piece of furniture. The subject lacks clear geometry and appears as a fused, ambiguous mass. Heavy global blur and noise obscure all details."
"a woman in a trench coat looking out a window, cold color, sci-fi style",DALLE2_normal_211.jpg,211,3.304929808,0.856104313,3.059123051,0.574435956,A person in a trench coat stands in profile near a window. The subject's form is stable though the coat collar shows minor warping. Dark lighting flattens textures and obscures fine surface details.
"a woman in a trench coat looking out a window, cold color, sci-fi style",glide_normal_211.jpg,211,1.305709562,0.592560576,0.836700519,0.314714632,A white multi-paned window is centered against a solid black background. The window structure is recognizable despite slightly irregular pane shapes and softened grid lines. Textures appear flat with softened edge definitions throughout.
"a woman in a trench coat looking out a window, cold color, sci-fi style",midjourney_lowstep_211.jpg,211,3.374371279,0.672106964,3.377804541,0.677078007,A cinematic portrait shows a woman in a coat by a window. The subject's profile is stable though facial details and coat folds are softened. Image-wide oversmoothing creates waxy textures and weak edge definition.
"a woman in a trench coat looking out a window, cold color, sci-fi style",midjourney_normal_211.jpg,211,4.239255074,0.756955721,4.220378228,0.404162637,A photorealistic side-profile portrait of a woman in a trench coat by a window. Subject anatomy is stable with minor distortion in the ear and pocket area. Textures display mild waxy smoothing and softened edge definitions.
"a woman in a trench coat looking out a window, cold color, sci-fi style",sd1.5_highcorr_211.jpg,211,2.58928805,0.615695794,2.787496228,0.823255579,A cartoon illustration features a person in a blue coat at a window. The subject's hand is malformed and the hair appears structurally incoherent. Background textures show prominent graininess and flat color filling.
"a woman in a trench coat looking out a window, cold color, sci-fi style",sd1.5_lowcorr_211.jpg,211,2.782759734,0.455600158,2.841551967,0.793816327,"A minimalist illustration shows a woman in a green coat by a window. The figure is stable, while the left furniture and window frame show misaligned lines. Flat surfaces show edge irregularities and a lack of texture."
"a woman in a trench coat looking out a window, cold color, sci-fi style",sd1.5_lowstep_211.jpg,211,2.509487485,0.588762855,2.798535131,0.517787363,A stylized illustration shows a red-haired woman standing by a window indoors. The figure is coherent despite a featureless face and simplified body geometry. Grainy texture and inconsistent line weights reduce the overall visual clarity.
"a woman in a trench coat looking out a window, cold color, sci-fi style",sd1.5_normal_211.jpg,211,2.586734895,1.026263103,3.080096813,0.489322101,"A stylized figure in a blue coat stands before large windows. The subject's anatomy is abstract, with limbs appearing fused into the coat. Flat textures and sharp edges show no dominant artifact."
"a woman in a trench coat looking out a window, cold color, sci-fi style",xl2.2_normal_211.jpg,211,3.502054974,0.522364935,3.458082253,0.678705786,"A photorealistic profile portrait of a woman beside a window frame. The subject's facial structure is clear, though the eye appears slightly unnatural. Image-wide textures lack fine detail and appear artificially smoothed."
"a glass vase of pink and white dahlia flowers, top view, realistic style",AttnGAN_normal_212.jpg,212,0.002134902,0.509602458,0.366280482,0.545963954,"A severely underexposed close-up photograph of a human face in darkness. Facial anatomy is invisible due to extreme shadows, preventing any structural assessment. Underexposure completely masks all texture and fine detail."
"a glass vase of pink and white dahlia flowers, top view, realistic style",DALLE2_normal_212.jpg,212,3.169097903,0.347911267,3.130750884,0.695654268,Pink and white dahlias in a glass vase on a white textured surface. Petals show minor fusion and the vase structure is partially melted and indistinct. Soft focus creates waxy textures and repetitive radial background patterns.
"a glass vase of pink and white dahlia flowers, top view, realistic style",glide_normal_212.jpg,212,1.537956569,0.400488835,2.852144996,1.09201758,"A vibrant bouquet of red and cream flowers sits in a dark vase. Floral structures show distortion with fused petals and unnatural, textured centers. Surfaces appear waxy with softened edges and weak detail definition."
"a glass vase of pink and white dahlia flowers, top view, realistic style",midjourney_lowstep_212.jpg,212,2.532470662,0.718097356,2.395499044,0.440262611,A centered circular object shows a soft-focus white flower on a plain background. The central flower is recognizable but its petal structure is distorted by fusion. Oversmoothing flattens textures and eliminates fine edge definition.
"a glass vase of pink and white dahlia flowers, top view, realistic style",midjourney_normal_212.jpg,212,3.143483028,0.812978089,3.158021435,1.017637634,A digital render depicts a cluster of pink dahlias within a circular frame. Flower structures remain recognizable though some petal junctions appear softly fused. Details show mild waxy smoothing and faint background texture repetition.
"a glass vase of pink and white dahlia flowers, top view, realistic style",sd1.5_highcorr_212.jpg,212,3.274744941,0.507018036,2.880053469,1.147006976,"A digital image displays a bouquet of colorful flowers in a clear glass vase. The subject is coherent, though some blooms show malformed petals and repetitive geometry. Surfaces appear overly smooth with a consistent waxy finish."
"a glass vase of pink and white dahlia flowers, top view, realistic style",sd1.5_lowcorr_212.jpg,212,2.671047584,0.832447817,2.641294027,1.071829561,"A digital painting depicts a pink dahlia in a white vase against a dark background. Petal structure is coherent, but the central stamen region appears slightly malformed. Mild oversmoothing affects the dark background and vase surfaces."
"a glass vase of pink and white dahlia flowers, top view, realistic style",sd1.5_lowstep_212.jpg,212,3.636963354,0.405327804,3.369510326,0.621899982,"Pink and white dahlia flowers rest in a clear glass vase. The floral forms are stable, though petals show unnatural repetitive symmetry. Surfaces feature waxy smoothness with subtle pseudo-detailing."
"a glass vase of pink and white dahlia flowers, top view, realistic style",sd1.5_normal_212.jpg,212,3.455805152,0.489705099,3.269342324,0.448229185,A close-up shows a dense bouquet of pink and white flowers in a glass vase. Round blooms feature unnatural ribbing while some petal structures appear fused or malformed. Textures appear waxy with pseudo-details and softened edges.
"a glass vase of pink and white dahlia flowers, top view, realistic style",xl2.2_normal_212.jpg,212,3.44620302,0.734266256,2.62350113,0.890540346,Stylized dahlia flowers and leaves sit on a solid purple background. The floral structures are coherent and well-formed with consistent petal layering. Surfaces display a pervasive waxy smoothness with flattened textural detail.
"a biomechanical hibiscus flower made of metal, elevation view, abstract style",AttnGAN_normal_213.jpg,213,0.995940844,0.617118913,0.534118347,0.693631902,A close-up shows indistinct dark shapes on a vertically textured greenish surface. The central forms are severely distorted and fused into incoherent blobs. Severe blur and repetitive pseudo-texture obscure all fine details.
"a biomechanical hibiscus flower made of metal, elevation view, abstract style",DALLE2_normal_213.jpg,213,2.523592728,0.627689441,2.51693257,0.797718944,"A close-up grayscale image shows a metallic-textured flower against a white background. The subject is structurally stable, although central details appear slightly fused. Surfaces display waxy smoothness with overly sharp and uniform specular highlights."
"a biomechanical hibiscus flower made of metal, elevation view, abstract style",glide_normal_213.jpg,213,0.905232817,0.589974552,1.244551289,0.299826924,"A centered white flower with a dark center sits on a black background. The subject displays geometrically faceted petals and a malformed, indistinct central region. Textures appear waxy and oversmoothed with flat surfaces."
"a biomechanical hibiscus flower made of metal, elevation view, abstract style",midjourney_lowstep_213.jpg,213,2.475192184,0.805527476,3.202040316,0.38160961,A centered metallic flower with a red core is shown on a plain background. The subject is recognizable but has fused petals with indistinct boundaries. Oversmoothing creates waxy textures and lost detail.
"a biomechanical hibiscus flower made of metal, elevation view, abstract style",midjourney_normal_213.jpg,213,3.88997508,0.94687979,3.417300183,0.750622826,A centered 3D rendering shows a complex metallic mechanical flower on a dark gradient. Intricate petal structures fused with gears appear structurally stable and semantically clear. Sharp metallic textures lack significant smoothing or visible artifacts.
"a biomechanical hibiscus flower made of metal, elevation view, abstract style",sd1.5_highcorr_213.jpg,213,2.702799302,0.539177263,2.405195095,0.891164772,A glossy 3D red flower with tendrils centers on a textured grey background. The stylized floral structure is coherent despite an ambiguous central core. Surfaces appear waxy while the background exhibits a grainy texture.
"a biomechanical hibiscus flower made of metal, elevation view, abstract style",sd1.5_lowcorr_213.jpg,213,2.940135868,0.632578221,2.976904363,0.631673282,A centered metallic flower sculpture of tangled ribbons on a textured tan surface. The subject's complex ribbon structure shows fused loops and inconsistent spatial layering. Metal surfaces show subtle waxy smoothing and softened edges.
"a biomechanical hibiscus flower made of metal, elevation view, abstract style",sd1.5_lowstep_213.jpg,213,3.288125226,0.963405506,3.080115584,0.73786776,A centered monochromatic 3D floral sculpture rests on a plain gray background. The subject remains coherent despite minor fusion and semantic confusion at the base. Surfaces show subtle pseudo-detailing and softened edge definitions.
"a biomechanical hibiscus flower made of metal, elevation view, abstract style",sd1.5_normal_213.jpg,213,3.062007692,0.688503851,3.080096813,0.958341747,A metallic floral sculpture rests on a textured neutral surface under soft light. Overlapping petals and wire filaments form a coherent but intricate abstract structure. Mild softening and edge melting blur the finest surface texture details.
"a biomechanical hibiscus flower made of metal, elevation view, abstract style",xl2.2_normal_213.jpg,213,3.501131449,0.511026851,3.035247107,0.945919807,"A centered, high-contrast, black-and-white abstract floral mandala fills the frame. The symmetrical petal structure is coherent, featuring a detailed central core. Sharp edges and smooth shading appear slightly synthetic."
"render of rivendell dreamy beautiful landscape, close-up, baroque style",AttnGAN_normal_214.jpg,214,1.403283136,0.38536901,1.459434787,0.736882551,A distorted digital painting shows a warped interior scene with blue windows. Subject structure is severely malformed as parts fuse into a semantically confusing mass. Textures exhibit melting artifacts with smeared edges and inconsistent lighting.
"render of rivendell dreamy beautiful landscape, close-up, baroque style",DALLE2_normal_214.jpg,214,3.088457462,0.43190077,3.17765537,1.018208869,A 3D rendered fantasy scene depicts a stone bridge over a cascading waterfall. The central masonry structure exhibits stable geometry and high semantic clarity. Distant rock faces show subtle texture flattening and edge softening.
"render of rivendell dreamy beautiful landscape, close-up, baroque style",glide_normal_214.jpg,214,0.949159982,0.257724702,1.226859661,0.507222511,A digital painting shows a coastal landscape from beneath a yellow overhang. Floral clusters are malformed blobs and the horizon line is unnaturally flat. Heavy blur and flat textures lead to poorly defined object boundaries.
"render of rivendell dreamy beautiful landscape, close-up, baroque style",midjourney_lowstep_214.jpg,214,2.304048386,0.440649355,2.799688701,0.57602728,A blurry digital painting features a castle and bridge over a river. The architecture is recognizable but exhibits significant blurring and edge fusion. Extreme global blur flattens textures and hides all fine image details.
"render of rivendell dreamy beautiful landscape, close-up, baroque style",midjourney_normal_214.jpg,214,4.464997282,0.378728301,3.646722598,0.460966484,An ornate fantasy castle sits on a cliff behind a wooden bridge. The main structure is coherent although the bridge contains minor irregularities. Global textures appear overly smooth with a pervasive soft-focus effect.
"render of rivendell dreamy beautiful landscape, close-up, baroque style",sd1.5_highcorr_214.jpg,214,3.92415533,0.4778574,3.752111454,0.67977502,"A digital painting depicts a white arched bridge over a river in a mountain valley. The bridge is structurally coherent, but surrounding vegetation lacks botanical detail. Textures appear waxy and background features exhibit significant oversmoothing."
"render of rivendell dreamy beautiful landscape, close-up, baroque style",sd1.5_lowcorr_214.jpg,214,3.544604966,0.669009839,3.398708221,0.494557187,A romantic digital painting depicts a misty river valley under overhanging branches. Landscape geometry is stable though distant forms lack definition and foliage repeats. Global textures show a waxy smoothness with softened edges and subtle detail loss.
"render of rivendell dreamy beautiful landscape, close-up, baroque style",sd1.5_lowstep_214.jpg,214,4.04445907,0.644511469,3.417262215,0.442665249,"A digital painting shows a lush fantasy forest with mountains and a river. The left tree trunk is malformed with fleshy textures, and the foreground structure is indistinct. Distant textures show vertical streaking and pseudo-detail."
"render of rivendell dreamy beautiful landscape, close-up, baroque style",sd1.5_normal_214.jpg,214,3.897509797,0.56040357,3.696383698,0.44095303,A digital painting shows an ornate bridge in a lush forest with mountains. The bridge structure is coherent but features slightly malformed decorative railing elements. Foliage textures appear waxy and oversmoothed with softened edge definitions.
"render of rivendell dreamy beautiful landscape, close-up, baroque style",xl2.2_normal_214.jpg,214,3.279275256,0.817314855,2.924247568,1.081603661,A 3D rendered half-timbered house sits before green hills under a bright sky. The building structure is coherent while some architectural details remain simplified. Surfaces display flat textures and lack complex natural shadowing depth.
"portrait with no signature of aggressive alien, long-shot, anime style",AttnGAN_normal_215.jpg,215,0.763754201,0.395295865,0.666005895,0.20003891,"A close-up of distorted abstract organic shapes against a vibrant background. The subject structure is severely warped and fused, making it unrecognizable. Glowing halos and waxy textures degrade the overall perceptual quality."
"portrait with no signature of aggressive alien, long-shot, anime style",DALLE2_normal_215.jpg,215,2.344386154,0.555478037,2.54176312,0.590565632,A close-up anime portrait features a green-haired male with intense green eyes. Facial structure is stable despite a distracting artifact on the chin. Edges exhibit aliasing and textures lack fine-grained surface detail.
"portrait with no signature of aggressive alien, long-shot, anime style",glide_normal_215.jpg,215,0.739216044,0.601759285,0.456645128,0.716024252,A dark digital portrait depicts a glowing animatronic head against a black background. The subject's facial features are fused into a distorted mass lacking clear structure. Heavy blurring and softness degrade edge clarity and texture detail throughout.
"portrait with no signature of aggressive alien, long-shot, anime style",midjourney_lowstep_215.jpg,215,2.994111578,1.104067939,2.824058767,0.742920647,"A digital painting shows a close-up portrait of a young man with orange hair. The subject's face is structurally sound, but hair strands lack logical separation. Collar surfaces show waxiness and the background lacks sharp definition."
"portrait with no signature of aggressive alien, long-shot, anime style",midjourney_normal_215.jpg,215,3.83602339,0.790880417,2.924247568,1.130817201,"A stylized digital portrait of a spiky-haired man with glowing orange eyes. The facial structure is stable, though the crown contains fused and confusing hair shapes. Sharp edges define the form despite subtle texture flattening."
"portrait with no signature of aggressive alien, long-shot, anime style",sd1.5_highcorr_215.jpg,215,2.260001775,0.65774009,2.311422218,0.686694159,A digital cartoon portrait of a character with pointed ears on a blue background. The subject shows severe facial distortion with a malformed nose and asymmetrical eyes. Bold outlines show minor irregularity while textures appear flat.
"portrait with no signature of aggressive alien, long-shot, anime style",sd1.5_lowcorr_215.jpg,215,1.927354161,0.513676865,2.192935294,1.161759642,A digital illustration portrays a green alien figure against a colorful sky. The subject displays significant facial distortion with a malformed and fused mouth. Textures appear waxy and edges show inconsistent local detail clarity.
"portrait with no signature of aggressive alien, long-shot, anime style",sd1.5_lowstep_215.jpg,215,2.455012736,1.20423997,2.154163679,0.528924333,A digital illustration features a blue-headed character with red headgear. The red side structures appear malformed and fused to the head. Inconsistent textures and messy boundaries reduce visual stability.
"portrait with no signature of aggressive alien, long-shot, anime style",sd1.5_normal_215.jpg,215,1.827559877,0.413917374,2.851195987,0.550982921,A centered monochrome digital portrait of a stylized alien face on a plain background. The facial structure is stable but features distorted eyes and a fused nose. Surfaces show waxy smoothing and repetitive pseudo-detailing in shade.
"portrait with no signature of aggressive alien, long-shot, anime style",xl2.2_normal_215.jpg,215,3.605176603,0.510359915,2.512360277,0.988105287,"A dramatic portrait shows a man with teal hair and glowing eyes. Facial structure is intact, though cheek scars appear as unstructured details. High-contrast lighting creates harsh transitions between skin and shadow."
"elegant oval mirror and toucan with reflection, blurred detail, sci-fi style",AttnGAN_normal_216.jpg,216,0.803407893,0.580332752,0.799484444,0.581937452,A close-up shows a distorted abstract figure in a painterly style. The subject is severely malformed with broken anatomy and fused features. Surfaces appear waxy with soft edges and inconsistent lighting.
"elegant oval mirror and toucan with reflection, blurred detail, sci-fi style",DALLE2_normal_216.jpg,216,2.689121932,0.832955743,2.958190852,0.995209251,"A stylized toucan is framed within a reflective metallic circular border. The bird's beak is heavily warped and blurred, obscuring its anatomy. Significant motion-like blur and softened edges diminish global detail clarity."
"elegant oval mirror and toucan with reflection, blurred detail, sci-fi style",glide_normal_216.jpg,216,1.010879855,0.56361608,1.98470556,0.642784094,A stylized close-up shows a colorful toucan against a dark background. The head is recognizable while the body remains a structurally undefined black mass. Extreme oversmoothing eliminates fine details and flattens all surface textures.
"elegant oval mirror and toucan with reflection, blurred detail, sci-fi style",midjourney_lowstep_216.jpg,216,3.306433702,0.602727791,3.057832635,1.542044537,A stylized 3D toucan is centered within a circular frame on a light surface. The subject is structurally coherent and semantically readable with plausible anatomy. Surfaces appear slightly waxy with softened reflection details.
"elegant oval mirror and toucan with reflection, blurred detail, sci-fi style",midjourney_normal_216.jpg,216,3.733237104,0.372709584,3.199772697,0.675897399,A photorealistic toucan stands inside an oval mirror surrounded by houseplants. The subject is coherent but features simplified foot anatomy and soft plumage. Global textures exhibit noticeable oversmoothing and a flat waxy appearance.
"elegant oval mirror and toucan with reflection, blurred detail, sci-fi style",sd1.5_highcorr_216.jpg,216,2.971609163,0.46878658,2.64108532,0.584498351,"A stylized 3D-rendered toucan sits on a fern inside an oval mirror. The subject shows readable form but possesses malformed, bead-like feet. Rendering displays smooth waxy textures and subtle edge aliasing."
"elegant oval mirror and toucan with reflection, blurred detail, sci-fi style",sd1.5_lowcorr_216.jpg,216,2.323921604,0.519571567,2.37865864,1.174273908,A stylized colorful bird is positioned next to abstract geometric forms. The avian subject maintains a stable structure with clear semantic readability. Background areas display faint melting textures and stray line artifacts.
"elegant oval mirror and toucan with reflection, blurred detail, sci-fi style",sd1.5_lowstep_216.jpg,216,2.351513684,0.496474793,1.265299514,0.965040114,A framed oval mirror on a plain wall features small colorful ornaments. The mirror frame exhibits structural distortion and unnatural fusion with the base ornaments. Surfaces display mild oversmoothing and softened edge definition globally.
"elegant oval mirror and toucan with reflection, blurred detail, sci-fi style",sd1.5_normal_216.jpg,216,2.326531297,0.747629583,2.666882993,1.014872975,An oval mirror reflects a malformed colorful bird near a vase of pampas grass. The reflection is an incoherent blob lacking avian anatomy. Surfaces are waxy with softened edges and inconsistent reflections.
"elegant oval mirror and toucan with reflection, blurred detail, sci-fi style",xl2.2_normal_216.jpg,216,3.586777229,0.472592026,2.817302903,0.993494579,A vibrant digital illustration depicts a toucan within a circular portal over water. The bird's anatomy is plausible and its form is clearly defined. Details show slight oversmoothing and a consistent waxy texture.
"a portrait photo of a beautiful female android, hyper detail, realistic style",AttnGAN_normal_217.jpg,217,1.191989061,0.54613083,0.552148905,0.63796808,A close-up digital painting shows abstract spine-like forms and pouches on a textured surface. The central structure has inconsistent geometry and fused segments lacking semantic readability. Waxy textures show softened edges and inconsistent lighting.
"a portrait photo of a beautiful female android, hyper detail, realistic style",DALLE2_normal_217.jpg,217,3.537280489,0.803367323,3.358399036,0.618031961,"A close-up of a metallic android with red eyes on a black background. The face is clear, but the neck exhibits distorted and fused structural geometry. Shadowed areas show softened details and waxy surface textures."
"a portrait photo of a beautiful female android, hyper detail, realistic style",glide_normal_217.jpg,217,2.293266536,0.471957485,0.692100914,0.839354916,"A saturated, frontal close-up of an orange tabby cat's face. The subject is readable despite softened facial geometry and distorted eye regions. Severe oversmoothing creates a melted, waxy surface."
"a portrait photo of a beautiful female android, hyper detail, realistic style",midjourney_lowstep_217.jpg,217,2.851759102,1.022124178,3.268206767,0.42607834,"A digital portrait displays a woman with blonde hair against a dark background. The face is coherent, but hair volume and shoulder textures appear structurally vague. Waxy skin tones and heavy softness degrade global perceptual clarity."
"a portrait photo of a beautiful female android, hyper detail, realistic style",midjourney_normal_217.jpg,217,3.605176603,0.485338351,2.133869253,0.835634349,A dramatic close-up portrait shows a disheveled elderly man with facial grime. The subject's face is coherent despite distorted eyes and unnatural skin patches. Waxy textures and subtle pseudo-details affect the overall visual naturalness.
"a portrait photo of a beautiful female android, hyper detail, realistic style",sd1.5_highcorr_217.jpg,217,2.39306082,0.571121739,2.75903949,0.720240584,A digital portrait of a woman with long hair on a grey background. The facial structure is stable but the neck region appears slightly warped. Skin textures appear waxy and lack realistic fine detail.
"a portrait photo of a beautiful female android, hyper detail, realistic style",sd1.5_lowcorr_217.jpg,217,2.559384627,0.744919197,2.666882993,0.913319979,"A digital painting shows a stylized blonde woman in a tight close-up. The facial structure is coherent despite the stylized, slightly uncanny eye proportions. Skin textures appear overly smooth and waxy across the features."
"a portrait photo of a beautiful female android, hyper detail, realistic style",sd1.5_lowstep_217.jpg,217,3.800500414,0.670896597,3.564494822,0.477698654,"A frontal digital portrait depicts a woman with green eyes and pale hair. The subject's face is clear, though the eyebrows appear abnormally thick and fused. Skin looks waxy and the background displays a repetitive mesh texture."
"a portrait photo of a beautiful female android, hyper detail, realistic style",sd1.5_normal_217.jpg,217,3.682240656,0.54019769,3.763463406,0.736879517,A digital portrait shows a female cyborg with metallic skin and armor. The subject's neck and chest exhibit severe anatomical distortion and warping. Surfaces show waxy smoothing and lack of sharp micro-texture definition.
"a portrait photo of a beautiful female android, hyper detail, realistic style",xl2.2_normal_217.jpg,217,3.658936789,0.193393978,3.506852145,0.418503563,"A close-up photorealistic portrait of a pale woman against a blue background. The facial features are clear, but the neck contains malformed red anatomical structures. Skin textures appear slightly waxy with softened fine-grained detail."
"a masonic illuminati waiting room with a couch, soft lighting, abstract style",AttnGAN_normal_218.jpg,218,0.970807385,0.335987081,0.686697692,0.651149521,An abstract composition features embossed organic forms against a shifting iridescent background. These forms display incoherent geometry and lack any recognizable semantic meaning. The image exhibits waxy surface textures and pervasive soft-focus blurring.
"a masonic illuminati waiting room with a couch, soft lighting, abstract style",DALLE2_normal_218.jpg,218,2.908664621,0.647662277,2.416743929,0.701899006,"A dark interior scene contains a chandelier, chairs, and a purple sofa. The subject displays significant structural distortion and malformed object geometry. Perceptual quality is degraded by pervasive oversmoothing and waxy surface textures."
"a masonic illuminati waiting room with a couch, soft lighting, abstract style",glide_normal_218.jpg,218,0.943648939,0.823784321,0.742358137,0.783435394,A glowing rectangular frame sits on a solid black background. The geometric shape is clear but structurally incomplete at the base. Edges exhibit slight softness and minor pixelation against the dark void.
"a masonic illuminati waiting room with a couch, soft lighting, abstract style",midjourney_lowstep_218.jpg,218,3.407636041,0.774947742,3.114500264,0.451408875,"A leather Chesterfield sofa sits in a dimly lit, paneled room. The subject maintains structural stability though local details appear slightly softened. Widespread blurring and waxy textures diminish fine detail across the scene."
"a masonic illuminati waiting room with a couch, soft lighting, abstract style",midjourney_normal_218.jpg,218,3.361858495,0.76094139,2.885703528,0.452224995,"A moody interior scene features a tufted sofa under a neon triangle. Sofa anatomy is coherent, but the rug contains unreadable symbolic markings. Leather textures appear waxy with softened edge clarity throughout."
"a masonic illuminati waiting room with a couch, soft lighting, abstract style",sd1.5_highcorr_218.jpg,218,4.107607845,0.785963516,3.425191569,0.705362989,A monochrome image shows a minimalist room with a sofa and armchairs near windows. The subject is clear but has unstable legs and distorted window frame geometry. Textures are globally oversmoothed and waxy.
"a masonic illuminati waiting room with a couch, soft lighting, abstract style",sd1.5_lowcorr_218.jpg,218,3.43455948,0.507417663,3.137696322,0.293137554,A photorealistic interior features a patterned sofa and a large wall mirror. The subject is coherent though the upholstery pattern lacks semantic clarity. Background surfaces show melting textures and inconsistent local lighting.
"a masonic illuminati waiting room with a couch, soft lighting, abstract style",sd1.5_lowstep_218.jpg,218,3.440900802,0.923801974,3.351474113,0.874788862,A red Chesterfield sofa sits in a paneled room before glowing windows. The central sofa structure is stable but lacks sharp textile definition. Background windows exhibit repetitive pseudo-details while furniture surfaces appear waxy.
"a masonic illuminati waiting room with a couch, soft lighting, abstract style",sd1.5_normal_218.jpg,218,3.369254363,0.547813844,3.374870467,0.299007497,A white sofa sits before dark curtains beneath a golden emblem. The sofa is structurally sound while the emblem features illegible symbolic text. Surfaces show waxy smoothing and repetitive texture patterns.
"a masonic illuminati waiting room with a couch, soft lighting, abstract style",xl2.2_normal_218.jpg,218,3.116324583,0.733510889,3.469719925,0.465045271,A red sofa sits in a formal room with occult-themed paintings. The central furniture is clearly defined and structurally coherent across the scene. Surfaces show subtle smoothing and flat textural detail.
"a brand logo of henry cavill as a catholic nun, HDR lighting, baroque style",AttnGAN_normal_219.jpg,219,0.829617037,0.725011979,0.863248694,0.592266671,An abstract close-up displays distorted organic forms on vibrant color blocks. The subject features fused and malformed shapes with no coherent structural logic. Surfaces show waxy textures and inconsistent local edge definitions.
"a brand logo of henry cavill as a catholic nun, HDR lighting, baroque style",DALLE2_normal_219.jpg,219,2.299764158,0.594139599,2.983770234,0.527249999,"A close-up shows a nun's portrait in an oval medallion on dark leather. The face is coherent but uncanny, and the cross pendant is clearly malformed. Background textures show subtle repetition and a waxy surface finish."
"a brand logo of henry cavill as a catholic nun, HDR lighting, baroque style",glide_normal_219.jpg,219,1.22513052,0.808635242,1.791293517,0.906282788,A glowing circular emblem features a central shield and symmetrical flourishes on a dark background. The internal structure is fused and lacks semantic readability due to ambiguous geometry. Significant blurring and melted textures obscure details.
"a brand logo of henry cavill as a catholic nun, HDR lighting, baroque style",midjourney_lowstep_219.jpg,219,3.25960126,0.322680446,2.458299452,1.207643851,"A centered digital portrait of a man in dark clothing against a glowing backdrop. The facial structure is coherent, though the eyes are slightly asymmetrical. Global quality exhibits oversmoothed skin textures and soft, indistinct edges."
"a brand logo of henry cavill as a catholic nun, HDR lighting, baroque style",midjourney_normal_219.jpg,219,4.029366636,0.573193365,2.880053469,1.041531448,A cinematic portrait shows a hooded man in a dimly lit interior. The subject features a highly coherent facial structure with stable anatomy. Skin and fabric textures show subtle signs of digital smoothing.
"a brand logo of henry cavill as a catholic nun, HDR lighting, baroque style",sd1.5_highcorr_219.jpg,219,2.602757767,0.585039516,2.600700921,0.847527909,"A centered full-body portrait of a nun beneath a floating red cross. The subject displays a distorted smile and fused, malformed hands. Textures appear waxy and lack natural fine-grained surface definition."
"a brand logo of henry cavill as a catholic nun, HDR lighting, baroque style",sd1.5_lowcorr_219.jpg,219,3.507253099,0.653955332,2.817848923,1.031504702,"A monochrome portrait shows a woman in a nun's habit. The facial structure is stable, though the eyes and veil appear slightly unnatural. Heavy stippled noise and waxy textures reduce perceptual realism."
"a brand logo of henry cavill as a catholic nun, HDR lighting, baroque style",sd1.5_lowstep_219.jpg,219,2.912021026,0.540575667,2.726102068,1.112336752,"A digital portrait depicts a man in a white hood and brown robe. The subject's facial anatomy is stable, but the eyes lack perfect symmetry. Background surfaces feature repetitive grain patterns and subtle edge haloing."
"a brand logo of henry cavill as a catholic nun, HDR lighting, baroque style",sd1.5_normal_219.jpg,219,3.440761714,0.40002291,2.856177525,0.966937869,A centered photorealistic portrait shows a woman in a nun's habit against a gold background. The subject's facial anatomy and habit structure remain coherent and semantically stable. Skin textures appear waxy and lack fine natural detail.
"a brand logo of henry cavill as a catholic nun, HDR lighting, baroque style",xl2.2_normal_219.jpg,219,3.91009791,0.60417066,3.10230551,0.930004701,"A photorealistic portrait shows a man in clerical attire against a dark background. Facial anatomy is plausible, though the chest region displays illegible pseudo-details. Skin textures show minor smoothing with consistent lighting and sharp edges."
"sparkling heart blue mana tree inside a marble, warm color, top view",AttnGAN_normal_220.jpg,220,0.920636016,0.605438816,0.775738154,0.739626014,"The image presents a close-up view of abstract green and red organic textures. The subject contains malformed and fused shapes that lack clear semantic readability. Textures display repetitive patterns and melting effects with soft, undefined boundaries."
"sparkling heart blue mana tree inside a marble, warm color, top view",DALLE2_normal_220.jpg,220,2.505259558,0.771371847,2.946511745,0.956436274,A blue heart-shaped stone with a gold tree inlay rests on marble. The heart shape and internal tree motif are clearly defined and coherent. Surfaces show slight oversmoothing and weak fine textural definition.
"sparkling heart blue mana tree inside a marble, warm color, top view",glide_normal_220.jpg,220,1.106599613,0.760343383,1.710849874,1.233679756,A glowing blue heart on a red fabric background in a centered view. Internal regions contain distorted and semantically unreadable fused facial-like structures. Heavy blurring and softened edges obscure fine details everywhere.
"sparkling heart blue mana tree inside a marble, warm color, top view",midjourney_lowstep_220.jpg,220,2.478101113,0.678113494,3.024436368,0.926457107,A stylized golden tree is centered within a blue circular medallion. The subject's branching structure is recognizable but exhibits repetitive pseudo-botanical patterns. Global textures appear waxy and oversmoothed with softened edge definition.
"sparkling heart blue mana tree inside a marble, warm color, top view",midjourney_normal_220.jpg,220,3.800500414,0.531849952,3.102285456,0.92265506,"A heart-shaped blue marble plaque with a golden tree sits on a marble surface. The tree structure is recognizable, but many upper branches appear tangled or fused. Surfaces exhibit mild waxiness and repetitive textural patterns."
"sparkling heart blue mana tree inside a marble, warm color, top view",sd1.5_highcorr_220.jpg,220,2.503716151,0.566916287,2.10471773,0.856300491,"A glossy red tree with a heart base sits on a blue marbled background. The subject structure is stable, though the trunk-to-heart junction looks slightly fused. Background textures show subtle repetition and a waxy surface sheen."
"sparkling heart blue mana tree inside a marble, warm color, top view",sd1.5_lowcorr_220.jpg,220,2.565400547,0.453084415,3.1665648,0.447491114,A centered yellow heart displays a blue tree against a grey background. The subject is stable but the tree foliage lacks organic leaf shapes. Surfaces appear waxy with visible background grainy noise.
"sparkling heart blue mana tree inside a marble, warm color, top view",sd1.5_lowstep_220.jpg,220,2.90305168,0.699357871,3.214232789,0.721112522,A blue heart-shaped stone with a tree inlay sits on a brown background. The subject's geometry is stable and the tree motif is clearly legible. Surface textures exhibit subtle pseudo-details and a slightly waxy finish.
"sparkling heart blue mana tree inside a marble, warm color, top view",sd1.5_normal_220.jpg,220,2.363781612,1.086270767,2.395499044,0.771380807,A centered 3D-style ornament displays a blue sphere and white heart on wood. The glittery tree structure is coherent but fuses abruptly with the base. Background wood grain shows subtle repetition and softened details.
"sparkling heart blue mana tree inside a marble, warm color, top view",xl2.2_normal_220.jpg,220,3.052595235,0.945729956,2.999704571,0.442978559,A centered digital artwork depicts a silhouetted tree inside a heart-shaped cosmic portal. The subject is structurally coherent and semantically readable without distortion. Textures are smooth and edges remain sharp across the gradients.
"goose being zipped - up by man in orange shirt, warm color, elevation view",AttnGAN_normal_221.jpg,221,1.195774268,0.774368242,0.589762748,0.678976019,"Abstract distorted organic shapes float within a vibrant purple and white composition. Malformed organic shapes exhibit extreme fusion and warping, lacking any clear structure. Blurring and flat textures obscure fine details."
"goose being zipped - up by man in orange shirt, warm color, elevation view",DALLE2_normal_221.jpg,221,3.075586915,0.760846743,2.512360277,0.968202572,A close-up shows a person in an orange shirt with a goose head inside. The goose head is clear but fuses unnaturally with the shirt at the neck. Textures appear waxy with softened edges.
"goose being zipped - up by man in orange shirt, warm color, elevation view",glide_normal_221.jpg,221,0.686725341,0.23395544,0.753963515,0.236059203,A red t-shirt displays a large white graphic on a plain background. The central graphic is distorted and lacks structural coherence or semantic clarity. Edges show jagged aliasing and surfaces are completely flat.
"goose being zipped - up by man in orange shirt, warm color, elevation view",midjourney_lowstep_221.jpg,221,2.276634155,0.861944562,2.443074357,0.600978799,An illustration shows a kneeling man in an orange jacket beside a large goose. The subject exhibits severe anatomical distortion with malformed hands and a fused human-bird boundary. Heavy oversmoothing and flat textures obscure details.
"goose being zipped - up by man in orange shirt, warm color, elevation view",midjourney_normal_221.jpg,221,3.319686232,0.338248218,3.10230551,0.649101566,"An illustration shows a bearded man in a vest holding a large duck. The subject is clear, but the fingers holding the duck appear fused and malformed. Rendering exhibits flat textures and inconsistent shading on the skin."
"goose being zipped - up by man in orange shirt, warm color, elevation view",sd1.5_highcorr_221.jpg,221,2.343163678,0.499687656,1.692657167,1.001261566,"Two men interact on a rocky cliff in a high-angle daylight view. The subjects display distorted anatomy, awkward posing, and semantically unclear gear. Surfaces show waxy smoothing and edges lack sharpness."
"goose being zipped - up by man in orange shirt, warm color, elevation view",sd1.5_lowcorr_221.jpg,221,2.237264824,0.946940694,1.449290389,0.646932401,A close-up shows a torso with an orange strap and a complex device. The device lacks coherent geometry with fused parts and ambiguous hand interactions. Textures show oversmoothing with softened edges and weak detail.
"goose being zipped - up by man in orange shirt, warm color, elevation view",sd1.5_lowstep_221.jpg,221,3.374329815,0.495455533,2.111605076,1.294266083,Two men in orange shirts stand on a steep rocky mountain precipice. The individual in the rock crevice is heavily distorted with fused limbs. Textures appear waxy and lack sharp micro-detail.
"goose being zipped - up by man in orange shirt, warm color, elevation view",sd1.5_normal_221.jpg,221,3.110506733,0.677794838,1.454923869,0.573590814,A close-up shows a man in an orange shirt and grey cap outdoors. The subject features a malformed zipper near the neck and unreadable headband label text. Skin appears waxy and fabric lacks natural fine-grained detail.
"goose being zipped - up by man in orange shirt, warm color, elevation view",xl2.2_normal_221.jpg,221,2.580492981,0.435749336,2.37865864,0.663218048,A man in an orange shirt holds a distorted bird-like figure in a studio. The bird subject exhibits severe anatomical warping and fused body parts. Skin textures appear slightly waxy and edges lack crisp definition.
"interior of cosmic highway created by the gods, cold color, top view",AttnGAN_normal_222.jpg,222,0.970807385,1.059752382,0.653301426,0.533368493,"An abstract image shows indistinct rocky shapes on a vibrant patterned surface. The subject lacks coherent geometry and appears as a fused, unreadable mass. Blurring and repetitive textures obscure fine details and edge clarity."
"interior of cosmic highway created by the gods, cold color, top view",DALLE2_normal_222.jpg,222,1.120303781,0.571813668,1.726751061,1.125012818,A centered glowing abstract nebula formation against a dark cosmic background. The subject maintains a coherent symmetrical structure without visible geometric inconsistencies. Textures show mild oversmoothing and softened edge definitions throughout the frame.
"interior of cosmic highway created by the gods, cold color, top view",glide_normal_222.jpg,222,1.461647503,0.595324829,1.389857248,1.102855681,A close-up view depicts a building facade featuring several colorful window panes. The architectural elements show significant blurring and lack sharp structural definition. Heavy oversmoothing and flat textures dominate the image's perceptual quality.
"interior of cosmic highway created by the gods, cold color, top view",midjourney_lowstep_222.jpg,222,1.3429134,0.502555949,3.094936968,0.636551644,"A centered view shows a dark, blurred tunnel leading to a bright light. The subject maintains a coherent perspective despite smoothed and undefined internal geometry. Pervasive radial blur and softening eliminate all discernible texture."
"interior of cosmic highway created by the gods, cold color, top view",midjourney_normal_222.jpg,222,3.024480393,0.920084687,3.410108325,0.421397505,A first-person view of a glowing blue sci-fi tunnel with tracks. The tunnel structure exhibits warping and lacks clear geometric definition at depth. Surfaces display waxy textures and smeared details.
"interior of cosmic highway created by the gods, cold color, top view",sd1.5_highcorr_222.jpg,222,3.108253189,0.823332793,3.114500264,0.489105108,"A centered view of a futuristic blue-lit tunnel with glowing geometric patterns. The subject shows stable tunnel geometry with readable markings and plausible wall patterns. Coarse grainy texture dominates the image, reducing clarity of surface details."
"interior of cosmic highway created by the gods, cold color, top view",sd1.5_lowcorr_222.jpg,222,1.991888058,1.144725849,3.094936968,0.940674948,A grayscale aerial photograph depicts a large circular mine with concentric terraces. The subject's internal structure shows fused layers and semantically confusing central details. Global textures exhibit waxy smoothing and lack fine-grained surface definition.
"interior of cosmic highway created by the gods, cold color, top view",sd1.5_lowstep_222.jpg,222,2.875399859,1.0679301,2.943352484,1.246660021,An abstract aerial scene features a blue river winding into a central spiral. The central focal point is structurally malformed and semantically unreadable. Waxy textures and faint text artifacts degrade the visual clarity.
"interior of cosmic highway created by the gods, cold color, top view",sd1.5_normal_222.jpg,222,3.136939761,0.828865183,3.239106761,0.799061433,An aerial view captures a glowing road in a colorful surreal landscape. The primary subject features a structurally sound linear form with distinct edges. Distant terrain exhibits soft texture melting and minor detail inconsistency.
"interior of cosmic highway created by the gods, cold color, top view",xl2.2_normal_222.jpg,222,2.403882268,0.436626732,2.689956442,0.498495305,"A centered view of a symmetrical, neon-lit sci-fi tunnel. The subject structure is coherent and geometrically stable with clear semantic readability. Surfaces show slight waxiness and subtle background pseudo-detail."
"small group of nomads staying at ancient ruins, cold color, elevation view",AttnGAN_normal_223.jpg,223,0.779719895,0.815564871,1.389857248,1.377402426,"A close-up shows a large, dark, textured mass on a sandy surface. The subject's structure is heavily warped and lacks recognizable semantic features. Global smearing and softened textures obscure fine details throughout the frame."
"small group of nomads staying at ancient ruins, cold color, elevation view",DALLE2_normal_223.jpg,223,2.40326321,0.875915711,2.900809578,0.951452433,"Three robed figures sit by a stone wall overlooking a hazy landscape. The figures and stonework show simplified anatomy and repetitive, fused geometry. Textures appear flat and edges lack sharp definition across the scene."
"small group of nomads staying at ancient ruins, cold color, elevation view",glide_normal_223.jpg,223,1.853456865,0.523761349,2.011416275,0.742171718,Ancient stone ruins fill a reddish field below a dark hill. The pillar-like forms are recognizable but lack coherent geometric definition. Heavy blur and compression artifacts dominate the global perceptual quality.
"small group of nomads staying at ancient ruins, cold color, elevation view",midjourney_lowstep_223.jpg,223,1.49383774,0.364534678,2.235402975,0.898426306,A blurry impressionistic scene features figures before desert ruins under bright light. The foreground figures are structurally incoherent and lack recognizable human anatomy. Heavy global smoothing destroys texture clarity and softens every edge contour.
"small group of nomads staying at ancient ruins, cold color, elevation view",midjourney_normal_223.jpg,223,3.25960126,0.457573012,3.031345691,0.665080209,Three robed men sit before ancient temple ruins in a stylized desert landscape. Subjects display simplified anatomy with indistinct facial features and poorly defined hands. Textures appear overly smoothed and waxy throughout the image.
"small group of nomads staying at ancient ruins, cold color, elevation view",sd1.5_highcorr_223.jpg,223,3.442225929,0.842234152,2.701605789,1.023385486,A high-angle view shows ancient brick ruins and a figure in an arid landscape. The ruin structures show geometric inconsistencies and fused elements but remain recognizable. Distant textures show slight oversmoothing and repetitive vegetation.
"small group of nomads staying at ancient ruins, cold color, elevation view",sd1.5_lowcorr_223.jpg,223,2.625770283,0.46352709,2.557728222,0.925736259,Travelers and animals stand near a stone shelter on a mountain path. The small figures exhibit minor limb fusion and lack anatomical clarity. Global softening and flat textures diminish overall detail.
"small group of nomads staying at ancient ruins, cold color, elevation view",sd1.5_lowstep_223.jpg,223,3.033265998,0.472668359,2.390596612,0.833934141,A photorealistic shot shows ancient mud-brick ruins and two hikers in a desert. Hiker gear and ruin masonry show structural fusion and geometric inconsistencies. Textures appear softened with subtle pseudo-details and flat lighting.
"small group of nomads staying at ancient ruins, cold color, elevation view",sd1.5_normal_223.jpg,223,3.075586915,1.003221948,2.957643834,0.761789044,Colorfully clad figures sit near weathered brick ruins in a mountain valley. Human subjects display malformed poses and indistinct limbs alongside inconsistent architectural geometry. Textures show significant oversmoothing and waxy surface artifacts.
"small group of nomads staying at ancient ruins, cold color, elevation view",xl2.2_normal_223.jpg,223,3.273863243,0.412937897,3.080115584,0.331007859,Two cloaked figures stand on the steps of a ruined classical temple. Silhouette structures are coherent despite the disorganized and floating appearance of floor stones. Background mountains exhibit heavy smoothing and lack fine textural definition.
"lovers being pulled apart across space and time, warm color, close-up",AttnGAN_normal_224.jpg,224,0.633569007,0.324871463,0.778970376,0.585130533,A soft-focus close-up depicts an ambiguous organic shape against a dark background. The subject's anatomy is poorly defined and lacks structural coherence. Severe global blur and oversmoothing flatten all surface textures.
"lovers being pulled apart across space and time, warm color, close-up",DALLE2_normal_224.jpg,224,2.837204233,0.933402234,2.54176312,1.359857998,A close-up of a couple under vibrant magenta and cyan neon lighting. Facial geometry and hand anatomy are heavily distorted and semantically confusing. Surfaces exhibit waxy melting and lack sharp edge definition throughout.
"lovers being pulled apart across space and time, warm color, close-up",glide_normal_224.jpg,224,0.712778692,0.706895287,0.791238626,0.603517472,A close-up view shows overlapping abstract geometric shapes on a dark background. The abstract forms lack coherent structure and clear semantic readability. Heavy blurring obscures details and softens all shape boundaries.
"lovers being pulled apart across space and time, warm color, close-up",midjourney_lowstep_224.jpg,224,1.744397974,0.349500081,2.75903949,0.63985891,An impressionistic painting depicts an embracing couple against a swirling orange background. Subject features are illegible as anatomy dissolves into indistinct soft shapes. Extreme global blur flattens all textures and eliminates sharp edge definition.
"lovers being pulled apart across space and time, warm color, close-up",midjourney_normal_224.jpg,224,3.869499782,0.717158572,3.1259885,1.00234475,A digital painting depicts two embracing figures amidst swirling fiery energy. The subjects' faces and bodies appear fluidly fused with soft anatomical details. Textures display a uniform waxy smoothness with softened edges.
"lovers being pulled apart across space and time, warm color, close-up",sd1.5_highcorr_224.jpg,224,2.38429134,0.587029487,2.354782696,1.179384133,Surreal digital artwork shows elongated distorted figures floating in a vibrant cosmic nebula. Subjects exhibit severe anatomical warping with limbs fused into unnatural ribbon-like forms. Waxy surfaces show softened edges and repetitive background texture patterns.
"lovers being pulled apart across space and time, warm color, close-up",sd1.5_lowcorr_224.jpg,224,1.719307075,0.488953701,1.482901598,0.807591638,A vibrant digital painting depicts a central starburst explosion in a star-filled void. The central radiating structure contains some indistinct fused shapes disrupting its organic flow. Heavy grainy texture and softened edges dominate the visual field.
"lovers being pulled apart across space and time, warm color, close-up",sd1.5_lowstep_224.jpg,224,2.006516843,0.425419753,2.379342601,1.055086869,A digital painting portrays two human figures against a swirling cosmic background. The subjects exhibit distorted facial features and malformed hands with fused digits. Textures appear waxy and oversmoothed with inconsistent lighting across the surface.
"lovers being pulled apart across space and time, warm color, close-up",sd1.5_normal_224.jpg,224,2.996365552,0.466039685,1.472090597,0.594005905,"A vibrant digital rendering of a glowing orange nebula against a starry background. The nebula's gaseous forms are structurally stable but feature soft, undefined boundaries. Textures show subtle waxiness and inconsistent local detail resolution."
"lovers being pulled apart across space and time, warm color, close-up",xl2.2_normal_224.jpg,224,3.502432704,0.403447373,2.965504258,1.10720733,"A digital painting depicts a couple in a close embrace. The subject structure is stable, though the hand anatomy is slightly distorted. Textures appear smooth and waxy with softened fine details."
"atomic cloud fire explosion inside a snow globe, warm color, long-shot",AttnGAN_normal_225.jpg,225,0.339513003,0.356147267,0.924885591,0.342505206,"A heavily blurred close-up of a dark shape against a bright light. The subject's form is completely obscured by blur, making it structurally unreadable. Extreme global softness removes all fine texture details."
"atomic cloud fire explosion inside a snow globe, warm color, long-shot",DALLE2_normal_225.jpg,225,2.792237956,1.120403352,2.890691628,0.984304286,"A centered digital illustration depicts a glowing glass sphere containing clouds. The main subject is structurally stable, but internal cloud formations appear indistinct. Textures exhibit noticeable oversmoothing and waxy surface qualities throughout the frame."
"atomic cloud fire explosion inside a snow globe, warm color, long-shot",glide_normal_225.jpg,225,0.613396089,0.82852379,0.626274844,0.586185532,"A blurry close-up captures a vibrant, indistinct organic shape against a black background. The subject is structurally warped and lacks any readable semantic form. Extreme blur and color bleeding obscure all detail."
"atomic cloud fire explosion inside a snow globe, warm color, long-shot",midjourney_lowstep_225.jpg,225,2.090118638,0.692281341,2.970383326,0.632733774,A centered snow globe holds a glowing orange mushroom cloud against a dark backdrop. The internal subject structure is blurry and lacks distinct detail at its base. Textures show significant oversmoothing and repetitive background patterns.
"atomic cloud fire explosion inside a snow globe, warm color, long-shot",midjourney_normal_225.jpg,225,3.494295005,0.331927053,2.703161695,0.515213056,A photorealistic snow globe with a fiery explosion sits on a wooden surface. The internal subject is readable but appears waxy and lacks realistic fluid detail. Textures show oversmoothing with flat surfaces and soft edges.
"atomic cloud fire explosion inside a snow globe, warm color, long-shot",sd1.5_highcorr_225.jpg,225,2.73141732,0.670883209,3.190440744,0.764945087,A centered digital illustration portrays a glowing cosmic eye in a dark void. The primary circular subject maintains a coherent radial form with a chaotic core. Prominent background noise and flat textures reduce fidelity.
"atomic cloud fire explosion inside a snow globe, warm color, long-shot",sd1.5_lowcorr_225.jpg,225,2.093677968,0.78413359,2.824865559,0.84597429,A large fiery explosion rises from the ground against a dark background. The smoke structure appears malformed with inconsistent density and flow patterns. Heavy noise and waxy textures obscure fine image details.
"atomic cloud fire explosion inside a snow globe, warm color, long-shot",sd1.5_lowstep_225.jpg,225,1.87618889,0.971326646,2.90942096,0.520018363,A digital render shows a fiery explosion inside a glass sphere on snow. The subject is structurally coherent though the internal flame shape is irregular. Snow textures show mild oversmoothing and lack crisp local detail.
"atomic cloud fire explosion inside a snow globe, warm color, long-shot",sd1.5_normal_225.jpg,225,3.214375205,0.600927442,2.844239553,0.893032077,A centered close-up displays a glass sphere with glowing particles on a white base. The subject is coherent although the base shows malformed support structures and internal fusion. Base lighting is overexposed and textures exhibit smoothing.
"atomic cloud fire explosion inside a snow globe, warm color, long-shot",xl2.2_normal_225.jpg,225,3.207226865,0.953184179,3.467108847,0.667823746,A centered digital render shows a snow globe containing a glowing mushroom cloud. The subject is structurally stable and semantically readable as a contained explosion. Textures appear overly smooth and waxy throughout.
"an anatomically correct cybertronic human heart, cold color, close-up",AttnGAN_normal_226.jpg,226,1.403283136,0.496572645,1.471372759,0.372447159,"A close-up of a colorful, glossy abstract sculpture in a textured environment. The central subject is a complex fused mass with distorted elongated upper tips. Surfaces exhibit waxy smoothing and softened edge definitions."
"an anatomically correct cybertronic human heart, cold color, close-up",DALLE2_normal_226.jpg,226,2.825502717,1.241114029,3.153995905,0.804560704,A centered 3D render shows a glossy metallic heart on a plain background. The subject's vascular structure is simplified and fused with minor inconsistencies. High-contrast reflections create pseudo-details on the waxy surface.
"an anatomically correct cybertronic human heart, cold color, close-up",glide_normal_226.jpg,226,0.630028469,0.765528319,0.191822787,0.542540432,A close-up shows a central brown organic mass within green grassy textures. The central subject is an indistinct radial mass lacking clear structural definition. Heavy blur and repetitive textures soften all details.
"an anatomically correct cybertronic human heart, cold color, close-up",midjourney_lowstep_226.jpg,226,1.674946946,0.555254957,3.154626828,0.916977343,A glossy 3D-rendered heart floats on a dark background. Upper vascular structures are fused and lack anatomical definition. Heavy smoothing produces waxy textures and blurred surface details.
"an anatomically correct cybertronic human heart, cold color, close-up",midjourney_normal_226.jpg,226,3.657064334,0.873636939,3.717911141,0.71145443,A centered 3D mechanical heart features a glowing blue core on a dark background. The intricate metallic anatomy is structurally coherent and semantically readable across all regions. Metallic textures show slight smoothing while maintaining sharp edge definition.
"an anatomically correct cybertronic human heart, cold color, close-up",sd1.5_highcorr_226.jpg,226,2.209149982,0.400628066,2.555100504,0.843077412,A stylized digital illustration of a human heart on a blue background. The subject displays simplified anatomy with fused vessels and symbolic proportions. Background grain and waxy textures reduce fine detail definition.
"an anatomically correct cybertronic human heart, cold color, close-up",sd1.5_lowcorr_226.jpg,226,3.373697126,0.642405757,2.60460913,0.881042691,A centered digital illustration shows a stylized human heart on a grey background. Anatomy is coherent but features illegible pseudo-text and simplified vascular structures. Textures show slight waxiness and lack fine detail.
"an anatomically correct cybertronic human heart, cold color, close-up",sd1.5_lowstep_226.jpg,226,3.024480393,0.847027553,3.353107804,0.823028412,A stylized 3D rendering of a human heart with a hand-like appendage. The heart is clear while the hand region shows fused and distorted anatomy. Surfaces appear waxy with softened edges and background noise.
"an anatomically correct cybertronic human heart, cold color, close-up",sd1.5_normal_226.jpg,226,2.722527122,0.622391265,3.169153524,0.546701746,A 3D rendered anatomical heart model sits on a dark background. The subject is recognizable but shows fused vessels and inconsistent surface textures. Textures appear waxy with pseudo-details and softened local edges.
"an anatomically correct cybertronic human heart, cold color, close-up",xl2.2_normal_226.jpg,226,3.131243411,0.747524524,3.165462896,0.884687865,A stylized digital illustration of a human heart on a dark glowing background. The anatomy contains structurally ambiguous white rods fused into the lower tissue. Surfaces appear waxy with a repetitive background texture.
"a sketch drawing of a hamster in a fruit basket, cold color, long-shot",AttnGAN_normal_227.jpg,227,1.337589887,0.687628083,0.970486009,0.959774082,A heavily blurred close-up depicts a figure in a hat and white clothing. The subject's form is unrecognizable as parts fuse into smeared masses. Global softness flattens textures and obscures all fine edge details.
"a sketch drawing of a hamster in a fruit basket, cold color, long-shot",DALLE2_normal_227.jpg,227,1.851568074,0.24652529,3.299094897,0.491717271,A colored pencil sketch depicts a guinea pig in a bowl of fruit. The subject's facial anatomy contains minor irregular lines but remains largely coherent. Sketchy textures and soft edges define the visual presentation.
"a sketch drawing of a hamster in a fruit basket, cold color, long-shot",glide_normal_227.jpg,227,1.661236071,0.867837434,2.258761363,0.834957249,A digital painting of a red rodent sitting inside a yellow bowl. The rodent's facial features and paws appear malformed and structurally fused. Surfaces show waxy textures and softened edge definitions.
"a sketch drawing of a hamster in a fruit basket, cold color, long-shot",midjourney_lowstep_227.jpg,227,2.437762894,0.458237405,2.782294356,0.568245665,A digital painting shows a white hamster in a fruit basket against a white background. The hamster's face is clear but its body and limbs are blurred and lack form. Oversmoothing flattens textures and blurs boundaries.
"a sketch drawing of a hamster in a fruit basket, cold color, long-shot",midjourney_normal_227.jpg,227,3.365299544,0.360563493,2.641294027,0.794735308,A delicate sketch portrays a hamster sitting in a fruit basket. The animal's form is stable but its paws lack clear detail. Background hatching shows repetition and fur textures appear overly smoothed.
"a sketch drawing of a hamster in a fruit basket, cold color, long-shot",sd1.5_highcorr_227.jpg,227,2.654631009,0.740134455,2.345378943,1.012924831,"A digital illustration depicts a white rat inside a woven basket on a teal background. The subject has malformed paws, elongated limbs, and illegible text on the basket. Textures display heavy graininess and softened edge definition."
"a sketch drawing of a hamster in a fruit basket, cold color, long-shot",sd1.5_lowcorr_227.jpg,227,2.939794687,0.702781828,3.068964724,0.422895166,A pencil sketch shows a small furry animal inside a woven basket. The subject's anatomy is clear but its lower body fuses with the basket. Soft focus and muted textures reduce overall perceptual sharpness.
"a sketch drawing of a hamster in a fruit basket, cold color, long-shot",sd1.5_lowstep_227.jpg,227,2.701232452,0.446919051,2.366720668,0.539459209,"A digital painting depicts a close-up of a hamster in a wooden bowl. The subject's head is stable, but the mouth area is fused and semantically illegible. Global textures exhibit waxy oversmoothing and softened edge definitions."
"a sketch drawing of a hamster in a fruit basket, cold color, long-shot",sd1.5_normal_227.jpg,227,2.269716748,0.444607835,2.66591587,0.563242349,A cartoon hamster sits in a woven basket on a solid teal background. The subject's face exhibits minor asymmetry in eye shape and ear placement. Outlines are sharp while textures appear flat and repetitive.
"a sketch drawing of a hamster in a fruit basket, cold color, long-shot",xl2.2_normal_227.jpg,227,3.214375205,0.497681183,3.094936968,0.465359536,A cartoon hamster sits in a wicker basket beside red apples. The subject maintains coherent structure with only minor paw simplification. Background exhibits repetitive stippled texture and overly smooth color transitions.
"a kitten with two little goat horns on his head, warm color, blurred detail",AttnGAN_normal_228.jpg,228,0.649658335,0.644355135,0.678198368,0.493500032,A close-up of a distorted human limb against a blurred green background. The limb's anatomy is severely malformed with fused segments and unnatural breaks. Blurring and waxy textures obscure details and soften edges.
"a kitten with two little goat horns on his head, warm color, blurred detail",DALLE2_normal_228.jpg,228,3.224958365,0.610457342,2.812926678,0.694939994,A close-up shows an orange and white kitten in warm sunlight. The kitten's face is clear but shows subtle eye asymmetry and softness. Fur textures appear waxy with noticeable oversmoothing.
"a kitten with two little goat horns on his head, warm color, blurred detail",glide_normal_228.jpg,228,1.248661629,0.609732839,0.629428475,0.677579137,A profile view of a goat-like animal head against a dark background. The subject's face is structurally distorted with a malformed mouth and blurry eye. Significant blurring and soft edges mask all surface textures.
"a kitten with two little goat horns on his head, warm color, blurred detail",midjourney_lowstep_228.jpg,228,2.67293154,0.287318724,2.305872894,1.186621358,A soft-focus digital portrait features a horned goat kid facing forward. The creature's muzzle and horn roots display subtle anatomical fusion and blurring. Extreme oversmoothing creates waxy surfaces and eliminates fine textural details.
"a kitten with two little goat horns on his head, warm color, blurred detail",midjourney_normal_228.jpg,228,3.319686232,0.322498018,3.159306031,1.025665151,"A close-up photorealistic portrait of a kitten with multi-tipped ears against a dark background. The facial structure is stable, but the ears show severe anatomical distortion. Fur textures appear slightly waxy with softened peripheral details."
"a kitten with two little goat horns on his head, warm color, blurred detail",sd1.5_highcorr_228.jpg,228,2.583328253,0.436221945,2.268627069,0.799837651,A front-facing close-up of a tabby kitten against a soft colorful background. The kitten's face is recognizable but features oversized eyes and a distorted muzzle. Waxy textures and heavy blurring obscure fine details everywhere.
"a kitten with two little goat horns on his head, warm color, blurred detail",sd1.5_lowcorr_228.jpg,228,3.291209376,0.87041229,2.653717779,1.14762394,"A photorealistic tabby kitten with a unicorn horn sits on a plain surface. The kitten is structurally coherent, but the paws exhibit minor morphological fusion. Fur textures appear waxy with softened detail."
"a kitten with two little goat horns on his head, warm color, blurred detail",sd1.5_lowstep_228.jpg,228,3.059933495,0.543577361,2.87284354,0.526588942,A digital painting depicts a stylized kitten in a close-up portrait view. The kitten's facial features and paw exhibit subtle anatomical distortion and fusion. Global textures show dominant oversmoothing and weak edge definition.
"a kitten with two little goat horns on his head, warm color, blurred detail",sd1.5_normal_228.jpg,228,2.687865421,0.290862527,2.479686745,0.58435777,A digital painting portrays a large-eared kitten on a wooden surface. The subject features a readable face but has malformed limbs and a fused tail ornament. Global textures exhibit heavy smoothing and pervasive soft-focus blur.
"a kitten with two little goat horns on his head, warm color, blurred detail",xl2.2_normal_228.jpg,228,3.613766055,0.213495242,2.032736844,0.918836006,A digital portrait depicts a white animal with a kitten on its head. The subject's anatomy is stable despite oversized eyes and slightly fused paws. Fur surfaces show waxy smoothing and weak edge definition.
"a fantast beauty detailed elf with mermaid tail, cold color, blurred detail",AttnGAN_normal_230.jpg,230,1.248661629,0.484911092,0.702583315,0.312012508,"A digital painting displays a dense wall of green forest foliage in daylight. Foliage lacks clear structure, appearing as a fused and repetitive organic mass. Waxy textures exhibit weak edge definition and repetitive patterns everywhere."
"a fantast beauty detailed elf with mermaid tail, cold color, blurred detail",DALLE2_normal_230.jpg,230,2.299764158,0.633967055,2.960067189,0.609651256,"A digital painting shows a green-haired elf in profile on a textured background. The face shows minor distortion near the eye, and hair strands appear fused. Heavy grain and oversmoothing produce waxy surfaces and obscure details."
"a fantast beauty detailed elf with mermaid tail, cold color, blurred detail",glide_normal_230.jpg,230,0.859637576,0.462378312,0.742483923,0.533051738,A blurry close-up depicts a colorful figurine against a dark background. The subject's form is severely distorted and lacks readable structural logic. Extreme blurring and color smearing eliminate all fine detail and edge definition.
"a fantast beauty detailed elf with mermaid tail, cold color, blurred detail",midjourney_lowstep_230.jpg,230,3.357738899,0.734696057,2.982848125,1.250901583,Four digital fantasy portraits of women with horns fill a square grid. Facial structures are stable while horn attachments appear softly fused and indistinct. Heavy oversmoothing creates flat textures and softened edge definitions.
"a fantast beauty detailed elf with mermaid tail, cold color, blurred detail",midjourney_normal_230.jpg,230,3.442225929,0.777047496,3.024436368,0.777508813,A digital fantasy portrait features a woman with a dragon crown in cool lighting. The subject exhibits stable facial anatomy and a readable pose. Surfaces show a pervasive waxy smoothness with softened texture definition.
"a fantast beauty detailed elf with mermaid tail, cold color, blurred detail",sd1.5_highcorr_230.jpg,230,2.776694622,0.461664042,2.748735776,0.872397684,A digital painting portrays a close-up of a cyan-skinned elf woman. The subject possesses a coherent facial structure with clear eyes and ears. Skin appears waxy and background contains repetitive speckle patterns.
"a fantast beauty detailed elf with mermaid tail, cold color, blurred detail",sd1.5_lowcorr_230.jpg,230,0.634718842,0.18031584,1.836893934,1.267974439,"A heavily blurred image displays soft gradients of blue, green, and pink. The subject lacks recognizable structure or semantic clarity due to extreme blur. Fine details are lost to pervasive oversmoothing and flat textures."
"a fantast beauty detailed elf with mermaid tail, cold color, blurred detail",sd1.5_lowstep_230.jpg,230,0.367627845,0.172318157,0.776684236,0.312032994,A heavily blurred close-up portrait of a human face. Extreme blur renders facial features structurally illegible and unrecognizable. Pervasive oversmoothing destroys texture and edge definition across the frame.
"a fantast beauty detailed elf with mermaid tail, cold color, blurred detail",sd1.5_normal_230.jpg,230,2.489938377,0.577935065,2.796487664,0.780823946,A digital painting depicts a blue-haired elf in a vibrant close-up portrait. Facial features are coherent despite minor lip distortion and fused hair strands. Skin textures appear waxy and fine details lack sharp definition.
"a fantast beauty detailed elf with mermaid tail, cold color, blurred detail",xl2.2_normal_230.jpg,230,3.344956193,0.95969296,3.286679622,0.847821503,"A digital painting shows a red-haired mermaid sitting in glowing underwater light. The central figure is coherent, but the hands display malformed digit structure. Surfaces show waxy smoothing and background details lack sharp definition."
"steampunk owl inside a glass jar buried in sand, warm color, soft lighting",AttnGAN_normal_232.jpg,232,1.144024742,0.718163993,0.897902326,0.773252807,"Close-up abstract metallic shapes sit on a dark, textured surface. Subject forms are heavily warped and lack recognizable structural integrity. Background textures show repetition and edges lack crisp definition."
"steampunk owl inside a glass jar buried in sand, warm color, soft lighting",DALLE2_normal_232.jpg,232,2.687102292,0.934906841,3.410108325,0.785431684,A digital painting depicts an owl encased in a glass jar against a glowing background. The owl's anatomy is warped and fused with the container's interior geometry. Edges are softened and background textures appear flat and repetitive.
"steampunk owl inside a glass jar buried in sand, warm color, soft lighting",glide_normal_232.jpg,232,0.775293051,0.206843695,0.594282567,0.598729336,"A dark, centered object resembling a jar sits on a white background. The subject's structure is heavily obscured by darkness and lacks semantic clarity. Severe blur, underexposure, and flat textures dominate the visual field."
"steampunk owl inside a glass jar buried in sand, warm color, soft lighting",midjourney_lowstep_232.jpg,232,2.600314118,0.831019588,2.90198339,0.88317074,An owl sits inside a glass jar against a dark blurry background. The owl's anatomy is vague and merges with the jar's interior base. Oversmoothing creates waxy textures and soft edges.
"steampunk owl inside a glass jar buried in sand, warm color, soft lighting",midjourney_normal_232.jpg,232,3.673754131,0.806486852,3.522621893,0.559008113,"A photorealistic close-up of a small owl inside a glass jar under warm lighting. The owl's anatomy is stable, though its facial features appear slightly flat. Textures show subtle pseudo-detailing and minor geometric inconsistencies."
"steampunk owl inside a glass jar buried in sand, warm color, soft lighting",sd1.5_highcorr_232.jpg,232,3.530547546,0.314600815,3.02250478,0.606152192,"A steampunk owl figurine wearing goggles sits inside a glass jar. The owl's anatomy is stylized but coherent, though facial features show minor fusion. Textures exhibit mild oversmoothing and weak local detail."
"steampunk owl inside a glass jar buried in sand, warm color, soft lighting",sd1.5_lowcorr_232.jpg,232,3.524062705,0.659239873,3.469961038,0.638353867,A steampunk owl figurine is inside a glass jar on a fabric surface. The subject features a distorted face with a gauge replacing the beak area. Internal mechanical textures appear waxy and lack sharp local detail.
"steampunk owl inside a glass jar buried in sand, warm color, soft lighting",sd1.5_lowstep_232.jpg,232,1.971039124,0.788795803,2.653500595,1.272977784,A close-up view shows a sculpted owl figure inside a glass jar. The owl structure is malformed with oversized eyes and fused wing regions. Surfaces show waxy smoothness and textures lack sharp detail definition.
"steampunk owl inside a glass jar buried in sand, warm color, soft lighting",sd1.5_normal_232.jpg,232,3.539096649,0.447624656,3.721214248,0.314314294,A textured owl figurine sits inside a glass jar with brown filler. The subject maintains a stable structure with recognizable but stylized features. Repetitive pseudo-details and oversmoothed textures reduce perceptual realism.
"steampunk owl inside a glass jar buried in sand, warm color, soft lighting",xl2.2_normal_232.jpg,232,3.568964411,0.451786903,3.708798973,0.666869221,A carved owl figurine sits inside a glass jar on a warm surface. The subject is mostly coherent though its feet appear slightly fused with the base. Textures appear waxy with subtle repetitive patterning.
"a penguin slipping on a banana in the antarctic , warm color, HDR lighting",AttnGAN_normal_233.jpg,233,0.269225899,0.675057729,0.38908069,0.543379109,A close-up of a dark blue textured surface with minimal detail. The abstract subject shows no structural distortion or semantic ambiguity. Significant noise and blurring affect the entire image frame.
"a penguin slipping on a banana in the antarctic , warm color, HDR lighting",DALLE2_normal_233.jpg,233,2.196265106,0.776078371,3.031176323,0.74358509,"A distorted penguin lies beside a banana on a snowy surface. The penguin's head is severely malformed and fused into a warped shape. Heavy grain, oversaturation, and blurry edges affect the image clarity."
"a penguin slipping on a banana in the antarctic , warm color, HDR lighting",glide_normal_233.jpg,233,1.558020951,0.557757786,1.502329958,0.783614863,A distorted penguin stands on a snowy landscape in bright daylight. The subject exhibits severe anatomical distortion including a warped head and fused limbs. Global blur and softness significantly obscure fine details.
"a penguin slipping on a banana in the antarctic , warm color, HDR lighting",midjourney_lowstep_233.jpg,233,3.088457462,0.414700446,2.677763969,0.502767797,A digital painting shows a penguin on a rocky surface in warm light. The subject's facial structure is distorted and its plumage lacks coherent detail. Heavy oversmoothing yields waxy textures and blurred boundaries.
"a penguin slipping on a banana in the antarctic , warm color, HDR lighting",midjourney_normal_233.jpg,233,3.509228886,0.586981562,2.529347845,0.675920552,A photorealistic close-up shows a penguin pecking at an object on icy ground. Subject anatomy is coherent despite unnatural eye coloring and awkward foot placement. Background textures show subtle melting while foreground details remain sharp and clear.
"a penguin slipping on a banana in the antarctic , warm color, HDR lighting",sd1.5_highcorr_233.jpg,233,2.980532355,0.754941242,1.989152097,0.632881825,Two penguins stand on a dark beach with icebergs in the background. Both birds show distorted anatomy with malformed wings and unnatural body shapes. Repetitive feather patterns and subtle ground noise reduce visual clarity.
"a penguin slipping on a banana in the antarctic , warm color, HDR lighting",sd1.5_lowcorr_233.jpg,233,3.700231162,0.807087703,2.256322232,0.766780057,A photorealistic profile of a penguin standing on a snowy rocky surface. The bird exhibits implausible plumage geometry and a malformed facial region. Textures appear waxy with repetitive patterns and softened local details.
"a penguin slipping on a banana in the antarctic , warm color, HDR lighting",sd1.5_lowstep_233.jpg,233,3.283005153,0.575345294,2.106757591,0.642661497,A photorealistic penguin stands in profile on a barren rocky landscape. The subject's beak and eye region appear fused and structurally ambiguous. Global textures show waxiness and the ground displays repetitive tiling artifacts.
"a penguin slipping on a banana in the antarctic , warm color, HDR lighting",sd1.5_normal_233.jpg,233,3.320012924,0.803239303,1.788774497,0.689856201,"A photorealistic emperor penguin stands on snow before distant icebergs. The penguin displays distorted anatomy with malformed wings, blob-like feet, and an unnatural face. Plumage textures show obvious repetitive pseudo-detailing and smoothing."
"a penguin slipping on a banana in the antarctic , warm color, HDR lighting",xl2.2_normal_233.jpg,233,2.389187797,0.630522606,2.144474319,0.328039184,"A photorealistic penguin stands in snow with a banana on its head. The penguin's anatomy is stable, but the banana fusion lacks physical plausibility. Feathers show minor smoothing, and the background is softly blurred."
"a mechanical human arm sticking out of the earth, cold color, soft lighting",AttnGAN_normal_234.jpg,234,1.075025374,0.622999339,0.755684059,0.706923496,A blurry digital image shows a dark interior room with furniture. Furniture shapes and room architecture are heavily distorted and semantically ambiguous. Heavy smoothing obscures all local details and boundaries.
"a mechanical human arm sticking out of the earth, cold color, soft lighting",DALLE2_normal_234.jpg,234,3.197799919,0.614317944,2.456699832,0.568389648,A close-up of a metallic robotic hand on a blue background. The robotic hand displays implausible anatomy with malformed digits and fused joints. Surfaces show waxy textures and softened details with minor edge inconsistencies.
"a mechanical human arm sticking out of the earth, cold color, soft lighting",glide_normal_234.jpg,234,0.0,0.326496617,0.205947714,0.446993742,Two minute white dots are set against a solid black background. The minimal subject offers no discernible structure or semantic context. Total darkness eliminates any observable texture or surface detail.
"a mechanical human arm sticking out of the earth, cold color, soft lighting",midjourney_lowstep_234.jpg,234,2.791787056,0.570871875,2.736797804,0.572117555,A skeletal hand reaches toward a soft-lit surface in a close-up view. The finger bones show minor fusion and the wrist connection is poorly defined. Global oversmoothing and soft focus significantly reduce texture clarity.
"a mechanical human arm sticking out of the earth, cold color, soft lighting",midjourney_normal_234.jpg,234,3.999181768,0.593132127,3.453076131,0.421515219,A cinematic close-up depicts a robotic hand resting on a glowing globe. The mechanical anatomy is complex yet structurally coherent and well-defined. Surfaces display subtle waxy smoothing and softened fine texture details.
"a mechanical human arm sticking out of the earth, cold color, soft lighting",sd1.5_highcorr_234.jpg,234,2.526119865,0.669948882,2.456239571,0.852401309,"A high-angle view shows a dark metallic robot on a textured ground. The robot's anatomy is malformed, with fused fingers and an ambiguous torso. Ground textures are repetitive and metallic surfaces look slightly waxy."
"a mechanical human arm sticking out of the earth, cold color, soft lighting",sd1.5_lowcorr_234.jpg,234,2.81361908,0.561917256,3.079505301,0.79384957,A metallic robotic arm with multiple hands rests on dark sand. The subject displays severe structural fusion with duplicated hands and malformed digits. Metallic textures show slight waxiness and background details appear softened.
"a mechanical human arm sticking out of the earth, cold color, soft lighting",sd1.5_lowstep_234.jpg,234,3.419625599,0.459340626,2.343118719,0.798032767,A metallic robot figure sits in a sandy landscape under soft lighting. The subject's limbs are heavily warped and melted into the ground. Metallic textures appear waxy with softened edges and weak detail.
"a mechanical human arm sticking out of the earth, cold color, soft lighting",sd1.5_normal_234.jpg,234,3.193169444,0.339580703,2.885703528,0.582262946,Two white robotic hands rest on brown soil under bright sunlight. The robotic hands feature recognizable anatomy but malformed and fused finger segments. Metallic surfaces lack crisp micro-details and appear somewhat over-smoothed.
"a mechanical human arm sticking out of the earth, cold color, soft lighting",xl2.2_normal_234.jpg,234,3.598832173,0.677323496,3.808121173,0.504004358,"A giant robotic hand faces a tiny man on blocky ruins under a full moon. The robotic hand's anatomy is clear, and the distant human figure remains stable. Ground textures show subtle repetition with slight waxy surface smoothing."
"steampunk squid inside a glass jar buried in sand, cold color, HDR lighting",AttnGAN_normal_235.jpg,235,1.391763291,0.627773965,0.964999916,0.766696229,"A close-up of a distorted, painterly organic texture fills the frame. The subject lacks coherent structure, appearing as a melted and confusing pattern. Global textures exhibit melting, waxy surfaces, and inconsistent color transitions."
"steampunk squid inside a glass jar buried in sand, cold color, HDR lighting",DALLE2_normal_235.jpg,235,2.874527714,0.34594864,3.043538165,0.579517485,A digital illustration shows a squid inside a glass bottle on a textured surface. The squid's anatomy is distorted with fused tentacles and an oversized eye. Global textures appear waxy with repetitive background details.
"steampunk squid inside a glass jar buried in sand, cold color, HDR lighting",glide_normal_235.jpg,235,0.875047949,0.334919761,1.483310731,0.495774823,A glowing organic mass resembling a jellyfish sits inside a glass jar. The subject's central body and tentacles appear fused and lack clear definition. Global blur and waxy textures obscure fine details.
"steampunk squid inside a glass jar buried in sand, cold color, HDR lighting",midjourney_lowstep_235.jpg,235,2.075576292,0.38518139,2.132059044,0.624708869,A glass jar contains a dark indistinct mass on a softly lit surface. The internal subject is heavily distorted and lacks semantic readability due to texture fusion. Global softness and pseudo-details reduce perceptual sharpness.
"steampunk squid inside a glass jar buried in sand, cold color, HDR lighting",midjourney_normal_235.jpg,235,3.455805152,0.592400071,3.402927392,0.844512905,A glass jar holding an octopus and artifact sits in sand under a night sky. The subject features fused tentacles and sand with indistinct internal object geometry. Textures show waxy smoothing and inconsistent shadow boundaries.
"steampunk squid inside a glass jar buried in sand, cold color, HDR lighting",sd1.5_highcorr_235.jpg,235,1.747769213,0.742405823,2.106757591,0.897545617,A green alien creature sits inside a glass jar on sandy ground. The creature's anatomy is stable though the rear eye placement looks ambiguous. Surfaces show waxy smoothness and noticeable background grain.
"steampunk squid inside a glass jar buried in sand, cold color, HDR lighting",sd1.5_lowcorr_235.jpg,235,2.084303652,0.51805216,2.06707672,0.751503115,A surreal multi-eyed creature occupies a glass dome on a plain surface. The subject displays malformed anatomy with fused eyes and an indistinct body. Details appear softened with waxy textures and inconsistent lighting.
"steampunk squid inside a glass jar buried in sand, cold color, HDR lighting",sd1.5_lowstep_235.jpg,235,3.531316317,0.653935614,2.784549692,0.643608733,A stylized octopus is contained within a glass jar on sand. The creature displays distorted anatomy with fused tentacles and pseudo-text markings. Heavy outlines and repetitive textures dominate the image.
"steampunk squid inside a glass jar buried in sand, cold color, HDR lighting",sd1.5_normal_235.jpg,235,3.559002625,0.768807313,2.888958056,0.64485543,A close-up shows a glass jar holding a distorted colorful figure on sand. The subject displays malformed facial geometry and an illogical fused appendage. Over-sharpening creates halos while interior textures appear flat and painterly.
"steampunk squid inside a glass jar buried in sand, cold color, HDR lighting",xl2.2_normal_235.jpg,235,3.010422973,0.540865085,3.079505301,0.691781593,A surreal multi-eyed creature is preserved inside a glass jar on sand. The subject maintains anatomical coherence despite its complex and fantastical design. Background sand exhibits a slightly repetitive and softened texture pattern.
"short - haired short butch tomboy blonde engineer, top view, close-up",AttnGAN_normal_236.jpg,236,0.935417685,0.194461074,0.361141351,0.5458685,A close-up view captures several distorted human faces in a dim interior. The subjects are structurally unstable with fused facial features and broken anatomy. Global blur and oversmoothing obscure most fine details and edges.
"short - haired short butch tomboy blonde engineer, top view, close-up",DALLE2_normal_236.jpg,236,3.715984722,0.771924597,3.897011287,0.473197245,"A high-angle portrait features a photorealistic blonde man in a white shirt. The subject's face is clear, yet hair and tattoos lack sharp definition. Rendering displays waxy skin textures and softened edge clarity throughout."
"short - haired short butch tomboy blonde engineer, top view, close-up",glide_normal_236.jpg,236,0.226073291,0.607386529,0.337265407,0.57200813,"A dark, blurry mountain-like shape appears against a black background. The subject's structure is indistinct and lacks recognizable semantic features. Heavy oversmoothing and crushed blacks eliminate most fine details."
"short - haired short butch tomboy blonde engineer, top view, close-up",midjourney_lowstep_236.jpg,236,3.457533183,0.574617423,2.943352484,0.56833366,A photorealistic close-up portrait features a blonde-haired woman against a dark background. Facial anatomy remains coherent though eye alignment appears slightly inconsistent. Image displays pervasive oversmoothing and unnatural waxy skin textures.
"short - haired short butch tomboy blonde engineer, top view, close-up",midjourney_normal_236.jpg,236,4.044010336,0.248717122,3.445889779,0.602957653,"A photorealistic portrait of a woman with short hair in a dark setting. Facial anatomy is stable, although the shirt collar contains minor geometric errors. Skin surfaces exhibit slight waxiness and softened fine textural details."
"short - haired short butch tomboy blonde engineer, top view, close-up",sd1.5_highcorr_236.jpg,236,3.196755943,0.541819709,2.557115434,1.33612432,A photorealistic profile portrait of a blonde woman against a neutral background. Facial anatomy is largely coherent despite minor distortions near the nose and hairline. Skin appears waxy with noticeably softened fine surface details.
"short - haired short butch tomboy blonde engineer, top view, close-up",sd1.5_lowcorr_236.jpg,236,3.25960126,0.700686436,2.994768272,0.379219203,"A photorealistic portrait of an orange-haired person against a grey wall. The face is clear, but the collar and necktie region is severely malformed. Skin appears waxy and the background has a repetitive grain."
"short - haired short butch tomboy blonde engineer, top view, close-up",sd1.5_lowstep_236.jpg,236,2.65898745,0.30585034,2.634901234,0.506944135,"A photorealistic headshot captures a woman with short blonde hair and hoop earrings. The face is plausible, but hair and ear structures show minor fusion. Skin appears waxy with flattened texture details."
"short - haired short butch tomboy blonde engineer, top view, close-up",sd1.5_normal_236.jpg,236,2.757389397,0.4958985,2.555100504,0.74026083,"A photorealistic profile portrait of a blonde woman wearing sunglasses. The nose and lips are subtly distorted, and the eyewear fits awkwardly on the head. Skin surfaces appear overly smoothed and waxy throughout the image."
"short - haired short butch tomboy blonde engineer, top view, close-up",xl2.2_normal_236.jpg,236,3.690386512,0.6799364,3.50945668,0.677632497,"A digital portrait shows a woman with blonde hair against a dark background. The facial structure is stable, though the collar geometry is slightly warped. Skin textures appear waxy with softened fine details."
"many bodies floating in an infinite lake of blood, elevation view, close-up",AttnGAN_normal_238.jpg,238,0.705005947,0.620384453,0.560082254,0.657624258,"Blurry close-up of a metallic surface with bolts and a handle in darkness. Hardware structure is indistinct, with the handle appearing as fused, malformed blobs. Heavy blur and oversmoothing eliminate all visible texture."
"many bodies floating in an infinite lake of blood, elevation view, close-up",glide_normal_238.jpg,238,0.016192323,0.37063858,0.503081733,0.589153547,The image is a nearly black frame containing faint blue texture fragments. No recognizable subject structure or semantic content is visible in the darkness. Extreme underexposure completely obscures all texture and fine detail.
"many bodies floating in an infinite lake of blood, elevation view, close-up",sd1.5_highcorr_238.jpg,238,2.14357511,1.212877871,2.469404785,1.273188063,A stylized painting shows many people floating in a vast expanse of water. Figures display severe structural distortion with malformed limbs and fused body parts. Textures are flat and painterly with softened edge definitions.
"many bodies floating in an infinite lake of blood, elevation view, close-up",sd1.5_lowcorr_238.jpg,238,2.000906886,0.699046062,2.380364545,0.651670405,A dense stylized mural shows a tangled mass of human figures. Subjects exhibit severe anatomical fusion and limb distortion across the frame. Textures show flatness with softened edges and minor color inconsistencies.
"many bodies floating in an infinite lake of blood, elevation view, close-up",sd1.5_lowstep_238.jpg,238,2.206516657,0.740141251,2.16726552,0.946262106,A dense crowd of red figures floats in a vast teal body of water. Subjects are structurally malformed with fused limbs and lack clear anatomical definition. Waxy textures and softened edges reduce overall detail clarity.
"many bodies floating in an infinite lake of blood, elevation view, close-up",sd1.5_normal_238.jpg,238,2.329452272,0.761812897,2.889390821,0.717610583,A high-angle view shows many distorted figures floating in a red sea. Human anatomy is severely malformed with fused limbs and broken body parts. Textures appear oversmoothed with some waxy surfaces and softened details.
"many bodies floating in an infinite lake of blood, elevation view, close-up",xl2.2_normal_238.jpg,238,1.636189301,0.980326825,1.799906586,1.194143036,Abstract elongated humanoid figures hang in a bright minimalist space. The stylized forms exhibit extreme anatomical simplification and limb fusion. Surfaces appear waxy with softened details and subtle motion blur.
"photoreal portrait of a futuristic intricate robot, top view, blurred detail",AttnGAN_normal_240.jpg,240,0.902526954,0.670569951,0.720129493,0.542598662,"An abstract close-up of softly lit organic forms against a dark background. The subject is structurally malformed and fused, rendering it semantically unreadable. Heavy oversmoothing and waxy textures obscure all fine detail and edges."
"photoreal portrait of a futuristic intricate robot, top view, blurred detail",DALLE2_normal_240.jpg,240,2.000906886,0.567966182,2.504517295,0.851831343,A close-up view of a metallic mask under high-contrast lighting. The mask structure shows asymmetrical eye holes and warped panel lines. Heavy blurring and waxy surfaces obscure local texture details.
"photoreal portrait of a futuristic intricate robot, top view, blurred detail",glide_normal_240.jpg,240,0.920325251,0.215235164,0.993853874,0.728498426,A blurry close-up of a dark mechanical figure against a plain background. The subject's structure is malformed with fused parts and unclear boundaries. Severe blur and softness eliminate most texture and edge definition.
"photoreal portrait of a futuristic intricate robot, top view, blurred detail",midjourney_lowstep_240.jpg,240,2.66201084,0.756001746,3.090433934,0.634440898,"A close-up shot features a robotic alien head against a dark background. Facial structure is coherent, though the lower jaw is blurred and undefined. Waxy textures and heavy smoothing obscure fine details."
"photoreal portrait of a futuristic intricate robot, top view, blurred detail",midjourney_normal_240.jpg,240,3.956504603,0.733022817,3.193491547,0.767706711,A close-up portrait shows a person in an intricately carved dark hood. Facial features and garment geometry appear structurally stable and semantically clear. Fabric textures exhibit minor pseudo-detailing and softened definition in dark areas.
"photoreal portrait of a futuristic intricate robot, top view, blurred detail",sd1.5_highcorr_240.jpg,240,2.309898917,1.05934498,2.0086223,1.340225154,"A centered, symmetrical sci-fi structure with a glowing core fills the view. The subject's complex geometry stays coherent with only slight panel fusion visible. Waxy surfaces and pseudo-details affect local texture naturalness."
"photoreal portrait of a futuristic intricate robot, top view, blurred detail",sd1.5_lowcorr_240.jpg,240,3.442225929,0.974908203,3.024436368,0.769430872,A close-up digital portrait shows a distorted robotic cyborg face against a warm background. The subject features a severely malformed face with fused eyes and stacked mouths. Surfaces show a waxy texture with softened fine edge definition.
"photoreal portrait of a futuristic intricate robot, top view, blurred detail",sd1.5_lowstep_240.jpg,240,3.727389608,0.45341686,3.00217219,0.848606221,A centered close-up shows a metallic humanoid robot head and shoulders. The robotic subject features a coherent structure with clear mechanical details. Textures and edges show no dominant local artifact.
"photoreal portrait of a futuristic intricate robot, top view, blurred detail",sd1.5_normal_240.jpg,240,3.601888857,0.571466574,3.189847843,0.602957653,A 3D rendered humanoid robot head and torso against a neutral background. Robotic anatomy displays minor semantic confusion within facial and neck components. Metallic surfaces show subtle waxiness and pseudo-detail in complex regions.
"photoreal portrait of a futuristic intricate robot, top view, blurred detail",xl2.2_normal_240.jpg,240,3.863181835,0.407423287,3.31387068,0.635503669,A photorealistic close-up portrait of a female android against a dark background. Facial features and mechanical armor components are structurally coherent and clearly defined. Skin textures show subtle synthetic smoothness while metallic surfaces stay sharp.
"breaking moon as seen from the surface of the moon, top view, hyper detail",AttnGAN_normal_241.jpg,241,1.023275848,0.748274315,0.577911226,0.58592282,"A close-up of abstract, distorted organic forms in a vibrant digital painting style. The subject's structure is severely malformed and semantically unreadable from extreme fusion. Surfaces show a waxy texture with inconsistent edges."
"breaking moon as seen from the surface of the moon, top view, hyper detail",DALLE2_normal_241.jpg,241,0.905232817,0.525554647,1.901139755,1.32623788,A high-contrast grayscale image shows a fragmented textured surface with spots and cracks. The subject structure is coherent but local features lack sharp geometric definition. Oversmoothing and flat textures reduce the naturalness of the surface appearance.
"breaking moon as seen from the surface of the moon, top view, hyper detail",glide_normal_241.jpg,241,1.312728533,0.694136759,2.104085281,0.639823541,A centered spherical celestial body floats on a solid black background. The planetary surface lacks coherent geological structure and appears visually muddy. Significant global blur and soft textures degrade image clarity and detail.
"breaking moon as seen from the surface of the moon, top view, hyper detail",midjourney_lowstep_241.jpg,241,1.116526892,0.398720002,2.307030807,1.107058793,A close-up shot of a photorealistic moon-like sphere in dark space. The subject's surface features malformed craters with unnatural holes lacking geometric logic. Surface textures exhibit subtle waxiness and softened fine-grained detail.
"breaking moon as seen from the surface of the moon, top view, hyper detail",midjourney_normal_241.jpg,241,3.091080213,0.952930378,3.274264347,1.157470532,"A photorealistic rendering depicts a cratered moon containing a smaller celestial sphere. The nested subject is coherent, though the inner sphere's base appears fused to the rim. Textures show subtle oversmoothing in shadowed regions."
"breaking moon as seen from the surface of the moon, top view, hyper detail",sd1.5_highcorr_241.jpg,241,3.34717137,0.580715112,3.269342324,0.697386254,A grayscale close-up shows a heavily cratered lunar surface against black space. The subject features numerous craters with overlapping geometries and inconsistent shadows. Flat textures and repetitive patterns limit global surface detail diversity.
"breaking moon as seen from the surface of the moon, top view, hyper detail",sd1.5_lowcorr_241.jpg,241,2.538526609,1.147092215,3.174942147,0.867566243,A grayscale top-down view shows a heavily cratered planetary surface. The geological formations are structurally coherent and semantically clear throughout the frame. Highlights show mild oversmoothing while shadows retain sharper granular detail.
"breaking moon as seen from the surface of the moon, top view, hyper detail",sd1.5_lowstep_241.jpg,241,0.143533905,0.95191775,0.589762748,0.512151847,A heavily blurred monochromatic image displays only indistinct gray shapes and textures. No coherent subject structure exists within this abstract and unreadable visual field. Severe global blur removes all details and sharp edge boundaries.
"breaking moon as seen from the surface of the moon, top view, hyper detail",sd1.5_normal_241.jpg,241,2.344386154,0.63920822,2.901806096,1.058235375,A high-contrast grayscale close-up shows a heavily cratered planetary surface. Crater shapes are generally coherent though some exhibit inconsistent lighting and depth. Surface textures appear waxy with uneven edge definition across the frame.
"breaking moon as seen from the surface of the moon, top view, hyper detail",xl2.2_normal_241.jpg,241,3.124885569,1.038664373,2.69321342,1.019386537,A close-up of a textured celestial body in a dark space environment. The subject shows stable geometry and a semantically readable central crater feature. Global textures show obvious tiling repetition and lack organic variation.
"mushrooms and moss on a tree in a fairytale forest, elevation view, hyper detail",AttnGAN_normal_243.jpg,243,0.980694987,0.139765208,0.826722264,0.578560166,A distorted organic form resembling a malformed head occupies a surreal scene. The subject shows extreme structural warping and semantic confusion across its form. Global blurring and smeared textures flatten all visible surface details.
"mushrooms and moss on a tree in a fairytale forest, elevation view, hyper detail",DALLE2_normal_243.jpg,243,2.446668218,1.05414724,2.958190852,0.387413657,A close-up view captures bracket fungi emerging from a green mossy surface. The main subjects suffer from severe structural melting and anatomical incoherence. Surface details are flattened and lack realistic textural sharpness.
"mushrooms and moss on a tree in a fairytale forest, elevation view, hyper detail",glide_normal_243.jpg,243,1.782268897,0.567550172,2.474154779,0.825546548,A close-up view features mushrooms on green moss against a black background. The fungi exhibit malformed caps and inconsistently rendered stems with poor separation. Heavy blurring and waxy textures degrade overall sharpness and detail.
"mushrooms and moss on a tree in a fairytale forest, elevation view, hyper detail",midjourney_lowstep_243.jpg,243,1.337589887,0.672404755,1.90529456,0.705663083,A soft-focus image shows small orange mushrooms on a green mossy surface. The mushroom subjects are recognizable but suffer from blurred edges and fusion. Waxy textures and extreme softness eliminate all fine surface details.
"mushrooms and moss on a tree in a fairytale forest, elevation view, hyper detail",midjourney_normal_243.jpg,243,3.523701266,0.276396512,3.091228902,0.650744257,A close-up shows mushrooms and moss on a tree trunk in a forest. The fungi appear structurally plausible and well-defined against the bark. Distant details show mild blurring and texture repetition.
"mushrooms and moss on a tree in a fairytale forest, elevation view, hyper detail",sd1.5_highcorr_243.jpg,243,3.045671512,0.476602268,3.299580101,0.746475379,A low-angle view captures mossy mushrooms and a thick tree trunk in a green forest. Central subjects are structurally stable though some peripheral fungi appear slightly malformed. Textures show subtle pseudo-detail repetition across the mossy surfaces.
"mushrooms and moss on a tree in a fairytale forest, elevation view, hyper detail",sd1.5_lowcorr_243.jpg,243,3.136939761,0.449872485,3.170706135,0.637981427,A fantasy forest scene features large mushrooms growing on gnarled tree trunks. The subject is structurally stable though mushroom shapes show high similarity. Textures exhibit subtle flatness and repetitive surface details.
"mushrooms and moss on a tree in a fairytale forest, elevation view, hyper detail",sd1.5_lowstep_243.jpg,243,3.001476926,0.447169931,2.827314446,0.832921859,A detailed close-up captures green mossy shapes on rough tree bark. The main subject maintains a stable and semantically readable form. Surface details reveal subtle pseudo-texture and soft edge transitions.
"mushrooms and moss on a tree in a fairytale forest, elevation view, hyper detail",sd1.5_normal_243.jpg,243,3.231255627,0.505835019,3.5526433,0.525396963,Photorealistic close-up of a moss-covered tree trunk with three white mushrooms in a forest. The central tree and mushrooms are structurally stable despite some unnatural moss rounding. Textures display mild oversmoothing and waxy pseudo-detailing.
"mushrooms and moss on a tree in a fairytale forest, elevation view, hyper detail",xl2.2_normal_243.jpg,243,3.853868226,0.430409638,3.090905405,0.781611806,A giant moss-capped mushroom tree stands in a misty fantasy forest. The subject exhibits a structurally stable gnarled base and a clear cap. High-fidelity textures and edges show no dominant local artifact.
"man at a royal banquet wearing an asymmetrical gown, top view, soft lighting",AttnGAN_normal_244.jpg,244,0.549851479,0.309200152,0.39726338,0.33883876,A dark abstract object sits against a blurry purple-blue background. The subject is a structurally ambiguous mass with no clear semantic definition. Global blur and grainy noise obscure fine details.
"man at a royal banquet wearing an asymmetrical gown, top view, soft lighting",DALLE2_normal_244.jpg,244,2.058266369,0.550775795,2.85340349,0.792650926,A high-angle view shows a person in uniform by a golden table. The subject's face is distorted and body anatomy is malformed. Background textures are repetitive and surfaces appear waxy.
"man at a royal banquet wearing an asymmetrical gown, top view, soft lighting",glide_normal_244.jpg,244,1.262923612,0.449254967,0.580658583,0.4461537,"A blurry 3D render shows a distorted lab device on a white background. The subject's components are fused and malformed, causing severe structural confusion. Waxy textures and oversmoothing blur edges and hide details."
"man at a royal banquet wearing an asymmetrical gown, top view, soft lighting",midjourney_lowstep_244.jpg,244,2.871898573,0.248296218,2.857455034,0.63150974,A cinematic close-up portrays a bearded man at a candlelit dinner table. The subject's facial structure remains coherent despite significant loss of local detail. Severe motion blur flattens textures and softens all boundaries.
"man at a royal banquet wearing an asymmetrical gown, top view, soft lighting",midjourney_normal_244.jpg,244,3.052595235,0.56700472,2.62350113,0.548552922,"A man in a tuxedo kneels on a long formal dining table in dim light. His hands appear malformed and fused with the tablecloth, obscuring clear anatomy. Background details and textures show noticeable softness and melting patterns."
"man at a royal banquet wearing an asymmetrical gown, top view, soft lighting",sd1.5_highcorr_244.jpg,244,2.858767479,0.699674691,1.574170242,0.86148662,A close-up view shows an ornate red and gold embroidered gown on a mannequin. The central bodice features a confusing black void and disjointed panel geometry. Gold embroidery textures exhibit subtle waxiness and repetitive pseudo-detailing patterns.
"man at a royal banquet wearing an asymmetrical gown, top view, soft lighting",sd1.5_lowcorr_244.jpg,244,1.659854513,0.531786822,0.946101985,0.535294774,A digital illustration shows a crowned woman in profile wearing an ornate dress. Facial structure is severely malformed with a distorted jaw and missing features. Textures appear waxy with repetitive patterns and softened edges.
"man at a royal banquet wearing an asymmetrical gown, top view, soft lighting",sd1.5_lowstep_244.jpg,244,2.545997226,0.501393091,1.788774497,0.795248122,A stylized figure in a white gown stands indoors near a door. The subject shows distorted anatomy with a malformed fused hand and elongated neck. Surfaces exhibit waxy textures and softened fine details.
"man at a royal banquet wearing an asymmetrical gown, top view, soft lighting",sd1.5_normal_244.jpg,244,2.359320035,0.540656529,2.094813219,0.903712592,A digital portrait shows a bearded man in historical attire within an architectural frame. The subject's hands show malformed finger geometry while the face stays stable. Global textures appear overly smooth and waxy with softened details.
"man at a royal banquet wearing an asymmetrical gown, top view, soft lighting",xl2.2_normal_244.jpg,244,2.996365552,0.907089379,2.931303945,0.453504822,A man in a white and red toga leans on a formally set dining table. The subject's right hand displays fused fingers and lacks anatomical detail. Skin appears waxy while the background shows repetitive plate arrangements.
"fullbody portrait of half - fox woman with fox ears, top view, HDR lighting",AttnGAN_normal_245.jpg,245,1.126728573,0.560064158,0.913485487,0.58834758,A digital painting shows a severely distorted humanoid figure in a blurred interior. The subject's anatomy is malformed with fused features and limbs lacking coherence. Global textures appear waxy and oversmoothed with weak edge definition.
"fullbody portrait of half - fox woman with fox ears, top view, HDR lighting",DALLE2_normal_245.jpg,245,3.024257523,0.311059049,3.351167422,0.864642651,A high-angle portrait shows a costumed woman on a plain white background. The subject's face is distorted with unnatural eye alignment and mouth shape. Skin textures appear waxy with softened details.
"fullbody portrait of half - fox woman with fox ears, top view, HDR lighting",glide_normal_245.jpg,245,1.011545053,0.493510304,0.831414849,0.761994447,A close-up digital painting shows a fox face against a blue background. The subject's features are recognizable but structurally indistinct and poorly defined. Heavy blur and oversaturation reduce global clarity.
"fullbody portrait of half - fox woman with fox ears, top view, HDR lighting",midjourney_lowstep_245.jpg,245,3.14151795,0.611168928,3.022343767,0.910574302,"A soft portrait shows a woman in orange fox ears against a dark background. The face is clear while the hair and body are heavily blurred and undefined. Global smoothing flattens textures into a waxy, melted look."
"fullbody portrait of half - fox woman with fox ears, top view, HDR lighting",midjourney_normal_245.jpg,245,3.643633817,0.543247128,2.740407521,0.751781284,"A full-body portrait displays a woman in an orange fox costume. The figure is structurally stable except for malformed, undersized feet. Surfaces show mild waxiness and background texture repetition."
"fullbody portrait of half - fox woman with fox ears, top view, HDR lighting",sd1.5_highcorr_245.jpg,245,2.746509754,0.451342975,2.665169971,0.753534875,"A top-down view shows a woman in orange with a floating fox head. The subject is clear, but the fox head is fused and hands are indistinct. Repetitive textures and softened edges impact fidelity."
"fullbody portrait of half - fox woman with fox ears, top view, HDR lighting",sd1.5_lowcorr_245.jpg,245,2.047332688,0.546476367,1.958408052,0.564118155,A cropped top-down view of a furry creature on a grey surface. The subject displays severe structural distortion with a malformed bulbous region and awkward limbs. Fur textures appear flat while skin surfaces exhibit noticeable oversmoothing.
"fullbody portrait of half - fox woman with fox ears, top view, HDR lighting",sd1.5_lowstep_245.jpg,245,0.690948526,0.544433908,1.141487573,0.672769153,A blurry female figure in a white dress stands on a red background. Severe blur renders the subject's anatomy and features entirely illegible. Global oversmoothing removes all texture and detail.
"fullbody portrait of half - fox woman with fox ears, top view, HDR lighting",sd1.5_normal_245.jpg,245,2.867071995,0.515134314,2.268627069,0.999776212,A frontal portrait shows a woman with large stylized animal ears. Facial anatomy is coherent while the ears exhibit unnatural attachment points. Subtle skin smoothing and lighting mismatches affect global perceptual quality.
"fullbody portrait of half - fox woman with fox ears, top view, HDR lighting",xl2.2_normal_245.jpg,245,3.196755943,0.383420757,3.007473278,0.384779364,A studio portrait of a woman in an orange dress and fox ears. Subject anatomy shows shoulder distortion and fused hand finger details. Skin appears waxy and background textures show subtle melting.
"alphonse eric from full metal alchemist brotherhood, elevation view, soft lighting",AttnGAN_normal_246.jpg,246,0.463704663,0.883901444,0.27081407,0.744504133,"A dark, blurry interior scene features bright, undefined light sources on a wall. The architectural elements are malformed and lack any discernible geometric consistency. Severe blurring flattens all surface textures and obscures edge definitions."
"alphonse eric from full metal alchemist brotherhood, elevation view, soft lighting",DALLE2_normal_246.jpg,246,2.082442662,0.603144377,2.366720668,1.305408501,A centered anime character in grey armor stands against a plain background. Hand regions exhibit severe fusion and geometric distortion while remaining recognizable. Global surfaces appear over-smoothed with a distinct waxy plastic quality.
"alphonse eric from full metal alchemist brotherhood, elevation view, soft lighting",glide_normal_246.jpg,246,1.765019055,0.691698457,1.194190381,0.897467153,A digital painting of a suburban house and lawn against a white background. The architecture displays warped rooflines and indistinct windows with unstable dark areas. Oversmoothing causes flat textures and softened edge definitions.
"alphonse eric from full metal alchemist brotherhood, elevation view, soft lighting",midjourney_lowstep_246.jpg,246,2.875399859,1.268566855,2.601056923,1.507553312,A bulky metallic robot sits centered against a dark studio background. The figure displays fused limb geometry and lacks distinct mechanical articulation. Textures show a uniform waxy smoothness with softened fine details.
"alphonse eric from full metal alchemist brotherhood, elevation view, soft lighting",midjourney_normal_246.jpg,246,2.966953132,0.723823309,3.135757257,0.430368997,"A large armored robot sits indoors near tall arched windows. The subject's mechanical anatomy is coherent, though hand details are indistinct. Metal surfaces exhibit slight waxiness with softened fine texture details."
"alphonse eric from full metal alchemist brotherhood, elevation view, soft lighting",sd1.5_highcorr_246.jpg,246,2.83450926,0.845058668,2.059351502,1.253630607,A centered digital illustration depicts a full-body armored figure on a plain grey background. The subject features distorted limb proportions and structurally ambiguous mechanical attachments. Armor surfaces appear flat and waxy with minimal textural detail.
"alphonse eric from full metal alchemist brotherhood, elevation view, soft lighting",sd1.5_lowcorr_246.jpg,246,2.251322245,0.489688951,2.748902277,1.118287092,A frontal digital painting depicts a heavily armored figure on a plain background. The subject shows severe anatomical distortion with malformed shoulders and inconsistent proportions. Surfaces exhibit waxy textures and softened local details.
"alphonse eric from full metal alchemist brotherhood, elevation view, soft lighting",sd1.5_lowstep_246.jpg,246,2.844740127,0.734712284,2.879719212,1.149651991,A digital illustration shows a blonde character in detailed armor. The subject's facial features and armor geometry exhibit subtle structural instability. Flat textures and inconsistent shading characterize the global rendering.
"alphonse eric from full metal alchemist brotherhood, elevation view, soft lighting",sd1.5_normal_246.jpg,246,2.646335983,0.882855901,2.616801603,0.898544371,"An anime character in bulky grey armor stands on a plain background. The subject is recognizable, but the right hand and sword show significant malformation. Textures appear flat with noticeable aliasing on edges."
"alphonse eric from full metal alchemist brotherhood, elevation view, soft lighting",xl2.2_normal_246.jpg,246,2.821971923,0.555400892,2.54579025,0.719871507,A 3D-rendered armored character figure stands before a blurred green leafy background. The subject's anatomy and segmented armor maintain coherent geometry and stable proportions. Surfaces appear smooth and waxy with consistent lighting.
"a saint noble high priestess pray for god in church, elevation view, HDR lighting",AttnGAN_normal_247.jpg,247,1.077517831,0.332206581,0.726968261,0.556614721,A close-up of a distorted human-like face against a plain wall. The subject exhibits multiple fused eyes and malformed facial structures lacking coherence. Heavy blur and waxy textures obscure details throughout the image.
"a saint noble high priestess pray for god in church, elevation view, HDR lighting",DALLE2_normal_247.jpg,247,1.493154926,0.470406429,2.218965969,0.779356992,A robed figure kneels in a wooden attic under bright overhead light. The subject's face is severely distorted and the hands are unnaturally fused. Textures appear waxy with softened edge definition.
"a saint noble high priestess pray for god in church, elevation view, HDR lighting",glide_normal_247.jpg,247,0.358179955,0.247640471,0.59256494,0.375937078,"A dark silhouette stands in a dimly lit hall with warm side illumination. The central subject is almost entirely obscured by shadow, making its form illegible. Heavy blur and flat textures dominate the entire frame."
"a saint noble high priestess pray for god in church, elevation view, HDR lighting",midjourney_lowstep_247.jpg,247,1.161274584,0.870232351,1.739360402,0.993663214,"A blurred robed figure stands near a window in a paneled room. The subject's anatomy is obscured, making pose and features semantically unreadable. Heavy blur flattens textures and destroys edge definition everywhere."
"a saint noble high priestess pray for god in church, elevation view, HDR lighting",midjourney_normal_247.jpg,247,3.766000729,0.645519275,3.280058289,0.92802827,"A photorealistic bronze statue of a woman sits in a gothic interior with stained glass. Subject structure is stable, though hands show minor fusion and facial softness. Textures show mild waxiness and backgrounds feature faint repetitive detail."
"a saint noble high priestess pray for god in church, elevation view, HDR lighting",sd1.5_highcorr_247.jpg,247,2.610261314,0.302305892,2.971918712,0.493376819,A robed figure kneels before a stained-glass saint in a church. The subject’s head is malformed and the window figure shows fused fingers. Waxy textures and soft edges indicate significant global oversmoothing.
"a saint noble high priestess pray for god in church, elevation view, HDR lighting",sd1.5_lowcorr_247.jpg,247,3.252116811,1.167819683,3.057832635,1.319926117,"A robed figure stands before a church altar with stained glass windows. The subject's structure is stable, but the head region appears fused. Background textures exhibit pervasive oversmoothing and a lack of fine detail."
"a saint noble high priestess pray for god in church, elevation view, HDR lighting",sd1.5_lowstep_247.jpg,247,2.193472252,0.73513259,2.75903949,0.673630312,A robed figure stands in a church aisle beneath a large cross. The subject's face and fused hands exhibit noticeable anatomical distortion. Waxy textures and inconsistent lighting produce unnatural halos and softened edges.
"a saint noble high priestess pray for god in church, elevation view, HDR lighting",sd1.5_normal_247.jpg,247,2.776694622,0.592133389,2.891991441,0.405324674,A photorealistic portrait of a nun before a vibrant stained glass window. The subject's hands exhibit severe anatomical distortion with fused and malformed fingers. Skin and fabric textures show a pervasive waxy oversmoothing effect.
"a saint noble high priestess pray for god in church, elevation view, HDR lighting",xl2.2_normal_247.jpg,247,3.30015455,0.235737977,2.740407521,0.595617653,A centered photorealistic portrait of a nun praying in a church. The subject's hands are malformed with fused and indistinct fingers. Skin and fabric surfaces show excessive smoothing and waxy texture.
"a redhair beautiful girl wearing brown olive dress, close-up, blurred detail",AttnGAN_normal_248.jpg,248,1.092275216,0.640218555,0.731981015,0.835387907,A dark abstract organic form sits within a dimly lit red and blue scene. The subject's structure is heavily distorted and lacks clear anatomical coherence. Blur and graininess degrade overall clarity and edges.
"a redhair beautiful girl wearing brown olive dress, close-up, blurred detail",DALLE2_normal_248.jpg,248,3.772795259,0.349832122,2.963619274,0.813639956,A close-up shows a red-haired woman in a dark top holding her hair. The hand exhibits distorted anatomy with fused fingers and unnatural joints. Soft focus and waxy textures reduce the overall perceptual clarity.
"a redhair beautiful girl wearing brown olive dress, close-up, blurred detail",glide_normal_248.jpg,248,0.649658335,0.384263359,0.507503744,0.331505594,A blurry close-up of a dog's head against a solid red background. The canine subject is heavily smeared and lacks clear facial definition. Heavy global blur eliminates fine texture and detail.
"a redhair beautiful girl wearing brown olive dress, close-up, blurred detail",midjourney_lowstep_248.jpg,248,3.002885562,0.533539888,3.421504833,0.387546359,A soft-focus portrait displays a woman with long red hair against blurred foliage. The subject's facial structure is coherent despite significant global softening. Heavy oversmoothing flattens textures and obscures fine edge details.
"a redhair beautiful girl wearing brown olive dress, close-up, blurred detail",midjourney_normal_248.jpg,248,3.531316317,0.474426945,3.524703964,0.33201639,A photorealistic portrait captures a red-haired woman against a blurred background. Facial anatomy appears structurally coherent with high semantic readability. Minor smoothing is evident in skin and hair textures.
"a redhair beautiful girl wearing brown olive dress, close-up, blurred detail",sd1.5_highcorr_248.jpg,248,1.690506192,0.514905259,2.345378943,0.683353005,A close-up shows a red-haired person against a blurred outdoor background. The cropped face and shoulder display subtle anatomical smoothing and unnatural skin texture. Fabric exhibits repetitive pseudo-texture while skin appears overly waxy and flat.
"a redhair beautiful girl wearing brown olive dress, close-up, blurred detail",sd1.5_lowcorr_248.jpg,248,0.100536848,0.474052702,0.423281003,0.489687255,An extremely blurry close-up of a brown textured surface fills the view. No recognizable subject structure or semantic content is visible in the frame. Heavy global oversmoothing flattens textures and eliminates edge definition entirely.
"a redhair beautiful girl wearing brown olive dress, close-up, blurred detail",sd1.5_lowstep_248.jpg,248,3.195617381,0.688749019,3.025958846,1.065906442,Close-up portrait of a person with long red hair and a brown top. The clothing collar shows minor structural ambiguity while the subject remains recognizable. Details show mild softening and a slightly waxy texture.
"a redhair beautiful girl wearing brown olive dress, close-up, blurred detail",sd1.5_normal_248.jpg,248,2.627472563,0.448637298,3.068964724,0.463940672,A photorealistic portrait features a red-haired woman in a brown dress against a plain background. The subject shows facial asymmetry and unrealistic fabric draping around the waist. Skin textures appear waxy and lack fine detail.
"a redhair beautiful girl wearing brown olive dress, close-up, blurred detail",xl2.2_normal_248.jpg,248,3.352004521,0.587040979,3.848931355,0.486670233,"A photorealistic profile portrait of a red-haired woman against a blurred background. The subject's anatomy is stable, though the eye shows minor irregularity. Textures appear waxy with noticeable oversmoothing and lack of fine detail."
"a female elven warrior wearing platinum breastplate, close-up, hyper detail",AttnGAN_normal_249.jpg,249,1.023275848,0.78311138,0.826793192,1.132046526,A distorted human face lies on a dark textured background in close-up. The subject shows severe facial malformation with fused eyes and misplaced mouths. Heavy blurring and smeared textures obscure fine details.
"a female elven warrior wearing platinum breastplate, close-up, hyper detail",DALLE2_normal_249.jpg,249,3.546408751,0.753408231,3.536641936,0.509586313,A photorealistic close-up captures a human neck and ornate metallic shoulder armor. The subject maintains anatomical stability while the metal filigree lacks geometric precision. Metal textures appear overly smooth with softened micro-details.
"a female elven warrior wearing platinum breastplate, close-up, hyper detail",glide_normal_249.jpg,249,0.617747593,0.413010783,0.720093959,1.049281717,A close-up of a dark insect silhouette on a bright yellow background. The subject's anatomy is vague with fused limbs and noisy pseudo-details. Extreme blurring and softness obscure all fine texture.
"a female elven warrior wearing platinum breastplate, close-up, hyper detail",midjourney_lowstep_249.jpg,249,3.091620808,0.63233062,3.364639327,0.541394703,A digital close-up shows a white-haired woman in intricate silver and gold armor. Facial anatomy is plausible but armor details appear as smeared pseudo-structures lacking depth. Pervasive oversmoothing flattens textures and reduces global edge clarity.
"a female elven warrior wearing platinum breastplate, close-up, hyper detail",midjourney_normal_249.jpg,249,4.303705695,0.232726161,4.048514165,0.108741359,A close-up portrait shows a white-haired woman in ornate silver armor. The subject's facial anatomy and armor geometry are structurally stable and coherent. Metallic surfaces show subtle smoothing and faint pseudo-detail.
"a female elven warrior wearing platinum breastplate, close-up, hyper detail",sd1.5_highcorr_249.jpg,249,3.662501677,0.747053581,3.635603955,0.294447357,A digital close-up portrays a silver-armored female elf with intricate headgear. The subject's facial geometry and complex armor design appear largely coherent. Armor textures show repetitive pseudo-details and skin appears waxy.
"a female elven warrior wearing platinum breastplate, close-up, hyper detail",sd1.5_lowcorr_249.jpg,249,3.315088431,0.624011011,3.584646223,0.35334884,A digital portrait shows a silver-haired armored fantasy character on a grey background. The character's anatomy and armor geometry are coherent with clear readability. Skin textures exhibit a subtle waxy smoothness across the face.
"a female elven warrior wearing platinum breastplate, close-up, hyper detail",sd1.5_lowstep_249.jpg,249,2.692443672,0.960605471,3.535787107,0.522540888,A front-facing portrait of a female elf in detailed silver armor. The subject's facial features and armor geometry remain structurally stable and clear. Surfaces exhibit a slightly waxy texture with softened fine details.
"a female elven warrior wearing platinum breastplate, close-up, hyper detail",sd1.5_normal_249.jpg,249,3.811695963,0.480746968,3.797711871,0.320823892,"A digital close-up of an elf in ornate metallic armor and a crown. Facial anatomy is stable, but the armor exhibits subtle geometric distortion and fused details. Skin appears waxy, and edges show minor sharpening."
"a female elven warrior wearing platinum breastplate, close-up, hyper detail",xl2.2_normal_249.jpg,249,3.673198773,0.41221721,3.750701609,0.310405151,A cinematic portrait shows a woman in ornate silver armor against a sky. The subject's anatomy and armor design are structurally coherent and readable. Skin and hair surfaces display a pervasive waxy oversmoothing effect.
"a dramatic photo of a mountain made of layered cake, long-shot, blurred detail",AttnGAN_normal_250.jpg,250,0.719063368,0.718711966,0.753884027,0.846965204,"A dark, blurry close-up shows an abstract textured surface with indistinct shapes. The subject lacks coherent structure, appearing as malformed and semantically unreadable blobs. Extreme blurring and melted textures dominate the visual field."
"a dramatic photo of a mountain made of layered cake, long-shot, blurred detail",DALLE2_normal_250.jpg,250,3.317504837,0.391118803,2.628224568,0.80934014,A close-up view captures a layered chocolate and cream dessert on a surface. The subject exhibits fused and malformed layers with poor structural separation. Waxy textures and softened definitions reduce local detail sharpness.
"a dramatic photo of a mountain made of layered cake, long-shot, blurred detail",glide_normal_250.jpg,250,1.327820967,0.34364727,1.769822062,0.970221802,A heavily blurred close-up captures a white frosted cake with dark toppings. Subject structure remains recognizable despite significant loss of fine geometric definition. Severe global softening obscures all textures and sharp boundaries.
"a dramatic photo of a mountain made of layered cake, long-shot, blurred detail",midjourney_lowstep_250.jpg,250,1.904712856,0.510447677,2.87284354,0.77979381,"A close-up shows a mountain-shaped slice of layered cake against a dark background. The subject's structure is stable, though internal layer boundaries appear softened. Heavy global oversmoothing and blurring reduce visible detail."
"a dramatic photo of a mountain made of layered cake, long-shot, blurred detail",midjourney_normal_250.jpg,250,3.723651273,0.578175109,3.50945668,0.329614767,A photorealistic close-up captures a layered chocolate cake with mountain-shaped frosting peaks. The subject exhibits coherent layering and plausible stylized geometry with clear readability. Textures and edges show no dominant local artifact.
"a dramatic photo of a mountain made of layered cake, long-shot, blurred detail",sd1.5_highcorr_250.jpg,250,2.955258155,0.850527162,2.225272813,1.329057592,A photorealistic landscape shows a snowy mountain above a vibrant orange forest. The mountain's surface lacks sharp geological features and appears overly smoothed. Textures show heavy oversmoothing and a lack of fine detail.
"a dramatic photo of a mountain made of layered cake, long-shot, blurred detail",sd1.5_lowcorr_250.jpg,250,3.632335048,0.447816816,2.16726552,1.181159646,"A monochrome shot captures a rugged, snow-covered mountain peak against a dark sky. The mountain is recognizable but contains some implausible and fused textural details. Textures appear waxy with softened edges and repetitive pseudo-details."
"a dramatic photo of a mountain made of layered cake, long-shot, blurred detail",sd1.5_lowstep_250.jpg,250,2.359796059,1.00669715,1.916465803,1.00670212,"A monochromatic image shows a large mountain peak over a misty landscape. The subject maintains a coherent shape but exhibits fused, grainy surface details. Widespread noise and softened edges result in low-fidelity perceptual quality."
"a dramatic photo of a mountain made of layered cake, long-shot, blurred detail",sd1.5_normal_250.jpg,250,2.526119865,1.324550493,1.639996312,0.956125964,A monochrome image shows a mountain range partially obscured by dense fog. The subject is structurally stable but exhibits melted textures and vague surface transitions. Repetitive horizontal cloud streaking and pervasive edge softness dominate.
"a dramatic photo of a mountain made of layered cake, long-shot, blurred detail",xl2.2_normal_250.jpg,250,3.162256259,0.596656294,2.628224568,0.904418907,"A photorealistic mountain shows vibrant, flowing geological layers under a twilight sky. The subject possesses a coherent and symmetrical layered structure without visible breaks. Surface textures show subtle oversmoothing and lack fine granular detail."
"a brain with eyeballs peaking out between the folds, long-shot, hyper detail",AttnGAN_normal_251.jpg,251,1.252358797,0.4640501,0.719280515,0.977929443,Abstract distorted organic shapes fill a vibrant and colorful close-up frame. The subject features malformed forms and semantically confusing fused structures. Surfaces show waxy texture with pseudo-detail and softened edges.
"a brain with eyeballs peaking out between the folds, long-shot, hyper detail",DALLE2_normal_251.jpg,251,2.74826005,0.593008739,3.161543067,0.721982566,"A 3D rendered brain with an eye is framed by other brains. The subject is stable, though the eye placement appears anatomically fused. Surfaces exhibit waxy textures and softened fine details."
"a brain with eyeballs peaking out between the folds, long-shot, hyper detail",glide_normal_251.jpg,251,0.60416837,0.537162432,1.087452894,0.969988713,A full-frame red and black abstract organic pattern fills the view. The repeating pattern is structurally coherent and semantically readable as a texture. Fine details suffer from oversmoothing and blurred boundaries.
"a brain with eyeballs peaking out between the folds, long-shot, hyper detail",midjourney_lowstep_251.jpg,251,2.209981223,0.810178006,2.169304869,0.688908522,"A hyper-realistic close-up shows a human eye with a surreal, complex pupil. The eye structure is clear, but the pupil contains a malformed mechanical core. Dense skin textures show slight repetition and a waxy surface finish."
"a brain with eyeballs peaking out between the folds, long-shot, hyper detail",midjourney_normal_251.jpg,251,3.673754131,0.873088384,3.10133505,1.300595582,A hyper-realistic macro view of a detailed eye in convoluted organic tissue. The central eye structure is anatomically stable and semantically readable. Textures and edges show no dominant local artifact.
"a brain with eyeballs peaking out between the folds, long-shot, hyper detail",sd1.5_highcorr_251.jpg,251,2.420513052,0.876794552,2.367491079,0.920064215,A stylized black-and-white graphic shows a brain with two large central eyes. The subject is structurally coherent with well-defined outlines and clear semantic intent. The lower shaded area exhibits a grainy halftone texture pattern.
"a brain with eyeballs peaking out between the folds, long-shot, hyper detail",sd1.5_lowcorr_251.jpg,251,2.523592728,0.654779214,1.585786942,0.519769725,A lateral view of a human brain model is rendered in monochrome. The brain structure is distorted with malformed folds and a large posterior gap. Surfaces appear overly smooth and waxy with flat textures.
"a brain with eyeballs peaking out between the folds, long-shot, hyper detail",sd1.5_lowstep_251.jpg,251,3.093256891,0.700533529,3.3393159,0.428205936,A digital illustration shows a brain with a button on an orange background. The brain's structure exhibits unnatural fusion and lacks anatomical precision. Surfaces appear waxy and oversmoothed with weak local definition.
"a brain with eyeballs peaking out between the folds, long-shot, hyper detail",sd1.5_normal_251.jpg,251,3.248505469,1.069490032,3.0193248,0.844841493,A monochrome illustration depicts a brain with a central eye on a plain background. The subject displays coherent anatomical folding and a structurally stable central eye. Sharp details contrast with subtle background grain.
"a brain with eyeballs peaking out between the folds, long-shot, hyper detail",xl2.2_normal_251.jpg,251,3.196755943,0.696953278,2.486006301,1.085155381,"A stylized three-eyed creature sits within a folded organic structure. The subject maintains a coherent symmetrical form with well-defined facial features. Sharp outlines and consistent lighting highlight the smooth, waxy surface texture."
"portrait of beautiful woman with magical nebula hair, long-shot, soft lighting",AttnGAN_normal_254.jpg,254,1.179543421,0.346498991,0.369089989,0.685083185,A heavily blurred close-up shows a distorted Ford logo on a white surface. The central emblem is malformed with fused lettering and warped geometry. Global oversmoothing flattens textures and obscures fine edge definitions.
"portrait of beautiful woman with magical nebula hair, long-shot, soft lighting",DALLE2_normal_254.jpg,254,3.387959109,0.183505927,3.397119887,0.582873657,A stylized digital portrait presents a woman's profile within a cosmic setting. The subject's facial structure is anatomically plausible and highly readable. Skin textures exhibit noticeable oversmoothing and a waxy surface quality.
"portrait of beautiful woman with magical nebula hair, long-shot, soft lighting",glide_normal_254.jpg,254,1.733569058,0.966438918,0.556273636,0.604741239,"A blurry close-up portrait of a long-haired dog against a plain background. The canine subject lacks facial detail and displays smeared, indistinct fur textures. Severe blurring and oversmoothing obscure all fine details."
"portrait of beautiful woman with magical nebula hair, long-shot, soft lighting",midjourney_lowstep_254.jpg,254,2.886258786,0.364062251,3.066730889,0.352438958,A stylized digital portrait features a woman with vibrant hair against a dark background. Facial structures are stable and readable despite the indistinct hair form. Global oversmoothing and soft focus reduce overall texture sharpness.
"portrait of beautiful woman with magical nebula hair, long-shot, soft lighting",midjourney_normal_254.jpg,254,3.942311441,0.327997303,3.162526872,0.273880958,A digital portrait shows a woman with purple-blue hair against a starry background. The subject maintains clear facial features and plausible anatomy. Textures appear smooth while hair edges show minor softening.
"portrait of beautiful woman with magical nebula hair, long-shot, soft lighting",sd1.5_highcorr_254.jpg,254,0.361905197,0.200163126,0.743156459,0.537503739,A blurred human figure appears against a vibrant pink and cyan background. Intense blur renders the subject's anatomy and pose structurally illegible. Severe oversmoothing flattens textures and removes all edge definition.
"portrait of beautiful woman with magical nebula hair, long-shot, soft lighting",sd1.5_lowcorr_254.jpg,254,3.150815738,0.660958175,2.765238071,0.565234355,A digital portrait of a woman with vibrant rainbow hair and a starry background. Facial features are clear and the hair structure is mostly coherent. Subtle smoothing affects skin and background light detail.
"portrait of beautiful woman with magical nebula hair, long-shot, soft lighting",sd1.5_lowstep_254.jpg,254,3.365299544,0.72361665,2.903929414,0.437701921,"A digital portrait of a woman against a vibrant cosmic nebula background. The face is stable, but a fused orb disrupts the hair's flow. Skin appears waxy and hair boundaries show significant softening."
"portrait of beautiful woman with magical nebula hair, long-shot, soft lighting",sd1.5_normal_254.jpg,254,3.059933495,0.307443867,3.189847843,0.3209764,A digital portrait of a purple-haired woman against a glowing cosmic background. The subject's facial features are recognizable but show subtle structural asymmetry. Image-wide textures suffer from oversmoothing and a characteristic waxy plastic finish.
"portrait of beautiful woman with magical nebula hair, long-shot, soft lighting",xl2.2_normal_254.jpg,254,3.987113084,0.371768156,2.61625477,0.84185226,A stylized digital portrait shows a woman with vibrant red-to-blue wavy hair. The subject's facial features and hair structure are coherent and well-defined. Skin texture appears overly smooth and waxy.
"magician god holding a divine staff character design, long-shot, HDR lighting",AttnGAN_normal_255.jpg,255,1.361853219,0.871962271,1.152883399,0.764076207,Blurry figures hold lanterns within a dark snowy forest scene. The main subjects are structurally ambiguous and lack clear semantic readability. Extreme blur and oversmoothing dominate the entire visual field.
"magician god holding a divine staff character design, long-shot, HDR lighting",DALLE2_normal_255.jpg,255,2.260001775,0.635923139,2.706378634,0.986626774,A centered digital fantasy portrait of an armored figure with two staves. The subject's anatomy and armor show significant fusion and malformed geometry. Waxy textures and pseudo-details soften edge definition throughout the image.
"magician god holding a divine staff character design, long-shot, HDR lighting",glide_normal_255.jpg,255,1.020469898,0.211483272,1.03178009,0.82341782,A symmetrical glowing demonic mask is centered on a solid black background. The abstract facial structure maintains plausible symmetry and semantic readability. Internal textures appear flat while glowing edges lack sharp definition.
"magician god holding a divine staff character design, long-shot, HDR lighting",midjourney_lowstep_255.jpg,255,2.908664621,0.518701952,3.153995905,0.363712287,A painterly portrait features an elderly man with a beard holding a luminous staff. The subject’s face and hand exhibit significant blurring and structural instability. Widespread softness flattens textures and obscures fine details.
"magician god holding a divine staff character design, long-shot, HDR lighting",midjourney_normal_255.jpg,255,3.881983068,0.563046041,3.478508951,0.847712537,"A digital painting depicts an elderly wizard holding a glowing staff in darkness. The figure's structure is coherent, yet the open hand displays noticeable finger fusion. Robe textures exhibit mild oversmoothing and lack crisp edge definition."
"magician god holding a divine staff character design, long-shot, HDR lighting",sd1.5_highcorr_255.jpg,255,3.591686053,0.498708814,3.118812912,0.76607895,"A digital portrait shows a robed man holding a staff before a glowing halo. The subject's hands are malformed with fused digits, and facial features lack symmetry. Skin appears waxy while fabric details show repetitive pseudo-detailing."
"magician god holding a divine staff character design, long-shot, HDR lighting",sd1.5_lowcorr_255.jpg,255,2.260833548,0.684464797,2.089340898,0.582340874,"A masked fantasy figure with a feathered headdress occupies a misty scene. An implausible instrument-like protrusion tops the head, and the hand is malformed. Softened edges and a smeared background texture reduce overall image clarity."
"magician god holding a divine staff character design, long-shot, HDR lighting",sd1.5_lowstep_255.jpg,255,2.960099613,0.54687816,3.10450053,0.379365086,A digital painting of a robed fantasy warrior against a golden background. The subject shows malformed hands and a structurally indistinct facial area. General softness and blurred edges diminish fine texture clarity.
"magician god holding a divine staff character design, long-shot, HDR lighting",sd1.5_normal_255.jpg,255,2.886258786,0.521919991,3.102285456,0.832577891,A digital painting shows a robed man holding a staff. The subject's hands are malformed with fused digits and unnatural facial geometry. Surfaces appear waxy with a repetitive background grain.
"magician god holding a divine staff character design, long-shot, HDR lighting",xl2.2_normal_255.jpg,255,3.464427243,0.311960804,3.050789396,0.443901522,"A digital painting shows a crowned mage with a flaming staff before a glowing moon. The subject's structure is stable, though the hand displays subtle finger fusion. Skin textures appear waxy and lack fine detail."
"dragons flyring around a snowcapped fantasy mountain, blurred detail, HDR lighting",AttnGAN_normal_257.jpg,257,1.126728573,0.297581066,0.890685279,0.964770893,A close-up shows a distorted brown organic shape on a green background. The subject displays fused digits and malformed anatomy lacking coherent structure. Surfaces show waxy textures and soft edges with inconsistent lighting.
"dragons flyring around a snowcapped fantasy mountain, blurred detail, HDR lighting",DALLE2_normal_257.jpg,257,2.157904831,0.47883484,3.118812912,1.060456819,Malformed dragons fly near a snowy mountain peak in a digital fantasy scene. Subjects exhibit severe anatomical distortion with fused parts and unrecognizable structures. Oversmoothing leads to flat waxy textures and softened edge definitions.
"dragons flyring around a snowcapped fantasy mountain, blurred detail, HDR lighting",glide_normal_257.jpg,257,0.64666085,0.763274847,0.349805353,0.460538251,"Abstract glowing red fluid flows across a dark, high-contrast background. The subject maintains coherent fluid structure without any visible geometric malformations. Heavy noise pervades shadows and softens all fine details."
"dragons flyring around a snowcapped fantasy mountain, blurred detail, HDR lighting",midjourney_lowstep_257.jpg,257,2.309898917,0.530867733,1.903300589,0.580027152,A surreal misty mountain landscape features two dark floating rings above peaks. The abstract facial formation is structurally stable but lacks sharp local features. Heavy blur and flat textures dominate the entire visual field.
"dragons flyring around a snowcapped fantasy mountain, blurred detail, HDR lighting",midjourney_normal_257.jpg,257,3.994442435,0.484202539,3.227706657,0.817072992,"A wide-angle digital art landscape shows jagged snowy mountains beneath a glowing sky ring. Mountain structures are stable, while bird silhouettes show slight repetition. Distant textures exhibit minor softening and pseudo-detail in the mist."
"dragons flyring around a snowcapped fantasy mountain, blurred detail, HDR lighting",sd1.5_highcorr_257.jpg,257,3.091080213,0.526274828,2.69074642,0.879305792,"Yellow paper airplanes fly over a vast, smooth, snowy mountain landscape. The mountain terrain exhibits unnatural smoothness and lacks realistic geological texture. Surfaces show a waxy, over-smoothed texture with softened edges."
"dragons flyring around a snowcapped fantasy mountain, blurred detail, HDR lighting",sd1.5_lowcorr_257.jpg,257,3.244560073,0.727863108,2.068271365,0.365686952,A digital landscape depicts a rugged mountain range shrouded in thick mist. The subject maintains overall structural coherence despite some ambiguous rock-cloud transitions. Textures appear waxy with softened edges and subtle pseudo-detail patterns.
"dragons flyring around a snowcapped fantasy mountain, blurred detail, HDR lighting",sd1.5_lowstep_257.jpg,257,2.029986761,1.075600267,2.37877521,1.026255237,Two stylized dragons fly over a snowy mountain landscape in a digital painting style. The lower dragon's body consists of repetitive ring-like segments lacking anatomical coherence. Vertical streaking artifacts and smeared textures degrade overall visual clarity.
"dragons flyring around a snowcapped fantasy mountain, blurred detail, HDR lighting",sd1.5_normal_257.jpg,257,3.787887693,0.642646931,1.853387867,0.509687207,"A bright view depicts a jagged, snow-capped mountain range. Mountain geometry is plausible though some rocky peaks appear artificially uniform. Textures appear oversmoothed with waxy surfaces and softened edge definition."
"dragons flyring around a snowcapped fantasy mountain, blurred detail, HDR lighting",xl2.2_normal_257.jpg,257,2.80733647,1.083840651,2.901806096,0.768019716,Two red dragons face each other above snowy peaks in digital fantasy art. The subjects are readable but show distorted neck anatomy and fused joint regions. Textures appear waxy with oversmoothed details in the background.
"black broken armor and helmet laying in wild flowers, hyper detail, soft lighting",AttnGAN_normal_258.jpg,258,0.60416837,0.522302718,0.642169337,0.908668879,A blurry spotted animal lies on a coarse textured surface. The subject's anatomy is distorted with fused limbs and a cropped head. Extreme softness degrades all texture and edge definition.
"black broken armor and helmet laying in wild flowers, hyper detail, soft lighting",DALLE2_normal_258.jpg,258,2.931575646,0.773533923,3.543429565,0.450308443,A dark medieval helmet sits in a bright field of white flowers. The helmet's visor and lower mesh display distorted geometry and structural fusion. Metal surfaces appear waxy with softened background textures.
"black broken armor and helmet laying in wild flowers, hyper detail, soft lighting",glide_normal_258.jpg,258,0.873694997,0.614749815,0.560082254,0.417287079,A stark graphic shows a black dome and a white robed figure. The white figure's structure is distorted with unnatural segmentation and a malformed profile. Aliasing and pixelation degrade the sharpness of all boundaries.
"black broken armor and helmet laying in wild flowers, hyper detail, soft lighting",midjourney_lowstep_258.jpg,258,1.815542197,0.927679319,2.338498523,0.972902113,"A metallic helmet rests in a blurred field of green grass and pink flowers. The subject is recognizable but structurally softened with a waxy, indistinct surface. Heavy global blur and oversmoothing obscure all fine details and edges."
"black broken armor and helmet laying in wild flowers, hyper detail, soft lighting",midjourney_normal_258.jpg,258,3.923239841,0.812994361,3.812256598,0.448136985,A photorealistic close-up shows a tactical helmet in a sunlit meadow. The helmet is recognizable but the lower guard shows fused and malformed mechanical parts. Textures appear waxy with softened details and inconsistent edge definition.
"black broken armor and helmet laying in wild flowers, hyper detail, soft lighting",sd1.5_highcorr_258.jpg,258,3.345173159,0.383437773,3.189847843,0.620576386,A black cricket helmet lies in a grassy field of yellow flowers. The subject is clear but the protective cage shows fused wires and warping. Surfaces are waxy and edges lack crisp definition.
"black broken armor and helmet laying in wild flowers, hyper detail, soft lighting",sd1.5_lowcorr_258.jpg,258,3.359435142,0.651108825,2.494876872,0.516409604,A figure in black futuristic armor stands in a field of wildflowers. The armored subject maintains a coherent structure with readable mechanical details. Background floral textures appear overly smoothed and lack sharp definition.
"black broken armor and helmet laying in wild flowers, hyper detail, soft lighting",sd1.5_lowstep_258.jpg,258,2.974361596,0.568804054,3.37273494,0.503096742,A metallic helmet rests among yellow daisies and purple wildflowers. The helmet maintains a coherent shape despite minor blending at its base. Background regions exhibit heavy smoothing and softened floral contours.
"black broken armor and helmet laying in wild flowers, hyper detail, soft lighting",sd1.5_normal_258.jpg,258,3.285220668,0.45229754,2.56659367,0.676201635,"A central armored figure stands in a painterly field of purple flowers. The armored figure is recognizable, yet hands and helmet regions show clear distortion. Image-wide textures appear waxy and lack fine-grained local definition."
"black broken armor and helmet laying in wild flowers, hyper detail, soft lighting",xl2.2_normal_258.jpg,258,3.432145599,0.460190096,3.444308638,0.413873754,An armored figure rests in a field of yellow dandelions under atmospheric light. The subject's armor structure is coherent despite minor plate fusion and ambiguous details. Background textures show subtle melting and inconsistent edge definition.
"a parade of disconnected images : a tragic supernova, hyper detail, HDR lighting",AttnGAN_normal_259.jpg,259,0.592546579,0.350429852,0.594282567,0.606410314,"A close-up view shows a blurry white central form against dark blue fabric. The central subject lacks coherent structure, appearing as a melted, unrecognizable shape. Global blurring and softening obscure all fine details."
"a parade of disconnected images : a tragic supernova, hyper detail, HDR lighting",DALLE2_normal_259.jpg,259,1.178524426,0.703045392,1.656399747,1.252935362,An abstract image features a red lens flare on a dark textured surface. The central light structure is coherent while the background lacks semantic clarity. Dark areas show crushed blacks and flat texturing.
"a parade of disconnected images : a tragic supernova, hyper detail, HDR lighting",glide_normal_259.jpg,259,1.038703499,0.86982862,1.844434941,0.909101182,"A glowing blue celestial body appears in a dark starfield. The central diffuse object shows a simple and structurally stable form. Image details are minimal, characterized by heavy smoothing and low resolution."
"a parade of disconnected images : a tragic supernova, hyper detail, HDR lighting",midjourney_lowstep_259.jpg,259,0.64666085,0.793083408,1.126552971,0.869875925,A heavily blurred image shows an indistinct scene with colorful light accents. The subject lacks coherent structure and semantic readability from extreme distortion. Severe global blur and smeared textures completely obscure details and boundaries.
"a parade of disconnected images : a tragic supernova, hyper detail, HDR lighting",midjourney_normal_259.jpg,259,2.293266536,1.39479433,2.956517697,1.066163854,A centered abstract fractal pattern radiates from a bright orange core. The complex organic structures are structurally coherent and maintain consistent radial symmetry. Sharp textures and edges show no dominant local artifact or softening.
"a parade of disconnected images : a tragic supernova, hyper detail, HDR lighting",sd1.5_highcorr_259.jpg,259,1.228794173,0.545846525,2.324587432,1.108179262,A centered glowing abstract energy mass with orange tendrils against a dark background. The subject forms a coherent radial structure with a well-defined central core. High-frequency graininess and repetitive textures affect detail clarity.
"a parade of disconnected images : a tragic supernova, hyper detail, HDR lighting",sd1.5_lowcorr_259.jpg,259,2.315150439,1.219221565,2.412171477,1.102498307,A vibrant digital painting features a radiant sky above a barren landscape. The radial light beams create a dynamic yet structurally stable visual focus. Textures show minor pseudo-detail and inconsistent sharpness.
"a parade of disconnected images : a tragic supernova, hyper detail, HDR lighting",sd1.5_lowstep_259.jpg,259,2.742340814,1.251389866,2.772204703,0.926589255,An abstract digital image shows a glowing blue core in a dark web-like field. The central subject and its radiating filaments remain structurally coherent and clearly defined. Background textures show slight smoothing and repetitive micro-patterns.
"a parade of disconnected images : a tragic supernova, hyper detail, HDR lighting",sd1.5_normal_259.jpg,259,1.657427619,0.511656069,3.013543571,0.885350785,A centered digital artwork displays a radiant energy burst within a dark void. The subject forms a coherent radial structure with recognizable luminous filaments. Linear artifacts and grainy noise disrupt the surface texture consistency.
"a parade of disconnected images : a tragic supernova, hyper detail, HDR lighting",xl2.2_normal_259.jpg,259,3.419625599,0.701658047,3.050789396,0.327827846,A centered digital rendering depicts a glowing cosmic spiral within a starry void. The subject displays stable filamentary geometry and clear semantic readability across all regions. Subtle smoothing affects fine textures while lighting stays consistent.
"mickey mouse head automaton held by a mechanical claw, warm color, top view, anime style",AttnGAN_normal_260.jpg,260,0.747278376,0.738403504,0.660871882,0.595565573,A close-up of glossy abstract organic shapes on a blurred vibrant background. The subject consists of fused and malformed blobs lacking clear structural coherence. Textures appear waxy with softened edges and inconsistent lighting details.
"mickey mouse head automaton held by a mechanical claw, warm color, top view, anime style",DALLE2_normal_260.jpg,260,2.671047584,0.52269679,3.142688856,0.958174688,A close-up shows a stylized 3D mouse head against a warm orange background. The subject features malformed whisker-like pins and confusing protrusions near the mouth. Surfaces exhibit a waxy texture with softened local details.
"mickey mouse head automaton held by a mechanical claw, warm color, top view, anime style",glide_normal_260.jpg,260,1.255971063,0.762167854,1.399151384,0.887930819,"A black stylized mouse-like figure sits on a plain white background. The subject's simple anatomy is coherent, though the bottom text is illegible. Visible pixelation affects edges while textures remain flat."
"mickey mouse head automaton held by a mechanical claw, warm color, top view, anime style",midjourney_lowstep_260.jpg,260,2.888789697,0.619711374,2.750918808,0.782938971,A centered metallic mechanical mouse head on a neutral gray background. The subject's lower face and neck are severely warped into a chaotic mass. Lower regions show heavy melting and undefined mechanical detail.
"mickey mouse head automaton held by a mechanical claw, warm color, top view, anime style",midjourney_normal_260.jpg,260,3.374823956,0.637439532,2.51693257,0.612916747,A centered 3D render of a mechanical steampunk mouse head on a white background. The subject's mechanical geometry is coherent and semantically readable as a stylized character. Textures and edges show no dominant local artifact.
"mickey mouse head automaton held by a mechanical claw, warm color, top view, anime style",sd1.5_highcorr_260.jpg,260,3.174782711,1.241429219,2.811700345,0.816713283,"A close-up of a mechanical Mickey Mouse figurine on a wooden surface. The face is structurally stable, but mechanical limb connections show minor scaling issues. Metallic textures appear slightly waxy with softened edge definition throughout."
"mickey mouse head automaton held by a mechanical claw, warm color, top view, anime style",sd1.5_lowcorr_260.jpg,260,2.000906886,0.49121737,1.598202218,0.682479012,A Mickey Mouse figurine stands on a base against a wooden background. The hands and feet are malformed while facial features lack symmetry. Surfaces appear waxy with softened edges and blurry background detail.
"mickey mouse head automaton held by a mechanical claw, warm color, top view, anime style",sd1.5_lowstep_260.jpg,260,3.157062251,0.867433749,2.846322945,0.806298251,A 3D rendered Mickey Mouse-style figurine rests on a plain blue background. The subject features distorted anatomy with oversized malformed hands and a head ornament. Surfaces exhibit a uniform waxy texture lacking fine micro-details.
"mickey mouse head automaton held by a mechanical claw, warm color, top view, anime style",sd1.5_normal_260.jpg,260,3.507430325,0.492638253,2.469404785,0.743415554,A 3D-rendered cartoon mouse head with a mustache centers on a plain background. The stylized subject maintains coherent geometry and clear semantic readability throughout its form. Surfaces appear waxy with subtle background texture repetition.
"mickey mouse head automaton held by a mechanical claw, warm color, top view, anime style",xl2.2_normal_260.jpg,260,2.912021026,0.369101796,2.908503737,0.643410911,"A 3D-rendered Mickey Mouse with giant hands occupies a circular mechanical frame. The character's anatomy is distorted by oversized hands and a thin, simplified torso. Skin surfaces exhibit a waxy texture with softened fine details."
"epic vessel cage armor of interdimensional adventurer, warm color, elevation view, sci-fi style",AttnGAN_normal_261.jpg,261,0.865931916,0.354303591,0.828455166,0.356401086,A surreal digital close-up depicts a distorted mouth with blocky teeth. The subject exhibits severely malformed dental structures fused into unnatural rectangular shapes. Global textures appear waxy and oversmoothed with weak edge definition.
"epic vessel cage armor of interdimensional adventurer, warm color, elevation view, sci-fi style",DALLE2_normal_261.jpg,261,2.803217798,0.627126511,3.092308057,0.724857985,A complex symmetrical mechanical object is centered on a plain background. The intricate structure is coherent but features some indistinct panel connections. Metallic textures appear slightly waxy with softened edge definitions.
"epic vessel cage armor of interdimensional adventurer, warm color, elevation view, sci-fi style",glide_normal_261.jpg,261,0.929411321,0.712814789,1.113387757,1.181230179,A blurry 3D render shows a blue object and grey parts on black. Subject structure is distorted and lacks clear geometric or semantic definition. Heavy blur and oversmoothing flatten textures and soften all boundaries.
"epic vessel cage armor of interdimensional adventurer, warm color, elevation view, sci-fi style",midjourney_lowstep_261.jpg,261,1.776898668,0.457404324,2.727992245,0.474377754,"A centered, symmetrical abstract organic structure glows against a plain background. The subject's internal framework contains fused elements and lacks geometric clarity. Global rendering displays softened details and waxy, indistinct surface textures."
"epic vessel cage armor of interdimensional adventurer, warm color, elevation view, sci-fi style",midjourney_normal_261.jpg,261,3.757702826,0.517482639,3.297882494,0.298507965,A detailed 3D render of a complex spherical sci-fi mechanical pod on a dark background. The subject features a coherent and intricate mechanical structure with dense internal components. Metallic surfaces show subtle pseudo-detailing and consistent lighting.
"epic vessel cage armor of interdimensional adventurer, warm color, elevation view, sci-fi style",sd1.5_highcorr_261.jpg,261,2.746169865,0.461928786,2.677763969,0.610014902,A centered illustration of a full-body orange and gray robotic suit. The figure shows distorted anatomy with malformed limbs and inconsistent paneling. Surfaces exhibit a waxy texture with repetitive ribbing and softened edges.
"epic vessel cage armor of interdimensional adventurer, warm color, elevation view, sci-fi style",sd1.5_lowcorr_261.jpg,261,3.048428469,0.693877117,2.857455034,0.963858726,A centered digital illustration shows a humanoid figure in intricate dark armor. The armored figure is severely distorted with malformed hands and a fused helmet. Unreadable text borders the frame and textures lack definition.
"epic vessel cage armor of interdimensional adventurer, warm color, elevation view, sci-fi style",sd1.5_lowstep_261.jpg,261,3.066652656,0.681147103,3.02250478,0.851429514,"A digital illustration features an orange humanoid robot on a grey background. The robot's anatomy is coherent, but its hands are malformed and text is illegible. Armor textures appear slightly waxy with softened fine detail boundaries."
"epic vessel cage armor of interdimensional adventurer, warm color, elevation view, sci-fi style",sd1.5_normal_261.jpg,261,2.941929382,1.101000837,2.917022056,0.943493265,A frontal view of an orange mechanical torso armor on a grey background. The armor structure shows inconsistent surface geometry and detached floating shoulder components. Metallic textures exhibit subtle pseudo-detailing and softened edge definition.
"epic vessel cage armor of interdimensional adventurer, warm color, elevation view, sci-fi style",xl2.2_normal_261.jpg,261,3.386504205,0.716940324,2.900809578,0.678027895,"A stylized illustration depicts a person in futuristic gear against a mountain landscape. The helmet is coherent, but the lower body gear appears structurally ambiguous. Image shows clean colors with softened edges and indistinct background texture patterns."
"edwardian headshot photograph of a pale russian woman, cold color, top view, realistic style",AttnGAN_normal_262.jpg,262,1.075025374,0.536841317,0.672723404,0.629217401,A distorted abstract figure appears against a vibrant magenta background. The subject's structure is severely warped and lacks semantic readability. Waxy textures and unclear boundaries dominate the global perceptual quality.
"edwardian headshot photograph of a pale russian woman, cold color, top view, realistic style",DALLE2_normal_262.jpg,262,3.380391978,0.62088835,3.118812912,0.633122495,"A centered vintage-style portrait of a woman with a blue fur collar. Facial anatomy is stable, though features appear overly symmetrical and idealized. Global oversmoothing eliminates fine texture, leaving a waxy and flat surface."
"edwardian headshot photograph of a pale russian woman, cold color, top view, realistic style",glide_normal_262.jpg,262,0.820802133,0.45551633,0.556273636,0.81694682,"A symmetrical, abstract, mirrored structure resembling a distorted face on a plain background. Subject lacks clear semantic definition from extreme blurring and ambiguous forms. Severe oversmoothing and low resolution obscure fine details and edges."
"edwardian headshot photograph of a pale russian woman, cold color, top view, realistic style",midjourney_lowstep_262.jpg,262,2.785504238,0.277066746,2.520900191,0.56568677,"A centered digital portrait depicts a woman against a soft green background. The subject's face is clear, though the hair shows unnatural fusion and volume. Heavy oversmoothing yields waxy textures and lost detail."
"edwardian headshot photograph of a pale russian woman, cold color, top view, realistic style",midjourney_normal_262.jpg,262,3.781706499,0.390710651,3.52538037,0.497385914,A vintage-style bust portrait shows a young woman in a white blouse. The subject’s face is structurally sound while hair details appear softly fused. Skin texture looks overly smooth and background edges show noticeable melting.
"edwardian headshot photograph of a pale russian woman, cold color, top view, realistic style",sd1.5_highcorr_262.jpg,262,3.428646707,0.7757438,3.436323658,0.718756838,A sepia-toned vintage portrait features a woman with a long braid. The subject's face is clear but shows slightly misaligned eyes and a fused braid. Waxy textures and softened edges suggest pervasive image oversmoothing.
"edwardian headshot photograph of a pale russian woman, cold color, top view, realistic style",sd1.5_lowcorr_262.jpg,262,3.283005153,0.594159354,3.3393159,0.340031865,"A sepia vintage portrait shows a woman facing forward against a plain background. The face is readable, while hair and shoulder structures are poorly defined. Excessive smoothing creates waxy textures and globally blurred edges."
"edwardian headshot photograph of a pale russian woman, cold color, top view, realistic style",sd1.5_lowstep_262.jpg,262,2.613196015,0.447013669,3.150111597,0.362314336,A black-and-white vintage portrait of a woman against a dark background. The subject's facial features and clothing exhibit subtle structural distortions and fusion. Textures appear waxy with softened edges and a lack of fine grain.
"edwardian headshot photograph of a pale russian woman, cold color, top view, realistic style",sd1.5_normal_262.jpg,262,2.538526609,0.39545408,3.150111597,0.532816067,A sepia-toned soft-focus portrait depicts a woman with short hair. The subject's face is recognizable but lacks sharp definition and clear boundaries. Oversmoothing leads to flat textures and lost fine detail.
"edwardian headshot photograph of a pale russian woman, cold color, top view, realistic style",xl2.2_normal_262.jpg,262,3.507253099,0.501559681,3.327464378,0.425184098,"A vintage-style portrait of a woman with curled hair on a vignetted background. The subject's anatomy is stable, but the clothing knot is visually indistinct. Image displays overly smooth skin textures and artificial background grain."
"cute animal character sleeping in the space station, cold color, elevation view, abstract style",AttnGAN_normal_263.jpg,263,0.729822753,0.68862615,0.652605272,0.443647082,A central distorted figure stands within an abstract hazy landscape. The subject's anatomy is severely malformed and fused into the background. Heavy oversmoothing and flat textures obscure all fine details.
"cute animal character sleeping in the space station, cold color, elevation view, abstract style",DALLE2_normal_263.jpg,263,2.11262753,0.620894652,2.999433191,0.829883622,A stylized white bear lies on a glowing platform within a dark scene. The subject exhibits simplified anatomy where limbs appear fused to the main body. Simplified textures and softened edges reduce local detail clarity.
"cute animal character sleeping in the space station, cold color, elevation view, abstract style",glide_normal_263.jpg,263,0.0,0.175089206,0.021462288,0.312813479,A completely black image contains no visible subjects or background elements. No identifiable subject exists to evaluate for structural or semantic coherence. Total darkness obscures all texture and edge details across the frame.
"cute animal character sleeping in the space station, cold color, elevation view, abstract style",midjourney_lowstep_263.jpg,263,2.616815188,1.079163076,2.86290332,0.625978654,"A digital illustration shows a cartoon astronaut floating in a dark space scene. The subject lacks facial features and has simplified, unarticulated limb geometry. Textures appear soft and waxy with slightly blurred edge definitions."
"cute animal character sleeping in the space station, cold color, elevation view, abstract style",midjourney_normal_263.jpg,263,3.748170985,0.317511956,3.025958846,0.544569191,A centered digital illustration shows a cartoon rabbit in a space pod against stars. The subject features a coherent character with clear facial features and plausible anatomy. Textures are smooth and consistent with no dominant artifacts.
"cute animal character sleeping in the space station, cold color, elevation view, abstract style",sd1.5_highcorr_263.jpg,263,3.170641474,0.586946266,3.158021435,0.713386071,A stylized grey cat sleeps on a round orange cushion against a starry background. The cartoon cat is structurally stable despite some ambiguous dorsal protrusions. The background exhibits heavy grain and softened edge definitions.
"cute animal character sleeping in the space station, cold color, elevation view, abstract style",sd1.5_lowcorr_263.jpg,263,2.643063777,0.458128347,2.343118719,0.829923704,A cartoon orange animal sits inside a blue pod over Earth. The subject exhibits severe anatomical distortion with fused limbs and warped features. Faint watermarks and flat color fills dominate the visual field.
"cute animal character sleeping in the space station, cold color, elevation view, abstract style",sd1.5_lowstep_263.jpg,263,1.528177025,0.577520298,1.995457086,1.066772828,"A stylized purple animal silhouette sits inside a circular frame against a starry background. The subject is a coherent, simplified shape with high semantic readability. Prominent text watermarks and flat surfaces affect the global perceptual quality."
"cute animal character sleeping in the space station, cold color, elevation view, abstract style",sd1.5_normal_263.jpg,263,2.654631009,0.362165215,2.668209522,0.849660676,A cartoon rabbit sits in a circular mechanical frame against a blue background. The subject has distorted anatomy and confusing spatial layout inside the device. Bold outlines and flat textures show watermarks.
"cute animal character sleeping in the space station, cold color, elevation view, abstract style",xl2.2_normal_263.jpg,263,3.317504837,0.450908201,2.960067189,1.069410427,A cute cartoon bear rests in a circular yellow frame on a teal background. The subject exhibits stable simplified anatomy with clear facial features. Flat textures and sharp contours show no dominant local artifact.
"a hyper intricate oil portrait red cathedral interior, warm color, close-up, baroque style",AttnGAN_normal_264.jpg,264,1.267302782,0.5228865,1.301089033,0.793432664,A close-up of a heavily distorted abstract shape in a dim interior. The subject is structurally incoherent and semantically unreadable from severe warping. Heavy blur and flat textures eliminate fine detail and edge clarity.
"a hyper intricate oil portrait red cathedral interior, warm color, close-up, baroque style",DALLE2_normal_264.jpg,264,2.592649388,1.039266337,3.167161119,1.031497914,A dense ornate architectural facade painted in a thick impasto style. The subject's intricate scrollwork and figures appear structurally fused and spatially ambiguous. Heavy pseudo-texture and softened edges obscure fine local details.
"a hyper intricate oil portrait red cathedral interior, warm color, close-up, baroque style",glide_normal_264.jpg,264,0.863588083,0.502722457,1.531671491,1.057504309,"A dark, symmetrical gothic archway frames a glowing central orb. The subject is recognizable but severely blurred, making structural details unreadable. Global oversmoothing and indistinct edges dominate the entire image."
"a hyper intricate oil portrait red cathedral interior, warm color, close-up, baroque style",midjourney_lowstep_264.jpg,264,0.831522735,0.351558835,2.156096854,1.281084925,A soft-focus painterly depiction of a cathedral interior with a central red carpet. The symmetrical architecture is structurally coherent but lacks clear geometric definition. Severe oversmoothing flattens textures and obscures all edges.
"a hyper intricate oil portrait red cathedral interior, warm color, close-up, baroque style",midjourney_normal_264.jpg,264,3.033265998,0.358525554,3.429200187,0.449728694,"A digital painting depicts a grand, ornate red corridor with intricate carvings. Intricate pillar carvings exhibit significant fusion and lack of geometric precision. Waxy textures and oversmoothing obscure fine surface detail."
"a hyper intricate oil portrait red cathedral interior, warm color, close-up, baroque style",sd1.5_highcorr_264.jpg,264,3.159767378,0.53868266,2.860651067,0.868524504,"A centered portrait shows a woman in a red hood against a golden background. The face is stable, yet the neck and chest display severe anatomical distortion. Textures appear waxy and edges lack sharp definition."
"a hyper intricate oil portrait red cathedral interior, warm color, close-up, baroque style",sd1.5_lowcorr_264.jpg,264,1.946610757,0.444751539,2.832301581,1.065832759,A tilted view shows a painted portrait within a thick orange frame. The facial structure is severely distorted with misaligned and melted features. Significant graininess and soft edges reduce the overall perceptual sharpness.
"a hyper intricate oil portrait red cathedral interior, warm color, close-up, baroque style",sd1.5_lowstep_264.jpg,264,3.822444167,0.539315042,3.31387068,0.884543577,A centered view of nested red arches inside an ornate architectural space. The arch geometry is clear while surrounding ornamentation appears repetitive and fused. Surface textures exhibit strong repetition and softened fine-grained details.
"a hyper intricate oil portrait red cathedral interior, warm color, close-up, baroque style",sd1.5_normal_264.jpg,264,1.765019055,1.050067049,2.272678902,0.879612429,A close-up shot displays intricate Gothic carvings and flowing red fabric. The architectural subject is structurally unstable with fused and melted forms. Surfaces show overly smooth textures and softened fine-line definition.
"a hyper intricate oil portrait red cathedral interior, warm color, close-up, baroque style",xl2.2_normal_264.jpg,264,2.586734895,0.357624305,3.169153524,0.887780997,"A digital painting shows a symmetrical Gothic hallway with repeating vaults. The central perspective is stable, though side pillars contain fused, illegible details. Global rendering features a smooth, waxy surface finish with high-contrast outlines."
"a blue anatomically correct human brain made of metal, warm color, long-shot, anime style",AttnGAN_normal_265.jpg,265,1.69003938,0.651399117,0.57602485,0.754401443,"A close-up shot of a dark, distorted mechanical structure with red panels. The subject displays fused geometric shapes and a malformed central circular component. Pervasive blurring and soft textures obscure all fine surface details."
"a blue anatomically correct human brain made of metal, warm color, long-shot, anime style",DALLE2_normal_265.jpg,265,2.831741764,0.866778317,2.885036013,1.009004798,A stylized glossy blue brain model sits on a solid background. The brain anatomy shows melted folds and inconsistent surface geometry. Surfaces exhibit waxy textures and softened edge definitions.
"a blue anatomically correct human brain made of metal, warm color, long-shot, anime style",glide_normal_265.jpg,265,0.648776263,0.624969346,1.232688407,0.944037948,A glowing blue abstract organic mass dominates the dark centered composition. The subject appears as a structurally unstable and fused amorphous mass. Heavy blur and oversmoothing obscure all fine surface details.
"a blue anatomically correct human brain made of metal, warm color, long-shot, anime style",midjourney_lowstep_265.jpg,265,2.837064357,0.347782726,2.271216891,0.709796297,"A side-profile skull with brain-like textures is rendered against a dark background. The subject displays malformed teeth and repetitive, non-anatomical cranial textures. Glossy surfaces show subtle melting and softened definition along the contours."
"a blue anatomically correct human brain made of metal, warm color, long-shot, anime style",midjourney_normal_265.jpg,265,3.787887693,0.464648309,2.808425637,0.605640016,"A glossy blue brain sculpture with a gold base rests on a surface. The subject's complex anatomy is structurally stable with clear semantic readability. Surfaces display a smooth, waxy texture with sharp highlights."
"a blue anatomically correct human brain made of metal, warm color, long-shot, anime style",sd1.5_highcorr_265.jpg,265,2.89203224,0.736669037,3.048674194,0.447396794,A stylized digital illustration of a human brain on an orange background. The brain structure is mostly coherent but the lower region appears malformed. Bold outlines define the form while textures remain flat and lack detail.
"a blue anatomically correct human brain made of metal, warm color, long-shot, anime style",sd1.5_lowcorr_265.jpg,265,3.380391978,0.560175467,2.295092835,0.789286019,A stylized digital image depicts a human brain amidst abstract swirling patterns. The subject's anatomy is coherent although some cortical folds lack fine detail. Surfaces display a waxy texture with subtle repetitive background elements.
"a blue anatomically correct human brain made of metal, warm color, long-shot, anime style",sd1.5_lowstep_265.jpg,265,2.671047584,0.480231143,2.438348501,0.687816043,A centered digital illustration shows a colorful stylized human brain from above. The subject is structurally coherent with clearly defined hemispheres and surface folds. Surfaces exhibit a waxy smoothness alongside repetitive background textures.
"a blue anatomically correct human brain made of metal, warm color, long-shot, anime style",sd1.5_normal_265.jpg,265,2.897963605,0.676657901,3.033904884,0.468955012,"A digital illustration displays a lateral view of a human brain on a red field. The brain structure is coherent, although the highlighted region exhibits simplified topology. Textures appear waxy with repetitive fine-line detailing."
"a blue anatomically correct human brain made of metal, warm color, long-shot, anime style",xl2.2_normal_265.jpg,265,2.917313663,0.68501669,2.616801603,0.61912287,A digital illustration shows a profile head with a large exposed blue brain. The subject's anatomy is recognizable despite some stylized neck distortion. Surfaces appear smooth and waxy with consistent lighting.
"scottish stone cairn inside a glass jar buried in sand, cold color, close-up, sci-fi style",AttnGAN_normal_266.jpg,266,1.056441469,0.192643162,0.822284653,0.536242236,"A heavily blurred digital painting shows distorted organic forms in an indistinct interior. Subject structures are completely malformed, fused, and lack recognizable anatomical coherence. The image exhibits extreme oversmoothing, flat textures, and undefined edges."
"scottish stone cairn inside a glass jar buried in sand, cold color, close-up, sci-fi style",DALLE2_normal_266.jpg,266,2.630872609,0.498768714,3.056705093,0.542011433,A small glass vial containing fragments rests on a cyan-tinted rocky surface. The bottle shows malformed geometry with fused contents and unclear glass boundaries. Significant global blur and waxy textures mask any fine surface detail.
"scottish stone cairn inside a glass jar buried in sand, cold color, close-up, sci-fi style",glide_normal_266.jpg,266,0.778016184,0.365492818,1.617018803,1.233804959,A close-up shows a glass jar containing a distorted organic mass in darkness. The internal subject is severely malformed and lacks coherent anatomical structure. Heavy blurring and oversmoothing obscure all fine details.
"scottish stone cairn inside a glass jar buried in sand, cold color, close-up, sci-fi style",midjourney_lowstep_266.jpg,266,1.904712856,0.680905242,2.580224184,0.748329181,"A glass jar filled with pebbles sits on a sandy surface under moody lighting. Internal stones appear fused and lack distinct boundaries, compromising their structural integrity. Oversmoothing creates waxy textures and eliminates fine surface details."
"scottish stone cairn inside a glass jar buried in sand, cold color, close-up, sci-fi style",midjourney_normal_266.jpg,266,3.923239841,0.777413282,3.417300183,0.356637765,A photorealistic macro shot features a glass jar of rocks on sand. The internal stone geometry is malformed and lacks clear separation. Textures appear waxy with overly smooth edges and synthetic bokeh.
"scottish stone cairn inside a glass jar buried in sand, cold color, close-up, sci-fi style",sd1.5_highcorr_266.jpg,266,3.002885562,0.513108015,3.116693004,0.514310007,"A close-up shows several marked stones inside a glass jar filled with sand. The stones feature distorted, face-like markings that compromise their structural coherence. Visible noise and soft textures reduce the overall perceptual sharpness."
"scottish stone cairn inside a glass jar buried in sand, cold color, close-up, sci-fi style",sd1.5_lowcorr_266.jpg,266,2.988623579,1.053144154,2.665571496,1.118781057,A close-up depicts a glass jar of sand surrounded by pebbles. The glass structure is warped with semantically confusing and fused sand shapes. Waxy textures and softened edges reduce clarity.
"scottish stone cairn inside a glass jar buried in sand, cold color, close-up, sci-fi style",sd1.5_lowstep_266.jpg,266,2.654631009,0.750913443,2.490096099,0.682988128,"A photorealistic close-up shows a spherical stone inside a circular hole in sand. The subject is structurally clear, yet the cast shadow displays a distorted fin shape. Surfaces exhibit waxy smoothing and inconsistent fine-grained texture details."
"scottish stone cairn inside a glass jar buried in sand, cold color, close-up, sci-fi style",sd1.5_normal_266.jpg,266,2.821971923,0.62455922,2.581604166,1.066632674,A glass jar contains a miniature desert landscape under a warm sky. The internal terrain is structurally stable despite indistinct foreground structures. Surfaces exhibit waxy smoothing and a lack of sharp micro-detail.
"scottish stone cairn inside a glass jar buried in sand, cold color, close-up, sci-fi style",xl2.2_normal_266.jpg,266,3.001476926,0.782146284,3.013543571,0.679025817,A clear glass jar holds a stack of blue stones on a surface. The stone stack is stable but the jar rim has malformed bands. Surfaces show waxy textures and lack sharp natural detail.
"beautiful viking woman surrounded by treasure and gold, cold color, long-shot, realistic style",AttnGAN_normal_267.jpg,267,1.112367509,0.767787552,0.902744335,1.074326235,A close-up abstract textured surface shows high-contrast shadows and irregular markings. The subject structure is heavily distorted and semantically unreadable from fused forms. Oversmoothing and inconsistent lighting create flat textures with broken edges.
"beautiful viking woman surrounded by treasure and gold, cold color, long-shot, realistic style",DALLE2_normal_267.jpg,267,2.912636241,0.385901778,3.358399036,0.585371596,"A dark-haired woman sits among treasure chests in a moody fantasy setting. The subject's face is clear, while her hands exhibit distorted finger anatomy. Background textures show pseudo-detail repetition and softened edges."
"beautiful viking woman surrounded by treasure and gold, cold color, long-shot, realistic style",glide_normal_267.jpg,267,1.269146708,0.425814488,0.654641315,0.396338658,"Frontal view of an ornate golden object with a central dark panel. Ornamental structures are fused and lack clear geometric or semantic separation. Surfaces display a melted, waxy quality with significant boundary softening."
"beautiful viking woman surrounded by treasure and gold, cold color, long-shot, realistic style",midjourney_lowstep_267.jpg,267,2.776694622,0.460433602,2.330906752,0.626118607,"A digital illustration features a red-haired woman against an orange background. The subject's face is clear, but her hands and torso merge into the foreground. Textures appear waxy and oversmoothed with softened edge definitions."
"beautiful viking woman surrounded by treasure and gold, cold color, long-shot, realistic style",midjourney_normal_267.jpg,267,3.92991447,0.318910194,3.360542467,0.932845712,"A seated woman in fantasy garb sits amidst a dense cluster of objects. The subject is structurally stable, though hands and peripheral items show minor distortion. Details show mild oversmoothing and pseudo-texture patterns."
"beautiful viking woman surrounded by treasure and gold, cold color, long-shot, realistic style",sd1.5_highcorr_267.jpg,267,3.129903806,0.395976573,3.291606502,0.57459786,"A digital painting portrays a woman in fantasy attire amidst gold coins. The subject's face is clear, but her hand displays malformed, fused fingers. Skin appears waxy and background textures show significant repetition."
"beautiful viking woman surrounded by treasure and gold, cold color, long-shot, realistic style",sd1.5_lowcorr_267.jpg,267,2.871898573,0.647675507,2.467831921,0.601759429,A digital painting shows a female warrior in ornate armor against a misty background. The subject is recognizable but has malformed fingers and awkward armor geometry. Textures appear waxy and backgrounds lack sharp detail.
"beautiful viking woman surrounded by treasure and gold, cold color, long-shot, realistic style",sd1.5_lowstep_267.jpg,267,3.195617381,0.426949656,2.678331145,0.537606169,A digital painting portrays a female fantasy warrior with a staff before mountains. The subject remains structurally readable despite visible fusion in the hand and arm gear. Textures appear waxy while background details exhibit heavy oversmoothing.
"beautiful viking woman surrounded by treasure and gold, cold color, long-shot, realistic style",sd1.5_normal_267.jpg,267,2.888789697,0.603255329,1.824290847,0.818954368,A frontal portrait of a blonde woman in fantasy armor against clouds. Fused fingers on her hands and floating shoulder spears break structural coherence. Waxy skin smoothing and repetitive fur tiling affect surface realism.
"beautiful viking woman surrounded by treasure and gold, cold color, long-shot, realistic style",xl2.2_normal_267.jpg,267,3.852708154,0.401786007,2.628670045,0.727831046,A horned woman poses with a lantern in a dark fantasy illustration. Her facial structure and hand anatomy show subtle distortion and unnatural fusion. Textures appear oversmoothed with weak background detail and edge definition.
"european woodcut of a wooden sailing vessel on a stormy, cold color, blurred detail, anime style",AttnGAN_normal_270.jpg,270,0.875752826,0.420010054,0.864811115,0.630528357,A surreal digital image displays distorted faces within a dense floral background. The central figures are structurally malformed with fused features and warped geometry. Global textures appear waxy and oversmoothed with melted boundaries.
"european woodcut of a wooden sailing vessel on a stormy, cold color, blurred detail, anime style",DALLE2_normal_270.jpg,270,1.262923612,0.514537315,2.324182247,1.200311516,"A close-up of a sailing ship's sails in a high-contrast metallic style. The ship's structure is severely warped and fused, reducing semantic readability. Waxy textures show repetitive patterns and softened edges."
"european woodcut of a wooden sailing vessel on a stormy, cold color, blurred detail, anime style",glide_normal_270.jpg,270,1.528177025,0.541776586,2.153439652,0.911501279,A stylized sketch shows a red sailboat on a plain background. The vessel displays severe structural distortion with malformed sails and chaotic internal lines. Bold outlines exhibit inconsistent thickness and minor edge softening throughout.
"european woodcut of a wooden sailing vessel on a stormy, cold color, blurred detail, anime style",midjourney_lowstep_270.jpg,270,2.363781612,0.834506115,3.10230551,1.056092457,A digital painting of a sailing ship on rough seas under clouds. The ship's structure is malformed with masts and sails fused into an indistinct shape. Heavy global oversmoothing eliminates fine textures and sharp edges.
"european woodcut of a wooden sailing vessel on a stormy, cold color, blurred detail, anime style",midjourney_normal_270.jpg,270,3.757702826,0.469144515,3.465014103,0.566099379,A vintage-style engraving depicts a large sailing ship on rough seas. The ship's structure is mostly stable despite some complex rigging ambiguities. Background textures show slight softening and repetitive wave patterns.
"european woodcut of a wooden sailing vessel on a stormy, cold color, blurred detail, anime style",sd1.5_highcorr_270.jpg,270,3.374329815,0.547428592,3.347266947,0.972087849,A framed digital painting displays a red sailboat on turbulent waters. The vessel shows a simplified hull shape and fused rigging lines. Textures exhibit waxy smoothing and repetitive wave patterns.
"european woodcut of a wooden sailing vessel on a stormy, cold color, blurred detail, anime style",sd1.5_lowcorr_270.jpg,270,3.024480393,0.360726915,2.931303945,0.383238348,"A framed painting shows a sailing ship on a rough sea under a cloudy sky. The hull is stable, but sails exhibit distorted rigging and flattened volume. Textures show mild flatness and repetitive pseudo-detailing."
"european woodcut of a wooden sailing vessel on a stormy, cold color, blurred detail, anime style",sd1.5_lowstep_270.jpg,270,3.102719445,0.484050488,3.214232789,0.709930774,A digital painting depicts a sailing ship on choppy ocean waves. The ship's rigging and sail attachments appear tangled and structurally illogical. Textures exhibit waxy smoothness and repetitive wave patterns.
"european woodcut of a wooden sailing vessel on a stormy, cold color, blurred detail, anime style",sd1.5_normal_270.jpg,270,2.831741764,0.824240222,3.165462896,0.810019227,"A stylized graphic artwork features a sailboat on a textured sea. The vessel's hull and mast are well-formed, while the sail remains a solid void. Uniform fine-grained noise is visible across all flat color fields."
"european woodcut of a wooden sailing vessel on a stormy, cold color, blurred detail, anime style",xl2.2_normal_270.jpg,270,2.788955814,0.382690741,3.080115584,0.701627667,A stylized illustration depicts a sailboat on water under a dramatic sky. The sailboat's structure is stable and semantically readable within its artistic style. Flat textures and repetitive wave patterns reduce naturalistic surface detail.
"the gold skull coming out from open cracked marble head, cold color, hyper detail, sci-fi style",AttnGAN_normal_271.jpg,271,0.712778692,0.720126386,1.123081248,1.206849974,"A close-up of abstract, distorted organic forms against a dark background. The subject features heavily warped and fused structures lacking semantic readability. Blurring and waxy textures obscure details across the frame."
"the gold skull coming out from open cracked marble head, cold color, hyper detail, sci-fi style",DALLE2_normal_271.jpg,271,2.980532355,1.066636797,3.291606502,0.701478391,"A centered close-up depicts a reflective glass skull amidst shattered ice fragments. The subject is structurally stable, although the jaw teeth are fused and malformed. Deep shadows and waxy surfaces reduce textural clarity."
"the gold skull coming out from open cracked marble head, cold color, hyper detail, sci-fi style",glide_normal_271.jpg,271,1.554207475,0.619729642,1.519124647,0.641990608,"A shiny golden skull is shown as a digital 3D render on white. The anatomy is severely warped with fused nasal cavities and a broken jawline. Rendering shows waxy textures, soft boundaries, and inconsistent specular highlights."
"the gold skull coming out from open cracked marble head, cold color, hyper detail, sci-fi style",midjourney_lowstep_271.jpg,271,3.30238721,0.501766543,2.860651067,0.963354327,A 3D rendered golden skull is set against a smoky background. The subject displays softened anatomy with fused teeth and indistinct sutures. Pervasive oversmoothing and flat textures reduce the image's perceptual sharpness.
"the gold skull coming out from open cracked marble head, cold color, hyper detail, sci-fi style",midjourney_normal_271.jpg,271,3.989769364,0.778207299,3.746430529,0.573303753,A 3D rendered golden skull with blue fragments sits on a dark cracked surface. Skull anatomy is structurally stable and semantically clear despite stylized fragmentation. Crisp metallic textures contrast with softened background surface details.
"the gold skull coming out from open cracked marble head, cold color, hyper detail, sci-fi style",sd1.5_highcorr_271.jpg,271,2.776844014,1.106535569,2.545756544,1.255025022,A centered close-up depicts a metallic gold skull against a swirling background. The subject is recognizable but features malformed teeth and distorted facial bones. Background textures show repetitive patterns and the surface lacks fine detail.
"the gold skull coming out from open cracked marble head, cold color, hyper detail, sci-fi style",sd1.5_lowcorr_271.jpg,271,2.882005876,0.645213215,2.554178395,0.510227002,A digital sketch shows a human skull wearing sunglasses against a plain background. The skull features unnatural surface fracturing and inconsistent dental anatomy. Dense textural patterns show repetition and slight softening in deep shadow regions.
"the gold skull coming out from open cracked marble head, cold color, hyper detail, sci-fi style",sd1.5_lowstep_271.jpg,271,4.04445907,0.631752941,3.202378717,0.631780127,"A centered frontal view of a golden metallic skull on a marbled surface. The subject structure is stable, though the cranial material transition appears slightly fused. Surfaces display minor waxy smoothing and repetitive pseudo-detail patterns."
"the gold skull coming out from open cracked marble head, cold color, hyper detail, sci-fi style",sd1.5_normal_271.jpg,271,3.292854479,0.596901227,2.746134145,0.666043095,"A frontal digital illustration of a stylized human skull on a black background. The skull features malformed cheekbones and simplified, blocky dental structures. Surfaces appear waxy with inconsistent edge definition on the outline."
"the gold skull coming out from open cracked marble head, cold color, hyper detail, sci-fi style",xl2.2_normal_271.jpg,271,3.645251835,0.725683738,3.422276555,0.624728106,A digital illustration depicts a stylized faceted human skull in side profile view. The subject exhibits coherent anatomy with minor dental irregularities and abstract flowing details. Smooth textures and clean edges dominate the overall composition.
"frontal portrait of female adult twins in the apocalypse, warm color, soft lighting, realistic style",AttnGAN_normal_272.jpg,272,0.79958578,0.384147354,0.432769184,0.469000019,A close-up of a partially visible human head in a dark environment. The subject's facial structure is heavily obscured and lacks clear readability. Severe global blur and heavy noise dominate the visual field.
"frontal portrait of female adult twins in the apocalypse, warm color, soft lighting, realistic style",glide_normal_272.jpg,272,1.575270793,0.674070612,1.016417548,1.494094922,A close-up profile of a bird's head against a solid black background. The bird's head is structurally coherent but displays softened geometry and indistinct plumage. Heavy oversmoothing flattens textures and removes sharp micro-details everywhere.
"frontal portrait of female adult twins in the apocalypse, warm color, soft lighting, realistic style",midjourney_lowstep_272.jpg,272,3.320012924,0.721461272,3.503116192,0.619248002,A digital painting portrays two women in orange hoods against a warm background. The subjects' fused shoulders lack clear anatomical separation between the two figures. Global oversmoothing produces waxy textures and softened edge definitions.
"frontal portrait of female adult twins in the apocalypse, warm color, soft lighting, realistic style",midjourney_normal_272.jpg,272,3.598832173,0.410260019,3.423247647,0.422974577,A close-up portrait presents two identical faces under dramatic lighting. Subjects maintain stable facial geometry but possess unnatural surface textures. Global lighting is inconsistent and fine details appear somewhat softened.
"frontal portrait of female adult twins in the apocalypse, warm color, soft lighting, realistic style",sd1.5_highcorr_272.jpg,272,2.989757839,0.739284785,3.078582412,0.691078164,A digital portrait depicts two identical red-haired women side-by-side. The subjects' heads fuse unnaturally at the crown with malformed shoulder anatomy. Skin textures appear overly smooth and waxy across the frame.
"frontal portrait of female adult twins in the apocalypse, warm color, soft lighting, realistic style",sd1.5_lowcorr_272.jpg,272,2.474845943,1.025894557,2.784549692,0.710307937,Two mirrored anime-style females face opposite directions against a warm background. Subjects show plausible anatomy but contain illegible text and simplified features. Skin appears waxy and hair lacks fine detail.
"frontal portrait of female adult twins in the apocalypse, warm color, soft lighting, realistic style",sd1.5_lowstep_272.jpg,272,3.416483075,0.836991395,3.348349994,0.521865864,A digital illustration features two female heads facing different directions. The left face contains misaligned eyes and a distorted nasal structure. Skin surfaces appear waxy with indistinct boundary definitions.
"frontal portrait of female adult twins in the apocalypse, warm color, soft lighting, realistic style",sd1.5_normal_272.jpg,272,2.334263842,0.56284114,3.043027845,0.658773822,"Two identical red-haired female characters stand against a cloudy blue sky. The subjects exhibit structural fusion at the heads and repetitive, cloned anatomy. Flat textures and simplified line work dominate the visual field."
"frontal portrait of female adult twins in the apocalypse, warm color, soft lighting, realistic style",xl2.2_normal_272.jpg,272,3.658936789,0.673200826,3.531237092,0.448913691,Two identical women stand in a grassy field under a cloudy sky. The twin subjects are structurally sound but exhibit subtle facial distortions. Textures appear waxy and edges show inconsistent sharpness.
"angled photograph of an abandoned train cart during dusk, cold color, soft lighting, baroque style",AttnGAN_normal_274.jpg,274,0.965602553,0.351987104,0.922226041,1.063339529,A blurred human figure stands against a textured rocky cliff background. The subject's structure is severely malformed and fused with the environment. Heavy oversmoothing and melting textures obscure all fine details.
"angled photograph of an abandoned train cart during dusk, cold color, soft lighting, baroque style",DALLE2_normal_274.jpg,274,3.419625599,0.694951665,2.951467196,1.073482605,A weathered freight train car sits on tracks viewed from a low angle. Nonsensical markings cover the side panels and the rear coupling lacks logical geometry. Foreground vegetation is blurred and metallic surfaces show unnatural texture smoothing.
"angled photograph of an abandoned train cart during dusk, cold color, soft lighting, baroque style",glide_normal_274.jpg,274,0.402281536,0.78038242,0.92160537,0.847997171,A dark outdoor silhouette appears under a saturated orange-red sky. The central subject is structurally vague and semantically obscured by heavy underexposure. Extreme blurring and compression noise destroy all local texture detail.
"angled photograph of an abandoned train cart during dusk, cold color, soft lighting, baroque style",midjourney_lowstep_274.jpg,274,2.03716536,0.58143881,3.202378717,0.742251973,A blurred boxcar sits on tracks beneath a warm twilight sky. The vehicle’s wheels and undercarriage are malformed and structurally incoherent. Widespread blurring flattens textures and destroys edge definition.
"angled photograph of an abandoned train cart during dusk, cold color, soft lighting, baroque style",midjourney_normal_274.jpg,274,3.494295005,0.548546505,2.839729721,0.331880878,A rusty mine cart sits on tracks in a dark forest. The subject is clear but features distorted wheels and illegible side markings. Background trees are oversmoothed and textures appear flat with weak edges.
"angled photograph of an abandoned train cart during dusk, cold color, soft lighting, baroque style",sd1.5_highcorr_274.jpg,274,3.590592228,0.834696848,3.483126252,0.962528793,A sepia-toned image depicts a ruined wooden train car in a field. The vehicle's undercarriage and wheels are structurally malformed with fused parts. Foreground textures exhibit repetitive pseudo-detailing and unnatural surface consistency.
"angled photograph of an abandoned train cart during dusk, cold color, soft lighting, baroque style",sd1.5_lowcorr_274.jpg,274,3.544840924,0.871976037,3.019153218,1.221817522,"A low-angle shot captures a weathered, rusted railway car under warm light. The vehicle structure is coherent, though small hardware details appear slightly fused. Rust textures show subtle pseudo-detailing and waxy surface smoothing."
"angled photograph of an abandoned train cart during dusk, cold color, soft lighting, baroque style",sd1.5_lowstep_274.jpg,274,3.025091285,0.753981654,3.390969755,0.711672205,A monochrome image depicts a weathered tram car in an overgrown forest. The vehicle's structure is heavily warped with melted contours and fused components. Textures show oversmoothing and edges lack precise local definition.
"angled photograph of an abandoned train cart during dusk, cold color, soft lighting, baroque style",sd1.5_normal_274.jpg,274,3.568964411,0.512858429,3.050789396,0.860604503,A weathered magenta railcar stands on tracks against a wooded backdrop. The railcar is structurally coherent but has malformed window vents and a door artifact. Metal surfaces show waxy textures and softened edge definition.
"angled photograph of an abandoned train cart during dusk, cold color, soft lighting, baroque style",xl2.2_normal_274.jpg,274,3.628001993,0.685603341,2.971918712,0.665763259,"A rusted train car stands on snowy tracks before a dark forest. The subject's lower frame is malformed and fused, lacking clear separation. Ground textures appear waxy while background foliage shows softened detail."
"a vibrant emotional key shot of cute australian shepherd, cold color, HDR lighting, anime style",AttnGAN_normal_275.jpg,275,1.327820967,0.44865773,0.898350097,1.11819251,A digital painting shows a distorted human face in profile against an abstract background. The subject shows severe anatomical distortion with indistinct features and a melted structure. Waxy textures lack sharp definition and show pervasive pseudo-detail.
"a vibrant emotional key shot of cute australian shepherd, cold color, HDR lighting, anime style",DALLE2_normal_275.jpg,275,2.233675103,0.82798687,2.211793876,0.876790781,A close-up digital portrait of an Australian Shepherd dog under vibrant blue lighting. The subject displays significant facial distortion with a malformed muzzle and fused teeth. Global oversmoothing results in waxy textures and indistinct fur boundaries.
"a vibrant emotional key shot of cute australian shepherd, cold color, HDR lighting, anime style",glide_normal_275.jpg,275,1.224345064,0.406981417,1.709939693,0.989342744,A close-up profile of a dog's head against a plain white background. The dog's face is recognizable but marred by unnatural blue discoloration. Extreme contrast crushes detail while edges remain softly blurred.
"a vibrant emotional key shot of cute australian shepherd, cold color, HDR lighting, anime style",midjourney_lowstep_275.jpg,275,2.520123245,0.309914054,2.569666194,0.825570907,A stylized close-up of a dog's head against a dark background. The facial structure is clear but the eye appears malformed and discolored. Heavy smoothing creates a waxy texture with no discernible fine detail.
"a vibrant emotional key shot of cute australian shepherd, cold color, HDR lighting, anime style",midjourney_normal_275.jpg,275,3.682240656,0.480827818,3.059123051,0.861223509,A photorealistic close-up portrait of a spotted dog against a dark background. The canine subject exhibits stable anatomy but contains unnatural blue facial markings. Fur textures show subtle waxy smoothing and inconsistent lighting.
"a vibrant emotional key shot of cute australian shepherd, cold color, HDR lighting, anime style",sd1.5_highcorr_275.jpg,275,3.494295005,0.755327648,3.299094897,0.747312528,A stylized close-up portrait of a tricolor Australian Shepherd against a neutral background. The dog’s facial structure is coherent despite unnaturally glassy and flat eyes. Fur textures show waxy smoothing with inconsistent purple and green color shifts.
"a vibrant emotional key shot of cute australian shepherd, cold color, HDR lighting, anime style",sd1.5_lowcorr_275.jpg,275,3.374823956,0.384925924,2.951467196,0.795459704,"A close-up portrait features a panting Australian Shepherd against a blurred landscape. The canine head is structurally stable, while the raised forelimb appears anatomically disconnected. Fur textures show minor oversmoothing and localized loss of fine strand definition."
"a vibrant emotional key shot of cute australian shepherd, cold color, HDR lighting, anime style",sd1.5_lowstep_275.jpg,275,3.623856989,0.829376026,3.232987189,0.945071829,"A photorealistic close-up portrait of an Australian Shepherd dog against a blurred background. The dog's face is coherent, though the tongue base shows subtle ambiguity. Fur surfaces appear waxy with softened edge definitions."
"a vibrant emotional key shot of cute australian shepherd, cold color, HDR lighting, anime style",sd1.5_normal_275.jpg,275,3.306433702,0.658222847,3.146889346,1.097371283,A close-up photorealistic portrait of a smiling Australian Shepherd with blue eyes. The subject's facial structure is coherent and anatomically stable across all features. Slight oversmoothing affects the outer fur textures and background transitions.
"a vibrant emotional key shot of cute australian shepherd, cold color, HDR lighting, anime style",xl2.2_normal_275.jpg,275,3.610752151,0.528556817,3.386721989,0.391309783,A stylized digital portrait of a heterochromatic dog against a swirling background. The canine subject exhibits stable facial structure with minor ambiguity near the mouth. Vibrant colors and sharp edges lack significant artifacts.
"portrait photo still of a spooky scarecrow holding a gift, top view, close-up, sci-fi style",AttnGAN_normal_276.jpg,276,0.333282167,1.012071377,0.530505137,0.782302106,A cropped close-up shows abstract human skin fragments on a plain background. The subject lacks coherent anatomy with malformed and unrecognizable organic forms. Heavy blurring and flat textures obscure all detail across the frame.
"portrait photo still of a spooky scarecrow holding a gift, top view, close-up, sci-fi style",DALLE2_normal_276.jpg,276,3.127756575,0.40728673,3.197097634,0.444713521,A high-angle portrait depicts a person in mime paint holding a gift box. The subject's hands exhibit significant anatomical distortion and unnatural purple discoloration. Facial skin appears waxy with softened ribbon edges.
"portrait photo still of a spooky scarecrow holding a gift, top view, close-up, sci-fi style",glide_normal_276.jpg,276,0.64666085,0.894124488,0.44196185,0.495494588,"A marginal close-up shows abstract golden strands on a black field. The subject is structurally incoherent, consisting of fused and broken fragments. Severe aliasing and lack of detail characterize the visual output."
"portrait photo still of a spooky scarecrow holding a gift, top view, close-up, sci-fi style",midjourney_lowstep_276.jpg,276,2.343163678,0.566556845,3.10133505,0.746803021,A masked figure in a hat holds a red apple from a top-down view. The subject's hands are malformed and fused with the object. Global blur and waxy textures reduce overall perceptual clarity.
"portrait photo still of a spooky scarecrow holding a gift, top view, close-up, sci-fi style",midjourney_normal_276.jpg,276,3.361858495,0.475661667,3.307507387,0.438398863,A masked scarecrow figure holds a gift box on a bed of straw. The subject structure is coherent despite slight fusion in the gloved digits. Fabric textures exhibit mild oversmoothing and a waxy finish.
"portrait photo still of a spooky scarecrow holding a gift, top view, close-up, sci-fi style",sd1.5_highcorr_276.jpg,276,3.106014094,0.404474282,3.249433797,0.543804036,A stylized black figure with a top hat lies on a fibrous surface. The subject's elongated fingers appear fused and the small mask looks malformed. Background textures exhibit repetitive tiling patterns lacking variation.
"portrait photo still of a spooky scarecrow holding a gift, top view, close-up, sci-fi style",sd1.5_lowcorr_276.jpg,276,3.255352906,0.405849614,3.075619946,0.557972363,A hooded figure in a skull mask holds a box of pumpkins. The subject shows malformed hands and pumpkins alongside confusing facial mask details. Repetitive textures and faint background artifacts diminish perceptual clarity.
"portrait photo still of a spooky scarecrow holding a gift, top view, close-up, sci-fi style",sd1.5_lowstep_276.jpg,276,3.490797944,0.456442401,3.483126252,0.467695065,A stylized scarecrow figure rests on a fibrous brown surface with a card. The subject is recognizable despite malformed fused fingers and simplified facial geometry. Background textures show repetitive patterns and subtle melting artifacts.
"portrait photo still of a spooky scarecrow holding a gift, top view, close-up, sci-fi style",sd1.5_normal_276.jpg,276,3.007690801,0.373097672,3.024436368,0.443565104,A pumpkin-headed scarecrow holds a blue gift box against a dark wall. Distorted twig arms and a strange pumpkin hat reduce semantic readability. Subtle background streaking and softened edges affect quality.
"portrait photo still of a spooky scarecrow holding a gift, top view, close-up, sci-fi style",xl2.2_normal_276.jpg,276,3.487792991,0.518903921,3.348349994,0.488046156,"A person in a scarecrow mask holds a gift box against a dark background. The subject is coherent, though gloved hands show minor structural distortion. Glove textures appear slightly waxy while edges stay sharp."
"plasticine sculptures of two lovers walking through paris, top view, long-shot, realistic style",AttnGAN_normal_277.jpg,277,0.859637576,0.345503594,0.582882463,0.484328933,A close-up shows a hand holding a white object against a dark grid background. The hand anatomy is distorted with fused fingers and an unclear grip. Heavy blur and flat waxy textures obscure all detail.
"plasticine sculptures of two lovers walking through paris, top view, long-shot, realistic style",DALLE2_normal_277.jpg,277,2.757389397,0.552756488,2.475299774,0.559521531,A stylized 3D-rendered couple stands before a miniature urban street scene. The embracing figures maintain coherent simplified anatomy within an abstract style. Surfaces exhibit flat waxy textures and softened edge definitions.
"plasticine sculptures of two lovers walking through paris, top view, long-shot, realistic style",glide_normal_277.jpg,277,1.385522531,0.47347537,1.075675159,0.579956351,A dark silhouette of the Eiffel Tower stands against a blue sky. The tower's lower structure is distorted with messy and undefined lattice details. Heavy compression noise and softness degrade the image's overall clarity.
"plasticine sculptures of two lovers walking through paris, top view, long-shot, realistic style",midjourney_lowstep_277.jpg,277,2.532240117,0.441071522,2.689956442,0.633932193,A rear view of two miniature figures walking hand-in-hand on a path. The figures are structurally coherent but exhibit slight fusion at the hands. Heavy smoothing leads to flat textures and indistinct surface details.
"plasticine sculptures of two lovers walking through paris, top view, long-shot, realistic style",midjourney_normal_277.jpg,277,3.285220668,0.494788471,2.951467196,0.75428476,Two miniature figurines stand on a cobblestone street in a diorama city. The human figures exhibit stable anatomy and clear semantic readability from behind. Shallow focus creates soft textures and blurred background details.
"plasticine sculptures of two lovers walking through paris, top view, long-shot, realistic style",sd1.5_highcorr_277.jpg,277,2.478101113,0.967828689,2.389907299,0.933577356,Two small stylized figurines stand on a plain grey textured surface. The subjects display highly simplified geometry with fused and featureless body parts. Heavy blurring obscures fine textures and softens all object boundaries.
"plasticine sculptures of two lovers walking through paris, top view, long-shot, realistic style",sd1.5_lowcorr_277.jpg,277,1.264773637,0.810292103,0.980862981,0.852200336,A split-screen displays a grayscale stylized figure and a multi-limbed creature. The figure's anatomy is distorted while the creature's dorsal appendages look crowded. Image textures show graininess and softened edge details.
"plasticine sculptures of two lovers walking through paris, top view, long-shot, realistic style",sd1.5_lowstep_277.jpg,277,2.715217134,0.546356392,2.258697793,1.031770828,"Blurry close-up of miniature clay-style human figures on a flat plane. Foreground figures are structurally incomplete, appearing as limbless, faceless organic blobs. Extreme defocus renders all boundaries and textures indistinct."
"plasticine sculptures of two lovers walking through paris, top view, long-shot, realistic style",sd1.5_normal_277.jpg,277,2.625770283,0.529518124,2.963619274,0.536068947,"Stylized clay-like human figurines stand on a cracked ground from a high angle. Figures are recognizable but show simplified, slightly malformed anatomy with fused limbs. Textures appear flat and waxy with softened fine details in the scene."
"plasticine sculptures of two lovers walking through paris, top view, long-shot, realistic style",xl2.2_normal_277.jpg,277,3.593502309,0.824398423,2.85340349,0.990854754,Two miniature figures walk on a wet cobblestone path lined with green bushes. The stylized subjects possess coherent forms and clear semantic readability. Heavy blur and repetitive textures dominate the global perceptual field.
"dark grey skinned female goblin with an oversized red axe, elevation view, close-up, abstract style",AttnGAN_normal_278.jpg,278,1.213024111,0.765827455,1.146784292,0.559434403,"A close-up view of abstract, glossy, and heavily distorted organic forms. The subject's structure is malformed and semantically confusing due to extreme feature fusion. Surfaces exhibit waxy textures and inconsistent edge definitions throughout the image."
"dark grey skinned female goblin with an oversized red axe, elevation view, close-up, abstract style",DALLE2_normal_278.jpg,278,2.03716536,0.892695472,2.963619274,0.542330761,A close-up shows a stylized grey figure holding a large red axe. Facial anatomy is distorted with a malformed nose and confusing scalp region. Surfaces appear waxy with smooth textures and artificial highlights.
"dark grey skinned female goblin with an oversized red axe, elevation view, close-up, abstract style",glide_normal_278.jpg,278,0.962676083,0.63218653,1.363526821,1.107640991,A blurry red and black robot stands centered on a white background. The subject's geometry is broken with fused limbs and a featureless torso. Heavy blur and softness obscure all textural information.
"dark grey skinned female goblin with an oversized red axe, elevation view, close-up, abstract style",midjourney_lowstep_278.jpg,278,2.093677968,0.537264045,2.69321342,1.134503783,A digital painting shows a red demon with glowing eyes on a gray background. The subject's face and hand are structurally warped with indistinct anatomical boundaries. Heavy blurring and waxy textures obscure image details.
"dark grey skinned female goblin with an oversized red axe, elevation view, close-up, abstract style",midjourney_normal_278.jpg,278,3.703369342,0.193081381,2.628670045,0.650331085,A digital illustration features a muscular demon wielding a double-headed scythe. The character shows distorted limb joints and fused hand structures harming plausibility. Surfaces appear waxy with softened edge definitions throughout the composition.
"dark grey skinned female goblin with an oversized red axe, elevation view, close-up, abstract style",sd1.5_highcorr_278.jpg,278,0.402281536,0.936608861,1.289002558,0.918706739,A blurred figure with red features appears on a plain background. Subject anatomy and form are completely obscured by extreme blur. Extreme global blur eliminates all texture and edge definition.
"dark grey skinned female goblin with an oversized red axe, elevation view, close-up, abstract style",sd1.5_lowcorr_278.jpg,278,1.991888058,0.755173968,2.139899198,1.044993347,A digital painting of a red-skinned horned humanoid against a plain background. The subject's face is severely distorted with misaligned eyes and malformed features. Textures appear waxy with softened detail and flat shading.
"dark grey skinned female goblin with an oversized red axe, elevation view, close-up, abstract style",sd1.5_lowstep_278.jpg,278,0.385031694,0.855643322,1.111229725,1.261092143,A heavily blurred figure in a dark suit with red accents on a grey background. The subject lacks discernible structure or semantic clarity due to extreme blur. Severe oversmoothing eliminates all details and edge definition.
"dark grey skinned female goblin with an oversized red axe, elevation view, close-up, abstract style",sd1.5_normal_278.jpg,278,1.195529412,0.671266546,1.271370324,0.988600133,A close-up of a stylized grey creature's head on a red background. The subject exhibits a simplified facial structure with a distorted jaw area. Grey surfaces appear flat with minimal texture detail variation.
"dark grey skinned female goblin with an oversized red axe, elevation view, close-up, abstract style",xl2.2_normal_278.jpg,278,2.674859949,0.833010092,2.714341389,0.50291785,A stylized goblin warrior wields a giant scythe before a full moon. The figure's hands are fused and lack distinct finger definition. Textures and edges show no dominant local artifact.
"table with everything ready for 5 o'clock at flower garden, elevation view, long-shot, baroque style",AttnGAN_normal_279.jpg,279,0.807856712,0.480739002,0.686697692,0.656415613,"Abstract organic shapes appear on a vibrant, high-contrast background. The subject is composed of heavily fused and structurally unstable forms. Textures show significant waxiness and blurred boundary definitions."
"table with everything ready for 5 o'clock at flower garden, elevation view, long-shot, baroque style",DALLE2_normal_279.jpg,279,3.380391978,0.444697498,3.250130605,0.676990096,"A high-angle view shows a sunlit outdoor dining table set in a garden. Tableware, chairs, and the central floral display exhibit severe melting, fusion, and warping. Surfaces show waxy textures and pseudo-details with inconsistent lighting and soft edges."
"table with everything ready for 5 o'clock at flower garden, elevation view, long-shot, baroque style",glide_normal_279.jpg,279,1.433419401,0.387883881,1.474049467,0.740913843,A long table with a pink cloth sits on a lawn with distorted chairs. Table legs and background chairs are malformed and lack coherent geometric structure. Heavy blur and crushed shadows degrade the overall visual clarity.
"table with everything ready for 5 o'clock at flower garden, elevation view, long-shot, baroque style",midjourney_lowstep_279.jpg,279,2.015840767,0.453640001,2.243796519,0.95157314,"A blurry outdoor scene shows a table, two chairs, and plates. The furniture structure is recognizable but lacks sharpness and geometric precision. Severe global oversmoothing flattens textures and melts all visible boundaries."
"table with everything ready for 5 o'clock at flower garden, elevation view, long-shot, baroque style",midjourney_normal_279.jpg,279,3.636963354,0.566993432,2.247340947,1.014008811,A photorealistic garden scene displays an ornate table with a vase and a bench. The furniture group remains structurally stable despite minor bench backrest complexity. Dense greenery exhibits mild oversmoothing and low-detail texture.
"table with everything ready for 5 o'clock at flower garden, elevation view, long-shot, baroque style",sd1.5_highcorr_279.jpg,279,3.748170985,0.335835783,2.36794927,0.674209213,"Outdoor dining tables set with white linens, glassware, and vibrant floral centerpieces. Subjects are semantically clear but show localized geometric instability and fused botanical parts. The image exhibits significant softening, flat textures, and inconsistent edge clarity."
"table with everything ready for 5 o'clock at flower garden, elevation view, long-shot, baroque style",sd1.5_lowcorr_279.jpg,279,3.787294638,0.573444631,2.714341389,0.771357305,A realistic interior features a long dining table set with plates and flowers. Tableware and centerpieces show blurred forms and semantically confusing surface details. Textures appear waxy with softened edges and inconsistent local detail.
"table with everything ready for 5 o'clock at flower garden, elevation view, long-shot, baroque style",sd1.5_lowstep_279.jpg,279,3.607224609,0.655867994,3.10133505,0.56556746,A photorealistic indoor scene shows a round dining table set with a floral centerpiece. Tableware and cutlery exhibit significant malformation and structurally implausible geometry. Overall sharpness is low with waxy textures and inconsistent lighting.
"table with everything ready for 5 o'clock at flower garden, elevation view, long-shot, baroque style",sd1.5_normal_279.jpg,279,2.817259418,0.737041314,2.983770234,0.612273077,An outdoor dining set under a large umbrella overlooks a mountain view. Chair geometries and tableware items appear malformed and lack coherent structure. Pervasive blurring and flattened textures reduce overall image clarity and detail.
"table with everything ready for 5 o'clock at flower garden, elevation view, long-shot, baroque style",xl2.2_normal_279.jpg,279,3.202553327,0.429890285,2.958190852,0.421696568,A photorealistic garden scene features a laden table before a formal hedge maze. The table setting and oversized floral arrangements exhibit minor structural inconsistencies. Textures appear slightly waxy with subtle pseudo-details.
"portrait of a philippine character in a scenic environment, top view, hyper detail, sci-fi style",AttnGAN_normal_281.jpg,281,0.971526322,0.709038661,0.696426448,0.757725798,"A close-up digital painting depicts a colorful butterfly against a soft background. The subject's anatomy is severely distorted by blur, fusing wings and body. Global oversmoothing eliminates texture detail and softens all boundaries."
"portrait of a philippine character in a scenic environment, top view, hyper detail, sci-fi style",DALLE2_normal_281.jpg,281,3.576252467,0.627926608,3.078582412,0.751783888,A close-up profile of a stylized character with dark hair against a blurred landscape. The facial structure is largely coherent despite minor hairline fusion issues. Skin textures appear somewhat waxy while background details are heavily smoothed.
"portrait of a philippine character in a scenic environment, top view, hyper detail, sci-fi style",glide_normal_281.jpg,281,0.701659223,0.395138781,0.679471865,0.475188836,A distorted dark creature stands centered against a solid black background. The subject exhibits severe anatomical distortion with fused limbs and an unreadable facial region. Heavy blurring and noise obscure fine surface details.
"portrait of a philippine character in a scenic environment, top view, hyper detail, sci-fi style",midjourney_lowstep_281.jpg,281,2.869008944,0.45541488,2.877106534,0.227716101,"A digital portrait of a woman set within a hazy, abstract environment. The subject's facial anatomy is stable, but peripheral regions are visually ambiguous. Pervasive oversmoothing and waxy textures reduce the image's perceived sharpness."
"portrait of a philippine character in a scenic environment, top view, hyper detail, sci-fi style",midjourney_normal_281.jpg,281,3.815818605,0.412404276,3.494659672,0.656487449,"A digital sci-fi portrait features a woman in a futuristic mountain setting. The subject's facial structure is coherent, though the headgear appears slightly fused. Skin textures appear waxy while the background exhibits painterly softness."
"portrait of a philippine character in a scenic environment, top view, hyper detail, sci-fi style",sd1.5_highcorr_281.jpg,281,2.821971923,0.243836146,2.868115497,0.897718702,A digital illustration shows a suited figure centered in a stylized green environment. The character's armor exhibits structural confusion with malformed torso details and stiff features. Perceptual quality suffers from flat textures and softened edge definitions.
"portrait of a philippine character in a scenic environment, top view, hyper detail, sci-fi style",sd1.5_lowcorr_281.jpg,281,1.676521125,0.58418893,1.934023105,0.891791895,"A digital illustration portrays a woman against a vast fantasy landscape. The subject suffers from significant anatomical distortion, including malformed hands and warped limbs. Background details show oversmoothing and melting texture patterns."
"portrait of a philippine character in a scenic environment, top view, hyper detail, sci-fi style",sd1.5_lowstep_281.jpg,281,2.975194143,0.689814161,3.61477839,0.577026476,A digital painting shows a female character in futuristic gear over water. The subject's hands and braid show significant malformation and fusion. Textures appear waxy with noticeable background pseudo-detail.
"portrait of a philippine character in a scenic environment, top view, hyper detail, sci-fi style",sd1.5_normal_281.jpg,281,2.972896262,0.428016963,2.617418083,0.633548736,A stylized digital painting shows a robotic figure on a coastal cliff. The mecha's mechanical structure is coherent despite minor limb fusion ambiguity. Background textures show subtle repetition and softening across the landscape.
"portrait of a philippine character in a scenic environment, top view, hyper detail, sci-fi style",xl2.2_normal_281.jpg,281,2.852156791,0.604865507,2.247340947,0.93799862,"A stylized illustration shows a woman sitting on a mountain peak near a tower. The subject is structurally coherent, though her hand holding an object is malformed. Sharp edges and flat shading maintain a consistent artistic quality."
"portrait of beautiful female supermodel wearing olive dress, top view, soft lighting, baroque style",AttnGAN_normal_284.jpg,284,0.471280904,0.806520672,0.838644715,1.223485228,"A close-up of a dark, textured abstract shape on a streaked background. The subject is a structurally ambiguous mass lacking clear semantic readability. Heavy grainy textures and inconsistent color patches dominate."
"portrait of beautiful female supermodel wearing olive dress, top view, soft lighting, baroque style",DALLE2_normal_284.jpg,284,3.593502309,0.572867664,3.149691545,0.91716994,A dramatic high-angle portrait features a woman with a large necklace. The subject's face is coherent but her hand is malformed and the jewelry floats. Skin textures appear waxy with repetitive background patterns.
"portrait of beautiful female supermodel wearing olive dress, top view, soft lighting, baroque style",glide_normal_284.jpg,284,1.674967988,0.30844882,1.073086947,0.881208523,A centered red garment with wide sleeves on a white background. The subject features a malformed collar and indistinct fastening details. Oversmoothed textures and crushed black shadows obscure surface details.
"portrait of beautiful female supermodel wearing olive dress, top view, soft lighting, baroque style",midjourney_lowstep_284.jpg,284,3.257944615,0.880477753,2.798535131,0.409651362,"A painterly portrait of a woman in a dark, atmospheric setting. The face appears stable, but the hands and torso are fused and indistinct. Heavy blurring flattens textures and removes all sharp edge definition."
"portrait of beautiful female supermodel wearing olive dress, top view, soft lighting, baroque style",midjourney_normal_284.jpg,284,4.074643938,0.355213159,3.047185079,0.668757726,"A photorealistic portrait of an elegant woman in a dimly lit interior. The central figure is clear, but hand anatomy exhibits minor structural flaws. Skin appears overly smooth despite the high level of edge definition."
"portrait of beautiful female supermodel wearing olive dress, top view, soft lighting, baroque style",sd1.5_highcorr_284.jpg,284,3.041723666,1.132024565,3.311978472,0.552273736,"A woman in an olive dress leans against a neutral wall. The figure is anatomically stable, though the upper hand shows slight finger fusion. Textures exhibit subtle oversmoothing and artificial repetition."
"portrait of beautiful female supermodel wearing olive dress, top view, soft lighting, baroque style",sd1.5_lowcorr_284.jpg,284,2.882005876,0.633346626,2.69074642,0.377229779,"A photorealistic portrait shows a woman in a green dress against a neutral wall. The subject is stable, though the hands exhibit fused digits and distorted joints. Skin textures appear waxy with generalized oversmoothing and flattened detail."
"portrait of beautiful female supermodel wearing olive dress, top view, soft lighting, baroque style",sd1.5_lowstep_284.jpg,284,3.712425524,0.475550673,3.071061023,0.627127389,A studio portrait shows a woman in an olive dress against a neutral background. The subject's hand contains malformed fingers and the face shows slight asymmetry. Skin appears overly smooth and waxy with noisy belt details.
"portrait of beautiful female supermodel wearing olive dress, top view, soft lighting, baroque style",sd1.5_normal_284.jpg,284,1.927354161,0.442276877,1.94279623,0.863083716,"A woman in an olive dress crosses her arms against a textured wall. Anatomy remains stable, though hand regions show visible softening and slight finger fusion. Surfaces exhibit pervasive waxy oversmoothing and lack micro-texture."
"portrait of beautiful female supermodel wearing olive dress, top view, soft lighting, baroque style",xl2.2_normal_284.jpg,284,3.464427243,0.373479574,3.075619946,0.801164926,A photorealistic portrait features a woman in a dark green gown against a plain backdrop. The subject is stable despite minor distortions in facial features and hands. Skin appears waxy and fabric textures lack crisp definition.
"portrait of an aesthetic kawaii goth woman with long dreads, top view, HDR lighting, anime style",AttnGAN_normal_285.jpg,285,0.701659223,0.214206127,0.282183064,0.454799827,Four dark bird-like shapes fly over a hazy blue atmospheric background. The subjects are severely distorted with broken anatomy and fused body parts. Heavy blur and grain obscure fine details everywhere.
"portrait of an aesthetic kawaii goth woman with long dreads, top view, HDR lighting, anime style",DALLE2_normal_285.jpg,285,3.106014094,0.603588701,2.71557697,0.534590072,A close-up portrait shows a pale woman with long red dreadlocks. Facial structure is stable despite a slightly malformed nose and simplified hair geometry. Oversmoothed skin textures and soft edges diminish detail clarity.
"portrait of an aesthetic kawaii goth woman with long dreads, top view, HDR lighting, anime style",glide_normal_285.jpg,285,1.299273321,0.596363961,1.051972114,0.636979993,A vibrant digital illustration of a stylized toy figure against black. The subject's limbs and face appear malformed and lack anatomical clarity. Heavy blurring obscures textures and edge definition everywhere.
"portrait of an aesthetic kawaii goth woman with long dreads, top view, HDR lighting, anime style",midjourney_lowstep_285.jpg,285,3.075586915,0.373662,2.935379657,0.543694987,"Digital art portrays a woman with long dark hair under dramatic lighting. The face is coherent, though hair exhibits fused strands and lacks definition. Skin appears waxy and edges show significant softening."
"portrait of an aesthetic kawaii goth woman with long dreads, top view, HDR lighting, anime style",midjourney_normal_285.jpg,285,3.958236395,0.589043144,3.358399036,0.846709252,"A digital fantasy portrait features a woman with braided hair and facial markings. The subject's facial anatomy is stable, while the intricate hair shows minor illogical merging. Skin textures appear slightly waxy with softened fine details."
"portrait of an aesthetic kawaii goth woman with long dreads, top view, HDR lighting, anime style",sd1.5_highcorr_285.jpg,285,0.378680654,0.388339056,0.812315573,0.771276147,A heavily blurred figure is centered on a plain pinkish background. The subject's anatomy is completely unrecognizable due to extreme lack of focus. Global oversmoothing eliminates all fine texture and sharp edge information.
"portrait of an aesthetic kawaii goth woman with long dreads, top view, HDR lighting, anime style",sd1.5_lowcorr_285.jpg,285,1.877457019,0.457369622,2.245596149,0.759898991,A digital illustration shows a character with long dreadlocks against a purple background. The subject's facial features and hair display minor structural anomalies and fusion. Textures show slight waxiness and inconsistent edge definition.
"portrait of an aesthetic kawaii goth woman with long dreads, top view, HDR lighting, anime style",sd1.5_lowstep_285.jpg,285,2.309898917,0.330275485,2.429909143,0.74963559,"A portrait features a character with intricate purple and black braided hair. Facial structure is stable, but the necklace pendant is a malformed dark shape. Skin appears waxy and the background has heavy grain."
"portrait of an aesthetic kawaii goth woman with long dreads, top view, HDR lighting, anime style",sd1.5_normal_285.jpg,285,2.135311817,0.378319296,2.49210202,0.391433308,An anime-style illustration shows a figure with long black dreadlocks from behind. Subject anatomy is stable despite unnatural ear size and fused hair root structures. Flat textures and soft edges limit perceived detail.
"portrait of an aesthetic kawaii goth woman with long dreads, top view, HDR lighting, anime style",xl2.2_normal_285.jpg,285,2.996365552,0.686775733,2.86290332,0.889128995,A digital fantasy portrait of a woman with long hair against an ornate background. The subject's facial features and anatomy are structurally coherent and well-defined. Skin appears slightly waxy and background details are repetitive.
"a beautiful painting of old golden samovars of russian empire, close-up, blurred detail, abstract style",AttnGAN_normal_288.jpg,288,0.835015157,0.253986757,0.931603649,0.663803839,"A heavily blurred close-up shows a distorted human face in a dark room. Facial features are malformed and smeared, resulting in poor semantic readability. Extreme global blur and oversmoothing completely obscure fine details."
"a beautiful painting of old golden samovars of russian empire, close-up, blurred detail, abstract style",DALLE2_normal_288.jpg,288,2.339014038,1.01514267,2.784549692,0.717410768,A close-up image displays two ornate golden samovars with shallow focus. The foreground subject maintains general coherence but shows malformed ornaments and warped reflections. Surfaces display waxy textures and softened details with blurred transitions.
"a beautiful painting of old golden samovars of russian empire, close-up, blurred detail, abstract style",glide_normal_288.jpg,288,0.058364586,0.319636166,0.537282046,0.547588214,A heavily blurred red and orange abstract gradient fills the frame. No discernible subject structure or semantic content is visible anywhere. Severe oversmoothing causes a complete loss of edge definition and texture.
"a beautiful painting of old golden samovars of russian empire, close-up, blurred detail, abstract style",midjourney_lowstep_288.jpg,288,2.96825071,0.713925119,3.10230551,1.036185438,"A close-up shows two metallic vessels in a warm, softly lit setting. The subjects retain basic shapes but show softened contours and fused surface details. Heavy oversmoothing creates waxy textures and eliminates fine edge definition."
"a beautiful painting of old golden samovars of russian empire, close-up, blurred detail, abstract style",midjourney_normal_288.jpg,288,2.903508628,1.168859904,3.374870467,0.505269732,A digital painting shows a glowing golden urn on an abstract background. The main subject is recognizable but exhibits fused and poorly defined base feet. Heavy brushstrokes produce a waxy texture with softened edges.
"a beautiful painting of old golden samovars of russian empire, close-up, blurred detail, abstract style",sd1.5_highcorr_288.jpg,288,1.750409116,0.348306235,2.474162417,1.02075112,A close-up shot depicts a golden tiered ornament with vibrant background colors. The subject exhibits distorted tier shapes and nonsensical red markings harming readability. Surfaces show waxy textures and softened edges with minor local inconsistencies.
"a beautiful painting of old golden samovars of russian empire, close-up, blurred detail, abstract style",sd1.5_lowcorr_288.jpg,288,2.196265106,0.554196102,3.054879367,0.637238784,A close-up impressionistic painting displays ornate domes against a vibrant abstract background. The central dome maintains coherence despite indistinct decorative elements and soft geometry. Textures appear painterly with softened edges and inconsistent color transitions.
"a beautiful painting of old golden samovars of russian empire, close-up, blurred detail, abstract style",sd1.5_lowstep_288.jpg,288,2.632073999,0.63039679,3.238617735,0.397711603,"A close-up oil painting shows ornate golden objects against a dark background. The central vessel displays warped geometry and illegible symbolic patterns on its base. Heavy brushstrokes create a waxy, softened texture."
"a beautiful painting of old golden samovars of russian empire, close-up, blurred detail, abstract style",sd1.5_normal_288.jpg,288,2.760431848,1.167021667,3.238617735,0.751991116,A centered golden ornamental object sits before a blue swirling background. The subject is stable but its base contains semantically confusing voids and fused parts. Background swirls show motion blur and fine details lack clarity.
"a beautiful painting of old golden samovars of russian empire, close-up, blurred detail, abstract style",xl2.2_normal_288.jpg,288,2.746169865,0.574004782,3.116693004,0.400244343,"An ornate golden lamp with blue panels fills the frame against a hazy background. The intricate metalwork is coherent, though minor decorative details appear slightly indistinct. Surfaces are waxy and the background lacks fine definition."
"a portrait of girl chronomancer glass jewelry padlocks fantasy, long-shot, blurred detail, anime style",AttnGAN_normal_290.jpg,290,0.799027902,0.675947693,0.933456892,0.823621575,"A blurry, dark, furry object rests on a soft, multicolored tiled surface. The subject is a malformed mass with indistinct, fused, and unrecognizable anatomy. Extreme global blur and oversmoothing obscure all fine details and edge definitions."
"a portrait of girl chronomancer glass jewelry padlocks fantasy, long-shot, blurred detail, anime style",DALLE2_normal_290.jpg,290,3.193169444,0.571747889,2.874303424,0.381851833,"A close-up portrait features a silver-haired woman holding metallic accessories in dark lighting. The face is clear, but hand anatomy and accessory geometry are distorted. Textures show waxy smoothing and pseudo-details with blurred background edges."
"a portrait of girl chronomancer glass jewelry padlocks fantasy, long-shot, blurred detail, anime style",glide_normal_290.jpg,290,1.899886722,0.581588218,1.289688929,1.004037435,A close-up view depicts a heavily distorted wristwatch on a white background. The watch face contains illegible symbols and malformed hands lacking structural logic. Heavy blur and soft textures dominate the global perceptual quality.
"a portrait of girl chronomancer glass jewelry padlocks fantasy, long-shot, blurred detail, anime style",midjourney_lowstep_290.jpg,290,3.108728168,0.54739633,2.653231999,0.864149938,"A soft portrait shows a woman with orange hair against a dark background. Facial structure is clear, though eyes appear glassy and the ear is vaguely shaped. Global oversmoothing leads to waxy textures and softened edges."
"a portrait of girl chronomancer glass jewelry padlocks fantasy, long-shot, blurred detail, anime style",midjourney_normal_290.jpg,290,4.149074065,0.302639199,2.954104154,0.637186347,"A digital portrait shows a young woman in a transparent steampunk helmet. The face is structurally stable, though mechanical attachments appear slightly fused. High sharpness features smooth textures and soft background bokeh."
"a portrait of girl chronomancer glass jewelry padlocks fantasy, long-shot, blurred detail, anime style",sd1.5_highcorr_290.jpg,290,1.962090647,0.147514603,2.723869967,0.682214369,A centered anime portrait of a pale-skinned woman with gold jewelry on pink. Facial features are flattened and the lateral golden ornament is structurally ambiguous. Surfaces show waxy smoothing and edge aliasing.
"a portrait of girl chronomancer glass jewelry padlocks fantasy, long-shot, blurred detail, anime style",sd1.5_lowcorr_290.jpg,290,2.558511788,0.82748482,2.213421291,0.877630278,A close-up portrait shows a red-haired woman with glasses and a clock-faced accessory. The subject has distorted finger anatomy and an implausible clock-to-wrist fusion. Skin textures appear overly smoothed and lack detail.
"a portrait of girl chronomancer glass jewelry padlocks fantasy, long-shot, blurred detail, anime style",sd1.5_lowstep_290.jpg,290,2.161765422,0.507516129,2.225272813,1.007181427,A surreal portrait shows a woman with an ornate object fused to her face. The central object obscures facial features while the hands appear slightly malformed. Global softness and waxy skin textures reduce overall clarity.
"a portrait of girl chronomancer glass jewelry padlocks fantasy, long-shot, blurred detail, anime style",sd1.5_normal_290.jpg,290,2.321609349,0.509909457,2.30429821,0.496500566,"A woman holds an intricate mechanical ornament against a soft-focus background. Hand anatomy is malformed with fused digits, and the object lacks coherent geometry. Oversmoothing creates waxy skin textures and softened metallic edge definition."
"a portrait of girl chronomancer glass jewelry padlocks fantasy, long-shot, blurred detail, anime style",xl2.2_normal_290.jpg,290,3.360750593,0.9856238,3.224813969,0.43067797,"A digital painting shows a blonde woman holding a glowing orb in a dark setting. The subject's face is clear, but her hands exhibit subtle anatomical distortions. Skin textures appear slightly waxy with softened detail."
"oil painting portrait of anthropomorphic female green fox animal, long-shot, hyper detail, sci-fi style",AttnGAN_normal_291.jpg,291,1.133758058,0.710835617,0.753490226,0.92476458,A close-up digital painting depicts a partially visible figure in dark tones. The subject's facial region is severely malformed and lacks semantic readability. Dominant vertical streaking and flat textures reduce overall detail clarity.
"oil painting portrait of anthropomorphic female green fox animal, long-shot, hyper detail, sci-fi style",DALLE2_normal_291.jpg,291,2.628129896,0.875404836,2.36794927,0.813282345,A vibrant close-up portrait of a green fox face in a painterly style. The subject displays coherent facial anatomy and high semantic readability. Textures show subtle waxiness and softened edge definition.
"oil painting portrait of anthropomorphic female green fox animal, long-shot, hyper detail, sci-fi style",glide_normal_291.jpg,291,1.816768581,0.61724461,2.166015202,0.787201407,A vibrant digital painting portrays a red fox head against green foliage. The subject's facial structure is malformed with asymmetrical eyes and a melted snout. Fur textures appear waxy and edges lack sharpness.
"oil painting portrait of anthropomorphic female green fox animal, long-shot, hyper detail, sci-fi style",midjourney_lowstep_291.jpg,291,2.844740127,0.279359227,3.046700546,0.517116539,A digital portrait features a green anthropomorphic fox in a dark setting. The head is coherent while the torso lacks clear anatomical definition. Global oversmoothing leads to waxy textures and softened edges everywhere.
"oil painting portrait of anthropomorphic female green fox animal, long-shot, hyper detail, sci-fi style",midjourney_normal_291.jpg,291,3.915652487,0.297851951,3.762894082,0.554082591,A digital painting depicts an anthropomorphic fox in futuristic armor against a dark background. The subject displays a clear facial structure and plausible armor geometry with minor ambiguity. Textures show softened edges and indistinct mechanical surface definitions.
"oil painting portrait of anthropomorphic female green fox animal, long-shot, hyper detail, sci-fi style",sd1.5_highcorr_291.jpg,291,2.883906185,0.554387059,2.86290332,0.565141121,A digital illustration shows a close-up of a stylized green fox head. The fox's facial anatomy is distorted with malformed teeth and an unnatural jaw. Fur textures appear waxy and lack fine detail across the subject.
"oil painting portrait of anthropomorphic female green fox animal, long-shot, hyper detail, sci-fi style",sd1.5_lowcorr_291.jpg,291,3.045671512,0.555571682,3.189847843,0.615950628,"A close-up oil-painting style portrait of a green anthropomorphic fox creature. The subject's facial features are distorted with dark, hollow eyes and a flat muzzle. Fur textures show a waxy, repetitive quality with softened boundaries."
"oil painting portrait of anthropomorphic female green fox animal, long-shot, hyper detail, sci-fi style",sd1.5_lowstep_291.jpg,291,2.687102292,0.478992916,2.817302903,0.58992336,A digital portrait of an anthropomorphic fox against a green geometric background. Facial anatomy is stable despite semantically unclear markings on the forehead. Fur textures show repetitive patterns while edges exhibit softening and minor specks.
"oil painting portrait of anthropomorphic female green fox animal, long-shot, hyper detail, sci-fi style",sd1.5_normal_291.jpg,291,2.957803829,0.462964858,3.011371163,0.767728922,"A digital portrait shows a green fox-headed figure in an orange blazer. The subject's head structure is coherent, while the body anatomy is simplified. Skin textures appear waxy compared to the highly detailed fur."
"oil painting portrait of anthropomorphic female green fox animal, long-shot, hyper detail, sci-fi style",xl2.2_normal_291.jpg,291,3.238537588,0.610217418,3.10236099,0.716050342,"A digital painting shows a close-up of an anthropomorphic fox in a suit. The fox's head is coherent, but the collar appears fused and semantically vague. Textures show mild oversmoothing and softened edge definition."
"a translucent bioluminescent ctenophore floating deep in the sea, close-up, soft lighting, realistic style",AttnGAN_normal_292.jpg,292,1.006026006,0.731788712,1.158635814,0.946042119,A central spotted organic shape appears in a blurry abstract scene. The subject is severely malformed and fused into an unreadable structure. Extreme oversmoothing produces waxy textures and melted surface details.
"a translucent bioluminescent ctenophore floating deep in the sea, close-up, soft lighting, realistic style",DALLE2_normal_292.jpg,292,2.505259558,0.873800794,3.180285613,0.687353059,A translucent jellyfish floats centrally within a dark blue aquatic environment. The subject maintains coherent biological structure with natural tentacle separation and bell form. Sharp details lack noticeable noise or smoothing.
"a translucent bioluminescent ctenophore floating deep in the sea, close-up, soft lighting, realistic style",glide_normal_292.jpg,292,0.156054019,0.419366831,0.419527558,0.559305916,"The frame presents a near-black void containing only faint green linear marks. No identifiable subject exists, rendering structural assessment and semantics impossible. Extreme darkness entirely hides all texture and detail."
"a translucent bioluminescent ctenophore floating deep in the sea, close-up, soft lighting, realistic style",midjourney_lowstep_292.jpg,292,2.224915104,1.12764683,3.112865772,0.770640884,A glowing translucent jellyfish-like creature floats in a dark teal void. The main body shows a stable organic form with clear separation. Fine trailing textures appear slightly softened and lack sharp definition.
"a translucent bioluminescent ctenophore floating deep in the sea, close-up, soft lighting, realistic style",midjourney_normal_292.jpg,292,3.509228886,0.522888869,3.497739298,0.698934582,A glowing jellyfish floats centrally against a dark deep-sea background. The subject maintains stable geometry with a clear bell and trailing tentacles. Textures show slight waxiness while edge definition remains consistently soft.
"a translucent bioluminescent ctenophore floating deep in the sea, close-up, soft lighting, realistic style",sd1.5_highcorr_292.jpg,292,2.110748036,0.790278689,2.657701443,0.510665765,A centered digital rendering of a glowing blue cell on a purple background. The subject displays a coherent organic structure with a clear internal nucleus. Noticeable background noise and waxy surfaces reduce fine detail definition.
"a translucent bioluminescent ctenophore floating deep in the sea, close-up, soft lighting, realistic style",sd1.5_lowcorr_292.jpg,292,0.943982102,0.519215869,2.349898627,0.867475865,A cropped translucent organic shape sits within a grainy soft-focus environment. The marginal subject is structurally vague yet semantically readable as a fluid mass. Prominent background noise and artificial lighting spots reduce visual fidelity.
"a translucent bioluminescent ctenophore floating deep in the sea, close-up, soft lighting, realistic style",sd1.5_lowstep_292.jpg,292,3.045671512,0.670328759,2.848458594,0.928836011,A glowing blue gem rests on a textured golden surface in a close-up. The central subject displays a coherent shape with clear internal light patterns. Background textures show subtle repetitive patterning and minor surface flattening.
"a translucent bioluminescent ctenophore floating deep in the sea, close-up, soft lighting, realistic style",sd1.5_normal_292.jpg,292,2.209981223,0.830768059,2.39277982,0.55787419,A glowing translucent green organic form floats vertically in an underwater scene. The subject maintains a coherent fluid structure without visible geometric flaws. Background textures show subtle repetition and lack of sharp micro-detail.
"a translucent bioluminescent ctenophore floating deep in the sea, close-up, soft lighting, realistic style",xl2.2_normal_292.jpg,292,2.104380621,0.843200564,2.263219881,1.081940199,A digital artwork features a glowing neuron-like form on a vibrant backdrop. The subject exhibits a coherent structure with defined branches and a clear center. Fine details are softened and background textures appear overly smooth.
"futuristic robot alien invasion award winning pixar movie poster , close-up, HDR lighting, abstract style",AttnGAN_normal_293.jpg,293,0.739960598,0.108312025,1.065188716,0.944952912,A blurry close-up shows a pale torso near a brown furry texture. The subject's form is warped with illogical shading and unclear anatomical boundaries. Global oversmoothing results in waxy surfaces and lost sharp detail.
"futuristic robot alien invasion award winning pixar movie poster , close-up, HDR lighting, abstract style",DALLE2_normal_293.jpg,293,2.448923322,0.707424507,2.901806096,0.551114801,A close-up shows a stylized 3D robot head with glowing eyes. The robotic facial structure is stable with plausible geometry and clear separation. Surfaces show slight waxy smoothing and inconsistent micro-detail texture.
"futuristic robot alien invasion award winning pixar movie poster , close-up, HDR lighting, abstract style",glide_normal_293.jpg,293,0.950510119,0.504860565,2.175713114,1.066693456,"A distorted mechanical figure stands centered on a white background. The robotic structure is severely malformed with fused and illegible components. Heavy aliasing, smearing, and color bleeding degrade the image."
"futuristic robot alien invasion award winning pixar movie poster , close-up, HDR lighting, abstract style",midjourney_lowstep_293.jpg,293,2.274412771,0.707691444,2.579152811,1.044644798,"A close-up 3D render shows a stylized robotic head against a red background. The head structure is coherent, but the base fuses with a blurred digit. Foreground blur softens edges and creates waxy surface textures."
"futuristic robot alien invasion award winning pixar movie poster , close-up, HDR lighting, abstract style",midjourney_normal_293.jpg,293,3.347801074,0.504889847,3.056705093,0.728562281,A close-up portrait displays a metallic robot head against a dark blurred background. The subject maintains coherent robotic anatomy with clear facial geometry and stable joints. Metallic surfaces show rich detail and stable edges.
"futuristic robot alien invasion award winning pixar movie poster , close-up, HDR lighting, abstract style",sd1.5_highcorr_293.jpg,293,3.124885569,0.59022201,3.483126252,0.689502114,A glossy 3D-rendered robot stands centered against a warm gradient background. The subject exhibits significant geometric distortion in its fused torso and malformed limbs. Surfaces show waxy textures with softened edges and pseudo-details.
"futuristic robot alien invasion award winning pixar movie poster , close-up, HDR lighting, abstract style",sd1.5_lowcorr_293.jpg,293,2.508658847,0.218494491,3.001128296,0.190016423,A stylized robot with glowing eyes stands against a complex textured background. The robot's anatomy is coherent though limb joints appear simplified and slightly fused. Background shows repetitive tiling and surfaces appear overly smoothed.
"futuristic robot alien invasion award winning pixar movie poster , close-up, HDR lighting, abstract style",sd1.5_lowstep_293.jpg,293,3.091620808,0.881929566,3.022343767,0.541225371,A yellow robot with a red eye stands against curved metallic surfaces. The subject is coherent while limb joints display minor fusion and ambiguity. Waxy textures and softened edges diminish local surface definition.
"futuristic robot alien invasion award winning pixar movie poster , close-up, HDR lighting, abstract style",sd1.5_normal_293.jpg,293,3.374329815,0.462911252,3.124625168,0.437349893,A stylized metallic robot holds a device against a cloudy sky. The robotic hand and grasped object are fused and lack clarity. Metallic surfaces show a waxy texture with softened details.
"futuristic robot alien invasion award winning pixar movie poster , close-up, HDR lighting, abstract style",xl2.2_normal_293.jpg,293,3.369254363,0.789161621,3.149691545,0.554060621,A digital illustration depicts a stylized alien head against a cosmic background. The subject displays coherent anatomy with clear facial symmetry and stable geometry. Surfaces show a subtle waxy texture and soft background details.
"depressed people standing around an hourglass with little sand left, long-shot, HDR lighting, anime style",AttnGAN_normal_295.jpg,295,0.427638474,0.384060919,0.642169337,0.637960568,A heavily blurred close-up shows a dark object with blue and red highlights. The central subject is structurally indistinct and semantically illegible. Global blur causes severe loss of edge definition and texture.
"depressed people standing around an hourglass with little sand left, long-shot, HDR lighting, anime style",DALLE2_normal_295.jpg,295,2.66201084,0.723210317,3.043027845,0.660339819,Miniature figures surround a large hourglass under dramatic overhead lighting. Humanoid shapes are recognizable but lack anatomical detail and clear facial features. Overall softness and waxy textures mask fine surface details.
"depressed people standing around an hourglass with little sand left, long-shot, HDR lighting, anime style",glide_normal_295.jpg,295,0.421466604,0.309536446,0.409963958,0.485767621,"A dark, heavily blurred human silhouette stands near faint horizontal light streaks. The subject's form is indistinct and lacks any coherent structural definition. Severe motion blur and extreme darkness obscure all surface textures."
"depressed people standing around an hourglass with little sand left, long-shot, HDR lighting, anime style",midjourney_lowstep_295.jpg,295,2.419055559,0.367332277,2.454856195,0.551491933,A large hourglass stands before blurry human silhouettes in a hazy desert. The hourglass shape is stable while background figures remain indistinct. Global oversmoothing flattens textures and obscures fine details.
"depressed people standing around an hourglass with little sand left, long-shot, HDR lighting, anime style",midjourney_normal_295.jpg,295,3.440761714,0.681985631,2.665169971,0.628040226,Six silhouetted figures surround a giant hourglass on a beach under dark clouds. Subjects are recognizable but display fused outlines and indistinct anatomical details. Heavy halos and oversmoothing obscure image textures.
"depressed people standing around an hourglass with little sand left, long-shot, HDR lighting, anime style",sd1.5_highcorr_295.jpg,295,3.373697126,0.59252096,3.153270423,0.886623351,"A large hourglass stands before silhouetted figures on a plain under a sky. The hourglass holds a twisted solid column instead of sand, lacking plausibility. Ground textures repeat and figure lighting is inconsistent."
"depressed people standing around an hourglass with little sand left, long-shot, HDR lighting, anime style",sd1.5_lowcorr_295.jpg,295,2.243369394,0.525496438,2.324587432,0.709179865,Two people stand in a room with large windows and sandy floor. The subjects display distorted anatomy with overly thin legs and a warped torso. Textures appear flat and edges lack sharp local definition.
"depressed people standing around an hourglass with little sand left, long-shot, HDR lighting, anime style",sd1.5_lowstep_295.jpg,295,3.244560073,0.468803669,1.662380313,0.661853118,A photorealistic hourglass rests on a sandy surface against a blurred background. The hourglass shape is stable despite a thickened rim and indistinct base. Ground textures show repetitive grain and softened edges.
"depressed people standing around an hourglass with little sand left, long-shot, HDR lighting, anime style",sd1.5_normal_295.jpg,295,2.520123245,0.496732445,2.880053469,0.885608617,A large hourglass stands between two stylized figures in a desert. The hourglass structure is recognizable but features ambiguous internal glass details. Heavy grain and flat textures obscure fine details across the image.
"depressed people standing around an hourglass with little sand left, long-shot, HDR lighting, anime style",xl2.2_normal_295.jpg,295,3.093635734,0.480556905,3.488890048,0.522171221,Four suited men surround a giant hourglass in a stylized desert landscape. The subjects maintain stable structure and clear readability as stylized human figures. Global textures exhibit mild oversmoothing and simplified environmental details.
"bloodborne werewolf howling in yharnam with full moon in background, blurred detail, soft lighting, sci-fi style",AttnGAN_normal_296.jpg,296,0.902911271,0.483214786,0.976132005,1.016941531,"A close-up of distorted, melting glass-like forms on a textured surface. The subject structures are severely malformed and fused, lacking semantic readability. Global oversmoothing creates waxy textures and softened edge definitions."
"bloodborne werewolf howling in yharnam with full moon in background, blurred detail, soft lighting, sci-fi style",DALLE2_normal_296.jpg,296,3.415067484,0.742498814,3.614437081,0.437080164,"A dark digital painting features a wolf howling toward a bright full moon. The subject displays a coherent pose but has a malformed snout and matted fur. Rendering exhibits heavy smoothing, waxy textures, and indistinct background details."
"bloodborne werewolf howling in yharnam with full moon in background, blurred detail, soft lighting, sci-fi style",glide_normal_296.jpg,296,0.979308463,0.713858429,0.428796637,0.567432135,A macro view shows a red fluid dome on an orange surface. The subject structure is clear but has a slightly fused top region. Waxy textures and soft edges reduce the overall visual sharpness.
"bloodborne werewolf howling in yharnam with full moon in background, blurred detail, soft lighting, sci-fi style",midjourney_lowstep_296.jpg,296,1.744823083,0.776497778,2.90198339,0.907259856,"A snarling werewolf stands in a misty, backlit urban environment. The subject's facial structure and limbs appear malformed under heavy blurring. Global motion blur obscures fine textures and softens all edge definitions."
"bloodborne werewolf howling in yharnam with full moon in background, blurred detail, soft lighting, sci-fi style",midjourney_normal_296.jpg,296,4.072931267,0.884361653,3.219821975,0.642805388,A close-up captures a snarling werewolf before a dark gothic backdrop. The creature's anatomy is plausible despite fusion in the jaw and neck. Fur textures show subtle repetition under consistent atmospheric lighting.
"bloodborne werewolf howling in yharnam with full moon in background, blurred detail, soft lighting, sci-fi style",sd1.5_highcorr_296.jpg,296,3.061212451,0.892236846,3.013543571,0.468737195,A horned armored figure stands before a gothic cityscape under a full moon. The subject's clothing and weapons show fused geometry and unclear boundaries. Background structures melt while textures appear waxy and lack definition.
"bloodborne werewolf howling in yharnam with full moon in background, blurred detail, soft lighting, sci-fi style",sd1.5_lowcorr_296.jpg,296,3.316649193,0.365821446,3.323965048,0.392144136,A silhouetted figure stands in a foggy forest beneath a large moon. The figure's headwear is malformed and the coat shows confusing trailing shapes. Oversmoothing flattens ground textures while branches show weak edge definition.
"bloodborne werewolf howling in yharnam with full moon in background, blurred detail, soft lighting, sci-fi style",sd1.5_lowstep_296.jpg,296,3.357738899,0.937410053,3.483126252,0.460716616,A horned demonic figure stands before a full moon in a gothic landscape. The subject's hands and weapon details appear malformed and lack definition. Background textures show oversmoothing and soft edge definition.
"bloodborne werewolf howling in yharnam with full moon in background, blurred detail, soft lighting, sci-fi style",sd1.5_normal_296.jpg,296,3.923719599,0.488960852,3.094936968,1.029947899,"A silhouetted horned figure stands before a full moon in a gothic landscape. The subject's posture is stable, though leg anatomy appears somewhat distorted. Distant scenery shows significant softening and flattened textural detail."
"bloodborne werewolf howling in yharnam with full moon in background, blurred detail, soft lighting, sci-fi style",xl2.2_normal_296.jpg,296,3.25960126,0.530618658,3.055730638,1.248363527,"A silhouetted dark fantasy figure stands before a full moon in a misty landscape. The subject exhibits distorted anatomy with elongated limbs and malformed, claw-like hands. Heavy shadows mask textures and soften background edges."
"cute fluffy baby cheetah lion hybrid mixed creature character concept, blurred detail, HDR lighting, realistic style",AttnGAN_normal_297.jpg,297,1.023275848,0.644284288,0.743832537,0.854635933,A surreal digital painting depicts a heavily distorted humanoid figure outdoors. The subject shows severe malformation with fused faces and indistinct body parts. Global oversmoothing and waxy surfaces obscure fine details.
"cute fluffy baby cheetah lion hybrid mixed creature character concept, blurred detail, HDR lighting, realistic style",DALLE2_normal_297.jpg,297,3.016410807,0.479175161,3.001128296,0.48642268,"A digital painting features a stylized lion cub against a simple background. The cub's anatomy is recognizable, but paws exhibit slight fusion and blurring. Global textures appear waxy with inconsistent detail and softened boundaries."
"cute fluffy baby cheetah lion hybrid mixed creature character concept, blurred detail, HDR lighting, realistic style",glide_normal_297.jpg,297,1.780593984,0.404588036,2.760673748,0.744259743,"A stylized close-up shows a cheetah cub against a solid green background. The subject exhibits severe facial distortion and irregular, fused body markings. Oversmoothing, waxy surfaces, and edge halos reduce clarity."
"cute fluffy baby cheetah lion hybrid mixed creature character concept, blurred detail, HDR lighting, realistic style",midjourney_lowstep_297.jpg,297,2.827676501,0.346735676,3.375908012,0.682348558,A close-up digital portrait depicts a baby cheetah cub against a dark background. The subject's facial structure is coherent and semantically readable without major distortion. Heavy oversmoothing creates flat textures and significantly softened edges.
"cute fluffy baby cheetah lion hybrid mixed creature character concept, blurred detail, HDR lighting, realistic style",midjourney_normal_297.jpg,297,3.306433702,0.686359867,3.235946058,0.682740129,A close-up photorealistic portrait of a cheetah cub against a dark background. Facial features are anatomically coherent despite minor ear internal inconsistencies. Fur texture shows minor oversmoothing while edges display soft glowing halos.
"cute fluffy baby cheetah lion hybrid mixed creature character concept, blurred detail, HDR lighting, realistic style",sd1.5_highcorr_297.jpg,297,2.210104633,0.72110922,2.508900426,1.028168339,A digital painting shows a front-facing stylized cheetah on a white background. The subject features a coherent facial structure with large glowing eyes and spots. Fur textures show slight waxiness and edges exhibit minor softening.
"cute fluffy baby cheetah lion hybrid mixed creature character concept, blurred detail, HDR lighting, realistic style",sd1.5_lowcorr_297.jpg,297,2.851759102,0.819932129,3.351167422,0.514653534,"A stylized digital painting depicts a fluffy lion cub against a soft gradient background. The cub is structurally stable despite a detached, malformed fluffy mass nearby. Oversmoothing causes waxy textures and undefined edges."
"cute fluffy baby cheetah lion hybrid mixed creature character concept, blurred detail, HDR lighting, realistic style",sd1.5_lowstep_297.jpg,297,2.65898745,0.799456869,2.874303424,1.211120302,A stylized 3D cheetah cub portrait sits against a solid grey background. The subject maintains coherent facial features despite unnatural eyes and dense fur. Surfaces appear waxy and edges show minor softening throughout.
"cute fluffy baby cheetah lion hybrid mixed creature character concept, blurred detail, HDR lighting, realistic style",sd1.5_normal_297.jpg,297,2.996365552,0.689686281,3.273307074,0.800394186,"A stylized 3D cheetah cub faces forward against a neutral background. The subject's face is clear, but limb and paw structures appear malformed. Fur textures show softness and waxy pseudo-detail."
"cute fluffy baby cheetah lion hybrid mixed creature character concept, blurred detail, HDR lighting, realistic style",xl2.2_normal_297.jpg,297,3.174029361,0.760292768,3.10450053,0.523543539,A 3D-rendered cartoon cheetah cub faces forward on a blue gradient. The subject maintains a stable stylized structure with readable facial details. Fur surfaces exhibit mild waxiness and overly softened fine edge details.
"photoreal portrait very intricate darkwar hunter wearing a black hoody, hyper detail, soft lighting, abstract style",AttnGAN_normal_298.jpg,298,0.929411321,0.719773315,0.942239977,0.591814476,A distorted vehicle-like object rests in a hazy desert under golden light. The subject displays severe geometric warping and fused components hindering recognition. Waxy textures and heavy oversmoothing obscure all fine details.
"photoreal portrait very intricate darkwar hunter wearing a black hoody, hyper detail, soft lighting, abstract style",DALLE2_normal_298.jpg,298,3.428646707,0.570940011,3.603304992,0.405650554,A centered close-up captures a man's face beneath a dark hood. The subject's facial structure is plausible and semantically readable. Skin appears waxy and the dark background exhibits repetitive textural artifacts.
"photoreal portrait very intricate darkwar hunter wearing a black hoody, hyper detail, soft lighting, abstract style",glide_normal_298.jpg,298,0.319004692,0.263699105,0.564244714,0.673060845,"A dark close-up of an ambiguous mechanical structure on a black background. The subject's warped, fused geometry lacks clear semantic definition or structural coherence. Underexposure obscures detail while highlights appear soft and poorly defined."
"photoreal portrait very intricate darkwar hunter wearing a black hoody, hyper detail, soft lighting, abstract style",midjourney_lowstep_298.jpg,298,2.565400547,0.62587957,2.689045915,0.72766169,A low-key portrait displays a hooded figure against a dark background. The subject's face is poorly defined and the garment exhibits melting distortions. Pervasive softness and waxy textures reduce overall image clarity.
"photoreal portrait very intricate darkwar hunter wearing a black hoody, hyper detail, soft lighting, abstract style",midjourney_normal_298.jpg,298,3.730246705,0.357019202,3.543429565,0.400029237,A close-up portrait shows a figure in an intricately patterned hooded garment. The subject's facial anatomy and hood structure remain structurally stable and readable. Slight skin oversmoothing and waxy textures affect realism.
"photoreal portrait very intricate darkwar hunter wearing a black hoody, hyper detail, soft lighting, abstract style",sd1.5_highcorr_298.jpg,298,3.421003889,0.453035157,3.469682644,0.618666113,"A frontal digital portrait depicts a hooded figure with symmetrical facial patterns. The facial structure remains coherent despite the complex, mirrored organic surface details. Skin textures appear slightly waxy with softened fine edge definitions."
"photoreal portrait very intricate darkwar hunter wearing a black hoody, hyper detail, soft lighting, abstract style",sd1.5_lowcorr_298.jpg,298,3.472753415,0.909066086,2.995621756,0.518030745,A monochrome sketch shows a side-profile figure in a hooded jacket. The hooded figure displays plausible posture but has malformed collar geometry and fused fabric. Textures show waxy smoothing and inconsistent local detail.
"photoreal portrait very intricate darkwar hunter wearing a black hoody, hyper detail, soft lighting, abstract style",sd1.5_lowstep_298.jpg,298,2.941741401,0.709892306,3.274264347,0.547597688,"A monochrome portrait features a hooded figure with an intricately patterned face. The facial anatomy is coherent despite heavy stylization and minor asymmetry. Sharp details contrast with the smooth, waxy garment."
"photoreal portrait very intricate darkwar hunter wearing a black hoody, hyper detail, soft lighting, abstract style",sd1.5_normal_298.jpg,298,3.007007681,0.689519014,3.457831122,0.635904226,A digital painting shows a man in a dark hooded cloak against a neutral background. The face is stable but features unnatural skin texture resembling coarse fur. Soft edges and flattened textures reduce overall perceptual clarity.
"photoreal portrait very intricate darkwar hunter wearing a black hoody, hyper detail, soft lighting, abstract style",xl2.2_normal_298.jpg,298,3.903999466,0.650025767,3.789673744,0.623151544,"A digital illustration portrays a man in a dark hoodie with stylized wings. The figure is clear, yet the clasped hands exhibit noticeable finger fusion. Global textures appear waxy and over-smoothed with weak fine detail definition."
